ISO-10303-21;
HEADER;
/* Generated by software containing ST-Developer
 * from STEP Tools, Inc. (www.steptools.com) 
 */

FILE_DESCRIPTION(
/* description */ (''),
/* implementation_level */ '2;1');

FILE_NAME(
/* name */ 'AL 15.8L Extrude.step.step',
/* time_stamp */ '2026-03-01T00:17:20+05:30',
/* author */ (''),
/* organization */ (''),
/* preprocessor_version */ 'ST-DEVELOPER v20.1',
/* originating_system */ 'Autodesk Translation Framework v14.24.0.0',
/* authorisation */ '');

FILE_SCHEMA (('AUTOMOTIVE_DESIGN { 1 0 10303 214 3 1 1 }'));
ENDSEC;

DATA;
#10=MECHANICAL_DESIGN_GEOMETRIC_PRESENTATION_REPRESENTATION('',(#13),#5372);
#11=SHAPE_REPRESENTATION_RELATIONSHIP('SRR','None',#5379,#12);
#12=ADVANCED_BREP_SHAPE_REPRESENTATION('',(#14),#5371);
#13=STYLED_ITEM('',(#5388),#14);
#14=MANIFOLD_SOLID_BREP('Body1',#3168);
#15=CYLINDRICAL_SURFACE('',#3226,1.8);
#16=CYLINDRICAL_SURFACE('',#3228,1.8);
#17=CYLINDRICAL_SURFACE('',#3230,1.8);
#18=CYLINDRICAL_SURFACE('',#3232,3.8);
#19=CYLINDRICAL_SURFACE('',#3234,1.8);
#20=CYLINDRICAL_SURFACE('',#3236,3.8);
#21=CYLINDRICAL_SURFACE('',#3238,1.8);
#22=CYLINDRICAL_SURFACE('',#3240,3.8);
#23=CYLINDRICAL_SURFACE('',#3242,1.8);
#24=CYLINDRICAL_SURFACE('',#3244,1.8);
#25=CYLINDRICAL_SURFACE('',#3246,1.8);
#26=CYLINDRICAL_SURFACE('',#3248,1.8);
#27=CYLINDRICAL_SURFACE('',#3250,1.8);
#28=CYLINDRICAL_SURFACE('',#3252,1.8);
#29=CYLINDRICAL_SURFACE('',#3254,1.8);
#30=CYLINDRICAL_SURFACE('',#3256,1.8);
#31=CYLINDRICAL_SURFACE('',#3258,3.8);
#32=CYLINDRICAL_SURFACE('',#3260,1.8);
#33=CYLINDRICAL_SURFACE('',#3262,1.8);
#34=CYLINDRICAL_SURFACE('',#3264,1.8);
#35=CYLINDRICAL_SURFACE('',#3266,1.8);
#36=CYLINDRICAL_SURFACE('',#3268,1.8);
#37=CYLINDRICAL_SURFACE('',#3270,1.8);
#38=CYLINDRICAL_SURFACE('',#3272,1.8);
#39=CYLINDRICAL_SURFACE('',#3274,1.8);
#40=CYLINDRICAL_SURFACE('',#3276,1.8);
#41=CYLINDRICAL_SURFACE('',#3278,1.8);
#42=CYLINDRICAL_SURFACE('',#3280,1.8);
#43=CYLINDRICAL_SURFACE('',#3282,1.8);
#44=CYLINDRICAL_SURFACE('',#3284,1.8);
#45=CYLINDRICAL_SURFACE('',#3286,1.8);
#46=CYLINDRICAL_SURFACE('',#3288,1.8);
#47=CYLINDRICAL_SURFACE('',#3290,3.8);
#48=CYLINDRICAL_SURFACE('',#3292,1.8);
#49=CYLINDRICAL_SURFACE('',#3294,3.8);
#50=CYLINDRICAL_SURFACE('',#3296,3.8);
#51=CYLINDRICAL_SURFACE('',#3298,1.8);
#52=CYLINDRICAL_SURFACE('',#3300,3.8);
#53=CYLINDRICAL_SURFACE('',#3302,3.8);
#54=CYLINDRICAL_SURFACE('',#3304,1.8);
#55=CYLINDRICAL_SURFACE('',#3306,1.8);
#56=CYLINDRICAL_SURFACE('',#3352,2.);
#57=CYLINDRICAL_SURFACE('',#3361,4.);
#58=CYLINDRICAL_SURFACE('',#3446,2.);
#59=CYLINDRICAL_SURFACE('',#3498,4.);
#60=CYLINDRICAL_SURFACE('',#3499,1.8);
#61=CYLINDRICAL_SURFACE('',#3500,1.8);
#62=CYLINDRICAL_SURFACE('',#3501,1.8);
#63=CYLINDRICAL_SURFACE('',#3502,1.8);
#64=CYLINDRICAL_SURFACE('',#3503,1.8);
#65=CYLINDRICAL_SURFACE('',#3504,1.8);
#66=CYLINDRICAL_SURFACE('',#3505,1.8);
#67=CYLINDRICAL_SURFACE('',#3506,1.8);
#68=CYLINDRICAL_SURFACE('',#3507,1.8);
#69=CYLINDRICAL_SURFACE('',#3508,1.8);
#70=CYLINDRICAL_SURFACE('',#3509,3.8);
#71=CYLINDRICAL_SURFACE('',#3510,1.8);
#72=CYLINDRICAL_SURFACE('',#3511,1.8);
#73=CYLINDRICAL_SURFACE('',#3512,3.8);
#74=CYLINDRICAL_SURFACE('',#3513,3.8);
#75=CYLINDRICAL_SURFACE('',#3514,1.8);
#76=CYLINDRICAL_SURFACE('',#3515,1.8);
#77=CYLINDRICAL_SURFACE('',#3516,3.8);
#78=CYLINDRICAL_SURFACE('',#3517,3.8);
#79=CYLINDRICAL_SURFACE('',#3518,3.8);
#80=CYLINDRICAL_SURFACE('',#3519,1.8);
#81=CYLINDRICAL_SURFACE('',#3520,1.8);
#82=CYLINDRICAL_SURFACE('',#3521,1.8);
#83=CYLINDRICAL_SURFACE('',#3522,1.8);
#84=CYLINDRICAL_SURFACE('',#3523,3.8);
#85=CYLINDRICAL_SURFACE('',#3524,1.8);
#86=CYLINDRICAL_SURFACE('',#3525,3.8);
#87=CYLINDRICAL_SURFACE('',#3526,1.8);
#88=CYLINDRICAL_SURFACE('',#3527,3.8);
#89=CYLINDRICAL_SURFACE('',#3528,1.8);
#90=CYLINDRICAL_SURFACE('',#3529,1.8);
#91=CYLINDRICAL_SURFACE('',#3530,1.8);
#92=CYLINDRICAL_SURFACE('',#3531,1.8);
#93=CYLINDRICAL_SURFACE('',#3532,1.8);
#94=CYLINDRICAL_SURFACE('',#3533,1.8);
#95=CYLINDRICAL_SURFACE('',#3534,1.8);
#96=CYLINDRICAL_SURFACE('',#3535,1.8);
#97=CYLINDRICAL_SURFACE('',#3536,1.8);
#98=CYLINDRICAL_SURFACE('',#3537,1.8);
#99=CYLINDRICAL_SURFACE('',#3538,1.8);
#100=CYLINDRICAL_SURFACE('',#3539,1.8);
#101=CYLINDRICAL_SURFACE('',#3540,1.8);
#102=CYLINDRICAL_SURFACE('',#3541,1.8);
#103=CYLINDRICAL_SURFACE('',#3542,1.8);
#104=CYLINDRICAL_SURFACE('',#3543,1.8);
#105=CYLINDRICAL_SURFACE('',#3544,1.8);
#106=CYLINDRICAL_SURFACE('',#3545,1.8);
#107=CYLINDRICAL_SURFACE('',#3546,1.8);
#108=CYLINDRICAL_SURFACE('',#3547,1.8);
#109=CYLINDRICAL_SURFACE('',#3548,1.8);
#110=CYLINDRICAL_SURFACE('',#3549,1.8);
#111=CYLINDRICAL_SURFACE('',#3550,1.8);
#112=CYLINDRICAL_SURFACE('',#3551,1.8);
#113=CYLINDRICAL_SURFACE('',#3552,1.8);
#114=CYLINDRICAL_SURFACE('',#3553,3.9);
#115=CYLINDRICAL_SURFACE('',#3554,3.9);
#116=CYLINDRICAL_SURFACE('',#3555,1.8);
#117=CYLINDRICAL_SURFACE('',#3556,1.8);
#118=CYLINDRICAL_SURFACE('',#3557,3.9);
#119=CYLINDRICAL_SURFACE('',#3558,3.9);
#120=CYLINDRICAL_SURFACE('',#3559,1.8);
#121=CYLINDRICAL_SURFACE('',#3560,1.8);
#122=CYLINDRICAL_SURFACE('',#3561,1.8);
#123=CYLINDRICAL_SURFACE('',#3562,1.8);
#124=CYLINDRICAL_SURFACE('',#3563,3.9);
#125=CYLINDRICAL_SURFACE('',#3564,3.9);
#126=CYLINDRICAL_SURFACE('',#3565,1.8);
#127=CYLINDRICAL_SURFACE('',#3566,3.9);
#128=CYLINDRICAL_SURFACE('',#3567,1.8);
#129=CYLINDRICAL_SURFACE('',#3568,3.9);
#130=CYLINDRICAL_SURFACE('',#3569,1.8);
#131=CYLINDRICAL_SURFACE('',#3570,3.9);
#132=CYLINDRICAL_SURFACE('',#3571,1.8);
#133=CYLINDRICAL_SURFACE('',#3572,1.8);
#134=CYLINDRICAL_SURFACE('',#3573,1.8);
#135=CYLINDRICAL_SURFACE('',#3574,1.8);
#136=CYLINDRICAL_SURFACE('',#3575,1.8);
#137=CYLINDRICAL_SURFACE('',#3576,1.8);
#138=CYLINDRICAL_SURFACE('',#3577,1.8);
#139=CYLINDRICAL_SURFACE('',#3578,1.8);
#140=CYLINDRICAL_SURFACE('',#3579,1.8);
#141=CYLINDRICAL_SURFACE('',#3580,1.8);
#142=FACE_BOUND('',#788,.T.);
#143=FACE_BOUND('',#789,.T.);
#144=FACE_BOUND('',#790,.T.);
#145=FACE_BOUND('',#791,.T.);
#146=FACE_BOUND('',#792,.T.);
#147=FACE_BOUND('',#793,.T.);
#148=FACE_BOUND('',#794,.T.);
#149=FACE_BOUND('',#795,.T.);
#150=FACE_BOUND('',#796,.T.);
#151=FACE_BOUND('',#797,.T.);
#152=FACE_BOUND('',#798,.T.);
#153=FACE_BOUND('',#799,.T.);
#154=FACE_BOUND('',#800,.T.);
#155=FACE_BOUND('',#801,.T.);
#156=FACE_BOUND('',#802,.T.);
#157=FACE_BOUND('',#803,.T.);
#158=FACE_BOUND('',#804,.T.);
#159=FACE_BOUND('',#805,.T.);
#160=FACE_BOUND('',#806,.T.);
#161=FACE_BOUND('',#807,.T.);
#162=FACE_BOUND('',#808,.T.);
#163=FACE_BOUND('',#809,.T.);
#164=FACE_BOUND('',#810,.T.);
#165=FACE_BOUND('',#811,.T.);
#166=FACE_BOUND('',#812,.T.);
#167=FACE_BOUND('',#813,.T.);
#168=FACE_BOUND('',#814,.T.);
#169=FACE_BOUND('',#815,.T.);
#170=FACE_BOUND('',#816,.T.);
#171=FACE_BOUND('',#817,.T.);
#172=FACE_BOUND('',#818,.T.);
#173=FACE_BOUND('',#819,.T.);
#174=FACE_BOUND('',#820,.T.);
#175=FACE_BOUND('',#821,.T.);
#176=FACE_BOUND('',#822,.T.);
#177=FACE_BOUND('',#823,.T.);
#178=FACE_BOUND('',#824,.T.);
#179=FACE_BOUND('',#825,.T.);
#180=FACE_BOUND('',#826,.T.);
#181=FACE_BOUND('',#827,.T.);
#182=FACE_BOUND('',#828,.T.);
#183=FACE_BOUND('',#873,.T.);
#184=FACE_BOUND('',#874,.T.);
#185=FACE_BOUND('',#875,.T.);
#186=FACE_BOUND('',#876,.T.);
#187=FACE_BOUND('',#877,.T.);
#188=FACE_BOUND('',#878,.T.);
#189=FACE_BOUND('',#879,.T.);
#190=FACE_BOUND('',#880,.T.);
#191=FACE_BOUND('',#881,.T.);
#192=FACE_BOUND('',#882,.T.);
#193=FACE_BOUND('',#883,.T.);
#194=FACE_BOUND('',#884,.T.);
#195=FACE_BOUND('',#885,.T.);
#196=FACE_BOUND('',#886,.T.);
#197=FACE_BOUND('',#887,.T.);
#198=FACE_BOUND('',#888,.T.);
#199=FACE_BOUND('',#889,.T.);
#200=FACE_BOUND('',#890,.T.);
#201=FACE_BOUND('',#891,.T.);
#202=FACE_BOUND('',#892,.T.);
#203=FACE_BOUND('',#893,.T.);
#204=FACE_BOUND('',#894,.T.);
#205=FACE_BOUND('',#895,.T.);
#206=FACE_BOUND('',#896,.T.);
#207=FACE_BOUND('',#897,.T.);
#208=FACE_BOUND('',#898,.T.);
#209=FACE_BOUND('',#899,.T.);
#210=FACE_BOUND('',#900,.T.);
#211=FACE_BOUND('',#901,.T.);
#212=FACE_BOUND('',#902,.T.);
#213=FACE_BOUND('',#903,.T.);
#214=FACE_BOUND('',#904,.T.);
#215=FACE_BOUND('',#905,.T.);
#216=FACE_BOUND('',#906,.T.);
#217=FACE_BOUND('',#907,.T.);
#218=FACE_BOUND('',#908,.T.);
#219=FACE_BOUND('',#909,.T.);
#220=FACE_BOUND('',#910,.T.);
#221=FACE_BOUND('',#911,.T.);
#222=FACE_BOUND('',#912,.T.);
#223=FACE_BOUND('',#913,.T.);
#224=FACE_BOUND('',#916,.T.);
#225=FACE_BOUND('',#917,.T.);
#226=FACE_BOUND('',#918,.T.);
#227=FACE_BOUND('',#919,.T.);
#228=FACE_BOUND('',#920,.T.);
#229=FACE_BOUND('',#921,.T.);
#230=FACE_BOUND('',#922,.T.);
#231=FACE_BOUND('',#923,.T.);
#232=FACE_BOUND('',#924,.T.);
#233=FACE_BOUND('',#925,.T.);
#234=FACE_BOUND('',#926,.T.);
#235=FACE_BOUND('',#927,.T.);
#236=FACE_BOUND('',#928,.T.);
#237=FACE_BOUND('',#929,.T.);
#238=FACE_BOUND('',#930,.T.);
#239=FACE_BOUND('',#931,.T.);
#240=FACE_BOUND('',#932,.T.);
#241=FACE_BOUND('',#933,.T.);
#242=FACE_BOUND('',#934,.T.);
#243=FACE_BOUND('',#935,.T.);
#244=FACE_BOUND('',#936,.T.);
#245=FACE_BOUND('',#937,.T.);
#246=FACE_BOUND('',#938,.T.);
#247=FACE_BOUND('',#939,.T.);
#248=FACE_BOUND('',#940,.T.);
#249=FACE_BOUND('',#941,.T.);
#250=FACE_BOUND('',#942,.T.);
#251=FACE_BOUND('',#943,.T.);
#252=FACE_BOUND('',#944,.T.);
#253=FACE_BOUND('',#945,.T.);
#254=FACE_BOUND('',#946,.T.);
#255=FACE_BOUND('',#947,.T.);
#256=FACE_BOUND('',#948,.T.);
#257=FACE_BOUND('',#949,.T.);
#258=FACE_BOUND('',#950,.T.);
#259=FACE_BOUND('',#951,.T.);
#260=FACE_BOUND('',#952,.T.);
#261=FACE_BOUND('',#953,.T.);
#262=FACE_BOUND('',#954,.T.);
#263=FACE_BOUND('',#955,.T.);
#264=FACE_BOUND('',#956,.T.);
#265=FACE_BOUND('',#964,.T.);
#266=FACE_BOUND('',#965,.T.);
#267=FACE_BOUND('',#966,.T.);
#268=FACE_BOUND('',#967,.T.);
#269=FACE_BOUND('',#968,.T.);
#270=FACE_BOUND('',#969,.T.);
#271=FACE_BOUND('',#970,.T.);
#272=FACE_BOUND('',#971,.T.);
#273=FACE_BOUND('',#972,.T.);
#274=FACE_BOUND('',#973,.T.);
#275=FACE_BOUND('',#974,.T.);
#276=FACE_BOUND('',#975,.T.);
#277=FACE_BOUND('',#976,.T.);
#278=FACE_BOUND('',#977,.T.);
#279=FACE_BOUND('',#978,.T.);
#280=FACE_BOUND('',#979,.T.);
#281=FACE_BOUND('',#980,.T.);
#282=FACE_BOUND('',#981,.T.);
#283=FACE_BOUND('',#982,.T.);
#284=FACE_BOUND('',#983,.T.);
#285=FACE_BOUND('',#984,.T.);
#286=FACE_BOUND('',#985,.T.);
#287=FACE_BOUND('',#986,.T.);
#288=FACE_BOUND('',#987,.T.);
#289=FACE_BOUND('',#988,.T.);
#290=FACE_BOUND('',#989,.T.);
#291=FACE_BOUND('',#990,.T.);
#292=FACE_BOUND('',#991,.T.);
#293=FACE_BOUND('',#992,.T.);
#294=FACE_BOUND('',#993,.T.);
#295=FACE_BOUND('',#994,.T.);
#296=FACE_BOUND('',#995,.T.);
#297=FACE_BOUND('',#996,.T.);
#298=FACE_BOUND('',#997,.T.);
#299=FACE_BOUND('',#998,.T.);
#300=FACE_BOUND('',#999,.T.);
#301=FACE_BOUND('',#1000,.T.);
#302=FACE_BOUND('',#1001,.T.);
#303=FACE_BOUND('',#1002,.T.);
#304=FACE_BOUND('',#1003,.T.);
#305=FACE_BOUND('',#1004,.T.);
#306=FACE_BOUND('',#1006,.T.);
#307=FACE_BOUND('',#1007,.T.);
#308=FACE_BOUND('',#1008,.T.);
#309=FACE_BOUND('',#1009,.T.);
#310=FACE_BOUND('',#1010,.T.);
#311=FACE_BOUND('',#1011,.T.);
#312=FACE_BOUND('',#1012,.T.);
#313=FACE_BOUND('',#1013,.T.);
#314=FACE_BOUND('',#1014,.T.);
#315=FACE_BOUND('',#1015,.T.);
#316=FACE_BOUND('',#1016,.T.);
#317=FACE_BOUND('',#1017,.T.);
#318=FACE_BOUND('',#1018,.T.);
#319=FACE_BOUND('',#1019,.T.);
#320=FACE_BOUND('',#1020,.T.);
#321=FACE_BOUND('',#1021,.T.);
#322=FACE_BOUND('',#1022,.T.);
#323=FACE_BOUND('',#1023,.T.);
#324=FACE_BOUND('',#1024,.T.);
#325=FACE_BOUND('',#1025,.T.);
#326=FACE_BOUND('',#1026,.T.);
#327=FACE_BOUND('',#1027,.T.);
#328=FACE_BOUND('',#1028,.T.);
#329=FACE_BOUND('',#1029,.T.);
#330=FACE_BOUND('',#1030,.T.);
#331=FACE_BOUND('',#1031,.T.);
#332=FACE_BOUND('',#1032,.T.);
#333=FACE_BOUND('',#1033,.T.);
#334=FACE_BOUND('',#1034,.T.);
#335=FACE_BOUND('',#1035,.T.);
#336=FACE_BOUND('',#1036,.T.);
#337=FACE_BOUND('',#1037,.T.);
#338=FACE_BOUND('',#1038,.T.);
#339=FACE_BOUND('',#1039,.T.);
#340=FACE_BOUND('',#1040,.T.);
#341=FACE_BOUND('',#1041,.T.);
#342=FACE_BOUND('',#1042,.T.);
#343=FACE_BOUND('',#1043,.T.);
#344=FACE_BOUND('',#1044,.T.);
#345=FACE_BOUND('',#1045,.T.);
#346=FACE_BOUND('',#1046,.T.);
#347=FACE_BOUND('',#1053,.T.);
#348=FACE_BOUND('',#1054,.T.);
#349=FACE_BOUND('',#1055,.T.);
#350=FACE_BOUND('',#1056,.T.);
#351=FACE_BOUND('',#1057,.T.);
#352=FACE_BOUND('',#1058,.T.);
#353=FACE_BOUND('',#1059,.T.);
#354=FACE_BOUND('',#1060,.T.);
#355=FACE_BOUND('',#1061,.T.);
#356=FACE_BOUND('',#1062,.T.);
#357=FACE_BOUND('',#1063,.T.);
#358=FACE_BOUND('',#1064,.T.);
#359=FACE_BOUND('',#1065,.T.);
#360=FACE_BOUND('',#1066,.T.);
#361=FACE_BOUND('',#1067,.T.);
#362=FACE_BOUND('',#1068,.T.);
#363=FACE_BOUND('',#1069,.T.);
#364=FACE_BOUND('',#1070,.T.);
#365=FACE_BOUND('',#1071,.T.);
#366=FACE_BOUND('',#1072,.T.);
#367=FACE_BOUND('',#1073,.T.);
#368=FACE_BOUND('',#1074,.T.);
#369=FACE_BOUND('',#1075,.T.);
#370=FACE_BOUND('',#1076,.T.);
#371=FACE_BOUND('',#1077,.T.);
#372=FACE_BOUND('',#1078,.T.);
#373=FACE_BOUND('',#1079,.T.);
#374=FACE_BOUND('',#1080,.T.);
#375=FACE_BOUND('',#1081,.T.);
#376=FACE_BOUND('',#1082,.T.);
#377=FACE_BOUND('',#1083,.T.);
#378=FACE_BOUND('',#1084,.T.);
#379=FACE_BOUND('',#1085,.T.);
#380=FACE_BOUND('',#1086,.T.);
#381=FACE_BOUND('',#1087,.T.);
#382=FACE_BOUND('',#1088,.T.);
#383=FACE_BOUND('',#1089,.T.);
#384=FACE_BOUND('',#1090,.T.);
#385=FACE_BOUND('',#1091,.T.);
#386=FACE_BOUND('',#1092,.T.);
#387=FACE_BOUND('',#1093,.T.);
#388=CIRCLE('',#3183,1.8);
#389=CIRCLE('',#3184,1.8);
#390=CIRCLE('',#3185,3.8);
#391=CIRCLE('',#3186,3.8);
#392=CIRCLE('',#3187,1.8);
#393=CIRCLE('',#3188,3.8);
#394=CIRCLE('',#3189,3.8);
#395=CIRCLE('',#3190,1.8);
#396=CIRCLE('',#3191,3.8);
#397=CIRCLE('',#3192,1.8);
#398=CIRCLE('',#3193,1.8);
#399=CIRCLE('',#3194,1.8);
#400=CIRCLE('',#3195,1.8);
#401=CIRCLE('',#3196,1.8);
#402=CIRCLE('',#3197,1.8);
#403=CIRCLE('',#3198,1.8);
#404=CIRCLE('',#3199,1.8);
#405=CIRCLE('',#3200,1.8);
#406=CIRCLE('',#3201,1.8);
#407=CIRCLE('',#3202,1.8);
#408=CIRCLE('',#3203,1.8);
#409=CIRCLE('',#3204,1.8);
#410=CIRCLE('',#3205,1.8);
#411=CIRCLE('',#3206,1.8);
#412=CIRCLE('',#3207,3.8);
#413=CIRCLE('',#3208,1.8);
#414=CIRCLE('',#3209,1.8);
#415=CIRCLE('',#3210,1.8);
#416=CIRCLE('',#3211,1.8);
#417=CIRCLE('',#3212,1.8);
#418=CIRCLE('',#3213,1.8);
#419=CIRCLE('',#3214,1.8);
#420=CIRCLE('',#3215,1.8);
#421=CIRCLE('',#3216,3.8);
#422=CIRCLE('',#3217,1.8);
#423=CIRCLE('',#3218,3.8);
#424=CIRCLE('',#3219,1.8);
#425=CIRCLE('',#3220,3.8);
#426=CIRCLE('',#3221,1.8);
#427=CIRCLE('',#3222,1.8);
#428=CIRCLE('',#3223,1.8);
#429=CIRCLE('',#3227,1.8);
#430=CIRCLE('',#3229,1.8);
#431=CIRCLE('',#3231,1.8);
#432=CIRCLE('',#3233,3.8);
#433=CIRCLE('',#3235,1.8);
#434=CIRCLE('',#3237,3.8);
#435=CIRCLE('',#3239,1.8);
#436=CIRCLE('',#3241,3.8);
#437=CIRCLE('',#3243,1.8);
#438=CIRCLE('',#3245,1.8);
#439=CIRCLE('',#3247,1.8);
#440=CIRCLE('',#3249,1.8);
#441=CIRCLE('',#3251,1.8);
#442=CIRCLE('',#3253,1.8);
#443=CIRCLE('',#3255,1.8);
#444=CIRCLE('',#3257,1.8);
#445=CIRCLE('',#3259,3.8);
#446=CIRCLE('',#3261,1.8);
#447=CIRCLE('',#3263,1.8);
#448=CIRCLE('',#3265,1.8);
#449=CIRCLE('',#3267,1.8);
#450=CIRCLE('',#3269,1.8);
#451=CIRCLE('',#3271,1.8);
#452=CIRCLE('',#3273,1.8);
#453=CIRCLE('',#3275,1.8);
#454=CIRCLE('',#3277,1.8);
#455=CIRCLE('',#3279,1.8);
#456=CIRCLE('',#3281,1.8);
#457=CIRCLE('',#3283,1.8);
#458=CIRCLE('',#3285,1.8);
#459=CIRCLE('',#3287,1.8);
#460=CIRCLE('',#3289,1.8);
#461=CIRCLE('',#3291,3.8);
#462=CIRCLE('',#3293,1.8);
#463=CIRCLE('',#3295,3.8);
#464=CIRCLE('',#3297,3.8);
#465=CIRCLE('',#3299,1.8);
#466=CIRCLE('',#3301,3.8);
#467=CIRCLE('',#3303,3.8);
#468=CIRCLE('',#3305,1.8);
#469=CIRCLE('',#3307,1.8);
#470=CIRCLE('',#3311,1.8);
#471=CIRCLE('',#3312,1.8);
#472=CIRCLE('',#3313,1.8);
#473=CIRCLE('',#3314,1.8);
#474=CIRCLE('',#3315,1.8);
#475=CIRCLE('',#3316,1.8);
#476=CIRCLE('',#3317,1.8);
#477=CIRCLE('',#3318,1.8);
#478=CIRCLE('',#3319,1.8);
#479=CIRCLE('',#3320,1.8);
#480=CIRCLE('',#3321,1.8);
#481=CIRCLE('',#3322,1.8);
#482=CIRCLE('',#3323,1.8);
#483=CIRCLE('',#3324,3.9);
#484=CIRCLE('',#3325,3.9);
#485=CIRCLE('',#3326,1.8);
#486=CIRCLE('',#3327,1.8);
#487=CIRCLE('',#3328,3.9);
#488=CIRCLE('',#3329,3.9);
#489=CIRCLE('',#3330,1.8);
#490=CIRCLE('',#3331,1.8);
#491=CIRCLE('',#3332,1.8);
#492=CIRCLE('',#3333,1.8);
#493=CIRCLE('',#3334,3.9);
#494=CIRCLE('',#3335,3.9);
#495=CIRCLE('',#3336,1.8);
#496=CIRCLE('',#3337,3.9);
#497=CIRCLE('',#3338,1.8);
#498=CIRCLE('',#3339,3.9);
#499=CIRCLE('',#3340,1.8);
#500=CIRCLE('',#3341,3.9);
#501=CIRCLE('',#3342,1.8);
#502=CIRCLE('',#3343,1.8);
#503=CIRCLE('',#3344,1.8);
#504=CIRCLE('',#3345,1.8);
#505=CIRCLE('',#3346,1.8);
#506=CIRCLE('',#3347,1.8);
#507=CIRCLE('',#3348,1.8);
#508=CIRCLE('',#3349,1.8);
#509=CIRCLE('',#3350,1.8);
#510=CIRCLE('',#3351,1.8);
#511=CIRCLE('',#3353,2.);
#512=CIRCLE('',#3354,2.);
#513=CIRCLE('',#3357,4.);
#514=CIRCLE('',#3359,4.);
#515=CIRCLE('',#3363,1.8);
#516=CIRCLE('',#3364,1.8);
#517=CIRCLE('',#3365,1.8);
#518=CIRCLE('',#3366,1.8);
#519=CIRCLE('',#3367,1.8);
#520=CIRCLE('',#3368,1.8);
#521=CIRCLE('',#3369,1.8);
#522=CIRCLE('',#3370,1.8);
#523=CIRCLE('',#3371,1.8);
#524=CIRCLE('',#3372,1.8);
#525=CIRCLE('',#3373,1.8);
#526=CIRCLE('',#3374,1.8);
#527=CIRCLE('',#3375,1.8);
#528=CIRCLE('',#3376,3.9);
#529=CIRCLE('',#3377,3.9);
#530=CIRCLE('',#3378,1.8);
#531=CIRCLE('',#3379,1.8);
#532=CIRCLE('',#3380,3.9);
#533=CIRCLE('',#3381,3.9);
#534=CIRCLE('',#3382,1.8);
#535=CIRCLE('',#3383,1.8);
#536=CIRCLE('',#3384,1.8);
#537=CIRCLE('',#3385,1.8);
#538=CIRCLE('',#3386,3.9);
#539=CIRCLE('',#3387,3.9);
#540=CIRCLE('',#3388,1.8);
#541=CIRCLE('',#3389,3.9);
#542=CIRCLE('',#3390,1.8);
#543=CIRCLE('',#3391,3.9);
#544=CIRCLE('',#3392,1.8);
#545=CIRCLE('',#3393,3.9);
#546=CIRCLE('',#3394,1.8);
#547=CIRCLE('',#3395,1.8);
#548=CIRCLE('',#3396,1.8);
#549=CIRCLE('',#3397,1.8);
#550=CIRCLE('',#3398,1.8);
#551=CIRCLE('',#3399,1.8);
#552=CIRCLE('',#3400,1.8);
#553=CIRCLE('',#3401,1.8);
#554=CIRCLE('',#3402,1.8);
#555=CIRCLE('',#3403,1.8);
#556=CIRCLE('',#3405,1.8);
#557=CIRCLE('',#3406,1.8);
#558=CIRCLE('',#3407,1.8);
#559=CIRCLE('',#3408,1.8);
#560=CIRCLE('',#3409,1.8);
#561=CIRCLE('',#3410,1.8);
#562=CIRCLE('',#3411,1.8);
#563=CIRCLE('',#3412,1.8);
#564=CIRCLE('',#3413,1.8);
#565=CIRCLE('',#3414,1.8);
#566=CIRCLE('',#3415,3.8);
#567=CIRCLE('',#3416,1.8);
#568=CIRCLE('',#3417,1.8);
#569=CIRCLE('',#3418,3.8);
#570=CIRCLE('',#3419,3.8);
#571=CIRCLE('',#3420,1.8);
#572=CIRCLE('',#3421,1.8);
#573=CIRCLE('',#3422,3.8);
#574=CIRCLE('',#3423,3.8);
#575=CIRCLE('',#3424,3.8);
#576=CIRCLE('',#3425,1.8);
#577=CIRCLE('',#3426,1.8);
#578=CIRCLE('',#3427,1.8);
#579=CIRCLE('',#3428,1.8);
#580=CIRCLE('',#3429,3.8);
#581=CIRCLE('',#3430,1.8);
#582=CIRCLE('',#3431,3.8);
#583=CIRCLE('',#3432,1.8);
#584=CIRCLE('',#3433,3.8);
#585=CIRCLE('',#3434,1.8);
#586=CIRCLE('',#3435,1.8);
#587=CIRCLE('',#3436,1.8);
#588=CIRCLE('',#3437,1.8);
#589=CIRCLE('',#3438,1.8);
#590=CIRCLE('',#3439,1.8);
#591=CIRCLE('',#3440,1.8);
#592=CIRCLE('',#3441,1.8);
#593=CIRCLE('',#3442,1.8);
#594=CIRCLE('',#3443,1.8);
#595=CIRCLE('',#3444,1.8);
#596=CIRCLE('',#3445,1.8);
#597=CIRCLE('',#3447,2.);
#598=CIRCLE('',#3448,2.);
#599=CIRCLE('',#3452,4.);
#600=CIRCLE('',#3454,4.);
#601=CIRCLE('',#3456,1.8);
#602=CIRCLE('',#3457,1.8);
#603=CIRCLE('',#3458,1.8);
#604=CIRCLE('',#3459,1.8);
#605=CIRCLE('',#3460,1.8);
#606=CIRCLE('',#3461,1.8);
#607=CIRCLE('',#3462,1.8);
#608=CIRCLE('',#3463,1.8);
#609=CIRCLE('',#3464,1.8);
#610=CIRCLE('',#3465,1.8);
#611=CIRCLE('',#3466,3.8);
#612=CIRCLE('',#3467,1.8);
#613=CIRCLE('',#3468,1.8);
#614=CIRCLE('',#3469,3.8);
#615=CIRCLE('',#3470,3.8);
#616=CIRCLE('',#3471,1.8);
#617=CIRCLE('',#3472,1.8);
#618=CIRCLE('',#3473,3.8);
#619=CIRCLE('',#3474,3.8);
#620=CIRCLE('',#3475,3.8);
#621=CIRCLE('',#3476,1.8);
#622=CIRCLE('',#3477,1.8);
#623=CIRCLE('',#3478,1.8);
#624=CIRCLE('',#3479,1.8);
#625=CIRCLE('',#3480,3.8);
#626=CIRCLE('',#3481,1.8);
#627=CIRCLE('',#3482,3.8);
#628=CIRCLE('',#3483,1.8);
#629=CIRCLE('',#3484,3.8);
#630=CIRCLE('',#3485,1.8);
#631=CIRCLE('',#3486,1.8);
#632=CIRCLE('',#3487,1.8);
#633=CIRCLE('',#3488,1.8);
#634=CIRCLE('',#3489,1.8);
#635=CIRCLE('',#3490,1.8);
#636=CIRCLE('',#3491,1.8);
#637=CIRCLE('',#3492,1.8);
#638=CIRCLE('',#3493,1.8);
#639=CIRCLE('',#3494,1.8);
#640=CIRCLE('',#3495,1.8);
#641=CIRCLE('',#3496,1.8);
#642=FACE_OUTER_BOUND('',#787,.T.);
#643=FACE_OUTER_BOUND('',#829,.T.);
#644=FACE_OUTER_BOUND('',#830,.T.);
#645=FACE_OUTER_BOUND('',#831,.T.);
#646=FACE_OUTER_BOUND('',#832,.T.);
#647=FACE_OUTER_BOUND('',#833,.T.);
#648=FACE_OUTER_BOUND('',#834,.T.);
#649=FACE_OUTER_BOUND('',#835,.T.);
#650=FACE_OUTER_BOUND('',#836,.T.);
#651=FACE_OUTER_BOUND('',#837,.T.);
#652=FACE_OUTER_BOUND('',#838,.T.);
#653=FACE_OUTER_BOUND('',#839,.T.);
#654=FACE_OUTER_BOUND('',#840,.T.);
#655=FACE_OUTER_BOUND('',#841,.T.);
#656=FACE_OUTER_BOUND('',#842,.T.);
#657=FACE_OUTER_BOUND('',#843,.T.);
#658=FACE_OUTER_BOUND('',#844,.T.);
#659=FACE_OUTER_BOUND('',#845,.T.);
#660=FACE_OUTER_BOUND('',#846,.T.);
#661=FACE_OUTER_BOUND('',#847,.T.);
#662=FACE_OUTER_BOUND('',#848,.T.);
#663=FACE_OUTER_BOUND('',#849,.T.);
#664=FACE_OUTER_BOUND('',#850,.T.);
#665=FACE_OUTER_BOUND('',#851,.T.);
#666=FACE_OUTER_BOUND('',#852,.T.);
#667=FACE_OUTER_BOUND('',#853,.T.);
#668=FACE_OUTER_BOUND('',#854,.T.);
#669=FACE_OUTER_BOUND('',#855,.T.);
#670=FACE_OUTER_BOUND('',#856,.T.);
#671=FACE_OUTER_BOUND('',#857,.T.);
#672=FACE_OUTER_BOUND('',#858,.T.);
#673=FACE_OUTER_BOUND('',#859,.T.);
#674=FACE_OUTER_BOUND('',#860,.T.);
#675=FACE_OUTER_BOUND('',#861,.T.);
#676=FACE_OUTER_BOUND('',#862,.T.);
#677=FACE_OUTER_BOUND('',#863,.T.);
#678=FACE_OUTER_BOUND('',#864,.T.);
#679=FACE_OUTER_BOUND('',#865,.T.);
#680=FACE_OUTER_BOUND('',#866,.T.);
#681=FACE_OUTER_BOUND('',#867,.T.);
#682=FACE_OUTER_BOUND('',#868,.T.);
#683=FACE_OUTER_BOUND('',#869,.T.);
#684=FACE_OUTER_BOUND('',#870,.T.);
#685=FACE_OUTER_BOUND('',#871,.T.);
#686=FACE_OUTER_BOUND('',#872,.T.);
#687=FACE_OUTER_BOUND('',#914,.T.);
#688=FACE_OUTER_BOUND('',#915,.T.);
#689=FACE_OUTER_BOUND('',#957,.T.);
#690=FACE_OUTER_BOUND('',#958,.T.);
#691=FACE_OUTER_BOUND('',#959,.T.);
#692=FACE_OUTER_BOUND('',#960,.T.);
#693=FACE_OUTER_BOUND('',#961,.T.);
#694=FACE_OUTER_BOUND('',#962,.T.);
#695=FACE_OUTER_BOUND('',#963,.T.);
#696=FACE_OUTER_BOUND('',#1005,.T.);
#697=FACE_OUTER_BOUND('',#1047,.T.);
#698=FACE_OUTER_BOUND('',#1048,.T.);
#699=FACE_OUTER_BOUND('',#1049,.T.);
#700=FACE_OUTER_BOUND('',#1050,.T.);
#701=FACE_OUTER_BOUND('',#1051,.T.);
#702=FACE_OUTER_BOUND('',#1052,.T.);
#703=FACE_OUTER_BOUND('',#1094,.T.);
#704=FACE_OUTER_BOUND('',#1095,.T.);
#705=FACE_OUTER_BOUND('',#1096,.T.);
#706=FACE_OUTER_BOUND('',#1097,.T.);
#707=FACE_OUTER_BOUND('',#1098,.T.);
#708=FACE_OUTER_BOUND('',#1099,.T.);
#709=FACE_OUTER_BOUND('',#1100,.T.);
#710=FACE_OUTER_BOUND('',#1101,.T.);
#711=FACE_OUTER_BOUND('',#1102,.T.);
#712=FACE_OUTER_BOUND('',#1103,.T.);
#713=FACE_OUTER_BOUND('',#1104,.T.);
#714=FACE_OUTER_BOUND('',#1105,.T.);
#715=FACE_OUTER_BOUND('',#1106,.T.);
#716=FACE_OUTER_BOUND('',#1107,.T.);
#717=FACE_OUTER_BOUND('',#1108,.T.);
#718=FACE_OUTER_BOUND('',#1109,.T.);
#719=FACE_OUTER_BOUND('',#1110,.T.);
#720=FACE_OUTER_BOUND('',#1111,.T.);
#721=FACE_OUTER_BOUND('',#1112,.T.);
#722=FACE_OUTER_BOUND('',#1113,.T.);
#723=FACE_OUTER_BOUND('',#1114,.T.);
#724=FACE_OUTER_BOUND('',#1115,.T.);
#725=FACE_OUTER_BOUND('',#1116,.T.);
#726=FACE_OUTER_BOUND('',#1117,.T.);
#727=FACE_OUTER_BOUND('',#1118,.T.);
#728=FACE_OUTER_BOUND('',#1119,.T.);
#729=FACE_OUTER_BOUND('',#1120,.T.);
#730=FACE_OUTER_BOUND('',#1121,.T.);
#731=FACE_OUTER_BOUND('',#1122,.T.);
#732=FACE_OUTER_BOUND('',#1123,.T.);
#733=FACE_OUTER_BOUND('',#1124,.T.);
#734=FACE_OUTER_BOUND('',#1125,.T.);
#735=FACE_OUTER_BOUND('',#1126,.T.);
#736=FACE_OUTER_BOUND('',#1127,.T.);
#737=FACE_OUTER_BOUND('',#1128,.T.);
#738=FACE_OUTER_BOUND('',#1129,.T.);
#739=FACE_OUTER_BOUND('',#1130,.T.);
#740=FACE_OUTER_BOUND('',#1131,.T.);
#741=FACE_OUTER_BOUND('',#1132,.T.);
#742=FACE_OUTER_BOUND('',#1133,.T.);
#743=FACE_OUTER_BOUND('',#1134,.T.);
#744=FACE_OUTER_BOUND('',#1135,.T.);
#745=FACE_OUTER_BOUND('',#1136,.T.);
#746=FACE_OUTER_BOUND('',#1137,.T.);
#747=FACE_OUTER_BOUND('',#1138,.T.);
#748=FACE_OUTER_BOUND('',#1139,.T.);
#749=FACE_OUTER_BOUND('',#1140,.T.);
#750=FACE_OUTER_BOUND('',#1141,.T.);
#751=FACE_OUTER_BOUND('',#1142,.T.);
#752=FACE_OUTER_BOUND('',#1143,.T.);
#753=FACE_OUTER_BOUND('',#1144,.T.);
#754=FACE_OUTER_BOUND('',#1145,.T.);
#755=FACE_OUTER_BOUND('',#1146,.T.);
#756=FACE_OUTER_BOUND('',#1147,.T.);
#757=FACE_OUTER_BOUND('',#1148,.T.);
#758=FACE_OUTER_BOUND('',#1149,.T.);
#759=FACE_OUTER_BOUND('',#1150,.T.);
#760=FACE_OUTER_BOUND('',#1151,.T.);
#761=FACE_OUTER_BOUND('',#1152,.T.);
#762=FACE_OUTER_BOUND('',#1153,.T.);
#763=FACE_OUTER_BOUND('',#1154,.T.);
#764=FACE_OUTER_BOUND('',#1155,.T.);
#765=FACE_OUTER_BOUND('',#1156,.T.);
#766=FACE_OUTER_BOUND('',#1157,.T.);
#767=FACE_OUTER_BOUND('',#1158,.T.);
#768=FACE_OUTER_BOUND('',#1159,.T.);
#769=FACE_OUTER_BOUND('',#1160,.T.);
#770=FACE_OUTER_BOUND('',#1161,.T.);
#771=FACE_OUTER_BOUND('',#1162,.T.);
#772=FACE_OUTER_BOUND('',#1163,.T.);
#773=FACE_OUTER_BOUND('',#1164,.T.);
#774=FACE_OUTER_BOUND('',#1165,.T.);
#775=FACE_OUTER_BOUND('',#1166,.T.);
#776=FACE_OUTER_BOUND('',#1167,.T.);
#777=FACE_OUTER_BOUND('',#1168,.T.);
#778=FACE_OUTER_BOUND('',#1169,.T.);
#779=FACE_OUTER_BOUND('',#1170,.T.);
#780=FACE_OUTER_BOUND('',#1171,.T.);
#781=FACE_OUTER_BOUND('',#1172,.T.);
#782=FACE_OUTER_BOUND('',#1173,.T.);
#783=FACE_OUTER_BOUND('',#1174,.T.);
#784=FACE_OUTER_BOUND('',#1175,.T.);
#785=FACE_OUTER_BOUND('',#1176,.T.);
#786=FACE_OUTER_BOUND('',#1177,.T.);
#787=EDGE_LOOP('',(#2179,#2180,#2181,#2182));
#788=EDGE_LOOP('',(#2183));
#789=EDGE_LOOP('',(#2184));
#790=EDGE_LOOP('',(#2185));
#791=EDGE_LOOP('',(#2186));
#792=EDGE_LOOP('',(#2187));
#793=EDGE_LOOP('',(#2188));
#794=EDGE_LOOP('',(#2189));
#795=EDGE_LOOP('',(#2190));
#796=EDGE_LOOP('',(#2191));
#797=EDGE_LOOP('',(#2192));
#798=EDGE_LOOP('',(#2193));
#799=EDGE_LOOP('',(#2194));
#800=EDGE_LOOP('',(#2195));
#801=EDGE_LOOP('',(#2196));
#802=EDGE_LOOP('',(#2197));
#803=EDGE_LOOP('',(#2198));
#804=EDGE_LOOP('',(#2199));
#805=EDGE_LOOP('',(#2200));
#806=EDGE_LOOP('',(#2201));
#807=EDGE_LOOP('',(#2202));
#808=EDGE_LOOP('',(#2203));
#809=EDGE_LOOP('',(#2204));
#810=EDGE_LOOP('',(#2205));
#811=EDGE_LOOP('',(#2206));
#812=EDGE_LOOP('',(#2207));
#813=EDGE_LOOP('',(#2208));
#814=EDGE_LOOP('',(#2209));
#815=EDGE_LOOP('',(#2210));
#816=EDGE_LOOP('',(#2211));
#817=EDGE_LOOP('',(#2212));
#818=EDGE_LOOP('',(#2213));
#819=EDGE_LOOP('',(#2214));
#820=EDGE_LOOP('',(#2215));
#821=EDGE_LOOP('',(#2216));
#822=EDGE_LOOP('',(#2217));
#823=EDGE_LOOP('',(#2218));
#824=EDGE_LOOP('',(#2219));
#825=EDGE_LOOP('',(#2220));
#826=EDGE_LOOP('',(#2221));
#827=EDGE_LOOP('',(#2222));
#828=EDGE_LOOP('',(#2223));
#829=EDGE_LOOP('',(#2224,#2225,#2226,#2227));
#830=EDGE_LOOP('',(#2228,#2229,#2230,#2231));
#831=EDGE_LOOP('',(#2232,#2233,#2234,#2235));
#832=EDGE_LOOP('',(#2236,#2237,#2238,#2239));
#833=EDGE_LOOP('',(#2240,#2241,#2242,#2243));
#834=EDGE_LOOP('',(#2244,#2245,#2246,#2247));
#835=EDGE_LOOP('',(#2248,#2249,#2250,#2251));
#836=EDGE_LOOP('',(#2252,#2253,#2254,#2255));
#837=EDGE_LOOP('',(#2256,#2257,#2258,#2259));
#838=EDGE_LOOP('',(#2260,#2261,#2262,#2263));
#839=EDGE_LOOP('',(#2264,#2265,#2266,#2267));
#840=EDGE_LOOP('',(#2268,#2269,#2270,#2271));
#841=EDGE_LOOP('',(#2272,#2273,#2274,#2275));
#842=EDGE_LOOP('',(#2276,#2277,#2278,#2279));
#843=EDGE_LOOP('',(#2280,#2281,#2282,#2283));
#844=EDGE_LOOP('',(#2284,#2285,#2286,#2287));
#845=EDGE_LOOP('',(#2288,#2289,#2290,#2291));
#846=EDGE_LOOP('',(#2292,#2293,#2294,#2295));
#847=EDGE_LOOP('',(#2296,#2297,#2298,#2299));
#848=EDGE_LOOP('',(#2300,#2301,#2302,#2303));
#849=EDGE_LOOP('',(#2304,#2305,#2306,#2307));
#850=EDGE_LOOP('',(#2308,#2309,#2310,#2311));
#851=EDGE_LOOP('',(#2312,#2313,#2314,#2315));
#852=EDGE_LOOP('',(#2316,#2317,#2318,#2319));
#853=EDGE_LOOP('',(#2320,#2321,#2322,#2323));
#854=EDGE_LOOP('',(#2324,#2325,#2326,#2327));
#855=EDGE_LOOP('',(#2328,#2329,#2330,#2331));
#856=EDGE_LOOP('',(#2332,#2333,#2334,#2335));
#857=EDGE_LOOP('',(#2336,#2337,#2338,#2339));
#858=EDGE_LOOP('',(#2340,#2341,#2342,#2343));
#859=EDGE_LOOP('',(#2344,#2345,#2346,#2347));
#860=EDGE_LOOP('',(#2348,#2349,#2350,#2351));
#861=EDGE_LOOP('',(#2352,#2353,#2354,#2355));
#862=EDGE_LOOP('',(#2356,#2357,#2358,#2359));
#863=EDGE_LOOP('',(#2360,#2361,#2362,#2363));
#864=EDGE_LOOP('',(#2364,#2365,#2366,#2367));
#865=EDGE_LOOP('',(#2368,#2369,#2370,#2371));
#866=EDGE_LOOP('',(#2372,#2373,#2374,#2375));
#867=EDGE_LOOP('',(#2376,#2377,#2378,#2379));
#868=EDGE_LOOP('',(#2380,#2381,#2382,#2383));
#869=EDGE_LOOP('',(#2384,#2385,#2386,#2387));
#870=EDGE_LOOP('',(#2388,#2389,#2390,#2391));
#871=EDGE_LOOP('',(#2392,#2393,#2394,#2395));
#872=EDGE_LOOP('',(#2396,#2397,#2398,#2399));
#873=EDGE_LOOP('',(#2400));
#874=EDGE_LOOP('',(#2401));
#875=EDGE_LOOP('',(#2402));
#876=EDGE_LOOP('',(#2403));
#877=EDGE_LOOP('',(#2404));
#878=EDGE_LOOP('',(#2405));
#879=EDGE_LOOP('',(#2406));
#880=EDGE_LOOP('',(#2407));
#881=EDGE_LOOP('',(#2408));
#882=EDGE_LOOP('',(#2409));
#883=EDGE_LOOP('',(#2410));
#884=EDGE_LOOP('',(#2411));
#885=EDGE_LOOP('',(#2412));
#886=EDGE_LOOP('',(#2413));
#887=EDGE_LOOP('',(#2414));
#888=EDGE_LOOP('',(#2415));
#889=EDGE_LOOP('',(#2416));
#890=EDGE_LOOP('',(#2417));
#891=EDGE_LOOP('',(#2418));
#892=EDGE_LOOP('',(#2419));
#893=EDGE_LOOP('',(#2420));
#894=EDGE_LOOP('',(#2421));
#895=EDGE_LOOP('',(#2422));
#896=EDGE_LOOP('',(#2423));
#897=EDGE_LOOP('',(#2424));
#898=EDGE_LOOP('',(#2425));
#899=EDGE_LOOP('',(#2426));
#900=EDGE_LOOP('',(#2427));
#901=EDGE_LOOP('',(#2428));
#902=EDGE_LOOP('',(#2429));
#903=EDGE_LOOP('',(#2430));
#904=EDGE_LOOP('',(#2431));
#905=EDGE_LOOP('',(#2432));
#906=EDGE_LOOP('',(#2433));
#907=EDGE_LOOP('',(#2434));
#908=EDGE_LOOP('',(#2435));
#909=EDGE_LOOP('',(#2436));
#910=EDGE_LOOP('',(#2437));
#911=EDGE_LOOP('',(#2438));
#912=EDGE_LOOP('',(#2439));
#913=EDGE_LOOP('',(#2440));
#914=EDGE_LOOP('',(#2441,#2442,#2443,#2444));
#915=EDGE_LOOP('',(#2445,#2446,#2447,#2448));
#916=EDGE_LOOP('',(#2449));
#917=EDGE_LOOP('',(#2450));
#918=EDGE_LOOP('',(#2451));
#919=EDGE_LOOP('',(#2452));
#920=EDGE_LOOP('',(#2453));
#921=EDGE_LOOP('',(#2454));
#922=EDGE_LOOP('',(#2455));
#923=EDGE_LOOP('',(#2456));
#924=EDGE_LOOP('',(#2457));
#925=EDGE_LOOP('',(#2458));
#926=EDGE_LOOP('',(#2459));
#927=EDGE_LOOP('',(#2460));
#928=EDGE_LOOP('',(#2461));
#929=EDGE_LOOP('',(#2462));
#930=EDGE_LOOP('',(#2463));
#931=EDGE_LOOP('',(#2464));
#932=EDGE_LOOP('',(#2465));
#933=EDGE_LOOP('',(#2466));
#934=EDGE_LOOP('',(#2467));
#935=EDGE_LOOP('',(#2468));
#936=EDGE_LOOP('',(#2469));
#937=EDGE_LOOP('',(#2470));
#938=EDGE_LOOP('',(#2471));
#939=EDGE_LOOP('',(#2472));
#940=EDGE_LOOP('',(#2473));
#941=EDGE_LOOP('',(#2474));
#942=EDGE_LOOP('',(#2475));
#943=EDGE_LOOP('',(#2476));
#944=EDGE_LOOP('',(#2477));
#945=EDGE_LOOP('',(#2478));
#946=EDGE_LOOP('',(#2479));
#947=EDGE_LOOP('',(#2480));
#948=EDGE_LOOP('',(#2481));
#949=EDGE_LOOP('',(#2482));
#950=EDGE_LOOP('',(#2483));
#951=EDGE_LOOP('',(#2484));
#952=EDGE_LOOP('',(#2485));
#953=EDGE_LOOP('',(#2486));
#954=EDGE_LOOP('',(#2487));
#955=EDGE_LOOP('',(#2488));
#956=EDGE_LOOP('',(#2489));
#957=EDGE_LOOP('',(#2490,#2491,#2492,#2493));
#958=EDGE_LOOP('',(#2494,#2495,#2496,#2497));
#959=EDGE_LOOP('',(#2498,#2499,#2500,#2501));
#960=EDGE_LOOP('',(#2502,#2503,#2504,#2505));
#961=EDGE_LOOP('',(#2506,#2507,#2508,#2509));
#962=EDGE_LOOP('',(#2510,#2511,#2512,#2513));
#963=EDGE_LOOP('',(#2514,#2515,#2516,#2517));
#964=EDGE_LOOP('',(#2518));
#965=EDGE_LOOP('',(#2519));
#966=EDGE_LOOP('',(#2520));
#967=EDGE_LOOP('',(#2521));
#968=EDGE_LOOP('',(#2522));
#969=EDGE_LOOP('',(#2523));
#970=EDGE_LOOP('',(#2524));
#971=EDGE_LOOP('',(#2525));
#972=EDGE_LOOP('',(#2526));
#973=EDGE_LOOP('',(#2527));
#974=EDGE_LOOP('',(#2528));
#975=EDGE_LOOP('',(#2529));
#976=EDGE_LOOP('',(#2530));
#977=EDGE_LOOP('',(#2531));
#978=EDGE_LOOP('',(#2532));
#979=EDGE_LOOP('',(#2533));
#980=EDGE_LOOP('',(#2534));
#981=EDGE_LOOP('',(#2535));
#982=EDGE_LOOP('',(#2536));
#983=EDGE_LOOP('',(#2537));
#984=EDGE_LOOP('',(#2538));
#985=EDGE_LOOP('',(#2539));
#986=EDGE_LOOP('',(#2540));
#987=EDGE_LOOP('',(#2541));
#988=EDGE_LOOP('',(#2542));
#989=EDGE_LOOP('',(#2543));
#990=EDGE_LOOP('',(#2544));
#991=EDGE_LOOP('',(#2545));
#992=EDGE_LOOP('',(#2546));
#993=EDGE_LOOP('',(#2547));
#994=EDGE_LOOP('',(#2548));
#995=EDGE_LOOP('',(#2549));
#996=EDGE_LOOP('',(#2550));
#997=EDGE_LOOP('',(#2551));
#998=EDGE_LOOP('',(#2552));
#999=EDGE_LOOP('',(#2553));
#1000=EDGE_LOOP('',(#2554));
#1001=EDGE_LOOP('',(#2555));
#1002=EDGE_LOOP('',(#2556));
#1003=EDGE_LOOP('',(#2557));
#1004=EDGE_LOOP('',(#2558));
#1005=EDGE_LOOP('',(#2559,#2560,#2561,#2562));
#1006=EDGE_LOOP('',(#2563));
#1007=EDGE_LOOP('',(#2564));
#1008=EDGE_LOOP('',(#2565));
#1009=EDGE_LOOP('',(#2566));
#1010=EDGE_LOOP('',(#2567));
#1011=EDGE_LOOP('',(#2568));
#1012=EDGE_LOOP('',(#2569));
#1013=EDGE_LOOP('',(#2570));
#1014=EDGE_LOOP('',(#2571));
#1015=EDGE_LOOP('',(#2572));
#1016=EDGE_LOOP('',(#2573));
#1017=EDGE_LOOP('',(#2574));
#1018=EDGE_LOOP('',(#2575));
#1019=EDGE_LOOP('',(#2576));
#1020=EDGE_LOOP('',(#2577));
#1021=EDGE_LOOP('',(#2578));
#1022=EDGE_LOOP('',(#2579));
#1023=EDGE_LOOP('',(#2580));
#1024=EDGE_LOOP('',(#2581));
#1025=EDGE_LOOP('',(#2582));
#1026=EDGE_LOOP('',(#2583));
#1027=EDGE_LOOP('',(#2584));
#1028=EDGE_LOOP('',(#2585));
#1029=EDGE_LOOP('',(#2586));
#1030=EDGE_LOOP('',(#2587));
#1031=EDGE_LOOP('',(#2588));
#1032=EDGE_LOOP('',(#2589));
#1033=EDGE_LOOP('',(#2590));
#1034=EDGE_LOOP('',(#2591));
#1035=EDGE_LOOP('',(#2592));
#1036=EDGE_LOOP('',(#2593));
#1037=EDGE_LOOP('',(#2594));
#1038=EDGE_LOOP('',(#2595));
#1039=EDGE_LOOP('',(#2596));
#1040=EDGE_LOOP('',(#2597));
#1041=EDGE_LOOP('',(#2598));
#1042=EDGE_LOOP('',(#2599));
#1043=EDGE_LOOP('',(#2600));
#1044=EDGE_LOOP('',(#2601));
#1045=EDGE_LOOP('',(#2602));
#1046=EDGE_LOOP('',(#2603));
#1047=EDGE_LOOP('',(#2604,#2605,#2606,#2607));
#1048=EDGE_LOOP('',(#2608,#2609,#2610,#2611));
#1049=EDGE_LOOP('',(#2612,#2613,#2614,#2615));
#1050=EDGE_LOOP('',(#2616,#2617,#2618,#2619));
#1051=EDGE_LOOP('',(#2620,#2621,#2622,#2623));
#1052=EDGE_LOOP('',(#2624,#2625,#2626,#2627));
#1053=EDGE_LOOP('',(#2628));
#1054=EDGE_LOOP('',(#2629));
#1055=EDGE_LOOP('',(#2630));
#1056=EDGE_LOOP('',(#2631));
#1057=EDGE_LOOP('',(#2632));
#1058=EDGE_LOOP('',(#2633));
#1059=EDGE_LOOP('',(#2634));
#1060=EDGE_LOOP('',(#2635));
#1061=EDGE_LOOP('',(#2636));
#1062=EDGE_LOOP('',(#2637));
#1063=EDGE_LOOP('',(#2638));
#1064=EDGE_LOOP('',(#2639));
#1065=EDGE_LOOP('',(#2640));
#1066=EDGE_LOOP('',(#2641));
#1067=EDGE_LOOP('',(#2642));
#1068=EDGE_LOOP('',(#2643));
#1069=EDGE_LOOP('',(#2644));
#1070=EDGE_LOOP('',(#2645));
#1071=EDGE_LOOP('',(#2646));
#1072=EDGE_LOOP('',(#2647));
#1073=EDGE_LOOP('',(#2648));
#1074=EDGE_LOOP('',(#2649));
#1075=EDGE_LOOP('',(#2650));
#1076=EDGE_LOOP('',(#2651));
#1077=EDGE_LOOP('',(#2652));
#1078=EDGE_LOOP('',(#2653));
#1079=EDGE_LOOP('',(#2654));
#1080=EDGE_LOOP('',(#2655));
#1081=EDGE_LOOP('',(#2656));
#1082=EDGE_LOOP('',(#2657));
#1083=EDGE_LOOP('',(#2658));
#1084=EDGE_LOOP('',(#2659));
#1085=EDGE_LOOP('',(#2660));
#1086=EDGE_LOOP('',(#2661));
#1087=EDGE_LOOP('',(#2662));
#1088=EDGE_LOOP('',(#2663));
#1089=EDGE_LOOP('',(#2664));
#1090=EDGE_LOOP('',(#2665));
#1091=EDGE_LOOP('',(#2666));
#1092=EDGE_LOOP('',(#2667));
#1093=EDGE_LOOP('',(#2668));
#1094=EDGE_LOOP('',(#2669,#2670,#2671,#2672));
#1095=EDGE_LOOP('',(#2673,#2674,#2675,#2676));
#1096=EDGE_LOOP('',(#2677,#2678,#2679,#2680));
#1097=EDGE_LOOP('',(#2681,#2682,#2683,#2684));
#1098=EDGE_LOOP('',(#2685,#2686,#2687,#2688));
#1099=EDGE_LOOP('',(#2689,#2690,#2691,#2692));
#1100=EDGE_LOOP('',(#2693,#2694,#2695,#2696));
#1101=EDGE_LOOP('',(#2697,#2698,#2699,#2700));
#1102=EDGE_LOOP('',(#2701,#2702,#2703,#2704));
#1103=EDGE_LOOP('',(#2705,#2706,#2707,#2708));
#1104=EDGE_LOOP('',(#2709,#2710,#2711,#2712));
#1105=EDGE_LOOP('',(#2713,#2714,#2715,#2716));
#1106=EDGE_LOOP('',(#2717,#2718,#2719,#2720));
#1107=EDGE_LOOP('',(#2721,#2722,#2723,#2724));
#1108=EDGE_LOOP('',(#2725,#2726,#2727,#2728));
#1109=EDGE_LOOP('',(#2729,#2730,#2731,#2732));
#1110=EDGE_LOOP('',(#2733,#2734,#2735,#2736));
#1111=EDGE_LOOP('',(#2737,#2738,#2739,#2740));
#1112=EDGE_LOOP('',(#2741,#2742,#2743,#2744));
#1113=EDGE_LOOP('',(#2745,#2746,#2747,#2748));
#1114=EDGE_LOOP('',(#2749,#2750,#2751,#2752));
#1115=EDGE_LOOP('',(#2753,#2754,#2755,#2756));
#1116=EDGE_LOOP('',(#2757,#2758,#2759,#2760));
#1117=EDGE_LOOP('',(#2761,#2762,#2763,#2764));
#1118=EDGE_LOOP('',(#2765,#2766,#2767,#2768));
#1119=EDGE_LOOP('',(#2769,#2770,#2771,#2772));
#1120=EDGE_LOOP('',(#2773,#2774,#2775,#2776));
#1121=EDGE_LOOP('',(#2777,#2778,#2779,#2780));
#1122=EDGE_LOOP('',(#2781,#2782,#2783,#2784));
#1123=EDGE_LOOP('',(#2785,#2786,#2787,#2788));
#1124=EDGE_LOOP('',(#2789,#2790,#2791,#2792));
#1125=EDGE_LOOP('',(#2793,#2794,#2795,#2796));
#1126=EDGE_LOOP('',(#2797,#2798,#2799,#2800));
#1127=EDGE_LOOP('',(#2801,#2802,#2803,#2804));
#1128=EDGE_LOOP('',(#2805,#2806,#2807,#2808));
#1129=EDGE_LOOP('',(#2809,#2810,#2811,#2812));
#1130=EDGE_LOOP('',(#2813,#2814,#2815,#2816));
#1131=EDGE_LOOP('',(#2817,#2818,#2819,#2820));
#1132=EDGE_LOOP('',(#2821,#2822,#2823,#2824));
#1133=EDGE_LOOP('',(#2825,#2826,#2827,#2828));
#1134=EDGE_LOOP('',(#2829,#2830,#2831,#2832));
#1135=EDGE_LOOP('',(#2833,#2834,#2835,#2836));
#1136=EDGE_LOOP('',(#2837,#2838,#2839,#2840));
#1137=EDGE_LOOP('',(#2841,#2842,#2843,#2844));
#1138=EDGE_LOOP('',(#2845,#2846,#2847,#2848));
#1139=EDGE_LOOP('',(#2849,#2850,#2851,#2852));
#1140=EDGE_LOOP('',(#2853,#2854,#2855,#2856));
#1141=EDGE_LOOP('',(#2857,#2858,#2859,#2860));
#1142=EDGE_LOOP('',(#2861,#2862,#2863,#2864));
#1143=EDGE_LOOP('',(#2865,#2866,#2867,#2868));
#1144=EDGE_LOOP('',(#2869,#2870,#2871,#2872));
#1145=EDGE_LOOP('',(#2873,#2874,#2875,#2876));
#1146=EDGE_LOOP('',(#2877,#2878,#2879,#2880));
#1147=EDGE_LOOP('',(#2881,#2882,#2883,#2884));
#1148=EDGE_LOOP('',(#2885,#2886,#2887,#2888));
#1149=EDGE_LOOP('',(#2889,#2890,#2891,#2892));
#1150=EDGE_LOOP('',(#2893,#2894,#2895,#2896));
#1151=EDGE_LOOP('',(#2897,#2898,#2899,#2900));
#1152=EDGE_LOOP('',(#2901,#2902,#2903,#2904));
#1153=EDGE_LOOP('',(#2905,#2906,#2907,#2908));
#1154=EDGE_LOOP('',(#2909,#2910,#2911,#2912));
#1155=EDGE_LOOP('',(#2913,#2914,#2915,#2916));
#1156=EDGE_LOOP('',(#2917,#2918,#2919,#2920));
#1157=EDGE_LOOP('',(#2921,#2922,#2923,#2924));
#1158=EDGE_LOOP('',(#2925,#2926,#2927,#2928));
#1159=EDGE_LOOP('',(#2929,#2930,#2931,#2932));
#1160=EDGE_LOOP('',(#2933,#2934,#2935,#2936));
#1161=EDGE_LOOP('',(#2937,#2938,#2939,#2940));
#1162=EDGE_LOOP('',(#2941,#2942,#2943,#2944));
#1163=EDGE_LOOP('',(#2945,#2946,#2947,#2948));
#1164=EDGE_LOOP('',(#2949,#2950,#2951,#2952));
#1165=EDGE_LOOP('',(#2953,#2954,#2955,#2956));
#1166=EDGE_LOOP('',(#2957,#2958,#2959,#2960));
#1167=EDGE_LOOP('',(#2961,#2962,#2963,#2964));
#1168=EDGE_LOOP('',(#2965,#2966,#2967,#2968));
#1169=EDGE_LOOP('',(#2969,#2970,#2971,#2972));
#1170=EDGE_LOOP('',(#2973,#2974,#2975,#2976));
#1171=EDGE_LOOP('',(#2977,#2978,#2979,#2980));
#1172=EDGE_LOOP('',(#2981,#2982,#2983,#2984));
#1173=EDGE_LOOP('',(#2985,#2986,#2987,#2988));
#1174=EDGE_LOOP('',(#2989,#2990,#2991,#2992));
#1175=EDGE_LOOP('',(#2993,#2994,#2995,#2996));
#1176=EDGE_LOOP('',(#2997,#2998,#2999,#3000));
#1177=EDGE_LOOP('',(#3001,#3002,#3003,#3004));
#1178=LINE('',#4544,#1337);
#1179=LINE('',#4546,#1338);
#1180=LINE('',#4548,#1339);
#1181=LINE('',#4549,#1340);
#1182=LINE('',#4634,#1341);
#1183=LINE('',#4636,#1342);
#1184=LINE('',#4637,#1343);
#1185=LINE('',#4640,#1344);
#1186=LINE('',#4641,#1345);
#1187=LINE('',#4645,#1346);
#1188=LINE('',#4649,#1347);
#1189=LINE('',#4653,#1348);
#1190=LINE('',#4657,#1349);
#1191=LINE('',#4661,#1350);
#1192=LINE('',#4665,#1351);
#1193=LINE('',#4669,#1352);
#1194=LINE('',#4673,#1353);
#1195=LINE('',#4677,#1354);
#1196=LINE('',#4681,#1355);
#1197=LINE('',#4685,#1356);
#1198=LINE('',#4689,#1357);
#1199=LINE('',#4693,#1358);
#1200=LINE('',#4697,#1359);
#1201=LINE('',#4701,#1360);
#1202=LINE('',#4705,#1361);
#1203=LINE('',#4709,#1362);
#1204=LINE('',#4713,#1363);
#1205=LINE('',#4717,#1364);
#1206=LINE('',#4721,#1365);
#1207=LINE('',#4725,#1366);
#1208=LINE('',#4729,#1367);
#1209=LINE('',#4733,#1368);
#1210=LINE('',#4737,#1369);
#1211=LINE('',#4741,#1370);
#1212=LINE('',#4745,#1371);
#1213=LINE('',#4749,#1372);
#1214=LINE('',#4753,#1373);
#1215=LINE('',#4757,#1374);
#1216=LINE('',#4761,#1375);
#1217=LINE('',#4765,#1376);
#1218=LINE('',#4769,#1377);
#1219=LINE('',#4773,#1378);
#1220=LINE('',#4777,#1379);
#1221=LINE('',#4781,#1380);
#1222=LINE('',#4785,#1381);
#1223=LINE('',#4789,#1382);
#1224=LINE('',#4793,#1383);
#1225=LINE('',#4797,#1384);
#1226=LINE('',#4801,#1385);
#1227=LINE('',#4805,#1386);
#1228=LINE('',#4808,#1387);
#1229=LINE('',#4809,#1388);
#1230=LINE('',#4811,#1389);
#1231=LINE('',#4815,#1390);
#1232=LINE('',#4817,#1391);
#1233=LINE('',#4819,#1392);
#1234=LINE('',#4820,#1393);
#1235=LINE('',#4906,#1394);
#1236=LINE('',#4911,#1395);
#1237=LINE('',#4912,#1396);
#1238=LINE('',#4913,#1397);
#1239=LINE('',#4915,#1398);
#1240=LINE('',#4921,#1399);
#1241=LINE('',#4922,#1400);
#1242=LINE('',#4925,#1401);
#1243=LINE('',#5011,#1402);
#1244=LINE('',#5013,#1403);
#1245=LINE('',#5015,#1404);
#1246=LINE('',#5016,#1405);
#1247=LINE('',#5102,#1406);
#1248=LINE('',#5108,#1407);
#1249=LINE('',#5109,#1408);
#1250=LINE('',#5110,#1409);
#1251=LINE('',#5112,#1410);
#1252=LINE('',#5113,#1411);
#1253=LINE('',#5115,#1412);
#1254=LINE('',#5120,#1413);
#1255=LINE('',#5206,#1414);
#1256=LINE('',#5208,#1415);
#1257=LINE('',#5210,#1416);
#1258=LINE('',#5212,#1417);
#1259=LINE('',#5214,#1418);
#1260=LINE('',#5216,#1419);
#1261=LINE('',#5218,#1420);
#1262=LINE('',#5220,#1421);
#1263=LINE('',#5222,#1422);
#1264=LINE('',#5224,#1423);
#1265=LINE('',#5226,#1424);
#1266=LINE('',#5228,#1425);
#1267=LINE('',#5230,#1426);
#1268=LINE('',#5232,#1427);
#1269=LINE('',#5234,#1428);
#1270=LINE('',#5236,#1429);
#1271=LINE('',#5238,#1430);
#1272=LINE('',#5240,#1431);
#1273=LINE('',#5242,#1432);
#1274=LINE('',#5244,#1433);
#1275=LINE('',#5246,#1434);
#1276=LINE('',#5248,#1435);
#1277=LINE('',#5250,#1436);
#1278=LINE('',#5252,#1437);
#1279=LINE('',#5254,#1438);
#1280=LINE('',#5256,#1439);
#1281=LINE('',#5258,#1440);
#1282=LINE('',#5260,#1441);
#1283=LINE('',#5262,#1442);
#1284=LINE('',#5264,#1443);
#1285=LINE('',#5266,#1444);
#1286=LINE('',#5268,#1445);
#1287=LINE('',#5270,#1446);
#1288=LINE('',#5272,#1447);
#1289=LINE('',#5274,#1448);
#1290=LINE('',#5276,#1449);
#1291=LINE('',#5278,#1450);
#1292=LINE('',#5280,#1451);
#1293=LINE('',#5282,#1452);
#1294=LINE('',#5284,#1453);
#1295=LINE('',#5286,#1454);
#1296=LINE('',#5288,#1455);
#1297=LINE('',#5290,#1456);
#1298=LINE('',#5292,#1457);
#1299=LINE('',#5294,#1458);
#1300=LINE('',#5296,#1459);
#1301=LINE('',#5298,#1460);
#1302=LINE('',#5300,#1461);
#1303=LINE('',#5302,#1462);
#1304=LINE('',#5304,#1463);
#1305=LINE('',#5306,#1464);
#1306=LINE('',#5308,#1465);
#1307=LINE('',#5310,#1466);
#1308=LINE('',#5312,#1467);
#1309=LINE('',#5314,#1468);
#1310=LINE('',#5316,#1469);
#1311=LINE('',#5318,#1470);
#1312=LINE('',#5320,#1471);
#1313=LINE('',#5322,#1472);
#1314=LINE('',#5324,#1473);
#1315=LINE('',#5326,#1474);
#1316=LINE('',#5328,#1475);
#1317=LINE('',#5330,#1476);
#1318=LINE('',#5332,#1477);
#1319=LINE('',#5334,#1478);
#1320=LINE('',#5336,#1479);
#1321=LINE('',#5338,#1480);
#1322=LINE('',#5340,#1481);
#1323=LINE('',#5342,#1482);
#1324=LINE('',#5344,#1483);
#1325=LINE('',#5346,#1484);
#1326=LINE('',#5348,#1485);
#1327=LINE('',#5350,#1486);
#1328=LINE('',#5352,#1487);
#1329=LINE('',#5354,#1488);
#1330=LINE('',#5356,#1489);
#1331=LINE('',#5358,#1490);
#1332=LINE('',#5360,#1491);
#1333=LINE('',#5362,#1492);
#1334=LINE('',#5364,#1493);
#1335=LINE('',#5366,#1494);
#1336=LINE('',#5368,#1495);
#1337=VECTOR('',#3585,158.);
#1338=VECTOR('',#3586,28.);
#1339=VECTOR('',#3587,158.);
#1340=VECTOR('',#3588,28.);
#1341=VECTOR('',#3673,2.);
#1342=VECTOR('',#3674,2.);
#1343=VECTOR('',#3675,28.);
#1344=VECTOR('',#3678,158.);
#1345=VECTOR('',#3679,2.);
#1346=VECTOR('',#3684,1.8);
#1347=VECTOR('',#3689,1.8);
#1348=VECTOR('',#3694,1.8);
#1349=VECTOR('',#3699,3.8);
#1350=VECTOR('',#3704,1.8);
#1351=VECTOR('',#3709,3.8);
#1352=VECTOR('',#3714,1.8);
#1353=VECTOR('',#3719,3.8);
#1354=VECTOR('',#3724,1.8);
#1355=VECTOR('',#3729,1.8);
#1356=VECTOR('',#3734,1.8);
#1357=VECTOR('',#3739,1.8);
#1358=VECTOR('',#3744,1.8);
#1359=VECTOR('',#3749,1.8);
#1360=VECTOR('',#3754,1.8);
#1361=VECTOR('',#3759,1.8);
#1362=VECTOR('',#3764,3.8);
#1363=VECTOR('',#3769,1.8);
#1364=VECTOR('',#3774,1.8);
#1365=VECTOR('',#3779,1.8);
#1366=VECTOR('',#3784,1.8);
#1367=VECTOR('',#3789,1.8);
#1368=VECTOR('',#3794,1.8);
#1369=VECTOR('',#3799,1.8);
#1370=VECTOR('',#3804,1.8);
#1371=VECTOR('',#3809,1.8);
#1372=VECTOR('',#3814,1.8);
#1373=VECTOR('',#3819,1.8);
#1374=VECTOR('',#3824,1.8);
#1375=VECTOR('',#3829,1.8);
#1376=VECTOR('',#3834,1.8);
#1377=VECTOR('',#3839,1.8);
#1378=VECTOR('',#3844,3.8);
#1379=VECTOR('',#3849,1.8);
#1380=VECTOR('',#3854,3.8);
#1381=VECTOR('',#3859,3.8);
#1382=VECTOR('',#3864,1.8);
#1383=VECTOR('',#3869,3.8);
#1384=VECTOR('',#3874,3.8);
#1385=VECTOR('',#3879,1.8);
#1386=VECTOR('',#3884,1.8);
#1387=VECTOR('',#3887,158.);
#1388=VECTOR('',#3888,28.);
#1389=VECTOR('',#3891,2.);
#1390=VECTOR('',#3894,158.);
#1391=VECTOR('',#3895,24.);
#1392=VECTOR('',#3896,158.);
#1393=VECTOR('',#3897,24.);
#1394=VECTOR('',#3982,158.);
#1395=VECTOR('',#3989,2.);
#1396=VECTOR('',#3990,24.);
#1397=VECTOR('',#3991,2.);
#1398=VECTOR('',#3994,2.);
#1399=VECTOR('',#4003,2.);
#1400=VECTOR('',#4004,24.);
#1401=VECTOR('',#4009,158.);
#1402=VECTOR('',#4094,158.);
#1403=VECTOR('',#4095,28.);
#1404=VECTOR('',#4096,158.);
#1405=VECTOR('',#4097,28.);
#1406=VECTOR('',#4182,158.);
#1407=VECTOR('',#4189,158.);
#1408=VECTOR('',#4190,2.);
#1409=VECTOR('',#4191,2.);
#1410=VECTOR('',#4194,2.);
#1411=VECTOR('',#4195,28.);
#1412=VECTOR('',#4198,2.);
#1413=VECTOR('',#4207,28.);
#1414=VECTOR('',#4296,1.8);
#1415=VECTOR('',#4299,1.8);
#1416=VECTOR('',#4302,1.8);
#1417=VECTOR('',#4305,1.8);
#1418=VECTOR('',#4308,1.8);
#1419=VECTOR('',#4311,1.8);
#1420=VECTOR('',#4314,1.8);
#1421=VECTOR('',#4317,1.8);
#1422=VECTOR('',#4320,1.8);
#1423=VECTOR('',#4323,1.8);
#1424=VECTOR('',#4326,3.8);
#1425=VECTOR('',#4329,1.8);
#1426=VECTOR('',#4332,1.8);
#1427=VECTOR('',#4335,3.8);
#1428=VECTOR('',#4338,3.8);
#1429=VECTOR('',#4341,1.8);
#1430=VECTOR('',#4344,1.8);
#1431=VECTOR('',#4347,3.8);
#1432=VECTOR('',#4350,3.8);
#1433=VECTOR('',#4353,3.8);
#1434=VECTOR('',#4356,1.8);
#1435=VECTOR('',#4359,1.8);
#1436=VECTOR('',#4362,1.8);
#1437=VECTOR('',#4365,1.8);
#1438=VECTOR('',#4368,3.8);
#1439=VECTOR('',#4371,1.8);
#1440=VECTOR('',#4374,3.8);
#1441=VECTOR('',#4377,1.8);
#1442=VECTOR('',#4380,3.8);
#1443=VECTOR('',#4383,1.8);
#1444=VECTOR('',#4386,1.8);
#1445=VECTOR('',#4389,1.8);
#1446=VECTOR('',#4392,1.8);
#1447=VECTOR('',#4395,1.8);
#1448=VECTOR('',#4398,1.8);
#1449=VECTOR('',#4401,1.8);
#1450=VECTOR('',#4404,1.8);
#1451=VECTOR('',#4407,1.8);
#1452=VECTOR('',#4410,1.8);
#1453=VECTOR('',#4413,1.8);
#1454=VECTOR('',#4416,1.8);
#1455=VECTOR('',#4419,1.8);
#1456=VECTOR('',#4422,1.8);
#1457=VECTOR('',#4425,1.8);
#1458=VECTOR('',#4428,1.8);
#1459=VECTOR('',#4431,1.8);
#1460=VECTOR('',#4434,1.8);
#1461=VECTOR('',#4437,1.8);
#1462=VECTOR('',#4440,1.8);
#1463=VECTOR('',#4443,1.8);
#1464=VECTOR('',#4446,1.8);
#1465=VECTOR('',#4449,1.8);
#1466=VECTOR('',#4452,1.8);
#1467=VECTOR('',#4455,1.8);
#1468=VECTOR('',#4458,3.9);
#1469=VECTOR('',#4461,3.9);
#1470=VECTOR('',#4464,1.8);
#1471=VECTOR('',#4467,1.8);
#1472=VECTOR('',#4470,3.9);
#1473=VECTOR('',#4473,3.9);
#1474=VECTOR('',#4476,1.8);
#1475=VECTOR('',#4479,1.8);
#1476=VECTOR('',#4482,1.8);
#1477=VECTOR('',#4485,1.8);
#1478=VECTOR('',#4488,3.9);
#1479=VECTOR('',#4491,3.9);
#1480=VECTOR('',#4494,1.8);
#1481=VECTOR('',#4497,3.9);
#1482=VECTOR('',#4500,1.8);
#1483=VECTOR('',#4503,3.9);
#1484=VECTOR('',#4506,1.8);
#1485=VECTOR('',#4509,3.9);
#1486=VECTOR('',#4512,1.8);
#1487=VECTOR('',#4515,1.8);
#1488=VECTOR('',#4518,1.8);
#1489=VECTOR('',#4521,1.8);
#1490=VECTOR('',#4524,1.8);
#1491=VECTOR('',#4527,1.8);
#1492=VECTOR('',#4530,1.8);
#1493=VECTOR('',#4533,1.8);
#1494=VECTOR('',#4536,1.8);
#1495=VECTOR('',#4539,1.8);
#1496=VERTEX_POINT('',#4542);
#1497=VERTEX_POINT('',#4543);
#1498=VERTEX_POINT('',#4545);
#1499=VERTEX_POINT('',#4547);
#1500=VERTEX_POINT('',#4550);
#1501=VERTEX_POINT('',#4552);
#1502=VERTEX_POINT('',#4554);
#1503=VERTEX_POINT('',#4556);
#1504=VERTEX_POINT('',#4558);
#1505=VERTEX_POINT('',#4560);
#1506=VERTEX_POINT('',#4562);
#1507=VERTEX_POINT('',#4564);
#1508=VERTEX_POINT('',#4566);
#1509=VERTEX_POINT('',#4568);
#1510=VERTEX_POINT('',#4570);
#1511=VERTEX_POINT('',#4572);
#1512=VERTEX_POINT('',#4574);
#1513=VERTEX_POINT('',#4576);
#1514=VERTEX_POINT('',#4578);
#1515=VERTEX_POINT('',#4580);
#1516=VERTEX_POINT('',#4582);
#1517=VERTEX_POINT('',#4584);
#1518=VERTEX_POINT('',#4586);
#1519=VERTEX_POINT('',#4588);
#1520=VERTEX_POINT('',#4590);
#1521=VERTEX_POINT('',#4592);
#1522=VERTEX_POINT('',#4594);
#1523=VERTEX_POINT('',#4596);
#1524=VERTEX_POINT('',#4598);
#1525=VERTEX_POINT('',#4600);
#1526=VERTEX_POINT('',#4602);
#1527=VERTEX_POINT('',#4604);
#1528=VERTEX_POINT('',#4606);
#1529=VERTEX_POINT('',#4608);
#1530=VERTEX_POINT('',#4610);
#1531=VERTEX_POINT('',#4612);
#1532=VERTEX_POINT('',#4614);
#1533=VERTEX_POINT('',#4616);
#1534=VERTEX_POINT('',#4618);
#1535=VERTEX_POINT('',#4620);
#1536=VERTEX_POINT('',#4622);
#1537=VERTEX_POINT('',#4624);
#1538=VERTEX_POINT('',#4626);
#1539=VERTEX_POINT('',#4628);
#1540=VERTEX_POINT('',#4630);
#1541=VERTEX_POINT('',#4633);
#1542=VERTEX_POINT('',#4635);
#1543=VERTEX_POINT('',#4639);
#1544=VERTEX_POINT('',#4643);
#1545=VERTEX_POINT('',#4647);
#1546=VERTEX_POINT('',#4651);
#1547=VERTEX_POINT('',#4655);
#1548=VERTEX_POINT('',#4659);
#1549=VERTEX_POINT('',#4663);
#1550=VERTEX_POINT('',#4667);
#1551=VERTEX_POINT('',#4671);
#1552=VERTEX_POINT('',#4675);
#1553=VERTEX_POINT('',#4679);
#1554=VERTEX_POINT('',#4683);
#1555=VERTEX_POINT('',#4687);
#1556=VERTEX_POINT('',#4691);
#1557=VERTEX_POINT('',#4695);
#1558=VERTEX_POINT('',#4699);
#1559=VERTEX_POINT('',#4703);
#1560=VERTEX_POINT('',#4707);
#1561=VERTEX_POINT('',#4711);
#1562=VERTEX_POINT('',#4715);
#1563=VERTEX_POINT('',#4719);
#1564=VERTEX_POINT('',#4723);
#1565=VERTEX_POINT('',#4727);
#1566=VERTEX_POINT('',#4731);
#1567=VERTEX_POINT('',#4735);
#1568=VERTEX_POINT('',#4739);
#1569=VERTEX_POINT('',#4743);
#1570=VERTEX_POINT('',#4747);
#1571=VERTEX_POINT('',#4751);
#1572=VERTEX_POINT('',#4755);
#1573=VERTEX_POINT('',#4759);
#1574=VERTEX_POINT('',#4763);
#1575=VERTEX_POINT('',#4767);
#1576=VERTEX_POINT('',#4771);
#1577=VERTEX_POINT('',#4775);
#1578=VERTEX_POINT('',#4779);
#1579=VERTEX_POINT('',#4783);
#1580=VERTEX_POINT('',#4787);
#1581=VERTEX_POINT('',#4791);
#1582=VERTEX_POINT('',#4795);
#1583=VERTEX_POINT('',#4799);
#1584=VERTEX_POINT('',#4803);
#1585=VERTEX_POINT('',#4807);
#1586=VERTEX_POINT('',#4813);
#1587=VERTEX_POINT('',#4814);
#1588=VERTEX_POINT('',#4816);
#1589=VERTEX_POINT('',#4818);
#1590=VERTEX_POINT('',#4821);
#1591=VERTEX_POINT('',#4823);
#1592=VERTEX_POINT('',#4825);
#1593=VERTEX_POINT('',#4827);
#1594=VERTEX_POINT('',#4829);
#1595=VERTEX_POINT('',#4831);
#1596=VERTEX_POINT('',#4833);
#1597=VERTEX_POINT('',#4835);
#1598=VERTEX_POINT('',#4837);
#1599=VERTEX_POINT('',#4839);
#1600=VERTEX_POINT('',#4841);
#1601=VERTEX_POINT('',#4843);
#1602=VERTEX_POINT('',#4845);
#1603=VERTEX_POINT('',#4847);
#1604=VERTEX_POINT('',#4849);
#1605=VERTEX_POINT('',#4851);
#1606=VERTEX_POINT('',#4853);
#1607=VERTEX_POINT('',#4855);
#1608=VERTEX_POINT('',#4857);
#1609=VERTEX_POINT('',#4859);
#1610=VERTEX_POINT('',#4861);
#1611=VERTEX_POINT('',#4863);
#1612=VERTEX_POINT('',#4865);
#1613=VERTEX_POINT('',#4867);
#1614=VERTEX_POINT('',#4869);
#1615=VERTEX_POINT('',#4871);
#1616=VERTEX_POINT('',#4873);
#1617=VERTEX_POINT('',#4875);
#1618=VERTEX_POINT('',#4877);
#1619=VERTEX_POINT('',#4879);
#1620=VERTEX_POINT('',#4881);
#1621=VERTEX_POINT('',#4883);
#1622=VERTEX_POINT('',#4885);
#1623=VERTEX_POINT('',#4887);
#1624=VERTEX_POINT('',#4889);
#1625=VERTEX_POINT('',#4891);
#1626=VERTEX_POINT('',#4893);
#1627=VERTEX_POINT('',#4895);
#1628=VERTEX_POINT('',#4897);
#1629=VERTEX_POINT('',#4899);
#1630=VERTEX_POINT('',#4901);
#1631=VERTEX_POINT('',#4904);
#1632=VERTEX_POINT('',#4905);
#1633=VERTEX_POINT('',#4910);
#1634=VERTEX_POINT('',#4920);
#1635=VERTEX_POINT('',#4926);
#1636=VERTEX_POINT('',#4928);
#1637=VERTEX_POINT('',#4930);
#1638=VERTEX_POINT('',#4932);
#1639=VERTEX_POINT('',#4934);
#1640=VERTEX_POINT('',#4936);
#1641=VERTEX_POINT('',#4938);
#1642=VERTEX_POINT('',#4940);
#1643=VERTEX_POINT('',#4942);
#1644=VERTEX_POINT('',#4944);
#1645=VERTEX_POINT('',#4946);
#1646=VERTEX_POINT('',#4948);
#1647=VERTEX_POINT('',#4950);
#1648=VERTEX_POINT('',#4952);
#1649=VERTEX_POINT('',#4954);
#1650=VERTEX_POINT('',#4956);
#1651=VERTEX_POINT('',#4958);
#1652=VERTEX_POINT('',#4960);
#1653=VERTEX_POINT('',#4962);
#1654=VERTEX_POINT('',#4964);
#1655=VERTEX_POINT('',#4966);
#1656=VERTEX_POINT('',#4968);
#1657=VERTEX_POINT('',#4970);
#1658=VERTEX_POINT('',#4972);
#1659=VERTEX_POINT('',#4974);
#1660=VERTEX_POINT('',#4976);
#1661=VERTEX_POINT('',#4978);
#1662=VERTEX_POINT('',#4980);
#1663=VERTEX_POINT('',#4982);
#1664=VERTEX_POINT('',#4984);
#1665=VERTEX_POINT('',#4986);
#1666=VERTEX_POINT('',#4988);
#1667=VERTEX_POINT('',#4990);
#1668=VERTEX_POINT('',#4992);
#1669=VERTEX_POINT('',#4994);
#1670=VERTEX_POINT('',#4996);
#1671=VERTEX_POINT('',#4998);
#1672=VERTEX_POINT('',#5000);
#1673=VERTEX_POINT('',#5002);
#1674=VERTEX_POINT('',#5004);
#1675=VERTEX_POINT('',#5006);
#1676=VERTEX_POINT('',#5009);
#1677=VERTEX_POINT('',#5010);
#1678=VERTEX_POINT('',#5012);
#1679=VERTEX_POINT('',#5014);
#1680=VERTEX_POINT('',#5017);
#1681=VERTEX_POINT('',#5019);
#1682=VERTEX_POINT('',#5021);
#1683=VERTEX_POINT('',#5023);
#1684=VERTEX_POINT('',#5025);
#1685=VERTEX_POINT('',#5027);
#1686=VERTEX_POINT('',#5029);
#1687=VERTEX_POINT('',#5031);
#1688=VERTEX_POINT('',#5033);
#1689=VERTEX_POINT('',#5035);
#1690=VERTEX_POINT('',#5037);
#1691=VERTEX_POINT('',#5039);
#1692=VERTEX_POINT('',#5041);
#1693=VERTEX_POINT('',#5043);
#1694=VERTEX_POINT('',#5045);
#1695=VERTEX_POINT('',#5047);
#1696=VERTEX_POINT('',#5049);
#1697=VERTEX_POINT('',#5051);
#1698=VERTEX_POINT('',#5053);
#1699=VERTEX_POINT('',#5055);
#1700=VERTEX_POINT('',#5057);
#1701=VERTEX_POINT('',#5059);
#1702=VERTEX_POINT('',#5061);
#1703=VERTEX_POINT('',#5063);
#1704=VERTEX_POINT('',#5065);
#1705=VERTEX_POINT('',#5067);
#1706=VERTEX_POINT('',#5069);
#1707=VERTEX_POINT('',#5071);
#1708=VERTEX_POINT('',#5073);
#1709=VERTEX_POINT('',#5075);
#1710=VERTEX_POINT('',#5077);
#1711=VERTEX_POINT('',#5079);
#1712=VERTEX_POINT('',#5081);
#1713=VERTEX_POINT('',#5083);
#1714=VERTEX_POINT('',#5085);
#1715=VERTEX_POINT('',#5087);
#1716=VERTEX_POINT('',#5089);
#1717=VERTEX_POINT('',#5091);
#1718=VERTEX_POINT('',#5093);
#1719=VERTEX_POINT('',#5095);
#1720=VERTEX_POINT('',#5097);
#1721=VERTEX_POINT('',#5100);
#1722=VERTEX_POINT('',#5101);
#1723=VERTEX_POINT('',#5106);
#1724=VERTEX_POINT('',#5107);
#1725=VERTEX_POINT('',#5121);
#1726=VERTEX_POINT('',#5123);
#1727=VERTEX_POINT('',#5125);
#1728=VERTEX_POINT('',#5127);
#1729=VERTEX_POINT('',#5129);
#1730=VERTEX_POINT('',#5131);
#1731=VERTEX_POINT('',#5133);
#1732=VERTEX_POINT('',#5135);
#1733=VERTEX_POINT('',#5137);
#1734=VERTEX_POINT('',#5139);
#1735=VERTEX_POINT('',#5141);
#1736=VERTEX_POINT('',#5143);
#1737=VERTEX_POINT('',#5145);
#1738=VERTEX_POINT('',#5147);
#1739=VERTEX_POINT('',#5149);
#1740=VERTEX_POINT('',#5151);
#1741=VERTEX_POINT('',#5153);
#1742=VERTEX_POINT('',#5155);
#1743=VERTEX_POINT('',#5157);
#1744=VERTEX_POINT('',#5159);
#1745=VERTEX_POINT('',#5161);
#1746=VERTEX_POINT('',#5163);
#1747=VERTEX_POINT('',#5165);
#1748=VERTEX_POINT('',#5167);
#1749=VERTEX_POINT('',#5169);
#1750=VERTEX_POINT('',#5171);
#1751=VERTEX_POINT('',#5173);
#1752=VERTEX_POINT('',#5175);
#1753=VERTEX_POINT('',#5177);
#1754=VERTEX_POINT('',#5179);
#1755=VERTEX_POINT('',#5181);
#1756=VERTEX_POINT('',#5183);
#1757=VERTEX_POINT('',#5185);
#1758=VERTEX_POINT('',#5187);
#1759=VERTEX_POINT('',#5189);
#1760=VERTEX_POINT('',#5191);
#1761=VERTEX_POINT('',#5193);
#1762=VERTEX_POINT('',#5195);
#1763=VERTEX_POINT('',#5197);
#1764=VERTEX_POINT('',#5199);
#1765=VERTEX_POINT('',#5201);
#1766=EDGE_CURVE('',#1496,#1497,#1178,.T.);
#1767=EDGE_CURVE('',#1497,#1498,#1179,.T.);
#1768=EDGE_CURVE('',#1498,#1499,#1180,.T.);
#1769=EDGE_CURVE('',#1499,#1496,#1181,.T.);
#1770=EDGE_CURVE('',#1500,#1500,#388,.T.);
#1771=EDGE_CURVE('',#1501,#1501,#389,.T.);
#1772=EDGE_CURVE('',#1502,#1502,#390,.T.);
#1773=EDGE_CURVE('',#1503,#1503,#391,.T.);
#1774=EDGE_CURVE('',#1504,#1504,#392,.T.);
#1775=EDGE_CURVE('',#1505,#1505,#393,.T.);
#1776=EDGE_CURVE('',#1506,#1506,#394,.T.);
#1777=EDGE_CURVE('',#1507,#1507,#395,.T.);
#1778=EDGE_CURVE('',#1508,#1508,#396,.T.);
#1779=EDGE_CURVE('',#1509,#1509,#397,.T.);
#1780=EDGE_CURVE('',#1510,#1510,#398,.T.);
#1781=EDGE_CURVE('',#1511,#1511,#399,.T.);
#1782=EDGE_CURVE('',#1512,#1512,#400,.T.);
#1783=EDGE_CURVE('',#1513,#1513,#401,.T.);
#1784=EDGE_CURVE('',#1514,#1514,#402,.T.);
#1785=EDGE_CURVE('',#1515,#1515,#403,.T.);
#1786=EDGE_CURVE('',#1516,#1516,#404,.T.);
#1787=EDGE_CURVE('',#1517,#1517,#405,.T.);
#1788=EDGE_CURVE('',#1518,#1518,#406,.T.);
#1789=EDGE_CURVE('',#1519,#1519,#407,.T.);
#1790=EDGE_CURVE('',#1520,#1520,#408,.T.);
#1791=EDGE_CURVE('',#1521,#1521,#409,.T.);
#1792=EDGE_CURVE('',#1522,#1522,#410,.T.);
#1793=EDGE_CURVE('',#1523,#1523,#411,.T.);
#1794=EDGE_CURVE('',#1524,#1524,#412,.T.);
#1795=EDGE_CURVE('',#1525,#1525,#413,.T.);
#1796=EDGE_CURVE('',#1526,#1526,#414,.T.);
#1797=EDGE_CURVE('',#1527,#1527,#415,.T.);
#1798=EDGE_CURVE('',#1528,#1528,#416,.T.);
#1799=EDGE_CURVE('',#1529,#1529,#417,.T.);
#1800=EDGE_CURVE('',#1530,#1530,#418,.T.);
#1801=EDGE_CURVE('',#1531,#1531,#419,.T.);
#1802=EDGE_CURVE('',#1532,#1532,#420,.T.);
#1803=EDGE_CURVE('',#1533,#1533,#421,.T.);
#1804=EDGE_CURVE('',#1534,#1534,#422,.T.);
#1805=EDGE_CURVE('',#1535,#1535,#423,.T.);
#1806=EDGE_CURVE('',#1536,#1536,#424,.T.);
#1807=EDGE_CURVE('',#1537,#1537,#425,.T.);
#1808=EDGE_CURVE('',#1538,#1538,#426,.T.);
#1809=EDGE_CURVE('',#1539,#1539,#427,.T.);
#1810=EDGE_CURVE('',#1540,#1540,#428,.T.);
#1811=EDGE_CURVE('',#1541,#1496,#1182,.T.);
#1812=EDGE_CURVE('',#1542,#1499,#1183,.T.);
#1813=EDGE_CURVE('',#1541,#1542,#1184,.T.);
#1814=EDGE_CURVE('',#1542,#1543,#1185,.T.);
#1815=EDGE_CURVE('',#1543,#1498,#1186,.T.);
#1816=EDGE_CURVE('',#1544,#1544,#429,.T.);
#1817=EDGE_CURVE('',#1544,#1540,#1187,.T.);
#1818=EDGE_CURVE('',#1545,#1545,#430,.T.);
#1819=EDGE_CURVE('',#1545,#1539,#1188,.T.);
#1820=EDGE_CURVE('',#1546,#1546,#431,.T.);
#1821=EDGE_CURVE('',#1546,#1538,#1189,.T.);
#1822=EDGE_CURVE('',#1547,#1547,#432,.T.);
#1823=EDGE_CURVE('',#1547,#1537,#1190,.T.);
#1824=EDGE_CURVE('',#1548,#1548,#433,.T.);
#1825=EDGE_CURVE('',#1548,#1536,#1191,.T.);
#1826=EDGE_CURVE('',#1549,#1549,#434,.T.);
#1827=EDGE_CURVE('',#1549,#1535,#1192,.T.);
#1828=EDGE_CURVE('',#1550,#1550,#435,.T.);
#1829=EDGE_CURVE('',#1550,#1534,#1193,.T.);
#1830=EDGE_CURVE('',#1551,#1551,#436,.T.);
#1831=EDGE_CURVE('',#1551,#1533,#1194,.T.);
#1832=EDGE_CURVE('',#1552,#1552,#437,.T.);
#1833=EDGE_CURVE('',#1552,#1532,#1195,.T.);
#1834=EDGE_CURVE('',#1553,#1553,#438,.T.);
#1835=EDGE_CURVE('',#1553,#1531,#1196,.T.);
#1836=EDGE_CURVE('',#1554,#1554,#439,.T.);
#1837=EDGE_CURVE('',#1554,#1530,#1197,.T.);
#1838=EDGE_CURVE('',#1555,#1555,#440,.T.);
#1839=EDGE_CURVE('',#1555,#1529,#1198,.T.);
#1840=EDGE_CURVE('',#1556,#1556,#441,.T.);
#1841=EDGE_CURVE('',#1556,#1528,#1199,.T.);
#1842=EDGE_CURVE('',#1557,#1557,#442,.T.);
#1843=EDGE_CURVE('',#1557,#1527,#1200,.T.);
#1844=EDGE_CURVE('',#1558,#1558,#443,.T.);
#1845=EDGE_CURVE('',#1558,#1526,#1201,.T.);
#1846=EDGE_CURVE('',#1559,#1559,#444,.T.);
#1847=EDGE_CURVE('',#1559,#1525,#1202,.T.);
#1848=EDGE_CURVE('',#1560,#1560,#445,.T.);
#1849=EDGE_CURVE('',#1560,#1524,#1203,.T.);
#1850=EDGE_CURVE('',#1561,#1561,#446,.T.);
#1851=EDGE_CURVE('',#1561,#1523,#1204,.T.);
#1852=EDGE_CURVE('',#1562,#1562,#447,.T.);
#1853=EDGE_CURVE('',#1562,#1522,#1205,.T.);
#1854=EDGE_CURVE('',#1563,#1563,#448,.T.);
#1855=EDGE_CURVE('',#1563,#1521,#1206,.T.);
#1856=EDGE_CURVE('',#1564,#1564,#449,.T.);
#1857=EDGE_CURVE('',#1564,#1520,#1207,.T.);
#1858=EDGE_CURVE('',#1565,#1565,#450,.T.);
#1859=EDGE_CURVE('',#1565,#1519,#1208,.T.);
#1860=EDGE_CURVE('',#1566,#1566,#451,.T.);
#1861=EDGE_CURVE('',#1566,#1518,#1209,.T.);
#1862=EDGE_CURVE('',#1567,#1567,#452,.T.);
#1863=EDGE_CURVE('',#1567,#1517,#1210,.T.);
#1864=EDGE_CURVE('',#1568,#1568,#453,.T.);
#1865=EDGE_CURVE('',#1568,#1516,#1211,.T.);
#1866=EDGE_CURVE('',#1569,#1569,#454,.T.);
#1867=EDGE_CURVE('',#1569,#1515,#1212,.T.);
#1868=EDGE_CURVE('',#1570,#1570,#455,.T.);
#1869=EDGE_CURVE('',#1570,#1514,#1213,.T.);
#1870=EDGE_CURVE('',#1571,#1571,#456,.T.);
#1871=EDGE_CURVE('',#1571,#1513,#1214,.T.);
#1872=EDGE_CURVE('',#1572,#1572,#457,.T.);
#1873=EDGE_CURVE('',#1572,#1512,#1215,.T.);
#1874=EDGE_CURVE('',#1573,#1573,#458,.T.);
#1875=EDGE_CURVE('',#1573,#1511,#1216,.T.);
#1876=EDGE_CURVE('',#1574,#1574,#459,.T.);
#1877=EDGE_CURVE('',#1574,#1510,#1217,.T.);
#1878=EDGE_CURVE('',#1575,#1575,#460,.T.);
#1879=EDGE_CURVE('',#1575,#1509,#1218,.T.);
#1880=EDGE_CURVE('',#1576,#1576,#461,.T.);
#1881=EDGE_CURVE('',#1576,#1508,#1219,.T.);
#1882=EDGE_CURVE('',#1577,#1577,#462,.T.);
#1883=EDGE_CURVE('',#1577,#1507,#1220,.T.);
#1884=EDGE_CURVE('',#1578,#1578,#463,.T.);
#1885=EDGE_CURVE('',#1578,#1506,#1221,.T.);
#1886=EDGE_CURVE('',#1579,#1579,#464,.T.);
#1887=EDGE_CURVE('',#1579,#1505,#1222,.T.);
#1888=EDGE_CURVE('',#1580,#1580,#465,.T.);
#1889=EDGE_CURVE('',#1580,#1504,#1223,.T.);
#1890=EDGE_CURVE('',#1581,#1581,#466,.T.);
#1891=EDGE_CURVE('',#1581,#1503,#1224,.T.);
#1892=EDGE_CURVE('',#1582,#1582,#467,.T.);
#1893=EDGE_CURVE('',#1582,#1502,#1225,.T.);
#1894=EDGE_CURVE('',#1583,#1583,#468,.T.);
#1895=EDGE_CURVE('',#1583,#1501,#1226,.T.);
#1896=EDGE_CURVE('',#1584,#1584,#469,.T.);
#1897=EDGE_CURVE('',#1584,#1500,#1227,.T.);
#1898=EDGE_CURVE('',#1585,#1541,#1228,.T.);
#1899=EDGE_CURVE('',#1543,#1585,#1229,.T.);
#1900=EDGE_CURVE('',#1497,#1585,#1230,.T.);
#1901=EDGE_CURVE('',#1586,#1587,#1231,.T.);
#1902=EDGE_CURVE('',#1587,#1588,#1232,.T.);
#1903=EDGE_CURVE('',#1588,#1589,#1233,.T.);
#1904=EDGE_CURVE('',#1589,#1586,#1234,.T.);
#1905=EDGE_CURVE('',#1590,#1590,#470,.T.);
#1906=EDGE_CURVE('',#1591,#1591,#471,.T.);
#1907=EDGE_CURVE('',#1592,#1592,#472,.T.);
#1908=EDGE_CURVE('',#1593,#1593,#473,.T.);
#1909=EDGE_CURVE('',#1594,#1594,#474,.T.);
#1910=EDGE_CURVE('',#1595,#1595,#475,.T.);
#1911=EDGE_CURVE('',#1596,#1596,#476,.T.);
#1912=EDGE_CURVE('',#1597,#1597,#477,.T.);
#1913=EDGE_CURVE('',#1598,#1598,#478,.T.);
#1914=EDGE_CURVE('',#1599,#1599,#479,.T.);
#1915=EDGE_CURVE('',#1600,#1600,#480,.T.);
#1916=EDGE_CURVE('',#1601,#1601,#481,.T.);
#1917=EDGE_CURVE('',#1602,#1602,#482,.T.);
#1918=EDGE_CURVE('',#1603,#1603,#483,.T.);
#1919=EDGE_CURVE('',#1604,#1604,#484,.T.);
#1920=EDGE_CURVE('',#1605,#1605,#485,.T.);
#1921=EDGE_CURVE('',#1606,#1606,#486,.T.);
#1922=EDGE_CURVE('',#1607,#1607,#487,.T.);
#1923=EDGE_CURVE('',#1608,#1608,#488,.T.);
#1924=EDGE_CURVE('',#1609,#1609,#489,.T.);
#1925=EDGE_CURVE('',#1610,#1610,#490,.T.);
#1926=EDGE_CURVE('',#1611,#1611,#491,.T.);
#1927=EDGE_CURVE('',#1612,#1612,#492,.T.);
#1928=EDGE_CURVE('',#1613,#1613,#493,.T.);
#1929=EDGE_CURVE('',#1614,#1614,#494,.T.);
#1930=EDGE_CURVE('',#1615,#1615,#495,.T.);
#1931=EDGE_CURVE('',#1616,#1616,#496,.T.);
#1932=EDGE_CURVE('',#1617,#1617,#497,.T.);
#1933=EDGE_CURVE('',#1618,#1618,#498,.T.);
#1934=EDGE_CURVE('',#1619,#1619,#499,.T.);
#1935=EDGE_CURVE('',#1620,#1620,#500,.T.);
#1936=EDGE_CURVE('',#1621,#1621,#501,.T.);
#1937=EDGE_CURVE('',#1622,#1622,#502,.T.);
#1938=EDGE_CURVE('',#1623,#1623,#503,.T.);
#1939=EDGE_CURVE('',#1624,#1624,#504,.T.);
#1940=EDGE_CURVE('',#1625,#1625,#505,.T.);
#1941=EDGE_CURVE('',#1626,#1626,#506,.T.);
#1942=EDGE_CURVE('',#1627,#1627,#507,.T.);
#1943=EDGE_CURVE('',#1628,#1628,#508,.T.);
#1944=EDGE_CURVE('',#1629,#1629,#509,.T.);
#1945=EDGE_CURVE('',#1630,#1630,#510,.T.);
#1946=EDGE_CURVE('',#1631,#1632,#1235,.T.);
#1947=EDGE_CURVE('',#1631,#1497,#511,.T.);
#1948=EDGE_CURVE('',#1632,#1496,#512,.T.);
#1949=EDGE_CURVE('',#1587,#1633,#1236,.T.);
#1950=EDGE_CURVE('',#1633,#1632,#1237,.T.);
#1951=EDGE_CURVE('',#1632,#1588,#1238,.T.);
#1952=EDGE_CURVE('',#1589,#1631,#1239,.T.);
#1953=EDGE_CURVE('',#1585,#1589,#513,.T.);
#1954=EDGE_CURVE('',#1588,#1541,#514,.T.);
#1955=EDGE_CURVE('',#1634,#1586,#1240,.T.);
#1956=EDGE_CURVE('',#1634,#1631,#1241,.T.);
#1957=EDGE_CURVE('',#1633,#1634,#1242,.T.);
#1958=EDGE_CURVE('',#1635,#1635,#515,.T.);
#1959=EDGE_CURVE('',#1636,#1636,#516,.T.);
#1960=EDGE_CURVE('',#1637,#1637,#517,.T.);
#1961=EDGE_CURVE('',#1638,#1638,#518,.T.);
#1962=EDGE_CURVE('',#1639,#1639,#519,.T.);
#1963=EDGE_CURVE('',#1640,#1640,#520,.T.);
#1964=EDGE_CURVE('',#1641,#1641,#521,.T.);
#1965=EDGE_CURVE('',#1642,#1642,#522,.T.);
#1966=EDGE_CURVE('',#1643,#1643,#523,.T.);
#1967=EDGE_CURVE('',#1644,#1644,#524,.T.);
#1968=EDGE_CURVE('',#1645,#1645,#525,.T.);
#1969=EDGE_CURVE('',#1646,#1646,#526,.T.);
#1970=EDGE_CURVE('',#1647,#1647,#527,.T.);
#1971=EDGE_CURVE('',#1648,#1648,#528,.T.);
#1972=EDGE_CURVE('',#1649,#1649,#529,.T.);
#1973=EDGE_CURVE('',#1650,#1650,#530,.T.);
#1974=EDGE_CURVE('',#1651,#1651,#531,.T.);
#1975=EDGE_CURVE('',#1652,#1652,#532,.T.);
#1976=EDGE_CURVE('',#1653,#1653,#533,.T.);
#1977=EDGE_CURVE('',#1654,#1654,#534,.T.);
#1978=EDGE_CURVE('',#1655,#1655,#535,.T.);
#1979=EDGE_CURVE('',#1656,#1656,#536,.T.);
#1980=EDGE_CURVE('',#1657,#1657,#537,.T.);
#1981=EDGE_CURVE('',#1658,#1658,#538,.T.);
#1982=EDGE_CURVE('',#1659,#1659,#539,.T.);
#1983=EDGE_CURVE('',#1660,#1660,#540,.T.);
#1984=EDGE_CURVE('',#1661,#1661,#541,.T.);
#1985=EDGE_CURVE('',#1662,#1662,#542,.T.);
#1986=EDGE_CURVE('',#1663,#1663,#543,.T.);
#1987=EDGE_CURVE('',#1664,#1664,#544,.T.);
#1988=EDGE_CURVE('',#1665,#1665,#545,.T.);
#1989=EDGE_CURVE('',#1666,#1666,#546,.T.);
#1990=EDGE_CURVE('',#1667,#1667,#547,.T.);
#1991=EDGE_CURVE('',#1668,#1668,#548,.T.);
#1992=EDGE_CURVE('',#1669,#1669,#549,.T.);
#1993=EDGE_CURVE('',#1670,#1670,#550,.T.);
#1994=EDGE_CURVE('',#1671,#1671,#551,.T.);
#1995=EDGE_CURVE('',#1672,#1672,#552,.T.);
#1996=EDGE_CURVE('',#1673,#1673,#553,.T.);
#1997=EDGE_CURVE('',#1674,#1674,#554,.T.);
#1998=EDGE_CURVE('',#1675,#1675,#555,.T.);
#1999=EDGE_CURVE('',#1676,#1677,#1243,.T.);
#2000=EDGE_CURVE('',#1677,#1678,#1244,.T.);
#2001=EDGE_CURVE('',#1678,#1679,#1245,.T.);
#2002=EDGE_CURVE('',#1679,#1676,#1246,.T.);
#2003=EDGE_CURVE('',#1680,#1680,#556,.T.);
#2004=EDGE_CURVE('',#1681,#1681,#557,.T.);
#2005=EDGE_CURVE('',#1682,#1682,#558,.T.);
#2006=EDGE_CURVE('',#1683,#1683,#559,.T.);
#2007=EDGE_CURVE('',#1684,#1684,#560,.T.);
#2008=EDGE_CURVE('',#1685,#1685,#561,.T.);
#2009=EDGE_CURVE('',#1686,#1686,#562,.T.);
#2010=EDGE_CURVE('',#1687,#1687,#563,.T.);
#2011=EDGE_CURVE('',#1688,#1688,#564,.T.);
#2012=EDGE_CURVE('',#1689,#1689,#565,.T.);
#2013=EDGE_CURVE('',#1690,#1690,#566,.T.);
#2014=EDGE_CURVE('',#1691,#1691,#567,.T.);
#2015=EDGE_CURVE('',#1692,#1692,#568,.T.);
#2016=EDGE_CURVE('',#1693,#1693,#569,.T.);
#2017=EDGE_CURVE('',#1694,#1694,#570,.T.);
#2018=EDGE_CURVE('',#1695,#1695,#571,.T.);
#2019=EDGE_CURVE('',#1696,#1696,#572,.T.);
#2020=EDGE_CURVE('',#1697,#1697,#573,.T.);
#2021=EDGE_CURVE('',#1698,#1698,#574,.T.);
#2022=EDGE_CURVE('',#1699,#1699,#575,.T.);
#2023=EDGE_CURVE('',#1700,#1700,#576,.T.);
#2024=EDGE_CURVE('',#1701,#1701,#577,.T.);
#2025=EDGE_CURVE('',#1702,#1702,#578,.T.);
#2026=EDGE_CURVE('',#1703,#1703,#579,.T.);
#2027=EDGE_CURVE('',#1704,#1704,#580,.T.);
#2028=EDGE_CURVE('',#1705,#1705,#581,.T.);
#2029=EDGE_CURVE('',#1706,#1706,#582,.T.);
#2030=EDGE_CURVE('',#1707,#1707,#583,.T.);
#2031=EDGE_CURVE('',#1708,#1708,#584,.T.);
#2032=EDGE_CURVE('',#1709,#1709,#585,.T.);
#2033=EDGE_CURVE('',#1710,#1710,#586,.T.);
#2034=EDGE_CURVE('',#1711,#1711,#587,.T.);
#2035=EDGE_CURVE('',#1712,#1712,#588,.T.);
#2036=EDGE_CURVE('',#1713,#1713,#589,.T.);
#2037=EDGE_CURVE('',#1714,#1714,#590,.T.);
#2038=EDGE_CURVE('',#1715,#1715,#591,.T.);
#2039=EDGE_CURVE('',#1716,#1716,#592,.T.);
#2040=EDGE_CURVE('',#1717,#1717,#593,.T.);
#2041=EDGE_CURVE('',#1718,#1718,#594,.T.);
#2042=EDGE_CURVE('',#1719,#1719,#595,.T.);
#2043=EDGE_CURVE('',#1720,#1720,#596,.T.);
#2044=EDGE_CURVE('',#1721,#1722,#1247,.T.);
#2045=EDGE_CURVE('',#1721,#1634,#597,.T.);
#2046=EDGE_CURVE('',#1722,#1633,#598,.T.);
#2047=EDGE_CURVE('',#1723,#1724,#1248,.T.);
#2048=EDGE_CURVE('',#1723,#1679,#1249,.T.);
#2049=EDGE_CURVE('',#1724,#1678,#1250,.T.);
#2050=EDGE_CURVE('',#1722,#1676,#1251,.T.);
#2051=EDGE_CURVE('',#1723,#1722,#1252,.T.);
#2052=EDGE_CURVE('',#1677,#1721,#1253,.T.);
#2053=EDGE_CURVE('',#1586,#1677,#599,.T.);
#2054=EDGE_CURVE('',#1676,#1587,#600,.T.);
#2055=EDGE_CURVE('',#1724,#1721,#1254,.T.);
#2056=EDGE_CURVE('',#1725,#1725,#601,.T.);
#2057=EDGE_CURVE('',#1726,#1726,#602,.T.);
#2058=EDGE_CURVE('',#1727,#1727,#603,.T.);
#2059=EDGE_CURVE('',#1728,#1728,#604,.T.);
#2060=EDGE_CURVE('',#1729,#1729,#605,.T.);
#2061=EDGE_CURVE('',#1730,#1730,#606,.T.);
#2062=EDGE_CURVE('',#1731,#1731,#607,.T.);
#2063=EDGE_CURVE('',#1732,#1732,#608,.T.);
#2064=EDGE_CURVE('',#1733,#1733,#609,.T.);
#2065=EDGE_CURVE('',#1734,#1734,#610,.T.);
#2066=EDGE_CURVE('',#1735,#1735,#611,.T.);
#2067=EDGE_CURVE('',#1736,#1736,#612,.T.);
#2068=EDGE_CURVE('',#1737,#1737,#613,.T.);
#2069=EDGE_CURVE('',#1738,#1738,#614,.T.);
#2070=EDGE_CURVE('',#1739,#1739,#615,.T.);
#2071=EDGE_CURVE('',#1740,#1740,#616,.T.);
#2072=EDGE_CURVE('',#1741,#1741,#617,.T.);
#2073=EDGE_CURVE('',#1742,#1742,#618,.T.);
#2074=EDGE_CURVE('',#1743,#1743,#619,.T.);
#2075=EDGE_CURVE('',#1744,#1744,#620,.T.);
#2076=EDGE_CURVE('',#1745,#1745,#621,.T.);
#2077=EDGE_CURVE('',#1746,#1746,#622,.T.);
#2078=EDGE_CURVE('',#1747,#1747,#623,.T.);
#2079=EDGE_CURVE('',#1748,#1748,#624,.T.);
#2080=EDGE_CURVE('',#1749,#1749,#625,.T.);
#2081=EDGE_CURVE('',#1750,#1750,#626,.T.);
#2082=EDGE_CURVE('',#1751,#1751,#627,.T.);
#2083=EDGE_CURVE('',#1752,#1752,#628,.T.);
#2084=EDGE_CURVE('',#1753,#1753,#629,.T.);
#2085=EDGE_CURVE('',#1754,#1754,#630,.T.);
#2086=EDGE_CURVE('',#1755,#1755,#631,.T.);
#2087=EDGE_CURVE('',#1756,#1756,#632,.T.);
#2088=EDGE_CURVE('',#1757,#1757,#633,.T.);
#2089=EDGE_CURVE('',#1758,#1758,#634,.T.);
#2090=EDGE_CURVE('',#1759,#1759,#635,.T.);
#2091=EDGE_CURVE('',#1760,#1760,#636,.T.);
#2092=EDGE_CURVE('',#1761,#1761,#637,.T.);
#2093=EDGE_CURVE('',#1762,#1762,#638,.T.);
#2094=EDGE_CURVE('',#1763,#1763,#639,.T.);
#2095=EDGE_CURVE('',#1764,#1764,#640,.T.);
#2096=EDGE_CURVE('',#1765,#1765,#641,.T.);
#2097=EDGE_CURVE('',#1680,#1725,#1255,.T.);
#2098=EDGE_CURVE('',#1681,#1726,#1256,.T.);
#2099=EDGE_CURVE('',#1682,#1727,#1257,.T.);
#2100=EDGE_CURVE('',#1683,#1728,#1258,.T.);
#2101=EDGE_CURVE('',#1684,#1729,#1259,.T.);
#2102=EDGE_CURVE('',#1685,#1730,#1260,.T.);
#2103=EDGE_CURVE('',#1686,#1731,#1261,.T.);
#2104=EDGE_CURVE('',#1687,#1732,#1262,.T.);
#2105=EDGE_CURVE('',#1688,#1733,#1263,.T.);
#2106=EDGE_CURVE('',#1689,#1734,#1264,.T.);
#2107=EDGE_CURVE('',#1690,#1735,#1265,.T.);
#2108=EDGE_CURVE('',#1691,#1736,#1266,.T.);
#2109=EDGE_CURVE('',#1692,#1737,#1267,.T.);
#2110=EDGE_CURVE('',#1693,#1738,#1268,.T.);
#2111=EDGE_CURVE('',#1694,#1739,#1269,.T.);
#2112=EDGE_CURVE('',#1695,#1740,#1270,.T.);
#2113=EDGE_CURVE('',#1696,#1741,#1271,.T.);
#2114=EDGE_CURVE('',#1697,#1742,#1272,.T.);
#2115=EDGE_CURVE('',#1698,#1743,#1273,.T.);
#2116=EDGE_CURVE('',#1699,#1744,#1274,.T.);
#2117=EDGE_CURVE('',#1700,#1745,#1275,.T.);
#2118=EDGE_CURVE('',#1701,#1746,#1276,.T.);
#2119=EDGE_CURVE('',#1702,#1747,#1277,.T.);
#2120=EDGE_CURVE('',#1703,#1748,#1278,.T.);
#2121=EDGE_CURVE('',#1704,#1749,#1279,.T.);
#2122=EDGE_CURVE('',#1705,#1750,#1280,.T.);
#2123=EDGE_CURVE('',#1706,#1751,#1281,.T.);
#2124=EDGE_CURVE('',#1707,#1752,#1282,.T.);
#2125=EDGE_CURVE('',#1708,#1753,#1283,.T.);
#2126=EDGE_CURVE('',#1709,#1754,#1284,.T.);
#2127=EDGE_CURVE('',#1710,#1755,#1285,.T.);
#2128=EDGE_CURVE('',#1711,#1756,#1286,.T.);
#2129=EDGE_CURVE('',#1712,#1757,#1287,.T.);
#2130=EDGE_CURVE('',#1713,#1758,#1288,.T.);
#2131=EDGE_CURVE('',#1714,#1759,#1289,.T.);
#2132=EDGE_CURVE('',#1715,#1760,#1290,.T.);
#2133=EDGE_CURVE('',#1716,#1761,#1291,.T.);
#2134=EDGE_CURVE('',#1717,#1762,#1292,.T.);
#2135=EDGE_CURVE('',#1718,#1763,#1293,.T.);
#2136=EDGE_CURVE('',#1719,#1764,#1294,.T.);
#2137=EDGE_CURVE('',#1720,#1765,#1295,.T.);
#2138=EDGE_CURVE('',#1590,#1635,#1296,.T.);
#2139=EDGE_CURVE('',#1591,#1636,#1297,.T.);
#2140=EDGE_CURVE('',#1592,#1637,#1298,.T.);
#2141=EDGE_CURVE('',#1593,#1638,#1299,.T.);
#2142=EDGE_CURVE('',#1594,#1639,#1300,.T.);
#2143=EDGE_CURVE('',#1595,#1640,#1301,.T.);
#2144=EDGE_CURVE('',#1596,#1641,#1302,.T.);
#2145=EDGE_CURVE('',#1597,#1642,#1303,.T.);
#2146=EDGE_CURVE('',#1598,#1643,#1304,.T.);
#2147=EDGE_CURVE('',#1599,#1644,#1305,.T.);
#2148=EDGE_CURVE('',#1600,#1645,#1306,.T.);
#2149=EDGE_CURVE('',#1601,#1646,#1307,.T.);
#2150=EDGE_CURVE('',#1602,#1647,#1308,.T.);
#2151=EDGE_CURVE('',#1603,#1648,#1309,.T.);
#2152=EDGE_CURVE('',#1604,#1649,#1310,.T.);
#2153=EDGE_CURVE('',#1605,#1650,#1311,.T.);
#2154=EDGE_CURVE('',#1606,#1651,#1312,.T.);
#2155=EDGE_CURVE('',#1607,#1652,#1313,.T.);
#2156=EDGE_CURVE('',#1608,#1653,#1314,.T.);
#2157=EDGE_CURVE('',#1609,#1654,#1315,.T.);
#2158=EDGE_CURVE('',#1610,#1655,#1316,.T.);
#2159=EDGE_CURVE('',#1611,#1656,#1317,.T.);
#2160=EDGE_CURVE('',#1612,#1657,#1318,.T.);
#2161=EDGE_CURVE('',#1613,#1658,#1319,.T.);
#2162=EDGE_CURVE('',#1614,#1659,#1320,.T.);
#2163=EDGE_CURVE('',#1615,#1660,#1321,.T.);
#2164=EDGE_CURVE('',#1616,#1661,#1322,.T.);
#2165=EDGE_CURVE('',#1617,#1662,#1323,.T.);
#2166=EDGE_CURVE('',#1618,#1663,#1324,.T.);
#2167=EDGE_CURVE('',#1619,#1664,#1325,.T.);
#2168=EDGE_CURVE('',#1620,#1665,#1326,.T.);
#2169=EDGE_CURVE('',#1621,#1666,#1327,.T.);
#2170=EDGE_CURVE('',#1622,#1667,#1328,.T.);
#2171=EDGE_CURVE('',#1623,#1668,#1329,.T.);
#2172=EDGE_CURVE('',#1624,#1669,#1330,.T.);
#2173=EDGE_CURVE('',#1625,#1670,#1331,.T.);
#2174=EDGE_CURVE('',#1626,#1671,#1332,.T.);
#2175=EDGE_CURVE('',#1627,#1672,#1333,.T.);
#2176=EDGE_CURVE('',#1628,#1673,#1334,.T.);
#2177=EDGE_CURVE('',#1629,#1674,#1335,.T.);
#2178=EDGE_CURVE('',#1630,#1675,#1336,.T.);
#2179=ORIENTED_EDGE('',*,*,#1766,.T.);
#2180=ORIENTED_EDGE('',*,*,#1767,.T.);
#2181=ORIENTED_EDGE('',*,*,#1768,.T.);
#2182=ORIENTED_EDGE('',*,*,#1769,.T.);
#2183=ORIENTED_EDGE('',*,*,#1770,.T.);
#2184=ORIENTED_EDGE('',*,*,#1771,.T.);
#2185=ORIENTED_EDGE('',*,*,#1772,.T.);
#2186=ORIENTED_EDGE('',*,*,#1773,.T.);
#2187=ORIENTED_EDGE('',*,*,#1774,.T.);
#2188=ORIENTED_EDGE('',*,*,#1775,.T.);
#2189=ORIENTED_EDGE('',*,*,#1776,.T.);
#2190=ORIENTED_EDGE('',*,*,#1777,.T.);
#2191=ORIENTED_EDGE('',*,*,#1778,.T.);
#2192=ORIENTED_EDGE('',*,*,#1779,.T.);
#2193=ORIENTED_EDGE('',*,*,#1780,.T.);
#2194=ORIENTED_EDGE('',*,*,#1781,.T.);
#2195=ORIENTED_EDGE('',*,*,#1782,.T.);
#2196=ORIENTED_EDGE('',*,*,#1783,.T.);
#2197=ORIENTED_EDGE('',*,*,#1784,.T.);
#2198=ORIENTED_EDGE('',*,*,#1785,.T.);
#2199=ORIENTED_EDGE('',*,*,#1786,.T.);
#2200=ORIENTED_EDGE('',*,*,#1787,.T.);
#2201=ORIENTED_EDGE('',*,*,#1788,.T.);
#2202=ORIENTED_EDGE('',*,*,#1789,.T.);
#2203=ORIENTED_EDGE('',*,*,#1790,.T.);
#2204=ORIENTED_EDGE('',*,*,#1791,.T.);
#2205=ORIENTED_EDGE('',*,*,#1792,.T.);
#2206=ORIENTED_EDGE('',*,*,#1793,.T.);
#2207=ORIENTED_EDGE('',*,*,#1794,.T.);
#2208=ORIENTED_EDGE('',*,*,#1795,.T.);
#2209=ORIENTED_EDGE('',*,*,#1796,.T.);
#2210=ORIENTED_EDGE('',*,*,#1797,.T.);
#2211=ORIENTED_EDGE('',*,*,#1798,.T.);
#2212=ORIENTED_EDGE('',*,*,#1799,.T.);
#2213=ORIENTED_EDGE('',*,*,#1800,.T.);
#2214=ORIENTED_EDGE('',*,*,#1801,.T.);
#2215=ORIENTED_EDGE('',*,*,#1802,.T.);
#2216=ORIENTED_EDGE('',*,*,#1803,.T.);
#2217=ORIENTED_EDGE('',*,*,#1804,.T.);
#2218=ORIENTED_EDGE('',*,*,#1805,.T.);
#2219=ORIENTED_EDGE('',*,*,#1806,.T.);
#2220=ORIENTED_EDGE('',*,*,#1807,.T.);
#2221=ORIENTED_EDGE('',*,*,#1808,.T.);
#2222=ORIENTED_EDGE('',*,*,#1809,.T.);
#2223=ORIENTED_EDGE('',*,*,#1810,.T.);
#2224=ORIENTED_EDGE('',*,*,#1811,.T.);
#2225=ORIENTED_EDGE('',*,*,#1769,.F.);
#2226=ORIENTED_EDGE('',*,*,#1812,.F.);
#2227=ORIENTED_EDGE('',*,*,#1813,.F.);
#2228=ORIENTED_EDGE('',*,*,#1814,.F.);
#2229=ORIENTED_EDGE('',*,*,#1812,.T.);
#2230=ORIENTED_EDGE('',*,*,#1768,.F.);
#2231=ORIENTED_EDGE('',*,*,#1815,.F.);
#2232=ORIENTED_EDGE('',*,*,#1816,.T.);
#2233=ORIENTED_EDGE('',*,*,#1817,.T.);
#2234=ORIENTED_EDGE('',*,*,#1810,.F.);
#2235=ORIENTED_EDGE('',*,*,#1817,.F.);
#2236=ORIENTED_EDGE('',*,*,#1818,.T.);
#2237=ORIENTED_EDGE('',*,*,#1819,.T.);
#2238=ORIENTED_EDGE('',*,*,#1809,.F.);
#2239=ORIENTED_EDGE('',*,*,#1819,.F.);
#2240=ORIENTED_EDGE('',*,*,#1820,.T.);
#2241=ORIENTED_EDGE('',*,*,#1821,.T.);
#2242=ORIENTED_EDGE('',*,*,#1808,.F.);
#2243=ORIENTED_EDGE('',*,*,#1821,.F.);
#2244=ORIENTED_EDGE('',*,*,#1822,.T.);
#2245=ORIENTED_EDGE('',*,*,#1823,.T.);
#2246=ORIENTED_EDGE('',*,*,#1807,.F.);
#2247=ORIENTED_EDGE('',*,*,#1823,.F.);
#2248=ORIENTED_EDGE('',*,*,#1824,.T.);
#2249=ORIENTED_EDGE('',*,*,#1825,.T.);
#2250=ORIENTED_EDGE('',*,*,#1806,.F.);
#2251=ORIENTED_EDGE('',*,*,#1825,.F.);
#2252=ORIENTED_EDGE('',*,*,#1826,.T.);
#2253=ORIENTED_EDGE('',*,*,#1827,.T.);
#2254=ORIENTED_EDGE('',*,*,#1805,.F.);
#2255=ORIENTED_EDGE('',*,*,#1827,.F.);
#2256=ORIENTED_EDGE('',*,*,#1828,.T.);
#2257=ORIENTED_EDGE('',*,*,#1829,.T.);
#2258=ORIENTED_EDGE('',*,*,#1804,.F.);
#2259=ORIENTED_EDGE('',*,*,#1829,.F.);
#2260=ORIENTED_EDGE('',*,*,#1830,.T.);
#2261=ORIENTED_EDGE('',*,*,#1831,.T.);
#2262=ORIENTED_EDGE('',*,*,#1803,.F.);
#2263=ORIENTED_EDGE('',*,*,#1831,.F.);
#2264=ORIENTED_EDGE('',*,*,#1832,.T.);
#2265=ORIENTED_EDGE('',*,*,#1833,.T.);
#2266=ORIENTED_EDGE('',*,*,#1802,.F.);
#2267=ORIENTED_EDGE('',*,*,#1833,.F.);
#2268=ORIENTED_EDGE('',*,*,#1834,.T.);
#2269=ORIENTED_EDGE('',*,*,#1835,.T.);
#2270=ORIENTED_EDGE('',*,*,#1801,.F.);
#2271=ORIENTED_EDGE('',*,*,#1835,.F.);
#2272=ORIENTED_EDGE('',*,*,#1836,.T.);
#2273=ORIENTED_EDGE('',*,*,#1837,.T.);
#2274=ORIENTED_EDGE('',*,*,#1800,.F.);
#2275=ORIENTED_EDGE('',*,*,#1837,.F.);
#2276=ORIENTED_EDGE('',*,*,#1838,.T.);
#2277=ORIENTED_EDGE('',*,*,#1839,.T.);
#2278=ORIENTED_EDGE('',*,*,#1799,.F.);
#2279=ORIENTED_EDGE('',*,*,#1839,.F.);
#2280=ORIENTED_EDGE('',*,*,#1840,.T.);
#2281=ORIENTED_EDGE('',*,*,#1841,.T.);
#2282=ORIENTED_EDGE('',*,*,#1798,.F.);
#2283=ORIENTED_EDGE('',*,*,#1841,.F.);
#2284=ORIENTED_EDGE('',*,*,#1842,.T.);
#2285=ORIENTED_EDGE('',*,*,#1843,.T.);
#2286=ORIENTED_EDGE('',*,*,#1797,.F.);
#2287=ORIENTED_EDGE('',*,*,#1843,.F.);
#2288=ORIENTED_EDGE('',*,*,#1844,.T.);
#2289=ORIENTED_EDGE('',*,*,#1845,.T.);
#2290=ORIENTED_EDGE('',*,*,#1796,.F.);
#2291=ORIENTED_EDGE('',*,*,#1845,.F.);
#2292=ORIENTED_EDGE('',*,*,#1846,.T.);
#2293=ORIENTED_EDGE('',*,*,#1847,.T.);
#2294=ORIENTED_EDGE('',*,*,#1795,.F.);
#2295=ORIENTED_EDGE('',*,*,#1847,.F.);
#2296=ORIENTED_EDGE('',*,*,#1848,.T.);
#2297=ORIENTED_EDGE('',*,*,#1849,.T.);
#2298=ORIENTED_EDGE('',*,*,#1794,.F.);
#2299=ORIENTED_EDGE('',*,*,#1849,.F.);
#2300=ORIENTED_EDGE('',*,*,#1850,.T.);
#2301=ORIENTED_EDGE('',*,*,#1851,.T.);
#2302=ORIENTED_EDGE('',*,*,#1793,.F.);
#2303=ORIENTED_EDGE('',*,*,#1851,.F.);
#2304=ORIENTED_EDGE('',*,*,#1852,.T.);
#2305=ORIENTED_EDGE('',*,*,#1853,.T.);
#2306=ORIENTED_EDGE('',*,*,#1792,.F.);
#2307=ORIENTED_EDGE('',*,*,#1853,.F.);
#2308=ORIENTED_EDGE('',*,*,#1854,.T.);
#2309=ORIENTED_EDGE('',*,*,#1855,.T.);
#2310=ORIENTED_EDGE('',*,*,#1791,.F.);
#2311=ORIENTED_EDGE('',*,*,#1855,.F.);
#2312=ORIENTED_EDGE('',*,*,#1856,.T.);
#2313=ORIENTED_EDGE('',*,*,#1857,.T.);
#2314=ORIENTED_EDGE('',*,*,#1790,.F.);
#2315=ORIENTED_EDGE('',*,*,#1857,.F.);
#2316=ORIENTED_EDGE('',*,*,#1858,.T.);
#2317=ORIENTED_EDGE('',*,*,#1859,.T.);
#2318=ORIENTED_EDGE('',*,*,#1789,.F.);
#2319=ORIENTED_EDGE('',*,*,#1859,.F.);
#2320=ORIENTED_EDGE('',*,*,#1860,.T.);
#2321=ORIENTED_EDGE('',*,*,#1861,.T.);
#2322=ORIENTED_EDGE('',*,*,#1788,.F.);
#2323=ORIENTED_EDGE('',*,*,#1861,.F.);
#2324=ORIENTED_EDGE('',*,*,#1862,.T.);
#2325=ORIENTED_EDGE('',*,*,#1863,.T.);
#2326=ORIENTED_EDGE('',*,*,#1787,.F.);
#2327=ORIENTED_EDGE('',*,*,#1863,.F.);
#2328=ORIENTED_EDGE('',*,*,#1864,.T.);
#2329=ORIENTED_EDGE('',*,*,#1865,.T.);
#2330=ORIENTED_EDGE('',*,*,#1786,.F.);
#2331=ORIENTED_EDGE('',*,*,#1865,.F.);
#2332=ORIENTED_EDGE('',*,*,#1866,.T.);
#2333=ORIENTED_EDGE('',*,*,#1867,.T.);
#2334=ORIENTED_EDGE('',*,*,#1785,.F.);
#2335=ORIENTED_EDGE('',*,*,#1867,.F.);
#2336=ORIENTED_EDGE('',*,*,#1868,.T.);
#2337=ORIENTED_EDGE('',*,*,#1869,.T.);
#2338=ORIENTED_EDGE('',*,*,#1784,.F.);
#2339=ORIENTED_EDGE('',*,*,#1869,.F.);
#2340=ORIENTED_EDGE('',*,*,#1870,.T.);
#2341=ORIENTED_EDGE('',*,*,#1871,.T.);
#2342=ORIENTED_EDGE('',*,*,#1783,.F.);
#2343=ORIENTED_EDGE('',*,*,#1871,.F.);
#2344=ORIENTED_EDGE('',*,*,#1872,.T.);
#2345=ORIENTED_EDGE('',*,*,#1873,.T.);
#2346=ORIENTED_EDGE('',*,*,#1782,.F.);
#2347=ORIENTED_EDGE('',*,*,#1873,.F.);
#2348=ORIENTED_EDGE('',*,*,#1874,.T.);
#2349=ORIENTED_EDGE('',*,*,#1875,.T.);
#2350=ORIENTED_EDGE('',*,*,#1781,.F.);
#2351=ORIENTED_EDGE('',*,*,#1875,.F.);
#2352=ORIENTED_EDGE('',*,*,#1876,.T.);
#2353=ORIENTED_EDGE('',*,*,#1877,.T.);
#2354=ORIENTED_EDGE('',*,*,#1780,.F.);
#2355=ORIENTED_EDGE('',*,*,#1877,.F.);
#2356=ORIENTED_EDGE('',*,*,#1878,.T.);
#2357=ORIENTED_EDGE('',*,*,#1879,.T.);
#2358=ORIENTED_EDGE('',*,*,#1779,.F.);
#2359=ORIENTED_EDGE('',*,*,#1879,.F.);
#2360=ORIENTED_EDGE('',*,*,#1880,.T.);
#2361=ORIENTED_EDGE('',*,*,#1881,.T.);
#2362=ORIENTED_EDGE('',*,*,#1778,.F.);
#2363=ORIENTED_EDGE('',*,*,#1881,.F.);
#2364=ORIENTED_EDGE('',*,*,#1882,.T.);
#2365=ORIENTED_EDGE('',*,*,#1883,.T.);
#2366=ORIENTED_EDGE('',*,*,#1777,.F.);
#2367=ORIENTED_EDGE('',*,*,#1883,.F.);
#2368=ORIENTED_EDGE('',*,*,#1884,.T.);
#2369=ORIENTED_EDGE('',*,*,#1885,.T.);
#2370=ORIENTED_EDGE('',*,*,#1776,.F.);
#2371=ORIENTED_EDGE('',*,*,#1885,.F.);
#2372=ORIENTED_EDGE('',*,*,#1886,.T.);
#2373=ORIENTED_EDGE('',*,*,#1887,.T.);
#2374=ORIENTED_EDGE('',*,*,#1775,.F.);
#2375=ORIENTED_EDGE('',*,*,#1887,.F.);
#2376=ORIENTED_EDGE('',*,*,#1888,.T.);
#2377=ORIENTED_EDGE('',*,*,#1889,.T.);
#2378=ORIENTED_EDGE('',*,*,#1774,.F.);
#2379=ORIENTED_EDGE('',*,*,#1889,.F.);
#2380=ORIENTED_EDGE('',*,*,#1890,.T.);
#2381=ORIENTED_EDGE('',*,*,#1891,.T.);
#2382=ORIENTED_EDGE('',*,*,#1773,.F.);
#2383=ORIENTED_EDGE('',*,*,#1891,.F.);
#2384=ORIENTED_EDGE('',*,*,#1892,.T.);
#2385=ORIENTED_EDGE('',*,*,#1893,.T.);
#2386=ORIENTED_EDGE('',*,*,#1772,.F.);
#2387=ORIENTED_EDGE('',*,*,#1893,.F.);
#2388=ORIENTED_EDGE('',*,*,#1894,.T.);
#2389=ORIENTED_EDGE('',*,*,#1895,.T.);
#2390=ORIENTED_EDGE('',*,*,#1771,.F.);
#2391=ORIENTED_EDGE('',*,*,#1895,.F.);
#2392=ORIENTED_EDGE('',*,*,#1896,.T.);
#2393=ORIENTED_EDGE('',*,*,#1897,.T.);
#2394=ORIENTED_EDGE('',*,*,#1770,.F.);
#2395=ORIENTED_EDGE('',*,*,#1897,.F.);
#2396=ORIENTED_EDGE('',*,*,#1898,.T.);
#2397=ORIENTED_EDGE('',*,*,#1813,.T.);
#2398=ORIENTED_EDGE('',*,*,#1814,.T.);
#2399=ORIENTED_EDGE('',*,*,#1899,.T.);
#2400=ORIENTED_EDGE('',*,*,#1816,.F.);
#2401=ORIENTED_EDGE('',*,*,#1818,.F.);
#2402=ORIENTED_EDGE('',*,*,#1820,.F.);
#2403=ORIENTED_EDGE('',*,*,#1822,.F.);
#2404=ORIENTED_EDGE('',*,*,#1824,.F.);
#2405=ORIENTED_EDGE('',*,*,#1826,.F.);
#2406=ORIENTED_EDGE('',*,*,#1828,.F.);
#2407=ORIENTED_EDGE('',*,*,#1830,.F.);
#2408=ORIENTED_EDGE('',*,*,#1832,.F.);
#2409=ORIENTED_EDGE('',*,*,#1834,.F.);
#2410=ORIENTED_EDGE('',*,*,#1836,.F.);
#2411=ORIENTED_EDGE('',*,*,#1838,.F.);
#2412=ORIENTED_EDGE('',*,*,#1840,.F.);
#2413=ORIENTED_EDGE('',*,*,#1842,.F.);
#2414=ORIENTED_EDGE('',*,*,#1844,.F.);
#2415=ORIENTED_EDGE('',*,*,#1846,.F.);
#2416=ORIENTED_EDGE('',*,*,#1848,.F.);
#2417=ORIENTED_EDGE('',*,*,#1850,.F.);
#2418=ORIENTED_EDGE('',*,*,#1852,.F.);
#2419=ORIENTED_EDGE('',*,*,#1854,.F.);
#2420=ORIENTED_EDGE('',*,*,#1856,.F.);
#2421=ORIENTED_EDGE('',*,*,#1858,.F.);
#2422=ORIENTED_EDGE('',*,*,#1860,.F.);
#2423=ORIENTED_EDGE('',*,*,#1862,.F.);
#2424=ORIENTED_EDGE('',*,*,#1864,.F.);
#2425=ORIENTED_EDGE('',*,*,#1866,.F.);
#2426=ORIENTED_EDGE('',*,*,#1868,.F.);
#2427=ORIENTED_EDGE('',*,*,#1870,.F.);
#2428=ORIENTED_EDGE('',*,*,#1872,.F.);
#2429=ORIENTED_EDGE('',*,*,#1874,.F.);
#2430=ORIENTED_EDGE('',*,*,#1876,.F.);
#2431=ORIENTED_EDGE('',*,*,#1878,.F.);
#2432=ORIENTED_EDGE('',*,*,#1880,.F.);
#2433=ORIENTED_EDGE('',*,*,#1882,.F.);
#2434=ORIENTED_EDGE('',*,*,#1884,.F.);
#2435=ORIENTED_EDGE('',*,*,#1886,.F.);
#2436=ORIENTED_EDGE('',*,*,#1888,.F.);
#2437=ORIENTED_EDGE('',*,*,#1890,.F.);
#2438=ORIENTED_EDGE('',*,*,#1892,.F.);
#2439=ORIENTED_EDGE('',*,*,#1894,.F.);
#2440=ORIENTED_EDGE('',*,*,#1896,.F.);
#2441=ORIENTED_EDGE('',*,*,#1900,.T.);
#2442=ORIENTED_EDGE('',*,*,#1899,.F.);
#2443=ORIENTED_EDGE('',*,*,#1815,.T.);
#2444=ORIENTED_EDGE('',*,*,#1767,.F.);
#2445=ORIENTED_EDGE('',*,*,#1901,.T.);
#2446=ORIENTED_EDGE('',*,*,#1902,.T.);
#2447=ORIENTED_EDGE('',*,*,#1903,.T.);
#2448=ORIENTED_EDGE('',*,*,#1904,.T.);
#2449=ORIENTED_EDGE('',*,*,#1905,.T.);
#2450=ORIENTED_EDGE('',*,*,#1906,.T.);
#2451=ORIENTED_EDGE('',*,*,#1907,.T.);
#2452=ORIENTED_EDGE('',*,*,#1908,.T.);
#2453=ORIENTED_EDGE('',*,*,#1909,.T.);
#2454=ORIENTED_EDGE('',*,*,#1910,.T.);
#2455=ORIENTED_EDGE('',*,*,#1911,.T.);
#2456=ORIENTED_EDGE('',*,*,#1912,.T.);
#2457=ORIENTED_EDGE('',*,*,#1913,.T.);
#2458=ORIENTED_EDGE('',*,*,#1914,.T.);
#2459=ORIENTED_EDGE('',*,*,#1915,.T.);
#2460=ORIENTED_EDGE('',*,*,#1916,.T.);
#2461=ORIENTED_EDGE('',*,*,#1917,.T.);
#2462=ORIENTED_EDGE('',*,*,#1918,.T.);
#2463=ORIENTED_EDGE('',*,*,#1919,.T.);
#2464=ORIENTED_EDGE('',*,*,#1920,.T.);
#2465=ORIENTED_EDGE('',*,*,#1921,.T.);
#2466=ORIENTED_EDGE('',*,*,#1922,.T.);
#2467=ORIENTED_EDGE('',*,*,#1923,.T.);
#2468=ORIENTED_EDGE('',*,*,#1924,.T.);
#2469=ORIENTED_EDGE('',*,*,#1925,.T.);
#2470=ORIENTED_EDGE('',*,*,#1926,.T.);
#2471=ORIENTED_EDGE('',*,*,#1927,.T.);
#2472=ORIENTED_EDGE('',*,*,#1928,.T.);
#2473=ORIENTED_EDGE('',*,*,#1929,.T.);
#2474=ORIENTED_EDGE('',*,*,#1930,.T.);
#2475=ORIENTED_EDGE('',*,*,#1931,.T.);
#2476=ORIENTED_EDGE('',*,*,#1932,.T.);
#2477=ORIENTED_EDGE('',*,*,#1933,.T.);
#2478=ORIENTED_EDGE('',*,*,#1934,.T.);
#2479=ORIENTED_EDGE('',*,*,#1935,.T.);
#2480=ORIENTED_EDGE('',*,*,#1936,.T.);
#2481=ORIENTED_EDGE('',*,*,#1937,.T.);
#2482=ORIENTED_EDGE('',*,*,#1938,.T.);
#2483=ORIENTED_EDGE('',*,*,#1939,.T.);
#2484=ORIENTED_EDGE('',*,*,#1940,.T.);
#2485=ORIENTED_EDGE('',*,*,#1941,.T.);
#2486=ORIENTED_EDGE('',*,*,#1942,.T.);
#2487=ORIENTED_EDGE('',*,*,#1943,.T.);
#2488=ORIENTED_EDGE('',*,*,#1944,.T.);
#2489=ORIENTED_EDGE('',*,*,#1945,.T.);
#2490=ORIENTED_EDGE('',*,*,#1946,.F.);
#2491=ORIENTED_EDGE('',*,*,#1947,.T.);
#2492=ORIENTED_EDGE('',*,*,#1766,.F.);
#2493=ORIENTED_EDGE('',*,*,#1948,.F.);
#2494=ORIENTED_EDGE('',*,*,#1949,.T.);
#2495=ORIENTED_EDGE('',*,*,#1950,.T.);
#2496=ORIENTED_EDGE('',*,*,#1951,.T.);
#2497=ORIENTED_EDGE('',*,*,#1902,.F.);
#2498=ORIENTED_EDGE('',*,*,#1952,.F.);
#2499=ORIENTED_EDGE('',*,*,#1953,.F.);
#2500=ORIENTED_EDGE('',*,*,#1900,.F.);
#2501=ORIENTED_EDGE('',*,*,#1947,.F.);
#2502=ORIENTED_EDGE('',*,*,#1951,.F.);
#2503=ORIENTED_EDGE('',*,*,#1948,.T.);
#2504=ORIENTED_EDGE('',*,*,#1811,.F.);
#2505=ORIENTED_EDGE('',*,*,#1954,.F.);
#2506=ORIENTED_EDGE('',*,*,#1955,.T.);
#2507=ORIENTED_EDGE('',*,*,#1904,.F.);
#2508=ORIENTED_EDGE('',*,*,#1952,.T.);
#2509=ORIENTED_EDGE('',*,*,#1956,.F.);
#2510=ORIENTED_EDGE('',*,*,#1903,.F.);
#2511=ORIENTED_EDGE('',*,*,#1954,.T.);
#2512=ORIENTED_EDGE('',*,*,#1898,.F.);
#2513=ORIENTED_EDGE('',*,*,#1953,.T.);
#2514=ORIENTED_EDGE('',*,*,#1957,.T.);
#2515=ORIENTED_EDGE('',*,*,#1956,.T.);
#2516=ORIENTED_EDGE('',*,*,#1946,.T.);
#2517=ORIENTED_EDGE('',*,*,#1950,.F.);
#2518=ORIENTED_EDGE('',*,*,#1958,.T.);
#2519=ORIENTED_EDGE('',*,*,#1959,.T.);
#2520=ORIENTED_EDGE('',*,*,#1960,.T.);
#2521=ORIENTED_EDGE('',*,*,#1961,.T.);
#2522=ORIENTED_EDGE('',*,*,#1962,.T.);
#2523=ORIENTED_EDGE('',*,*,#1963,.T.);
#2524=ORIENTED_EDGE('',*,*,#1964,.T.);
#2525=ORIENTED_EDGE('',*,*,#1965,.T.);
#2526=ORIENTED_EDGE('',*,*,#1966,.T.);
#2527=ORIENTED_EDGE('',*,*,#1967,.T.);
#2528=ORIENTED_EDGE('',*,*,#1968,.T.);
#2529=ORIENTED_EDGE('',*,*,#1969,.T.);
#2530=ORIENTED_EDGE('',*,*,#1970,.T.);
#2531=ORIENTED_EDGE('',*,*,#1971,.T.);
#2532=ORIENTED_EDGE('',*,*,#1972,.T.);
#2533=ORIENTED_EDGE('',*,*,#1973,.T.);
#2534=ORIENTED_EDGE('',*,*,#1974,.T.);
#2535=ORIENTED_EDGE('',*,*,#1975,.T.);
#2536=ORIENTED_EDGE('',*,*,#1976,.T.);
#2537=ORIENTED_EDGE('',*,*,#1977,.T.);
#2538=ORIENTED_EDGE('',*,*,#1978,.T.);
#2539=ORIENTED_EDGE('',*,*,#1979,.T.);
#2540=ORIENTED_EDGE('',*,*,#1980,.T.);
#2541=ORIENTED_EDGE('',*,*,#1981,.T.);
#2542=ORIENTED_EDGE('',*,*,#1982,.T.);
#2543=ORIENTED_EDGE('',*,*,#1983,.T.);
#2544=ORIENTED_EDGE('',*,*,#1984,.T.);
#2545=ORIENTED_EDGE('',*,*,#1985,.T.);
#2546=ORIENTED_EDGE('',*,*,#1986,.T.);
#2547=ORIENTED_EDGE('',*,*,#1987,.T.);
#2548=ORIENTED_EDGE('',*,*,#1988,.T.);
#2549=ORIENTED_EDGE('',*,*,#1989,.T.);
#2550=ORIENTED_EDGE('',*,*,#1990,.T.);
#2551=ORIENTED_EDGE('',*,*,#1991,.T.);
#2552=ORIENTED_EDGE('',*,*,#1992,.T.);
#2553=ORIENTED_EDGE('',*,*,#1993,.T.);
#2554=ORIENTED_EDGE('',*,*,#1994,.T.);
#2555=ORIENTED_EDGE('',*,*,#1995,.T.);
#2556=ORIENTED_EDGE('',*,*,#1996,.T.);
#2557=ORIENTED_EDGE('',*,*,#1997,.T.);
#2558=ORIENTED_EDGE('',*,*,#1998,.T.);
#2559=ORIENTED_EDGE('',*,*,#1999,.T.);
#2560=ORIENTED_EDGE('',*,*,#2000,.T.);
#2561=ORIENTED_EDGE('',*,*,#2001,.T.);
#2562=ORIENTED_EDGE('',*,*,#2002,.T.);
#2563=ORIENTED_EDGE('',*,*,#2003,.T.);
#2564=ORIENTED_EDGE('',*,*,#2004,.T.);
#2565=ORIENTED_EDGE('',*,*,#2005,.T.);
#2566=ORIENTED_EDGE('',*,*,#2006,.T.);
#2567=ORIENTED_EDGE('',*,*,#2007,.T.);
#2568=ORIENTED_EDGE('',*,*,#2008,.T.);
#2569=ORIENTED_EDGE('',*,*,#2009,.T.);
#2570=ORIENTED_EDGE('',*,*,#2010,.T.);
#2571=ORIENTED_EDGE('',*,*,#2011,.T.);
#2572=ORIENTED_EDGE('',*,*,#2012,.T.);
#2573=ORIENTED_EDGE('',*,*,#2013,.T.);
#2574=ORIENTED_EDGE('',*,*,#2014,.T.);
#2575=ORIENTED_EDGE('',*,*,#2015,.T.);
#2576=ORIENTED_EDGE('',*,*,#2016,.T.);
#2577=ORIENTED_EDGE('',*,*,#2017,.T.);
#2578=ORIENTED_EDGE('',*,*,#2018,.T.);
#2579=ORIENTED_EDGE('',*,*,#2019,.T.);
#2580=ORIENTED_EDGE('',*,*,#2020,.T.);
#2581=ORIENTED_EDGE('',*,*,#2021,.T.);
#2582=ORIENTED_EDGE('',*,*,#2022,.T.);
#2583=ORIENTED_EDGE('',*,*,#2023,.T.);
#2584=ORIENTED_EDGE('',*,*,#2024,.T.);
#2585=ORIENTED_EDGE('',*,*,#2025,.T.);
#2586=ORIENTED_EDGE('',*,*,#2026,.T.);
#2587=ORIENTED_EDGE('',*,*,#2027,.T.);
#2588=ORIENTED_EDGE('',*,*,#2028,.T.);
#2589=ORIENTED_EDGE('',*,*,#2029,.T.);
#2590=ORIENTED_EDGE('',*,*,#2030,.T.);
#2591=ORIENTED_EDGE('',*,*,#2031,.T.);
#2592=ORIENTED_EDGE('',*,*,#2032,.T.);
#2593=ORIENTED_EDGE('',*,*,#2033,.T.);
#2594=ORIENTED_EDGE('',*,*,#2034,.T.);
#2595=ORIENTED_EDGE('',*,*,#2035,.T.);
#2596=ORIENTED_EDGE('',*,*,#2036,.T.);
#2597=ORIENTED_EDGE('',*,*,#2037,.T.);
#2598=ORIENTED_EDGE('',*,*,#2038,.T.);
#2599=ORIENTED_EDGE('',*,*,#2039,.T.);
#2600=ORIENTED_EDGE('',*,*,#2040,.T.);
#2601=ORIENTED_EDGE('',*,*,#2041,.T.);
#2602=ORIENTED_EDGE('',*,*,#2042,.T.);
#2603=ORIENTED_EDGE('',*,*,#2043,.T.);
#2604=ORIENTED_EDGE('',*,*,#2044,.F.);
#2605=ORIENTED_EDGE('',*,*,#2045,.T.);
#2606=ORIENTED_EDGE('',*,*,#1957,.F.);
#2607=ORIENTED_EDGE('',*,*,#2046,.F.);
#2608=ORIENTED_EDGE('',*,*,#2047,.F.);
#2609=ORIENTED_EDGE('',*,*,#2048,.T.);
#2610=ORIENTED_EDGE('',*,*,#2001,.F.);
#2611=ORIENTED_EDGE('',*,*,#2049,.F.);
#2612=ORIENTED_EDGE('',*,*,#2050,.T.);
#2613=ORIENTED_EDGE('',*,*,#2002,.F.);
#2614=ORIENTED_EDGE('',*,*,#2048,.F.);
#2615=ORIENTED_EDGE('',*,*,#2051,.T.);
#2616=ORIENTED_EDGE('',*,*,#2052,.F.);
#2617=ORIENTED_EDGE('',*,*,#2053,.F.);
#2618=ORIENTED_EDGE('',*,*,#1955,.F.);
#2619=ORIENTED_EDGE('',*,*,#2045,.F.);
#2620=ORIENTED_EDGE('',*,*,#2050,.F.);
#2621=ORIENTED_EDGE('',*,*,#2046,.T.);
#2622=ORIENTED_EDGE('',*,*,#1949,.F.);
#2623=ORIENTED_EDGE('',*,*,#2054,.F.);
#2624=ORIENTED_EDGE('',*,*,#2044,.T.);
#2625=ORIENTED_EDGE('',*,*,#2051,.F.);
#2626=ORIENTED_EDGE('',*,*,#2047,.T.);
#2627=ORIENTED_EDGE('',*,*,#2055,.T.);
#2628=ORIENTED_EDGE('',*,*,#2056,.T.);
#2629=ORIENTED_EDGE('',*,*,#2057,.T.);
#2630=ORIENTED_EDGE('',*,*,#2058,.T.);
#2631=ORIENTED_EDGE('',*,*,#2059,.T.);
#2632=ORIENTED_EDGE('',*,*,#2060,.T.);
#2633=ORIENTED_EDGE('',*,*,#2061,.T.);
#2634=ORIENTED_EDGE('',*,*,#2062,.T.);
#2635=ORIENTED_EDGE('',*,*,#2063,.T.);
#2636=ORIENTED_EDGE('',*,*,#2064,.T.);
#2637=ORIENTED_EDGE('',*,*,#2065,.T.);
#2638=ORIENTED_EDGE('',*,*,#2066,.T.);
#2639=ORIENTED_EDGE('',*,*,#2067,.T.);
#2640=ORIENTED_EDGE('',*,*,#2068,.T.);
#2641=ORIENTED_EDGE('',*,*,#2069,.T.);
#2642=ORIENTED_EDGE('',*,*,#2070,.T.);
#2643=ORIENTED_EDGE('',*,*,#2071,.T.);
#2644=ORIENTED_EDGE('',*,*,#2072,.T.);
#2645=ORIENTED_EDGE('',*,*,#2073,.T.);
#2646=ORIENTED_EDGE('',*,*,#2074,.T.);
#2647=ORIENTED_EDGE('',*,*,#2075,.T.);
#2648=ORIENTED_EDGE('',*,*,#2076,.T.);
#2649=ORIENTED_EDGE('',*,*,#2077,.T.);
#2650=ORIENTED_EDGE('',*,*,#2078,.T.);
#2651=ORIENTED_EDGE('',*,*,#2079,.T.);
#2652=ORIENTED_EDGE('',*,*,#2080,.T.);
#2653=ORIENTED_EDGE('',*,*,#2081,.T.);
#2654=ORIENTED_EDGE('',*,*,#2082,.T.);
#2655=ORIENTED_EDGE('',*,*,#2083,.T.);
#2656=ORIENTED_EDGE('',*,*,#2084,.T.);
#2657=ORIENTED_EDGE('',*,*,#2085,.T.);
#2658=ORIENTED_EDGE('',*,*,#2086,.T.);
#2659=ORIENTED_EDGE('',*,*,#2087,.T.);
#2660=ORIENTED_EDGE('',*,*,#2088,.T.);
#2661=ORIENTED_EDGE('',*,*,#2089,.T.);
#2662=ORIENTED_EDGE('',*,*,#2090,.T.);
#2663=ORIENTED_EDGE('',*,*,#2091,.T.);
#2664=ORIENTED_EDGE('',*,*,#2092,.T.);
#2665=ORIENTED_EDGE('',*,*,#2093,.T.);
#2666=ORIENTED_EDGE('',*,*,#2094,.T.);
#2667=ORIENTED_EDGE('',*,*,#2095,.T.);
#2668=ORIENTED_EDGE('',*,*,#2096,.T.);
#2669=ORIENTED_EDGE('',*,*,#2052,.T.);
#2670=ORIENTED_EDGE('',*,*,#2055,.F.);
#2671=ORIENTED_EDGE('',*,*,#2049,.T.);
#2672=ORIENTED_EDGE('',*,*,#2000,.F.);
#2673=ORIENTED_EDGE('',*,*,#1999,.F.);
#2674=ORIENTED_EDGE('',*,*,#2054,.T.);
#2675=ORIENTED_EDGE('',*,*,#1901,.F.);
#2676=ORIENTED_EDGE('',*,*,#2053,.T.);
#2677=ORIENTED_EDGE('',*,*,#2003,.F.);
#2678=ORIENTED_EDGE('',*,*,#2097,.T.);
#2679=ORIENTED_EDGE('',*,*,#2056,.F.);
#2680=ORIENTED_EDGE('',*,*,#2097,.F.);
#2681=ORIENTED_EDGE('',*,*,#2004,.F.);
#2682=ORIENTED_EDGE('',*,*,#2098,.T.);
#2683=ORIENTED_EDGE('',*,*,#2057,.F.);
#2684=ORIENTED_EDGE('',*,*,#2098,.F.);
#2685=ORIENTED_EDGE('',*,*,#2005,.F.);
#2686=ORIENTED_EDGE('',*,*,#2099,.T.);
#2687=ORIENTED_EDGE('',*,*,#2058,.F.);
#2688=ORIENTED_EDGE('',*,*,#2099,.F.);
#2689=ORIENTED_EDGE('',*,*,#2006,.F.);
#2690=ORIENTED_EDGE('',*,*,#2100,.T.);
#2691=ORIENTED_EDGE('',*,*,#2059,.F.);
#2692=ORIENTED_EDGE('',*,*,#2100,.F.);
#2693=ORIENTED_EDGE('',*,*,#2007,.F.);
#2694=ORIENTED_EDGE('',*,*,#2101,.T.);
#2695=ORIENTED_EDGE('',*,*,#2060,.F.);
#2696=ORIENTED_EDGE('',*,*,#2101,.F.);
#2697=ORIENTED_EDGE('',*,*,#2008,.F.);
#2698=ORIENTED_EDGE('',*,*,#2102,.T.);
#2699=ORIENTED_EDGE('',*,*,#2061,.F.);
#2700=ORIENTED_EDGE('',*,*,#2102,.F.);
#2701=ORIENTED_EDGE('',*,*,#2009,.F.);
#2702=ORIENTED_EDGE('',*,*,#2103,.T.);
#2703=ORIENTED_EDGE('',*,*,#2062,.F.);
#2704=ORIENTED_EDGE('',*,*,#2103,.F.);
#2705=ORIENTED_EDGE('',*,*,#2010,.F.);
#2706=ORIENTED_EDGE('',*,*,#2104,.T.);
#2707=ORIENTED_EDGE('',*,*,#2063,.F.);
#2708=ORIENTED_EDGE('',*,*,#2104,.F.);
#2709=ORIENTED_EDGE('',*,*,#2011,.F.);
#2710=ORIENTED_EDGE('',*,*,#2105,.T.);
#2711=ORIENTED_EDGE('',*,*,#2064,.F.);
#2712=ORIENTED_EDGE('',*,*,#2105,.F.);
#2713=ORIENTED_EDGE('',*,*,#2012,.F.);
#2714=ORIENTED_EDGE('',*,*,#2106,.T.);
#2715=ORIENTED_EDGE('',*,*,#2065,.F.);
#2716=ORIENTED_EDGE('',*,*,#2106,.F.);
#2717=ORIENTED_EDGE('',*,*,#2013,.F.);
#2718=ORIENTED_EDGE('',*,*,#2107,.T.);
#2719=ORIENTED_EDGE('',*,*,#2066,.F.);
#2720=ORIENTED_EDGE('',*,*,#2107,.F.);
#2721=ORIENTED_EDGE('',*,*,#2014,.F.);
#2722=ORIENTED_EDGE('',*,*,#2108,.T.);
#2723=ORIENTED_EDGE('',*,*,#2067,.F.);
#2724=ORIENTED_EDGE('',*,*,#2108,.F.);
#2725=ORIENTED_EDGE('',*,*,#2015,.F.);
#2726=ORIENTED_EDGE('',*,*,#2109,.T.);
#2727=ORIENTED_EDGE('',*,*,#2068,.F.);
#2728=ORIENTED_EDGE('',*,*,#2109,.F.);
#2729=ORIENTED_EDGE('',*,*,#2016,.F.);
#2730=ORIENTED_EDGE('',*,*,#2110,.T.);
#2731=ORIENTED_EDGE('',*,*,#2069,.F.);
#2732=ORIENTED_EDGE('',*,*,#2110,.F.);
#2733=ORIENTED_EDGE('',*,*,#2017,.F.);
#2734=ORIENTED_EDGE('',*,*,#2111,.T.);
#2735=ORIENTED_EDGE('',*,*,#2070,.F.);
#2736=ORIENTED_EDGE('',*,*,#2111,.F.);
#2737=ORIENTED_EDGE('',*,*,#2018,.F.);
#2738=ORIENTED_EDGE('',*,*,#2112,.T.);
#2739=ORIENTED_EDGE('',*,*,#2071,.F.);
#2740=ORIENTED_EDGE('',*,*,#2112,.F.);
#2741=ORIENTED_EDGE('',*,*,#2019,.F.);
#2742=ORIENTED_EDGE('',*,*,#2113,.T.);
#2743=ORIENTED_EDGE('',*,*,#2072,.F.);
#2744=ORIENTED_EDGE('',*,*,#2113,.F.);
#2745=ORIENTED_EDGE('',*,*,#2020,.F.);
#2746=ORIENTED_EDGE('',*,*,#2114,.T.);
#2747=ORIENTED_EDGE('',*,*,#2073,.F.);
#2748=ORIENTED_EDGE('',*,*,#2114,.F.);
#2749=ORIENTED_EDGE('',*,*,#2021,.F.);
#2750=ORIENTED_EDGE('',*,*,#2115,.T.);
#2751=ORIENTED_EDGE('',*,*,#2074,.F.);
#2752=ORIENTED_EDGE('',*,*,#2115,.F.);
#2753=ORIENTED_EDGE('',*,*,#2022,.F.);
#2754=ORIENTED_EDGE('',*,*,#2116,.T.);
#2755=ORIENTED_EDGE('',*,*,#2075,.F.);
#2756=ORIENTED_EDGE('',*,*,#2116,.F.);
#2757=ORIENTED_EDGE('',*,*,#2023,.F.);
#2758=ORIENTED_EDGE('',*,*,#2117,.T.);
#2759=ORIENTED_EDGE('',*,*,#2076,.F.);
#2760=ORIENTED_EDGE('',*,*,#2117,.F.);
#2761=ORIENTED_EDGE('',*,*,#2024,.F.);
#2762=ORIENTED_EDGE('',*,*,#2118,.T.);
#2763=ORIENTED_EDGE('',*,*,#2077,.F.);
#2764=ORIENTED_EDGE('',*,*,#2118,.F.);
#2765=ORIENTED_EDGE('',*,*,#2025,.F.);
#2766=ORIENTED_EDGE('',*,*,#2119,.T.);
#2767=ORIENTED_EDGE('',*,*,#2078,.F.);
#2768=ORIENTED_EDGE('',*,*,#2119,.F.);
#2769=ORIENTED_EDGE('',*,*,#2026,.F.);
#2770=ORIENTED_EDGE('',*,*,#2120,.T.);
#2771=ORIENTED_EDGE('',*,*,#2079,.F.);
#2772=ORIENTED_EDGE('',*,*,#2120,.F.);
#2773=ORIENTED_EDGE('',*,*,#2027,.F.);
#2774=ORIENTED_EDGE('',*,*,#2121,.T.);
#2775=ORIENTED_EDGE('',*,*,#2080,.F.);
#2776=ORIENTED_EDGE('',*,*,#2121,.F.);
#2777=ORIENTED_EDGE('',*,*,#2028,.F.);
#2778=ORIENTED_EDGE('',*,*,#2122,.T.);
#2779=ORIENTED_EDGE('',*,*,#2081,.F.);
#2780=ORIENTED_EDGE('',*,*,#2122,.F.);
#2781=ORIENTED_EDGE('',*,*,#2029,.F.);
#2782=ORIENTED_EDGE('',*,*,#2123,.T.);
#2783=ORIENTED_EDGE('',*,*,#2082,.F.);
#2784=ORIENTED_EDGE('',*,*,#2123,.F.);
#2785=ORIENTED_EDGE('',*,*,#2030,.F.);
#2786=ORIENTED_EDGE('',*,*,#2124,.T.);
#2787=ORIENTED_EDGE('',*,*,#2083,.F.);
#2788=ORIENTED_EDGE('',*,*,#2124,.F.);
#2789=ORIENTED_EDGE('',*,*,#2031,.F.);
#2790=ORIENTED_EDGE('',*,*,#2125,.T.);
#2791=ORIENTED_EDGE('',*,*,#2084,.F.);
#2792=ORIENTED_EDGE('',*,*,#2125,.F.);
#2793=ORIENTED_EDGE('',*,*,#2032,.F.);
#2794=ORIENTED_EDGE('',*,*,#2126,.T.);
#2795=ORIENTED_EDGE('',*,*,#2085,.F.);
#2796=ORIENTED_EDGE('',*,*,#2126,.F.);
#2797=ORIENTED_EDGE('',*,*,#2033,.F.);
#2798=ORIENTED_EDGE('',*,*,#2127,.T.);
#2799=ORIENTED_EDGE('',*,*,#2086,.F.);
#2800=ORIENTED_EDGE('',*,*,#2127,.F.);
#2801=ORIENTED_EDGE('',*,*,#2034,.F.);
#2802=ORIENTED_EDGE('',*,*,#2128,.T.);
#2803=ORIENTED_EDGE('',*,*,#2087,.F.);
#2804=ORIENTED_EDGE('',*,*,#2128,.F.);
#2805=ORIENTED_EDGE('',*,*,#2035,.F.);
#2806=ORIENTED_EDGE('',*,*,#2129,.T.);
#2807=ORIENTED_EDGE('',*,*,#2088,.F.);
#2808=ORIENTED_EDGE('',*,*,#2129,.F.);
#2809=ORIENTED_EDGE('',*,*,#2036,.F.);
#2810=ORIENTED_EDGE('',*,*,#2130,.T.);
#2811=ORIENTED_EDGE('',*,*,#2089,.F.);
#2812=ORIENTED_EDGE('',*,*,#2130,.F.);
#2813=ORIENTED_EDGE('',*,*,#2037,.F.);
#2814=ORIENTED_EDGE('',*,*,#2131,.T.);
#2815=ORIENTED_EDGE('',*,*,#2090,.F.);
#2816=ORIENTED_EDGE('',*,*,#2131,.F.);
#2817=ORIENTED_EDGE('',*,*,#2038,.F.);
#2818=ORIENTED_EDGE('',*,*,#2132,.T.);
#2819=ORIENTED_EDGE('',*,*,#2091,.F.);
#2820=ORIENTED_EDGE('',*,*,#2132,.F.);
#2821=ORIENTED_EDGE('',*,*,#2039,.F.);
#2822=ORIENTED_EDGE('',*,*,#2133,.T.);
#2823=ORIENTED_EDGE('',*,*,#2092,.F.);
#2824=ORIENTED_EDGE('',*,*,#2133,.F.);
#2825=ORIENTED_EDGE('',*,*,#2040,.F.);
#2826=ORIENTED_EDGE('',*,*,#2134,.T.);
#2827=ORIENTED_EDGE('',*,*,#2093,.F.);
#2828=ORIENTED_EDGE('',*,*,#2134,.F.);
#2829=ORIENTED_EDGE('',*,*,#2041,.F.);
#2830=ORIENTED_EDGE('',*,*,#2135,.T.);
#2831=ORIENTED_EDGE('',*,*,#2094,.F.);
#2832=ORIENTED_EDGE('',*,*,#2135,.F.);
#2833=ORIENTED_EDGE('',*,*,#2042,.F.);
#2834=ORIENTED_EDGE('',*,*,#2136,.T.);
#2835=ORIENTED_EDGE('',*,*,#2095,.F.);
#2836=ORIENTED_EDGE('',*,*,#2136,.F.);
#2837=ORIENTED_EDGE('',*,*,#2043,.F.);
#2838=ORIENTED_EDGE('',*,*,#2137,.T.);
#2839=ORIENTED_EDGE('',*,*,#2096,.F.);
#2840=ORIENTED_EDGE('',*,*,#2137,.F.);
#2841=ORIENTED_EDGE('',*,*,#1905,.F.);
#2842=ORIENTED_EDGE('',*,*,#2138,.T.);
#2843=ORIENTED_EDGE('',*,*,#1958,.F.);
#2844=ORIENTED_EDGE('',*,*,#2138,.F.);
#2845=ORIENTED_EDGE('',*,*,#1906,.F.);
#2846=ORIENTED_EDGE('',*,*,#2139,.T.);
#2847=ORIENTED_EDGE('',*,*,#1959,.F.);
#2848=ORIENTED_EDGE('',*,*,#2139,.F.);
#2849=ORIENTED_EDGE('',*,*,#1907,.F.);
#2850=ORIENTED_EDGE('',*,*,#2140,.T.);
#2851=ORIENTED_EDGE('',*,*,#1960,.F.);
#2852=ORIENTED_EDGE('',*,*,#2140,.F.);
#2853=ORIENTED_EDGE('',*,*,#1908,.F.);
#2854=ORIENTED_EDGE('',*,*,#2141,.T.);
#2855=ORIENTED_EDGE('',*,*,#1961,.F.);
#2856=ORIENTED_EDGE('',*,*,#2141,.F.);
#2857=ORIENTED_EDGE('',*,*,#1909,.F.);
#2858=ORIENTED_EDGE('',*,*,#2142,.T.);
#2859=ORIENTED_EDGE('',*,*,#1962,.F.);
#2860=ORIENTED_EDGE('',*,*,#2142,.F.);
#2861=ORIENTED_EDGE('',*,*,#1910,.F.);
#2862=ORIENTED_EDGE('',*,*,#2143,.T.);
#2863=ORIENTED_EDGE('',*,*,#1963,.F.);
#2864=ORIENTED_EDGE('',*,*,#2143,.F.);
#2865=ORIENTED_EDGE('',*,*,#1911,.F.);
#2866=ORIENTED_EDGE('',*,*,#2144,.T.);
#2867=ORIENTED_EDGE('',*,*,#1964,.F.);
#2868=ORIENTED_EDGE('',*,*,#2144,.F.);
#2869=ORIENTED_EDGE('',*,*,#1912,.F.);
#2870=ORIENTED_EDGE('',*,*,#2145,.T.);
#2871=ORIENTED_EDGE('',*,*,#1965,.F.);
#2872=ORIENTED_EDGE('',*,*,#2145,.F.);
#2873=ORIENTED_EDGE('',*,*,#1913,.F.);
#2874=ORIENTED_EDGE('',*,*,#2146,.T.);
#2875=ORIENTED_EDGE('',*,*,#1966,.F.);
#2876=ORIENTED_EDGE('',*,*,#2146,.F.);
#2877=ORIENTED_EDGE('',*,*,#1914,.F.);
#2878=ORIENTED_EDGE('',*,*,#2147,.T.);
#2879=ORIENTED_EDGE('',*,*,#1967,.F.);
#2880=ORIENTED_EDGE('',*,*,#2147,.F.);
#2881=ORIENTED_EDGE('',*,*,#1915,.F.);
#2882=ORIENTED_EDGE('',*,*,#2148,.T.);
#2883=ORIENTED_EDGE('',*,*,#1968,.F.);
#2884=ORIENTED_EDGE('',*,*,#2148,.F.);
#2885=ORIENTED_EDGE('',*,*,#1916,.F.);
#2886=ORIENTED_EDGE('',*,*,#2149,.T.);
#2887=ORIENTED_EDGE('',*,*,#1969,.F.);
#2888=ORIENTED_EDGE('',*,*,#2149,.F.);
#2889=ORIENTED_EDGE('',*,*,#1917,.F.);
#2890=ORIENTED_EDGE('',*,*,#2150,.T.);
#2891=ORIENTED_EDGE('',*,*,#1970,.F.);
#2892=ORIENTED_EDGE('',*,*,#2150,.F.);
#2893=ORIENTED_EDGE('',*,*,#1918,.F.);
#2894=ORIENTED_EDGE('',*,*,#2151,.T.);
#2895=ORIENTED_EDGE('',*,*,#1971,.F.);
#2896=ORIENTED_EDGE('',*,*,#2151,.F.);
#2897=ORIENTED_EDGE('',*,*,#1919,.F.);
#2898=ORIENTED_EDGE('',*,*,#2152,.T.);
#2899=ORIENTED_EDGE('',*,*,#1972,.F.);
#2900=ORIENTED_EDGE('',*,*,#2152,.F.);
#2901=ORIENTED_EDGE('',*,*,#1920,.F.);
#2902=ORIENTED_EDGE('',*,*,#2153,.T.);
#2903=ORIENTED_EDGE('',*,*,#1973,.F.);
#2904=ORIENTED_EDGE('',*,*,#2153,.F.);
#2905=ORIENTED_EDGE('',*,*,#1921,.F.);
#2906=ORIENTED_EDGE('',*,*,#2154,.T.);
#2907=ORIENTED_EDGE('',*,*,#1974,.F.);
#2908=ORIENTED_EDGE('',*,*,#2154,.F.);
#2909=ORIENTED_EDGE('',*,*,#1922,.F.);
#2910=ORIENTED_EDGE('',*,*,#2155,.T.);
#2911=ORIENTED_EDGE('',*,*,#1975,.F.);
#2912=ORIENTED_EDGE('',*,*,#2155,.F.);
#2913=ORIENTED_EDGE('',*,*,#1923,.F.);
#2914=ORIENTED_EDGE('',*,*,#2156,.T.);
#2915=ORIENTED_EDGE('',*,*,#1976,.F.);
#2916=ORIENTED_EDGE('',*,*,#2156,.F.);
#2917=ORIENTED_EDGE('',*,*,#1924,.F.);
#2918=ORIENTED_EDGE('',*,*,#2157,.T.);
#2919=ORIENTED_EDGE('',*,*,#1977,.F.);
#2920=ORIENTED_EDGE('',*,*,#2157,.F.);
#2921=ORIENTED_EDGE('',*,*,#1925,.F.);
#2922=ORIENTED_EDGE('',*,*,#2158,.T.);
#2923=ORIENTED_EDGE('',*,*,#1978,.F.);
#2924=ORIENTED_EDGE('',*,*,#2158,.F.);
#2925=ORIENTED_EDGE('',*,*,#1926,.F.);
#2926=ORIENTED_EDGE('',*,*,#2159,.T.);
#2927=ORIENTED_EDGE('',*,*,#1979,.F.);
#2928=ORIENTED_EDGE('',*,*,#2159,.F.);
#2929=ORIENTED_EDGE('',*,*,#1927,.F.);
#2930=ORIENTED_EDGE('',*,*,#2160,.T.);
#2931=ORIENTED_EDGE('',*,*,#1980,.F.);
#2932=ORIENTED_EDGE('',*,*,#2160,.F.);
#2933=ORIENTED_EDGE('',*,*,#1928,.F.);
#2934=ORIENTED_EDGE('',*,*,#2161,.T.);
#2935=ORIENTED_EDGE('',*,*,#1981,.F.);
#2936=ORIENTED_EDGE('',*,*,#2161,.F.);
#2937=ORIENTED_EDGE('',*,*,#1929,.F.);
#2938=ORIENTED_EDGE('',*,*,#2162,.T.);
#2939=ORIENTED_EDGE('',*,*,#1982,.F.);
#2940=ORIENTED_EDGE('',*,*,#2162,.F.);
#2941=ORIENTED_EDGE('',*,*,#1930,.F.);
#2942=ORIENTED_EDGE('',*,*,#2163,.T.);
#2943=ORIENTED_EDGE('',*,*,#1983,.F.);
#2944=ORIENTED_EDGE('',*,*,#2163,.F.);
#2945=ORIENTED_EDGE('',*,*,#1931,.F.);
#2946=ORIENTED_EDGE('',*,*,#2164,.T.);
#2947=ORIENTED_EDGE('',*,*,#1984,.F.);
#2948=ORIENTED_EDGE('',*,*,#2164,.F.);
#2949=ORIENTED_EDGE('',*,*,#1932,.F.);
#2950=ORIENTED_EDGE('',*,*,#2165,.T.);
#2951=ORIENTED_EDGE('',*,*,#1985,.F.);
#2952=ORIENTED_EDGE('',*,*,#2165,.F.);
#2953=ORIENTED_EDGE('',*,*,#1933,.F.);
#2954=ORIENTED_EDGE('',*,*,#2166,.T.);
#2955=ORIENTED_EDGE('',*,*,#1986,.F.);
#2956=ORIENTED_EDGE('',*,*,#2166,.F.);
#2957=ORIENTED_EDGE('',*,*,#1934,.F.);
#2958=ORIENTED_EDGE('',*,*,#2167,.T.);
#2959=ORIENTED_EDGE('',*,*,#1987,.F.);
#2960=ORIENTED_EDGE('',*,*,#2167,.F.);
#2961=ORIENTED_EDGE('',*,*,#1935,.F.);
#2962=ORIENTED_EDGE('',*,*,#2168,.T.);
#2963=ORIENTED_EDGE('',*,*,#1988,.F.);
#2964=ORIENTED_EDGE('',*,*,#2168,.F.);
#2965=ORIENTED_EDGE('',*,*,#1936,.F.);
#2966=ORIENTED_EDGE('',*,*,#2169,.T.);
#2967=ORIENTED_EDGE('',*,*,#1989,.F.);
#2968=ORIENTED_EDGE('',*,*,#2169,.F.);
#2969=ORIENTED_EDGE('',*,*,#1937,.F.);
#2970=ORIENTED_EDGE('',*,*,#2170,.T.);
#2971=ORIENTED_EDGE('',*,*,#1990,.F.);
#2972=ORIENTED_EDGE('',*,*,#2170,.F.);
#2973=ORIENTED_EDGE('',*,*,#1938,.F.);
#2974=ORIENTED_EDGE('',*,*,#2171,.T.);
#2975=ORIENTED_EDGE('',*,*,#1991,.F.);
#2976=ORIENTED_EDGE('',*,*,#2171,.F.);
#2977=ORIENTED_EDGE('',*,*,#1939,.F.);
#2978=ORIENTED_EDGE('',*,*,#2172,.T.);
#2979=ORIENTED_EDGE('',*,*,#1992,.F.);
#2980=ORIENTED_EDGE('',*,*,#2172,.F.);
#2981=ORIENTED_EDGE('',*,*,#1940,.F.);
#2982=ORIENTED_EDGE('',*,*,#2173,.T.);
#2983=ORIENTED_EDGE('',*,*,#1993,.F.);
#2984=ORIENTED_EDGE('',*,*,#2173,.F.);
#2985=ORIENTED_EDGE('',*,*,#1941,.F.);
#2986=ORIENTED_EDGE('',*,*,#2174,.T.);
#2987=ORIENTED_EDGE('',*,*,#1994,.F.);
#2988=ORIENTED_EDGE('',*,*,#2174,.F.);
#2989=ORIENTED_EDGE('',*,*,#1942,.F.);
#2990=ORIENTED_EDGE('',*,*,#2175,.T.);
#2991=ORIENTED_EDGE('',*,*,#1995,.F.);
#2992=ORIENTED_EDGE('',*,*,#2175,.F.);
#2993=ORIENTED_EDGE('',*,*,#1943,.F.);
#2994=ORIENTED_EDGE('',*,*,#2176,.T.);
#2995=ORIENTED_EDGE('',*,*,#1996,.F.);
#2996=ORIENTED_EDGE('',*,*,#2176,.F.);
#2997=ORIENTED_EDGE('',*,*,#1944,.F.);
#2998=ORIENTED_EDGE('',*,*,#2177,.T.);
#2999=ORIENTED_EDGE('',*,*,#1997,.F.);
#3000=ORIENTED_EDGE('',*,*,#2177,.F.);
#3001=ORIENTED_EDGE('',*,*,#1945,.F.);
#3002=ORIENTED_EDGE('',*,*,#2178,.T.);
#3003=ORIENTED_EDGE('',*,*,#1998,.F.);
#3004=ORIENTED_EDGE('',*,*,#2178,.F.);
#3005=PLANE('',#3182);
#3006=PLANE('',#3224);
#3007=PLANE('',#3225);
#3008=PLANE('',#3308);
#3009=PLANE('',#3309);
#3010=PLANE('',#3310);
#3011=PLANE('',#3355);
#3012=PLANE('',#3356);
#3013=PLANE('',#3358);
#3014=PLANE('',#3360);
#3015=PLANE('',#3362);
#3016=PLANE('',#3404);
#3017=PLANE('',#3449);
#3018=PLANE('',#3450);
#3019=PLANE('',#3451);
#3020=PLANE('',#3453);
#3021=PLANE('',#3455);
#3022=PLANE('',#3497);
#3023=ADVANCED_FACE('',(#642,#142,#143,#144,#145,#146,#147,#148,#149,#150,
#151,#152,#153,#154,#155,#156,#157,#158,#159,#160,#161,#162,#163,#164,#165,
#166,#167,#168,#169,#170,#171,#172,#173,#174,#175,#176,#177,#178,#179,#180,
#181,#182),#3005,.T.);
#3024=ADVANCED_FACE('',(#643),#3006,.T.);
#3025=ADVANCED_FACE('',(#644),#3007,.T.);
#3026=ADVANCED_FACE('',(#645),#15,.F.);
#3027=ADVANCED_FACE('',(#646),#16,.F.);
#3028=ADVANCED_FACE('',(#647),#17,.F.);
#3029=ADVANCED_FACE('',(#648),#18,.F.);
#3030=ADVANCED_FACE('',(#649),#19,.F.);
#3031=ADVANCED_FACE('',(#650),#20,.F.);
#3032=ADVANCED_FACE('',(#651),#21,.F.);
#3033=ADVANCED_FACE('',(#652),#22,.F.);
#3034=ADVANCED_FACE('',(#653),#23,.F.);
#3035=ADVANCED_FACE('',(#654),#24,.F.);
#3036=ADVANCED_FACE('',(#655),#25,.F.);
#3037=ADVANCED_FACE('',(#656),#26,.F.);
#3038=ADVANCED_FACE('',(#657),#27,.F.);
#3039=ADVANCED_FACE('',(#658),#28,.F.);
#3040=ADVANCED_FACE('',(#659),#29,.F.);
#3041=ADVANCED_FACE('',(#660),#30,.F.);
#3042=ADVANCED_FACE('',(#661),#31,.F.);
#3043=ADVANCED_FACE('',(#662),#32,.F.);
#3044=ADVANCED_FACE('',(#663),#33,.F.);
#3045=ADVANCED_FACE('',(#664),#34,.F.);
#3046=ADVANCED_FACE('',(#665),#35,.F.);
#3047=ADVANCED_FACE('',(#666),#36,.F.);
#3048=ADVANCED_FACE('',(#667),#37,.F.);
#3049=ADVANCED_FACE('',(#668),#38,.F.);
#3050=ADVANCED_FACE('',(#669),#39,.F.);
#3051=ADVANCED_FACE('',(#670),#40,.F.);
#3052=ADVANCED_FACE('',(#671),#41,.F.);
#3053=ADVANCED_FACE('',(#672),#42,.F.);
#3054=ADVANCED_FACE('',(#673),#43,.F.);
#3055=ADVANCED_FACE('',(#674),#44,.F.);
#3056=ADVANCED_FACE('',(#675),#45,.F.);
#3057=ADVANCED_FACE('',(#676),#46,.F.);
#3058=ADVANCED_FACE('',(#677),#47,.F.);
#3059=ADVANCED_FACE('',(#678),#48,.F.);
#3060=ADVANCED_FACE('',(#679),#49,.F.);
#3061=ADVANCED_FACE('',(#680),#50,.F.);
#3062=ADVANCED_FACE('',(#681),#51,.F.);
#3063=ADVANCED_FACE('',(#682),#52,.F.);
#3064=ADVANCED_FACE('',(#683),#53,.F.);
#3065=ADVANCED_FACE('',(#684),#54,.F.);
#3066=ADVANCED_FACE('',(#685),#55,.F.);
#3067=ADVANCED_FACE('',(#686,#183,#184,#185,#186,#187,#188,#189,#190,#191,
#192,#193,#194,#195,#196,#197,#198,#199,#200,#201,#202,#203,#204,#205,#206,
#207,#208,#209,#210,#211,#212,#213,#214,#215,#216,#217,#218,#219,#220,#221,
#222,#223),#3008,.F.);
#3068=ADVANCED_FACE('',(#687),#3009,.T.);
#3069=ADVANCED_FACE('',(#688,#224,#225,#226,#227,#228,#229,#230,#231,#232,
#233,#234,#235,#236,#237,#238,#239,#240,#241,#242,#243,#244,#245,#246,#247,
#248,#249,#250,#251,#252,#253,#254,#255,#256,#257,#258,#259,#260,#261,#262,
#263,#264),#3010,.T.);
#3070=ADVANCED_FACE('',(#689),#56,.F.);
#3071=ADVANCED_FACE('',(#690),#3011,.T.);
#3072=ADVANCED_FACE('',(#691),#3012,.T.);
#3073=ADVANCED_FACE('',(#692),#3013,.T.);
#3074=ADVANCED_FACE('',(#693),#3014,.T.);
#3075=ADVANCED_FACE('',(#694),#57,.T.);
#3076=ADVANCED_FACE('',(#695,#265,#266,#267,#268,#269,#270,#271,#272,#273,
#274,#275,#276,#277,#278,#279,#280,#281,#282,#283,#284,#285,#286,#287,#288,
#289,#290,#291,#292,#293,#294,#295,#296,#297,#298,#299,#300,#301,#302,#303,
#304,#305),#3015,.T.);
#3077=ADVANCED_FACE('',(#696,#306,#307,#308,#309,#310,#311,#312,#313,#314,
#315,#316,#317,#318,#319,#320,#321,#322,#323,#324,#325,#326,#327,#328,#329,
#330,#331,#332,#333,#334,#335,#336,#337,#338,#339,#340,#341,#342,#343,#344,
#345,#346),#3016,.T.);
#3078=ADVANCED_FACE('',(#697),#58,.F.);
#3079=ADVANCED_FACE('',(#698),#3017,.T.);
#3080=ADVANCED_FACE('',(#699),#3018,.T.);
#3081=ADVANCED_FACE('',(#700),#3019,.T.);
#3082=ADVANCED_FACE('',(#701),#3020,.T.);
#3083=ADVANCED_FACE('',(#702,#347,#348,#349,#350,#351,#352,#353,#354,#355,
#356,#357,#358,#359,#360,#361,#362,#363,#364,#365,#366,#367,#368,#369,#370,
#371,#372,#373,#374,#375,#376,#377,#378,#379,#380,#381,#382,#383,#384,#385,
#386,#387),#3021,.T.);
#3084=ADVANCED_FACE('',(#703),#3022,.T.);
#3085=ADVANCED_FACE('',(#704),#59,.T.);
#3086=ADVANCED_FACE('',(#705),#60,.F.);
#3087=ADVANCED_FACE('',(#706),#61,.F.);
#3088=ADVANCED_FACE('',(#707),#62,.F.);
#3089=ADVANCED_FACE('',(#708),#63,.F.);
#3090=ADVANCED_FACE('',(#709),#64,.F.);
#3091=ADVANCED_FACE('',(#710),#65,.F.);
#3092=ADVANCED_FACE('',(#711),#66,.F.);
#3093=ADVANCED_FACE('',(#712),#67,.F.);
#3094=ADVANCED_FACE('',(#713),#68,.F.);
#3095=ADVANCED_FACE('',(#714),#69,.F.);
#3096=ADVANCED_FACE('',(#715),#70,.F.);
#3097=ADVANCED_FACE('',(#716),#71,.F.);
#3098=ADVANCED_FACE('',(#717),#72,.F.);
#3099=ADVANCED_FACE('',(#718),#73,.F.);
#3100=ADVANCED_FACE('',(#719),#74,.F.);
#3101=ADVANCED_FACE('',(#720),#75,.F.);
#3102=ADVANCED_FACE('',(#721),#76,.F.);
#3103=ADVANCED_FACE('',(#722),#77,.F.);
#3104=ADVANCED_FACE('',(#723),#78,.F.);
#3105=ADVANCED_FACE('',(#724),#79,.F.);
#3106=ADVANCED_FACE('',(#725),#80,.F.);
#3107=ADVANCED_FACE('',(#726),#81,.F.);
#3108=ADVANCED_FACE('',(#727),#82,.F.);
#3109=ADVANCED_FACE('',(#728),#83,.F.);
#3110=ADVANCED_FACE('',(#729),#84,.F.);
#3111=ADVANCED_FACE('',(#730),#85,.F.);
#3112=ADVANCED_FACE('',(#731),#86,.F.);
#3113=ADVANCED_FACE('',(#732),#87,.F.);
#3114=ADVANCED_FACE('',(#733),#88,.F.);
#3115=ADVANCED_FACE('',(#734),#89,.F.);
#3116=ADVANCED_FACE('',(#735),#90,.F.);
#3117=ADVANCED_FACE('',(#736),#91,.F.);
#3118=ADVANCED_FACE('',(#737),#92,.F.);
#3119=ADVANCED_FACE('',(#738),#93,.F.);
#3120=ADVANCED_FACE('',(#739),#94,.F.);
#3121=ADVANCED_FACE('',(#740),#95,.F.);
#3122=ADVANCED_FACE('',(#741),#96,.F.);
#3123=ADVANCED_FACE('',(#742),#97,.F.);
#3124=ADVANCED_FACE('',(#743),#98,.F.);
#3125=ADVANCED_FACE('',(#744),#99,.F.);
#3126=ADVANCED_FACE('',(#745),#100,.F.);
#3127=ADVANCED_FACE('',(#746),#101,.F.);
#3128=ADVANCED_FACE('',(#747),#102,.F.);
#3129=ADVANCED_FACE('',(#748),#103,.F.);
#3130=ADVANCED_FACE('',(#749),#104,.F.);
#3131=ADVANCED_FACE('',(#750),#105,.F.);
#3132=ADVANCED_FACE('',(#751),#106,.F.);
#3133=ADVANCED_FACE('',(#752),#107,.F.);
#3134=ADVANCED_FACE('',(#753),#108,.F.);
#3135=ADVANCED_FACE('',(#754),#109,.F.);
#3136=ADVANCED_FACE('',(#755),#110,.F.);
#3137=ADVANCED_FACE('',(#756),#111,.F.);
#3138=ADVANCED_FACE('',(#757),#112,.F.);
#3139=ADVANCED_FACE('',(#758),#113,.F.);
#3140=ADVANCED_FACE('',(#759),#114,.F.);
#3141=ADVANCED_FACE('',(#760),#115,.F.);
#3142=ADVANCED_FACE('',(#761),#116,.F.);
#3143=ADVANCED_FACE('',(#762),#117,.F.);
#3144=ADVANCED_FACE('',(#763),#118,.F.);
#3145=ADVANCED_FACE('',(#764),#119,.F.);
#3146=ADVANCED_FACE('',(#765),#120,.F.);
#3147=ADVANCED_FACE('',(#766),#121,.F.);
#3148=ADVANCED_FACE('',(#767),#122,.F.);
#3149=ADVANCED_FACE('',(#768),#123,.F.);
#3150=ADVANCED_FACE('',(#769),#124,.F.);
#3151=ADVANCED_FACE('',(#770),#125,.F.);
#3152=ADVANCED_FACE('',(#771),#126,.F.);
#3153=ADVANCED_FACE('',(#772),#127,.F.);
#3154=ADVANCED_FACE('',(#773),#128,.F.);
#3155=ADVANCED_FACE('',(#774),#129,.F.);
#3156=ADVANCED_FACE('',(#775),#130,.F.);
#3157=ADVANCED_FACE('',(#776),#131,.F.);
#3158=ADVANCED_FACE('',(#777),#132,.F.);
#3159=ADVANCED_FACE('',(#778),#133,.F.);
#3160=ADVANCED_FACE('',(#779),#134,.F.);
#3161=ADVANCED_FACE('',(#780),#135,.F.);
#3162=ADVANCED_FACE('',(#781),#136,.F.);
#3163=ADVANCED_FACE('',(#782),#137,.F.);
#3164=ADVANCED_FACE('',(#783),#138,.F.);
#3165=ADVANCED_FACE('',(#784),#139,.F.);
#3166=ADVANCED_FACE('',(#785),#140,.F.);
#3167=ADVANCED_FACE('',(#786),#141,.F.);
#3168=CLOSED_SHELL('',(#3023,#3024,#3025,#3026,#3027,#3028,#3029,#3030,
#3031,#3032,#3033,#3034,#3035,#3036,#3037,#3038,#3039,#3040,#3041,#3042,
#3043,#3044,#3045,#3046,#3047,#3048,#3049,#3050,#3051,#3052,#3053,#3054,
#3055,#3056,#3057,#3058,#3059,#3060,#3061,#3062,#3063,#3064,#3065,#3066,
#3067,#3068,#3069,#3070,#3071,#3072,#3073,#3074,#3075,#3076,#3077,#3078,
#3079,#3080,#3081,#3082,#3083,#3084,#3085,#3086,#3087,#3088,#3089,#3090,
#3091,#3092,#3093,#3094,#3095,#3096,#3097,#3098,#3099,#3100,#3101,#3102,
#3103,#3104,#3105,#3106,#3107,#3108,#3109,#3110,#3111,#3112,#3113,#3114,
#3115,#3116,#3117,#3118,#3119,#3120,#3121,#3122,#3123,#3124,#3125,#3126,
#3127,#3128,#3129,#3130,#3131,#3132,#3133,#3134,#3135,#3136,#3137,#3138,
#3139,#3140,#3141,#3142,#3143,#3144,#3145,#3146,#3147,#3148,#3149,#3150,
#3151,#3152,#3153,#3154,#3155,#3156,#3157,#3158,#3159,#3160,#3161,#3162,
#3163,#3164,#3165,#3166,#3167));
#3169=DERIVED_UNIT_ELEMENT(#3171,1.);
#3170=DERIVED_UNIT_ELEMENT(#5374,-3.);
#3171=(
MASS_UNIT()
NAMED_UNIT(*)
SI_UNIT(.KILO.,.GRAM.)
);
#3172=DERIVED_UNIT((#3169,#3170));
#3173=MEASURE_REPRESENTATION_ITEM('density measure',
POSITIVE_RATIO_MEASURE(7850.),#3172);
#3174=PROPERTY_DEFINITION_REPRESENTATION(#3179,#3176);
#3175=PROPERTY_DEFINITION_REPRESENTATION(#3180,#3177);
#3176=REPRESENTATION('material name',(#3178),#5371);
#3177=REPRESENTATION('density',(#3173),#5371);
#3178=DESCRIPTIVE_REPRESENTATION_ITEM('Steel','Steel');
#3179=PROPERTY_DEFINITION('material property','material name',#5381);
#3180=PROPERTY_DEFINITION('material property','density of part',#5381);
#3181=AXIS2_PLACEMENT_3D('',#4540,#3581,#3582);
#3182=AXIS2_PLACEMENT_3D('',#4541,#3583,#3584);
#3183=AXIS2_PLACEMENT_3D('',#4551,#3589,#3590);
#3184=AXIS2_PLACEMENT_3D('',#4553,#3591,#3592);
#3185=AXIS2_PLACEMENT_3D('',#4555,#3593,#3594);
#3186=AXIS2_PLACEMENT_3D('',#4557,#3595,#3596);
#3187=AXIS2_PLACEMENT_3D('',#4559,#3597,#3598);
#3188=AXIS2_PLACEMENT_3D('',#4561,#3599,#3600);
#3189=AXIS2_PLACEMENT_3D('',#4563,#3601,#3602);
#3190=AXIS2_PLACEMENT_3D('',#4565,#3603,#3604);
#3191=AXIS2_PLACEMENT_3D('',#4567,#3605,#3606);
#3192=AXIS2_PLACEMENT_3D('',#4569,#3607,#3608);
#3193=AXIS2_PLACEMENT_3D('',#4571,#3609,#3610);
#3194=AXIS2_PLACEMENT_3D('',#4573,#3611,#3612);
#3195=AXIS2_PLACEMENT_3D('',#4575,#3613,#3614);
#3196=AXIS2_PLACEMENT_3D('',#4577,#3615,#3616);
#3197=AXIS2_PLACEMENT_3D('',#4579,#3617,#3618);
#3198=AXIS2_PLACEMENT_3D('',#4581,#3619,#3620);
#3199=AXIS2_PLACEMENT_3D('',#4583,#3621,#3622);
#3200=AXIS2_PLACEMENT_3D('',#4585,#3623,#3624);
#3201=AXIS2_PLACEMENT_3D('',#4587,#3625,#3626);
#3202=AXIS2_PLACEMENT_3D('',#4589,#3627,#3628);
#3203=AXIS2_PLACEMENT_3D('',#4591,#3629,#3630);
#3204=AXIS2_PLACEMENT_3D('',#4593,#3631,#3632);
#3205=AXIS2_PLACEMENT_3D('',#4595,#3633,#3634);
#3206=AXIS2_PLACEMENT_3D('',#4597,#3635,#3636);
#3207=AXIS2_PLACEMENT_3D('',#4599,#3637,#3638);
#3208=AXIS2_PLACEMENT_3D('',#4601,#3639,#3640);
#3209=AXIS2_PLACEMENT_3D('',#4603,#3641,#3642);
#3210=AXIS2_PLACEMENT_3D('',#4605,#3643,#3644);
#3211=AXIS2_PLACEMENT_3D('',#4607,#3645,#3646);
#3212=AXIS2_PLACEMENT_3D('',#4609,#3647,#3648);
#3213=AXIS2_PLACEMENT_3D('',#4611,#3649,#3650);
#3214=AXIS2_PLACEMENT_3D('',#4613,#3651,#3652);
#3215=AXIS2_PLACEMENT_3D('',#4615,#3653,#3654);
#3216=AXIS2_PLACEMENT_3D('',#4617,#3655,#3656);
#3217=AXIS2_PLACEMENT_3D('',#4619,#3657,#3658);
#3218=AXIS2_PLACEMENT_3D('',#4621,#3659,#3660);
#3219=AXIS2_PLACEMENT_3D('',#4623,#3661,#3662);
#3220=AXIS2_PLACEMENT_3D('',#4625,#3663,#3664);
#3221=AXIS2_PLACEMENT_3D('',#4627,#3665,#3666);
#3222=AXIS2_PLACEMENT_3D('',#4629,#3667,#3668);
#3223=AXIS2_PLACEMENT_3D('',#4631,#3669,#3670);
#3224=AXIS2_PLACEMENT_3D('',#4632,#3671,#3672);
#3225=AXIS2_PLACEMENT_3D('',#4638,#3676,#3677);
#3226=AXIS2_PLACEMENT_3D('',#4642,#3680,#3681);
#3227=AXIS2_PLACEMENT_3D('',#4644,#3682,#3683);
#3228=AXIS2_PLACEMENT_3D('',#4646,#3685,#3686);
#3229=AXIS2_PLACEMENT_3D('',#4648,#3687,#3688);
#3230=AXIS2_PLACEMENT_3D('',#4650,#3690,#3691);
#3231=AXIS2_PLACEMENT_3D('',#4652,#3692,#3693);
#3232=AXIS2_PLACEMENT_3D('',#4654,#3695,#3696);
#3233=AXIS2_PLACEMENT_3D('',#4656,#3697,#3698);
#3234=AXIS2_PLACEMENT_3D('',#4658,#3700,#3701);
#3235=AXIS2_PLACEMENT_3D('',#4660,#3702,#3703);
#3236=AXIS2_PLACEMENT_3D('',#4662,#3705,#3706);
#3237=AXIS2_PLACEMENT_3D('',#4664,#3707,#3708);
#3238=AXIS2_PLACEMENT_3D('',#4666,#3710,#3711);
#3239=AXIS2_PLACEMENT_3D('',#4668,#3712,#3713);
#3240=AXIS2_PLACEMENT_3D('',#4670,#3715,#3716);
#3241=AXIS2_PLACEMENT_3D('',#4672,#3717,#3718);
#3242=AXIS2_PLACEMENT_3D('',#4674,#3720,#3721);
#3243=AXIS2_PLACEMENT_3D('',#4676,#3722,#3723);
#3244=AXIS2_PLACEMENT_3D('',#4678,#3725,#3726);
#3245=AXIS2_PLACEMENT_3D('',#4680,#3727,#3728);
#3246=AXIS2_PLACEMENT_3D('',#4682,#3730,#3731);
#3247=AXIS2_PLACEMENT_3D('',#4684,#3732,#3733);
#3248=AXIS2_PLACEMENT_3D('',#4686,#3735,#3736);
#3249=AXIS2_PLACEMENT_3D('',#4688,#3737,#3738);
#3250=AXIS2_PLACEMENT_3D('',#4690,#3740,#3741);
#3251=AXIS2_PLACEMENT_3D('',#4692,#3742,#3743);
#3252=AXIS2_PLACEMENT_3D('',#4694,#3745,#3746);
#3253=AXIS2_PLACEMENT_3D('',#4696,#3747,#3748);
#3254=AXIS2_PLACEMENT_3D('',#4698,#3750,#3751);
#3255=AXIS2_PLACEMENT_3D('',#4700,#3752,#3753);
#3256=AXIS2_PLACEMENT_3D('',#4702,#3755,#3756);
#3257=AXIS2_PLACEMENT_3D('',#4704,#3757,#3758);
#3258=AXIS2_PLACEMENT_3D('',#4706,#3760,#3761);
#3259=AXIS2_PLACEMENT_3D('',#4708,#3762,#3763);
#3260=AXIS2_PLACEMENT_3D('',#4710,#3765,#3766);
#3261=AXIS2_PLACEMENT_3D('',#4712,#3767,#3768);
#3262=AXIS2_PLACEMENT_3D('',#4714,#3770,#3771);
#3263=AXIS2_PLACEMENT_3D('',#4716,#3772,#3773);
#3264=AXIS2_PLACEMENT_3D('',#4718,#3775,#3776);
#3265=AXIS2_PLACEMENT_3D('',#4720,#3777,#3778);
#3266=AXIS2_PLACEMENT_3D('',#4722,#3780,#3781);
#3267=AXIS2_PLACEMENT_3D('',#4724,#3782,#3783);
#3268=AXIS2_PLACEMENT_3D('',#4726,#3785,#3786);
#3269=AXIS2_PLACEMENT_3D('',#4728,#3787,#3788);
#3270=AXIS2_PLACEMENT_3D('',#4730,#3790,#3791);
#3271=AXIS2_PLACEMENT_3D('',#4732,#3792,#3793);
#3272=AXIS2_PLACEMENT_3D('',#4734,#3795,#3796);
#3273=AXIS2_PLACEMENT_3D('',#4736,#3797,#3798);
#3274=AXIS2_PLACEMENT_3D('',#4738,#3800,#3801);
#3275=AXIS2_PLACEMENT_3D('',#4740,#3802,#3803);
#3276=AXIS2_PLACEMENT_3D('',#4742,#3805,#3806);
#3277=AXIS2_PLACEMENT_3D('',#4744,#3807,#3808);
#3278=AXIS2_PLACEMENT_3D('',#4746,#3810,#3811);
#3279=AXIS2_PLACEMENT_3D('',#4748,#3812,#3813);
#3280=AXIS2_PLACEMENT_3D('',#4750,#3815,#3816);
#3281=AXIS2_PLACEMENT_3D('',#4752,#3817,#3818);
#3282=AXIS2_PLACEMENT_3D('',#4754,#3820,#3821);
#3283=AXIS2_PLACEMENT_3D('',#4756,#3822,#3823);
#3284=AXIS2_PLACEMENT_3D('',#4758,#3825,#3826);
#3285=AXIS2_PLACEMENT_3D('',#4760,#3827,#3828);
#3286=AXIS2_PLACEMENT_3D('',#4762,#3830,#3831);
#3287=AXIS2_PLACEMENT_3D('',#4764,#3832,#3833);
#3288=AXIS2_PLACEMENT_3D('',#4766,#3835,#3836);
#3289=AXIS2_PLACEMENT_3D('',#4768,#3837,#3838);
#3290=AXIS2_PLACEMENT_3D('',#4770,#3840,#3841);
#3291=AXIS2_PLACEMENT_3D('',#4772,#3842,#3843);
#3292=AXIS2_PLACEMENT_3D('',#4774,#3845,#3846);
#3293=AXIS2_PLACEMENT_3D('',#4776,#3847,#3848);
#3294=AXIS2_PLACEMENT_3D('',#4778,#3850,#3851);
#3295=AXIS2_PLACEMENT_3D('',#4780,#3852,#3853);
#3296=AXIS2_PLACEMENT_3D('',#4782,#3855,#3856);
#3297=AXIS2_PLACEMENT_3D('',#4784,#3857,#3858);
#3298=AXIS2_PLACEMENT_3D('',#4786,#3860,#3861);
#3299=AXIS2_PLACEMENT_3D('',#4788,#3862,#3863);
#3300=AXIS2_PLACEMENT_3D('',#4790,#3865,#3866);
#3301=AXIS2_PLACEMENT_3D('',#4792,#3867,#3868);
#3302=AXIS2_PLACEMENT_3D('',#4794,#3870,#3871);
#3303=AXIS2_PLACEMENT_3D('',#4796,#3872,#3873);
#3304=AXIS2_PLACEMENT_3D('',#4798,#3875,#3876);
#3305=AXIS2_PLACEMENT_3D('',#4800,#3877,#3878);
#3306=AXIS2_PLACEMENT_3D('',#4802,#3880,#3881);
#3307=AXIS2_PLACEMENT_3D('',#4804,#3882,#3883);
#3308=AXIS2_PLACEMENT_3D('',#4806,#3885,#3886);
#3309=AXIS2_PLACEMENT_3D('',#4810,#3889,#3890);
#3310=AXIS2_PLACEMENT_3D('',#4812,#3892,#3893);
#3311=AXIS2_PLACEMENT_3D('',#4822,#3898,#3899);
#3312=AXIS2_PLACEMENT_3D('',#4824,#3900,#3901);
#3313=AXIS2_PLACEMENT_3D('',#4826,#3902,#3903);
#3314=AXIS2_PLACEMENT_3D('',#4828,#3904,#3905);
#3315=AXIS2_PLACEMENT_3D('',#4830,#3906,#3907);
#3316=AXIS2_PLACEMENT_3D('',#4832,#3908,#3909);
#3317=AXIS2_PLACEMENT_3D('',#4834,#3910,#3911);
#3318=AXIS2_PLACEMENT_3D('',#4836,#3912,#3913);
#3319=AXIS2_PLACEMENT_3D('',#4838,#3914,#3915);
#3320=AXIS2_PLACEMENT_3D('',#4840,#3916,#3917);
#3321=AXIS2_PLACEMENT_3D('',#4842,#3918,#3919);
#3322=AXIS2_PLACEMENT_3D('',#4844,#3920,#3921);
#3323=AXIS2_PLACEMENT_3D('',#4846,#3922,#3923);
#3324=AXIS2_PLACEMENT_3D('',#4848,#3924,#3925);
#3325=AXIS2_PLACEMENT_3D('',#4850,#3926,#3927);
#3326=AXIS2_PLACEMENT_3D('',#4852,#3928,#3929);
#3327=AXIS2_PLACEMENT_3D('',#4854,#3930,#3931);
#3328=AXIS2_PLACEMENT_3D('',#4856,#3932,#3933);
#3329=AXIS2_PLACEMENT_3D('',#4858,#3934,#3935);
#3330=AXIS2_PLACEMENT_3D('',#4860,#3936,#3937);
#3331=AXIS2_PLACEMENT_3D('',#4862,#3938,#3939);
#3332=AXIS2_PLACEMENT_3D('',#4864,#3940,#3941);
#3333=AXIS2_PLACEMENT_3D('',#4866,#3942,#3943);
#3334=AXIS2_PLACEMENT_3D('',#4868,#3944,#3945);
#3335=AXIS2_PLACEMENT_3D('',#4870,#3946,#3947);
#3336=AXIS2_PLACEMENT_3D('',#4872,#3948,#3949);
#3337=AXIS2_PLACEMENT_3D('',#4874,#3950,#3951);
#3338=AXIS2_PLACEMENT_3D('',#4876,#3952,#3953);
#3339=AXIS2_PLACEMENT_3D('',#4878,#3954,#3955);
#3340=AXIS2_PLACEMENT_3D('',#4880,#3956,#3957);
#3341=AXIS2_PLACEMENT_3D('',#4882,#3958,#3959);
#3342=AXIS2_PLACEMENT_3D('',#4884,#3960,#3961);
#3343=AXIS2_PLACEMENT_3D('',#4886,#3962,#3963);
#3344=AXIS2_PLACEMENT_3D('',#4888,#3964,#3965);
#3345=AXIS2_PLACEMENT_3D('',#4890,#3966,#3967);
#3346=AXIS2_PLACEMENT_3D('',#4892,#3968,#3969);
#3347=AXIS2_PLACEMENT_3D('',#4894,#3970,#3971);
#3348=AXIS2_PLACEMENT_3D('',#4896,#3972,#3973);
#3349=AXIS2_PLACEMENT_3D('',#4898,#3974,#3975);
#3350=AXIS2_PLACEMENT_3D('',#4900,#3976,#3977);
#3351=AXIS2_PLACEMENT_3D('',#4902,#3978,#3979);
#3352=AXIS2_PLACEMENT_3D('',#4903,#3980,#3981);
#3353=AXIS2_PLACEMENT_3D('',#4907,#3983,#3984);
#3354=AXIS2_PLACEMENT_3D('',#4908,#3985,#3986);
#3355=AXIS2_PLACEMENT_3D('',#4909,#3987,#3988);
#3356=AXIS2_PLACEMENT_3D('',#4914,#3992,#3993);
#3357=AXIS2_PLACEMENT_3D('',#4916,#3995,#3996);
#3358=AXIS2_PLACEMENT_3D('',#4917,#3997,#3998);
#3359=AXIS2_PLACEMENT_3D('',#4918,#3999,#4000);
#3360=AXIS2_PLACEMENT_3D('',#4919,#4001,#4002);
#3361=AXIS2_PLACEMENT_3D('',#4923,#4005,#4006);
#3362=AXIS2_PLACEMENT_3D('',#4924,#4007,#4008);
#3363=AXIS2_PLACEMENT_3D('',#4927,#4010,#4011);
#3364=AXIS2_PLACEMENT_3D('',#4929,#4012,#4013);
#3365=AXIS2_PLACEMENT_3D('',#4931,#4014,#4015);
#3366=AXIS2_PLACEMENT_3D('',#4933,#4016,#4017);
#3367=AXIS2_PLACEMENT_3D('',#4935,#4018,#4019);
#3368=AXIS2_PLACEMENT_3D('',#4937,#4020,#4021);
#3369=AXIS2_PLACEMENT_3D('',#4939,#4022,#4023);
#3370=AXIS2_PLACEMENT_3D('',#4941,#4024,#4025);
#3371=AXIS2_PLACEMENT_3D('',#4943,#4026,#4027);
#3372=AXIS2_PLACEMENT_3D('',#4945,#4028,#4029);
#3373=AXIS2_PLACEMENT_3D('',#4947,#4030,#4031);
#3374=AXIS2_PLACEMENT_3D('',#4949,#4032,#4033);
#3375=AXIS2_PLACEMENT_3D('',#4951,#4034,#4035);
#3376=AXIS2_PLACEMENT_3D('',#4953,#4036,#4037);
#3377=AXIS2_PLACEMENT_3D('',#4955,#4038,#4039);
#3378=AXIS2_PLACEMENT_3D('',#4957,#4040,#4041);
#3379=AXIS2_PLACEMENT_3D('',#4959,#4042,#4043);
#3380=AXIS2_PLACEMENT_3D('',#4961,#4044,#4045);
#3381=AXIS2_PLACEMENT_3D('',#4963,#4046,#4047);
#3382=AXIS2_PLACEMENT_3D('',#4965,#4048,#4049);
#3383=AXIS2_PLACEMENT_3D('',#4967,#4050,#4051);
#3384=AXIS2_PLACEMENT_3D('',#4969,#4052,#4053);
#3385=AXIS2_PLACEMENT_3D('',#4971,#4054,#4055);
#3386=AXIS2_PLACEMENT_3D('',#4973,#4056,#4057);
#3387=AXIS2_PLACEMENT_3D('',#4975,#4058,#4059);
#3388=AXIS2_PLACEMENT_3D('',#4977,#4060,#4061);
#3389=AXIS2_PLACEMENT_3D('',#4979,#4062,#4063);
#3390=AXIS2_PLACEMENT_3D('',#4981,#4064,#4065);
#3391=AXIS2_PLACEMENT_3D('',#4983,#4066,#4067);
#3392=AXIS2_PLACEMENT_3D('',#4985,#4068,#4069);
#3393=AXIS2_PLACEMENT_3D('',#4987,#4070,#4071);
#3394=AXIS2_PLACEMENT_3D('',#4989,#4072,#4073);
#3395=AXIS2_PLACEMENT_3D('',#4991,#4074,#4075);
#3396=AXIS2_PLACEMENT_3D('',#4993,#4076,#4077);
#3397=AXIS2_PLACEMENT_3D('',#4995,#4078,#4079);
#3398=AXIS2_PLACEMENT_3D('',#4997,#4080,#4081);
#3399=AXIS2_PLACEMENT_3D('',#4999,#4082,#4083);
#3400=AXIS2_PLACEMENT_3D('',#5001,#4084,#4085);
#3401=AXIS2_PLACEMENT_3D('',#5003,#4086,#4087);
#3402=AXIS2_PLACEMENT_3D('',#5005,#4088,#4089);
#3403=AXIS2_PLACEMENT_3D('',#5007,#4090,#4091);
#3404=AXIS2_PLACEMENT_3D('',#5008,#4092,#4093);
#3405=AXIS2_PLACEMENT_3D('',#5018,#4098,#4099);
#3406=AXIS2_PLACEMENT_3D('',#5020,#4100,#4101);
#3407=AXIS2_PLACEMENT_3D('',#5022,#4102,#4103);
#3408=AXIS2_PLACEMENT_3D('',#5024,#4104,#4105);
#3409=AXIS2_PLACEMENT_3D('',#5026,#4106,#4107);
#3410=AXIS2_PLACEMENT_3D('',#5028,#4108,#4109);
#3411=AXIS2_PLACEMENT_3D('',#5030,#4110,#4111);
#3412=AXIS2_PLACEMENT_3D('',#5032,#4112,#4113);
#3413=AXIS2_PLACEMENT_3D('',#5034,#4114,#4115);
#3414=AXIS2_PLACEMENT_3D('',#5036,#4116,#4117);
#3415=AXIS2_PLACEMENT_3D('',#5038,#4118,#4119);
#3416=AXIS2_PLACEMENT_3D('',#5040,#4120,#4121);
#3417=AXIS2_PLACEMENT_3D('',#5042,#4122,#4123);
#3418=AXIS2_PLACEMENT_3D('',#5044,#4124,#4125);
#3419=AXIS2_PLACEMENT_3D('',#5046,#4126,#4127);
#3420=AXIS2_PLACEMENT_3D('',#5048,#4128,#4129);
#3421=AXIS2_PLACEMENT_3D('',#5050,#4130,#4131);
#3422=AXIS2_PLACEMENT_3D('',#5052,#4132,#4133);
#3423=AXIS2_PLACEMENT_3D('',#5054,#4134,#4135);
#3424=AXIS2_PLACEMENT_3D('',#5056,#4136,#4137);
#3425=AXIS2_PLACEMENT_3D('',#5058,#4138,#4139);
#3426=AXIS2_PLACEMENT_3D('',#5060,#4140,#4141);
#3427=AXIS2_PLACEMENT_3D('',#5062,#4142,#4143);
#3428=AXIS2_PLACEMENT_3D('',#5064,#4144,#4145);
#3429=AXIS2_PLACEMENT_3D('',#5066,#4146,#4147);
#3430=AXIS2_PLACEMENT_3D('',#5068,#4148,#4149);
#3431=AXIS2_PLACEMENT_3D('',#5070,#4150,#4151);
#3432=AXIS2_PLACEMENT_3D('',#5072,#4152,#4153);
#3433=AXIS2_PLACEMENT_3D('',#5074,#4154,#4155);
#3434=AXIS2_PLACEMENT_3D('',#5076,#4156,#4157);
#3435=AXIS2_PLACEMENT_3D('',#5078,#4158,#4159);
#3436=AXIS2_PLACEMENT_3D('',#5080,#4160,#4161);
#3437=AXIS2_PLACEMENT_3D('',#5082,#4162,#4163);
#3438=AXIS2_PLACEMENT_3D('',#5084,#4164,#4165);
#3439=AXIS2_PLACEMENT_3D('',#5086,#4166,#4167);
#3440=AXIS2_PLACEMENT_3D('',#5088,#4168,#4169);
#3441=AXIS2_PLACEMENT_3D('',#5090,#4170,#4171);
#3442=AXIS2_PLACEMENT_3D('',#5092,#4172,#4173);
#3443=AXIS2_PLACEMENT_3D('',#5094,#4174,#4175);
#3444=AXIS2_PLACEMENT_3D('',#5096,#4176,#4177);
#3445=AXIS2_PLACEMENT_3D('',#5098,#4178,#4179);
#3446=AXIS2_PLACEMENT_3D('',#5099,#4180,#4181);
#3447=AXIS2_PLACEMENT_3D('',#5103,#4183,#4184);
#3448=AXIS2_PLACEMENT_3D('',#5104,#4185,#4186);
#3449=AXIS2_PLACEMENT_3D('',#5105,#4187,#4188);
#3450=AXIS2_PLACEMENT_3D('',#5111,#4192,#4193);
#3451=AXIS2_PLACEMENT_3D('',#5114,#4196,#4197);
#3452=AXIS2_PLACEMENT_3D('',#5116,#4199,#4200);
#3453=AXIS2_PLACEMENT_3D('',#5117,#4201,#4202);
#3454=AXIS2_PLACEMENT_3D('',#5118,#4203,#4204);
#3455=AXIS2_PLACEMENT_3D('',#5119,#4205,#4206);
#3456=AXIS2_PLACEMENT_3D('',#5122,#4208,#4209);
#3457=AXIS2_PLACEMENT_3D('',#5124,#4210,#4211);
#3458=AXIS2_PLACEMENT_3D('',#5126,#4212,#4213);
#3459=AXIS2_PLACEMENT_3D('',#5128,#4214,#4215);
#3460=AXIS2_PLACEMENT_3D('',#5130,#4216,#4217);
#3461=AXIS2_PLACEMENT_3D('',#5132,#4218,#4219);
#3462=AXIS2_PLACEMENT_3D('',#5134,#4220,#4221);
#3463=AXIS2_PLACEMENT_3D('',#5136,#4222,#4223);
#3464=AXIS2_PLACEMENT_3D('',#5138,#4224,#4225);
#3465=AXIS2_PLACEMENT_3D('',#5140,#4226,#4227);
#3466=AXIS2_PLACEMENT_3D('',#5142,#4228,#4229);
#3467=AXIS2_PLACEMENT_3D('',#5144,#4230,#4231);
#3468=AXIS2_PLACEMENT_3D('',#5146,#4232,#4233);
#3469=AXIS2_PLACEMENT_3D('',#5148,#4234,#4235);
#3470=AXIS2_PLACEMENT_3D('',#5150,#4236,#4237);
#3471=AXIS2_PLACEMENT_3D('',#5152,#4238,#4239);
#3472=AXIS2_PLACEMENT_3D('',#5154,#4240,#4241);
#3473=AXIS2_PLACEMENT_3D('',#5156,#4242,#4243);
#3474=AXIS2_PLACEMENT_3D('',#5158,#4244,#4245);
#3475=AXIS2_PLACEMENT_3D('',#5160,#4246,#4247);
#3476=AXIS2_PLACEMENT_3D('',#5162,#4248,#4249);
#3477=AXIS2_PLACEMENT_3D('',#5164,#4250,#4251);
#3478=AXIS2_PLACEMENT_3D('',#5166,#4252,#4253);
#3479=AXIS2_PLACEMENT_3D('',#5168,#4254,#4255);
#3480=AXIS2_PLACEMENT_3D('',#5170,#4256,#4257);
#3481=AXIS2_PLACEMENT_3D('',#5172,#4258,#4259);
#3482=AXIS2_PLACEMENT_3D('',#5174,#4260,#4261);
#3483=AXIS2_PLACEMENT_3D('',#5176,#4262,#4263);
#3484=AXIS2_PLACEMENT_3D('',#5178,#4264,#4265);
#3485=AXIS2_PLACEMENT_3D('',#5180,#4266,#4267);
#3486=AXIS2_PLACEMENT_3D('',#5182,#4268,#4269);
#3487=AXIS2_PLACEMENT_3D('',#5184,#4270,#4271);
#3488=AXIS2_PLACEMENT_3D('',#5186,#4272,#4273);
#3489=AXIS2_PLACEMENT_3D('',#5188,#4274,#4275);
#3490=AXIS2_PLACEMENT_3D('',#5190,#4276,#4277);
#3491=AXIS2_PLACEMENT_3D('',#5192,#4278,#4279);
#3492=AXIS2_PLACEMENT_3D('',#5194,#4280,#4281);
#3493=AXIS2_PLACEMENT_3D('',#5196,#4282,#4283);
#3494=AXIS2_PLACEMENT_3D('',#5198,#4284,#4285);
#3495=AXIS2_PLACEMENT_3D('',#5200,#4286,#4287);
#3496=AXIS2_PLACEMENT_3D('',#5202,#4288,#4289);
#3497=AXIS2_PLACEMENT_3D('',#5203,#4290,#4291);
#3498=AXIS2_PLACEMENT_3D('',#5204,#4292,#4293);
#3499=AXIS2_PLACEMENT_3D('',#5205,#4294,#4295);
#3500=AXIS2_PLACEMENT_3D('',#5207,#4297,#4298);
#3501=AXIS2_PLACEMENT_3D('',#5209,#4300,#4301);
#3502=AXIS2_PLACEMENT_3D('',#5211,#4303,#4304);
#3503=AXIS2_PLACEMENT_3D('',#5213,#4306,#4307);
#3504=AXIS2_PLACEMENT_3D('',#5215,#4309,#4310);
#3505=AXIS2_PLACEMENT_3D('',#5217,#4312,#4313);
#3506=AXIS2_PLACEMENT_3D('',#5219,#4315,#4316);
#3507=AXIS2_PLACEMENT_3D('',#5221,#4318,#4319);
#3508=AXIS2_PLACEMENT_3D('',#5223,#4321,#4322);
#3509=AXIS2_PLACEMENT_3D('',#5225,#4324,#4325);
#3510=AXIS2_PLACEMENT_3D('',#5227,#4327,#4328);
#3511=AXIS2_PLACEMENT_3D('',#5229,#4330,#4331);
#3512=AXIS2_PLACEMENT_3D('',#5231,#4333,#4334);
#3513=AXIS2_PLACEMENT_3D('',#5233,#4336,#4337);
#3514=AXIS2_PLACEMENT_3D('',#5235,#4339,#4340);
#3515=AXIS2_PLACEMENT_3D('',#5237,#4342,#4343);
#3516=AXIS2_PLACEMENT_3D('',#5239,#4345,#4346);
#3517=AXIS2_PLACEMENT_3D('',#5241,#4348,#4349);
#3518=AXIS2_PLACEMENT_3D('',#5243,#4351,#4352);
#3519=AXIS2_PLACEMENT_3D('',#5245,#4354,#4355);
#3520=AXIS2_PLACEMENT_3D('',#5247,#4357,#4358);
#3521=AXIS2_PLACEMENT_3D('',#5249,#4360,#4361);
#3522=AXIS2_PLACEMENT_3D('',#5251,#4363,#4364);
#3523=AXIS2_PLACEMENT_3D('',#5253,#4366,#4367);
#3524=AXIS2_PLACEMENT_3D('',#5255,#4369,#4370);
#3525=AXIS2_PLACEMENT_3D('',#5257,#4372,#4373);
#3526=AXIS2_PLACEMENT_3D('',#5259,#4375,#4376);
#3527=AXIS2_PLACEMENT_3D('',#5261,#4378,#4379);
#3528=AXIS2_PLACEMENT_3D('',#5263,#4381,#4382);
#3529=AXIS2_PLACEMENT_3D('',#5265,#4384,#4385);
#3530=AXIS2_PLACEMENT_3D('',#5267,#4387,#4388);
#3531=AXIS2_PLACEMENT_3D('',#5269,#4390,#4391);
#3532=AXIS2_PLACEMENT_3D('',#5271,#4393,#4394);
#3533=AXIS2_PLACEMENT_3D('',#5273,#4396,#4397);
#3534=AXIS2_PLACEMENT_3D('',#5275,#4399,#4400);
#3535=AXIS2_PLACEMENT_3D('',#5277,#4402,#4403);
#3536=AXIS2_PLACEMENT_3D('',#5279,#4405,#4406);
#3537=AXIS2_PLACEMENT_3D('',#5281,#4408,#4409);
#3538=AXIS2_PLACEMENT_3D('',#5283,#4411,#4412);
#3539=AXIS2_PLACEMENT_3D('',#5285,#4414,#4415);
#3540=AXIS2_PLACEMENT_3D('',#5287,#4417,#4418);
#3541=AXIS2_PLACEMENT_3D('',#5289,#4420,#4421);
#3542=AXIS2_PLACEMENT_3D('',#5291,#4423,#4424);
#3543=AXIS2_PLACEMENT_3D('',#5293,#4426,#4427);
#3544=AXIS2_PLACEMENT_3D('',#5295,#4429,#4430);
#3545=AXIS2_PLACEMENT_3D('',#5297,#4432,#4433);
#3546=AXIS2_PLACEMENT_3D('',#5299,#4435,#4436);
#3547=AXIS2_PLACEMENT_3D('',#5301,#4438,#4439);
#3548=AXIS2_PLACEMENT_3D('',#5303,#4441,#4442);
#3549=AXIS2_PLACEMENT_3D('',#5305,#4444,#4445);
#3550=AXIS2_PLACEMENT_3D('',#5307,#4447,#4448);
#3551=AXIS2_PLACEMENT_3D('',#5309,#4450,#4451);
#3552=AXIS2_PLACEMENT_3D('',#5311,#4453,#4454);
#3553=AXIS2_PLACEMENT_3D('',#5313,#4456,#4457);
#3554=AXIS2_PLACEMENT_3D('',#5315,#4459,#4460);
#3555=AXIS2_PLACEMENT_3D('',#5317,#4462,#4463);
#3556=AXIS2_PLACEMENT_3D('',#5319,#4465,#4466);
#3557=AXIS2_PLACEMENT_3D('',#5321,#4468,#4469);
#3558=AXIS2_PLACEMENT_3D('',#5323,#4471,#4472);
#3559=AXIS2_PLACEMENT_3D('',#5325,#4474,#4475);
#3560=AXIS2_PLACEMENT_3D('',#5327,#4477,#4478);
#3561=AXIS2_PLACEMENT_3D('',#5329,#4480,#4481);
#3562=AXIS2_PLACEMENT_3D('',#5331,#4483,#4484);
#3563=AXIS2_PLACEMENT_3D('',#5333,#4486,#4487);
#3564=AXIS2_PLACEMENT_3D('',#5335,#4489,#4490);
#3565=AXIS2_PLACEMENT_3D('',#5337,#4492,#4493);
#3566=AXIS2_PLACEMENT_3D('',#5339,#4495,#4496);
#3567=AXIS2_PLACEMENT_3D('',#5341,#4498,#4499);
#3568=AXIS2_PLACEMENT_3D('',#5343,#4501,#4502);
#3569=AXIS2_PLACEMENT_3D('',#5345,#4504,#4505);
#3570=AXIS2_PLACEMENT_3D('',#5347,#4507,#4508);
#3571=AXIS2_PLACEMENT_3D('',#5349,#4510,#4511);
#3572=AXIS2_PLACEMENT_3D('',#5351,#4513,#4514);
#3573=AXIS2_PLACEMENT_3D('',#5353,#4516,#4517);
#3574=AXIS2_PLACEMENT_3D('',#5355,#4519,#4520);
#3575=AXIS2_PLACEMENT_3D('',#5357,#4522,#4523);
#3576=AXIS2_PLACEMENT_3D('',#5359,#4525,#4526);
#3577=AXIS2_PLACEMENT_3D('',#5361,#4528,#4529);
#3578=AXIS2_PLACEMENT_3D('',#5363,#4531,#4532);
#3579=AXIS2_PLACEMENT_3D('',#5365,#4534,#4535);
#3580=AXIS2_PLACEMENT_3D('',#5367,#4537,#4538);
#3581=DIRECTION('axis',(0.,0.,1.));
#3582=DIRECTION('refdir',(1.,0.,0.));
#3583=DIRECTION('center_axis',(0.,0.,1.));
#3584=DIRECTION('ref_axis',(1.,0.,0.));
#3585=DIRECTION('',(-5.62138240316535E-17,1.,0.));
#3586=DIRECTION('',(-1.,-3.1720657846433E-16,0.));
#3587=DIRECTION('',(1.40534560079134E-17,-1.,0.));
#3588=DIRECTION('',(1.,0.,0.));
#3589=DIRECTION('center_axis',(0.,0.,-1.));
#3590=DIRECTION('ref_axis',(1.,0.,0.));
#3591=DIRECTION('center_axis',(0.,0.,-1.));
#3592=DIRECTION('ref_axis',(1.,0.,0.));
#3593=DIRECTION('center_axis',(0.,0.,-1.));
#3594=DIRECTION('ref_axis',(1.,0.,0.));
#3595=DIRECTION('center_axis',(0.,0.,-1.));
#3596=DIRECTION('ref_axis',(1.,0.,0.));
#3597=DIRECTION('center_axis',(0.,0.,-1.));
#3598=DIRECTION('ref_axis',(1.,0.,0.));
#3599=DIRECTION('center_axis',(0.,0.,-1.));
#3600=DIRECTION('ref_axis',(1.,0.,0.));
#3601=DIRECTION('center_axis',(0.,0.,-1.));
#3602=DIRECTION('ref_axis',(1.,0.,0.));
#3603=DIRECTION('center_axis',(0.,0.,-1.));
#3604=DIRECTION('ref_axis',(1.,0.,0.));
#3605=DIRECTION('center_axis',(0.,0.,-1.));
#3606=DIRECTION('ref_axis',(1.,0.,0.));
#3607=DIRECTION('center_axis',(0.,0.,-1.));
#3608=DIRECTION('ref_axis',(1.,0.,0.));
#3609=DIRECTION('center_axis',(0.,0.,-1.));
#3610=DIRECTION('ref_axis',(1.,0.,0.));
#3611=DIRECTION('center_axis',(0.,0.,-1.));
#3612=DIRECTION('ref_axis',(1.,0.,0.));
#3613=DIRECTION('center_axis',(0.,0.,-1.));
#3614=DIRECTION('ref_axis',(1.,0.,0.));
#3615=DIRECTION('center_axis',(0.,0.,-1.));
#3616=DIRECTION('ref_axis',(1.,0.,0.));
#3617=DIRECTION('center_axis',(0.,0.,-1.));
#3618=DIRECTION('ref_axis',(1.,0.,0.));
#3619=DIRECTION('center_axis',(0.,0.,-1.));
#3620=DIRECTION('ref_axis',(1.,0.,0.));
#3621=DIRECTION('center_axis',(0.,0.,-1.));
#3622=DIRECTION('ref_axis',(1.,0.,0.));
#3623=DIRECTION('center_axis',(0.,0.,-1.));
#3624=DIRECTION('ref_axis',(1.,0.,0.));
#3625=DIRECTION('center_axis',(0.,0.,-1.));
#3626=DIRECTION('ref_axis',(1.,0.,0.));
#3627=DIRECTION('center_axis',(0.,0.,-1.));
#3628=DIRECTION('ref_axis',(1.,0.,0.));
#3629=DIRECTION('center_axis',(0.,0.,-1.));
#3630=DIRECTION('ref_axis',(1.,0.,0.));
#3631=DIRECTION('center_axis',(0.,0.,-1.));
#3632=DIRECTION('ref_axis',(1.,0.,0.));
#3633=DIRECTION('center_axis',(0.,0.,-1.));
#3634=DIRECTION('ref_axis',(1.,0.,0.));
#3635=DIRECTION('center_axis',(0.,0.,-1.));
#3636=DIRECTION('ref_axis',(1.,0.,0.));
#3637=DIRECTION('center_axis',(0.,0.,-1.));
#3638=DIRECTION('ref_axis',(1.,0.,0.));
#3639=DIRECTION('center_axis',(0.,0.,-1.));
#3640=DIRECTION('ref_axis',(1.,0.,0.));
#3641=DIRECTION('center_axis',(0.,0.,-1.));
#3642=DIRECTION('ref_axis',(1.,0.,0.));
#3643=DIRECTION('center_axis',(0.,0.,-1.));
#3644=DIRECTION('ref_axis',(1.,0.,0.));
#3645=DIRECTION('center_axis',(0.,0.,-1.));
#3646=DIRECTION('ref_axis',(1.,0.,0.));
#3647=DIRECTION('center_axis',(0.,0.,-1.));
#3648=DIRECTION('ref_axis',(1.,0.,0.));
#3649=DIRECTION('center_axis',(0.,0.,-1.));
#3650=DIRECTION('ref_axis',(1.,0.,0.));
#3651=DIRECTION('center_axis',(0.,0.,-1.));
#3652=DIRECTION('ref_axis',(1.,0.,0.));
#3653=DIRECTION('center_axis',(0.,0.,-1.));
#3654=DIRECTION('ref_axis',(1.,0.,0.));
#3655=DIRECTION('center_axis',(0.,0.,-1.));
#3656=DIRECTION('ref_axis',(1.,0.,0.));
#3657=DIRECTION('center_axis',(0.,0.,-1.));
#3658=DIRECTION('ref_axis',(1.,0.,0.));
#3659=DIRECTION('center_axis',(0.,0.,-1.));
#3660=DIRECTION('ref_axis',(1.,0.,0.));
#3661=DIRECTION('center_axis',(0.,0.,-1.));
#3662=DIRECTION('ref_axis',(1.,0.,0.));
#3663=DIRECTION('center_axis',(0.,0.,-1.));
#3664=DIRECTION('ref_axis',(1.,0.,0.));
#3665=DIRECTION('center_axis',(0.,0.,-1.));
#3666=DIRECTION('ref_axis',(1.,0.,0.));
#3667=DIRECTION('center_axis',(0.,0.,-1.));
#3668=DIRECTION('ref_axis',(1.,0.,0.));
#3669=DIRECTION('center_axis',(0.,0.,-1.));
#3670=DIRECTION('ref_axis',(1.,0.,0.));
#3671=DIRECTION('center_axis',(0.,-1.,0.));
#3672=DIRECTION('ref_axis',(0.,0.,-1.));
#3673=DIRECTION('',(0.,0.,1.));
#3674=DIRECTION('',(0.,0.,1.));
#3675=DIRECTION('',(-1.,0.,0.));
#3676=DIRECTION('center_axis',(-1.,-1.40534560079134E-17,0.));
#3677=DIRECTION('ref_axis',(0.,0.,1.));
#3678=DIRECTION('',(-1.40534560079134E-17,1.,0.));
#3679=DIRECTION('',(0.,0.,1.));
#3680=DIRECTION('center_axis',(0.,0.,1.));
#3681=DIRECTION('ref_axis',(1.,0.,0.));
#3682=DIRECTION('center_axis',(0.,0.,-1.));
#3683=DIRECTION('ref_axis',(1.,0.,0.));
#3684=DIRECTION('',(0.,0.,1.));
#3685=DIRECTION('center_axis',(0.,0.,1.));
#3686=DIRECTION('ref_axis',(1.,0.,0.));
#3687=DIRECTION('center_axis',(0.,0.,-1.));
#3688=DIRECTION('ref_axis',(1.,0.,0.));
#3689=DIRECTION('',(0.,0.,1.));
#3690=DIRECTION('center_axis',(0.,0.,1.));
#3691=DIRECTION('ref_axis',(1.,0.,0.));
#3692=DIRECTION('center_axis',(0.,0.,-1.));
#3693=DIRECTION('ref_axis',(1.,0.,0.));
#3694=DIRECTION('',(0.,0.,1.));
#3695=DIRECTION('center_axis',(0.,0.,1.));
#3696=DIRECTION('ref_axis',(1.,0.,0.));
#3697=DIRECTION('center_axis',(0.,0.,-1.));
#3698=DIRECTION('ref_axis',(1.,0.,0.));
#3699=DIRECTION('',(0.,0.,1.));
#3700=DIRECTION('center_axis',(0.,0.,1.));
#3701=DIRECTION('ref_axis',(1.,0.,0.));
#3702=DIRECTION('center_axis',(0.,0.,-1.));
#3703=DIRECTION('ref_axis',(1.,0.,0.));
#3704=DIRECTION('',(0.,0.,1.));
#3705=DIRECTION('center_axis',(0.,0.,1.));
#3706=DIRECTION('ref_axis',(1.,0.,0.));
#3707=DIRECTION('center_axis',(0.,0.,-1.));
#3708=DIRECTION('ref_axis',(1.,0.,0.));
#3709=DIRECTION('',(0.,0.,1.));
#3710=DIRECTION('center_axis',(0.,0.,1.));
#3711=DIRECTION('ref_axis',(1.,0.,0.));
#3712=DIRECTION('center_axis',(0.,0.,-1.));
#3713=DIRECTION('ref_axis',(1.,0.,0.));
#3714=DIRECTION('',(0.,0.,1.));
#3715=DIRECTION('center_axis',(0.,0.,1.));
#3716=DIRECTION('ref_axis',(1.,0.,0.));
#3717=DIRECTION('center_axis',(0.,0.,-1.));
#3718=DIRECTION('ref_axis',(1.,0.,0.));
#3719=DIRECTION('',(0.,0.,1.));
#3720=DIRECTION('center_axis',(0.,0.,1.));
#3721=DIRECTION('ref_axis',(1.,0.,0.));
#3722=DIRECTION('center_axis',(0.,0.,-1.));
#3723=DIRECTION('ref_axis',(1.,0.,0.));
#3724=DIRECTION('',(0.,0.,1.));
#3725=DIRECTION('center_axis',(0.,0.,1.));
#3726=DIRECTION('ref_axis',(1.,0.,0.));
#3727=DIRECTION('center_axis',(0.,0.,-1.));
#3728=DIRECTION('ref_axis',(1.,0.,0.));
#3729=DIRECTION('',(0.,0.,1.));
#3730=DIRECTION('center_axis',(0.,0.,1.));
#3731=DIRECTION('ref_axis',(1.,0.,0.));
#3732=DIRECTION('center_axis',(0.,0.,-1.));
#3733=DIRECTION('ref_axis',(1.,0.,0.));
#3734=DIRECTION('',(0.,0.,1.));
#3735=DIRECTION('center_axis',(0.,0.,1.));
#3736=DIRECTION('ref_axis',(1.,0.,0.));
#3737=DIRECTION('center_axis',(0.,0.,-1.));
#3738=DIRECTION('ref_axis',(1.,0.,0.));
#3739=DIRECTION('',(0.,0.,1.));
#3740=DIRECTION('center_axis',(0.,0.,1.));
#3741=DIRECTION('ref_axis',(1.,0.,0.));
#3742=DIRECTION('center_axis',(0.,0.,-1.));
#3743=DIRECTION('ref_axis',(1.,0.,0.));
#3744=DIRECTION('',(0.,0.,1.));
#3745=DIRECTION('center_axis',(0.,0.,1.));
#3746=DIRECTION('ref_axis',(1.,0.,0.));
#3747=DIRECTION('center_axis',(0.,0.,-1.));
#3748=DIRECTION('ref_axis',(1.,0.,0.));
#3749=DIRECTION('',(0.,0.,1.));
#3750=DIRECTION('center_axis',(0.,0.,1.));
#3751=DIRECTION('ref_axis',(1.,0.,0.));
#3752=DIRECTION('center_axis',(0.,0.,-1.));
#3753=DIRECTION('ref_axis',(1.,0.,0.));
#3754=DIRECTION('',(0.,0.,1.));
#3755=DIRECTION('center_axis',(0.,0.,1.));
#3756=DIRECTION('ref_axis',(1.,0.,0.));
#3757=DIRECTION('center_axis',(0.,0.,-1.));
#3758=DIRECTION('ref_axis',(1.,0.,0.));
#3759=DIRECTION('',(0.,0.,1.));
#3760=DIRECTION('center_axis',(0.,0.,1.));
#3761=DIRECTION('ref_axis',(1.,0.,0.));
#3762=DIRECTION('center_axis',(0.,0.,-1.));
#3763=DIRECTION('ref_axis',(1.,0.,0.));
#3764=DIRECTION('',(0.,0.,1.));
#3765=DIRECTION('center_axis',(0.,0.,1.));
#3766=DIRECTION('ref_axis',(1.,0.,0.));
#3767=DIRECTION('center_axis',(0.,0.,-1.));
#3768=DIRECTION('ref_axis',(1.,0.,0.));
#3769=DIRECTION('',(0.,0.,1.));
#3770=DIRECTION('center_axis',(0.,0.,1.));
#3771=DIRECTION('ref_axis',(1.,0.,0.));
#3772=DIRECTION('center_axis',(0.,0.,-1.));
#3773=DIRECTION('ref_axis',(1.,0.,0.));
#3774=DIRECTION('',(0.,0.,1.));
#3775=DIRECTION('center_axis',(0.,0.,1.));
#3776=DIRECTION('ref_axis',(1.,0.,0.));
#3777=DIRECTION('center_axis',(0.,0.,-1.));
#3778=DIRECTION('ref_axis',(1.,0.,0.));
#3779=DIRECTION('',(0.,0.,1.));
#3780=DIRECTION('center_axis',(0.,0.,1.));
#3781=DIRECTION('ref_axis',(1.,0.,0.));
#3782=DIRECTION('center_axis',(0.,0.,-1.));
#3783=DIRECTION('ref_axis',(1.,0.,0.));
#3784=DIRECTION('',(0.,0.,1.));
#3785=DIRECTION('center_axis',(0.,0.,1.));
#3786=DIRECTION('ref_axis',(1.,0.,0.));
#3787=DIRECTION('center_axis',(0.,0.,-1.));
#3788=DIRECTION('ref_axis',(1.,0.,0.));
#3789=DIRECTION('',(0.,0.,1.));
#3790=DIRECTION('center_axis',(0.,0.,1.));
#3791=DIRECTION('ref_axis',(1.,0.,0.));
#3792=DIRECTION('center_axis',(0.,0.,-1.));
#3793=DIRECTION('ref_axis',(1.,0.,0.));
#3794=DIRECTION('',(0.,0.,1.));
#3795=DIRECTION('center_axis',(0.,0.,1.));
#3796=DIRECTION('ref_axis',(1.,0.,0.));
#3797=DIRECTION('center_axis',(0.,0.,-1.));
#3798=DIRECTION('ref_axis',(1.,0.,0.));
#3799=DIRECTION('',(0.,0.,1.));
#3800=DIRECTION('center_axis',(0.,0.,1.));
#3801=DIRECTION('ref_axis',(1.,0.,0.));
#3802=DIRECTION('center_axis',(0.,0.,-1.));
#3803=DIRECTION('ref_axis',(1.,0.,0.));
#3804=DIRECTION('',(0.,0.,1.));
#3805=DIRECTION('center_axis',(0.,0.,1.));
#3806=DIRECTION('ref_axis',(1.,0.,0.));
#3807=DIRECTION('center_axis',(0.,0.,-1.));
#3808=DIRECTION('ref_axis',(1.,0.,0.));
#3809=DIRECTION('',(0.,0.,1.));
#3810=DIRECTION('center_axis',(0.,0.,1.));
#3811=DIRECTION('ref_axis',(1.,0.,0.));
#3812=DIRECTION('center_axis',(0.,0.,-1.));
#3813=DIRECTION('ref_axis',(1.,0.,0.));
#3814=DIRECTION('',(0.,0.,1.));
#3815=DIRECTION('center_axis',(0.,0.,1.));
#3816=DIRECTION('ref_axis',(1.,0.,0.));
#3817=DIRECTION('center_axis',(0.,0.,-1.));
#3818=DIRECTION('ref_axis',(1.,0.,0.));
#3819=DIRECTION('',(0.,0.,1.));
#3820=DIRECTION('center_axis',(0.,0.,1.));
#3821=DIRECTION('ref_axis',(1.,0.,0.));
#3822=DIRECTION('center_axis',(0.,0.,-1.));
#3823=DIRECTION('ref_axis',(1.,0.,0.));
#3824=DIRECTION('',(0.,0.,1.));
#3825=DIRECTION('center_axis',(0.,0.,1.));
#3826=DIRECTION('ref_axis',(1.,0.,0.));
#3827=DIRECTION('center_axis',(0.,0.,-1.));
#3828=DIRECTION('ref_axis',(1.,0.,0.));
#3829=DIRECTION('',(0.,0.,1.));
#3830=DIRECTION('center_axis',(0.,0.,1.));
#3831=DIRECTION('ref_axis',(1.,0.,0.));
#3832=DIRECTION('center_axis',(0.,0.,-1.));
#3833=DIRECTION('ref_axis',(1.,0.,0.));
#3834=DIRECTION('',(0.,0.,1.));
#3835=DIRECTION('center_axis',(0.,0.,1.));
#3836=DIRECTION('ref_axis',(1.,0.,0.));
#3837=DIRECTION('center_axis',(0.,0.,-1.));
#3838=DIRECTION('ref_axis',(1.,0.,0.));
#3839=DIRECTION('',(0.,0.,1.));
#3840=DIRECTION('center_axis',(0.,0.,1.));
#3841=DIRECTION('ref_axis',(1.,0.,0.));
#3842=DIRECTION('center_axis',(0.,0.,-1.));
#3843=DIRECTION('ref_axis',(1.,0.,0.));
#3844=DIRECTION('',(0.,0.,1.));
#3845=DIRECTION('center_axis',(0.,0.,1.));
#3846=DIRECTION('ref_axis',(1.,0.,0.));
#3847=DIRECTION('center_axis',(0.,0.,-1.));
#3848=DIRECTION('ref_axis',(1.,0.,0.));
#3849=DIRECTION('',(0.,0.,1.));
#3850=DIRECTION('center_axis',(0.,0.,1.));
#3851=DIRECTION('ref_axis',(1.,0.,0.));
#3852=DIRECTION('center_axis',(0.,0.,-1.));
#3853=DIRECTION('ref_axis',(1.,0.,0.));
#3854=DIRECTION('',(0.,0.,1.));
#3855=DIRECTION('center_axis',(0.,0.,1.));
#3856=DIRECTION('ref_axis',(1.,0.,0.));
#3857=DIRECTION('center_axis',(0.,0.,-1.));
#3858=DIRECTION('ref_axis',(1.,0.,0.));
#3859=DIRECTION('',(0.,0.,1.));
#3860=DIRECTION('center_axis',(0.,0.,1.));
#3861=DIRECTION('ref_axis',(1.,0.,0.));
#3862=DIRECTION('center_axis',(0.,0.,-1.));
#3863=DIRECTION('ref_axis',(1.,0.,0.));
#3864=DIRECTION('',(0.,0.,1.));
#3865=DIRECTION('center_axis',(0.,0.,1.));
#3866=DIRECTION('ref_axis',(1.,0.,0.));
#3867=DIRECTION('center_axis',(0.,0.,-1.));
#3868=DIRECTION('ref_axis',(1.,0.,0.));
#3869=DIRECTION('',(0.,0.,1.));
#3870=DIRECTION('center_axis',(0.,0.,1.));
#3871=DIRECTION('ref_axis',(1.,0.,0.));
#3872=DIRECTION('center_axis',(0.,0.,-1.));
#3873=DIRECTION('ref_axis',(1.,0.,0.));
#3874=DIRECTION('',(0.,0.,1.));
#3875=DIRECTION('center_axis',(0.,0.,1.));
#3876=DIRECTION('ref_axis',(1.,0.,0.));
#3877=DIRECTION('center_axis',(0.,0.,-1.));
#3878=DIRECTION('ref_axis',(1.,0.,0.));
#3879=DIRECTION('',(0.,0.,1.));
#3880=DIRECTION('center_axis',(0.,0.,1.));
#3881=DIRECTION('ref_axis',(1.,0.,0.));
#3882=DIRECTION('center_axis',(0.,0.,-1.));
#3883=DIRECTION('ref_axis',(1.,0.,0.));
#3884=DIRECTION('',(0.,0.,1.));
#3885=DIRECTION('center_axis',(0.,0.,1.));
#3886=DIRECTION('ref_axis',(1.,0.,0.));
#3887=DIRECTION('',(5.62138240316535E-17,-1.,0.));
#3888=DIRECTION('',(1.,3.1720657846433E-16,0.));
#3889=DIRECTION('center_axis',(-2.77555756156289E-16,1.,0.));
#3890=DIRECTION('ref_axis',(0.,0.,1.));
#3891=DIRECTION('',(0.,0.,-1.));
#3892=DIRECTION('center_axis',(1.,5.62138240316535E-17,-6.12323399573677E-17));
#3893=DIRECTION('ref_axis',(-6.12323399573677E-17,0.,-1.));
#3894=DIRECTION('',(5.62138240316535E-17,-1.,5.62138240316535E-17));
#3895=DIRECTION('',(0.,0.,-1.));
#3896=DIRECTION('',(-4.21603680237401E-17,1.,0.));
#3897=DIRECTION('',(0.,0.,1.));
#3898=DIRECTION('center_axis',(-1.,0.,6.12323399573677E-17));
#3899=DIRECTION('ref_axis',(0.,1.,0.));
#3900=DIRECTION('center_axis',(-1.,0.,6.12323399573677E-17));
#3901=DIRECTION('ref_axis',(0.,1.,0.));
#3902=DIRECTION('center_axis',(-1.,0.,6.12323399573677E-17));
#3903=DIRECTION('ref_axis',(0.,1.,0.));
#3904=DIRECTION('center_axis',(-1.,0.,6.12323399573677E-17));
#3905=DIRECTION('ref_axis',(0.,1.,0.));
#3906=DIRECTION('center_axis',(-1.,0.,6.12323399573677E-17));
#3907=DIRECTION('ref_axis',(0.,1.,0.));
#3908=DIRECTION('center_axis',(-1.,0.,6.12323399573677E-17));
#3909=DIRECTION('ref_axis',(0.,1.,0.));
#3910=DIRECTION('center_axis',(-1.,0.,6.12323399573677E-17));
#3911=DIRECTION('ref_axis',(0.,1.,0.));
#3912=DIRECTION('center_axis',(-1.,0.,6.12323399573677E-17));
#3913=DIRECTION('ref_axis',(0.,1.,0.));
#3914=DIRECTION('center_axis',(-1.,0.,6.12323399573677E-17));
#3915=DIRECTION('ref_axis',(0.,1.,0.));
#3916=DIRECTION('center_axis',(-1.,0.,6.12323399573677E-17));
#3917=DIRECTION('ref_axis',(0.,1.,0.));
#3918=DIRECTION('center_axis',(-1.,0.,6.12323399573677E-17));
#3919=DIRECTION('ref_axis',(0.,1.,0.));
#3920=DIRECTION('center_axis',(-1.,0.,6.12323399573677E-17));
#3921=DIRECTION('ref_axis',(0.,1.,0.));
#3922=DIRECTION('center_axis',(-1.,0.,6.12323399573677E-17));
#3923=DIRECTION('ref_axis',(0.,1.,0.));
#3924=DIRECTION('center_axis',(-1.,0.,6.12323399573677E-17));
#3925=DIRECTION('ref_axis',(0.,1.,0.));
#3926=DIRECTION('center_axis',(-1.,0.,6.12323399573677E-17));
#3927=DIRECTION('ref_axis',(0.,1.,0.));
#3928=DIRECTION('center_axis',(-1.,0.,6.12323399573677E-17));
#3929=DIRECTION('ref_axis',(0.,1.,0.));
#3930=DIRECTION('center_axis',(-1.,0.,6.12323399573677E-17));
#3931=DIRECTION('ref_axis',(0.,1.,0.));
#3932=DIRECTION('center_axis',(-1.,0.,6.12323399573677E-17));
#3933=DIRECTION('ref_axis',(0.,1.,0.));
#3934=DIRECTION('center_axis',(-1.,0.,6.12323399573677E-17));
#3935=DIRECTION('ref_axis',(0.,1.,0.));
#3936=DIRECTION('center_axis',(-1.,0.,6.12323399573677E-17));
#3937=DIRECTION('ref_axis',(0.,1.,0.));
#3938=DIRECTION('center_axis',(-1.,0.,6.12323399573677E-17));
#3939=DIRECTION('ref_axis',(0.,1.,0.));
#3940=DIRECTION('center_axis',(-1.,0.,6.12323399573677E-17));
#3941=DIRECTION('ref_axis',(0.,1.,0.));
#3942=DIRECTION('center_axis',(-1.,0.,6.12323399573677E-17));
#3943=DIRECTION('ref_axis',(0.,1.,0.));
#3944=DIRECTION('center_axis',(-1.,0.,6.12323399573677E-17));
#3945=DIRECTION('ref_axis',(0.,1.,0.));
#3946=DIRECTION('center_axis',(-1.,0.,6.12323399573677E-17));
#3947=DIRECTION('ref_axis',(0.,1.,0.));
#3948=DIRECTION('center_axis',(-1.,0.,6.12323399573677E-17));
#3949=DIRECTION('ref_axis',(0.,1.,0.));
#3950=DIRECTION('center_axis',(-1.,0.,6.12323399573677E-17));
#3951=DIRECTION('ref_axis',(0.,1.,0.));
#3952=DIRECTION('center_axis',(-1.,0.,6.12323399573677E-17));
#3953=DIRECTION('ref_axis',(0.,1.,0.));
#3954=DIRECTION('center_axis',(-1.,0.,6.12323399573677E-17));
#3955=DIRECTION('ref_axis',(0.,1.,0.));
#3956=DIRECTION('center_axis',(-1.,0.,6.12323399573677E-17));
#3957=DIRECTION('ref_axis',(0.,1.,0.));
#3958=DIRECTION('center_axis',(-1.,0.,6.12323399573677E-17));
#3959=DIRECTION('ref_axis',(0.,1.,0.));
#3960=DIRECTION('center_axis',(-1.,0.,6.12323399573677E-17));
#3961=DIRECTION('ref_axis',(0.,1.,0.));
#3962=DIRECTION('center_axis',(-1.,0.,6.12323399573677E-17));
#3963=DIRECTION('ref_axis',(0.,1.,0.));
#3964=DIRECTION('center_axis',(-1.,0.,6.12323399573677E-17));
#3965=DIRECTION('ref_axis',(0.,1.,0.));
#3966=DIRECTION('center_axis',(-1.,0.,6.12323399573677E-17));
#3967=DIRECTION('ref_axis',(0.,1.,0.));
#3968=DIRECTION('center_axis',(-1.,0.,6.12323399573677E-17));
#3969=DIRECTION('ref_axis',(0.,1.,0.));
#3970=DIRECTION('center_axis',(-1.,0.,6.12323399573677E-17));
#3971=DIRECTION('ref_axis',(0.,1.,0.));
#3972=DIRECTION('center_axis',(-1.,0.,6.12323399573677E-17));
#3973=DIRECTION('ref_axis',(0.,1.,0.));
#3974=DIRECTION('center_axis',(-1.,0.,6.12323399573677E-17));
#3975=DIRECTION('ref_axis',(0.,1.,0.));
#3976=DIRECTION('center_axis',(-1.,0.,6.12323399573677E-17));
#3977=DIRECTION('ref_axis',(0.,1.,0.));
#3978=DIRECTION('center_axis',(-1.,0.,6.12323399573677E-17));
#3979=DIRECTION('ref_axis',(0.,1.,0.));
#3980=DIRECTION('center_axis',(5.62138240316535E-17,-1.,0.));
#3981=DIRECTION('ref_axis',(0.,0.,-1.));
#3982=DIRECTION('',(7.02672800395669E-17,-1.,0.));
#3983=DIRECTION('center_axis',(0.,1.,0.));
#3984=DIRECTION('ref_axis',(1.,0.,0.));
#3985=DIRECTION('center_axis',(0.,1.,0.));
#3986=DIRECTION('ref_axis',(1.,0.,0.));
#3987=DIRECTION('center_axis',(5.62138240316535E-17,-1.,0.));
#3988=DIRECTION('ref_axis',(0.,0.,-1.));
#3989=DIRECTION('',(-1.,0.,0.));
#3990=DIRECTION('',(0.,0.,-1.));
#3991=DIRECTION('',(1.,0.,0.));
#3992=DIRECTION('center_axis',(-5.62138240316535E-17,1.,0.));
#3993=DIRECTION('ref_axis',(0.,0.,1.));
#3994=DIRECTION('',(-1.,0.,0.));
#3995=DIRECTION('center_axis',(5.62138240316535E-17,-1.,-1.56024704355422E-31));
#3996=DIRECTION('ref_axis',(-2.77555756156289E-15,0.,-1.));
#3997=DIRECTION('center_axis',(5.62138240316535E-17,-1.,0.));
#3998=DIRECTION('ref_axis',(0.,0.,-1.));
#3999=DIRECTION('center_axis',(0.,1.,0.));
#4000=DIRECTION('ref_axis',(1.,0.,0.));
#4001=DIRECTION('center_axis',(-5.62138240316535E-17,1.,-5.62138240316535E-17));
#4002=DIRECTION('ref_axis',(0.,5.62138240316535E-17,1.));
#4003=DIRECTION('',(1.,0.,0.));
#4004=DIRECTION('',(0.,0.,-1.));
#4005=DIRECTION('center_axis',(5.62138240316535E-17,-1.,0.));
#4006=DIRECTION('ref_axis',(0.,0.,-1.));
#4007=DIRECTION('center_axis',(-1.,-5.62138240316535E-17,3.06161699786838E-17));
#4008=DIRECTION('ref_axis',(3.06161699786838E-17,0.,1.));
#4009=DIRECTION('',(-5.62138240316535E-17,1.,-5.62138240316535E-17));
#4010=DIRECTION('center_axis',(1.,0.,-3.06161699786838E-17));
#4011=DIRECTION('ref_axis',(0.,1.,0.));
#4012=DIRECTION('center_axis',(1.,0.,-3.06161699786838E-17));
#4013=DIRECTION('ref_axis',(0.,1.,0.));
#4014=DIRECTION('center_axis',(1.,0.,-3.06161699786838E-17));
#4015=DIRECTION('ref_axis',(0.,1.,0.));
#4016=DIRECTION('center_axis',(1.,0.,-3.06161699786838E-17));
#4017=DIRECTION('ref_axis',(0.,1.,0.));
#4018=DIRECTION('center_axis',(1.,0.,-3.06161699786838E-17));
#4019=DIRECTION('ref_axis',(0.,1.,0.));
#4020=DIRECTION('center_axis',(1.,0.,-3.06161699786838E-17));
#4021=DIRECTION('ref_axis',(0.,1.,0.));
#4022=DIRECTION('center_axis',(1.,0.,-3.06161699786838E-17));
#4023=DIRECTION('ref_axis',(0.,1.,0.));
#4024=DIRECTION('center_axis',(1.,0.,-3.06161699786838E-17));
#4025=DIRECTION('ref_axis',(0.,1.,0.));
#4026=DIRECTION('center_axis',(1.,0.,-3.06161699786838E-17));
#4027=DIRECTION('ref_axis',(0.,1.,0.));
#4028=DIRECTION('center_axis',(1.,0.,-3.06161699786838E-17));
#4029=DIRECTION('ref_axis',(0.,1.,0.));
#4030=DIRECTION('center_axis',(1.,0.,-3.06161699786838E-17));
#4031=DIRECTION('ref_axis',(0.,1.,0.));
#4032=DIRECTION('center_axis',(1.,0.,-3.06161699786838E-17));
#4033=DIRECTION('ref_axis',(0.,1.,0.));
#4034=DIRECTION('center_axis',(1.,0.,-3.06161699786838E-17));
#4035=DIRECTION('ref_axis',(0.,1.,0.));
#4036=DIRECTION('center_axis',(1.,0.,-3.06161699786838E-17));
#4037=DIRECTION('ref_axis',(0.,1.,0.));
#4038=DIRECTION('center_axis',(1.,0.,-3.06161699786838E-17));
#4039=DIRECTION('ref_axis',(0.,1.,0.));
#4040=DIRECTION('center_axis',(1.,0.,-3.06161699786838E-17));
#4041=DIRECTION('ref_axis',(0.,1.,0.));
#4042=DIRECTION('center_axis',(1.,0.,-3.06161699786838E-17));
#4043=DIRECTION('ref_axis',(0.,1.,0.));
#4044=DIRECTION('center_axis',(1.,0.,-3.06161699786838E-17));
#4045=DIRECTION('ref_axis',(0.,1.,0.));
#4046=DIRECTION('center_axis',(1.,0.,-3.06161699786838E-17));
#4047=DIRECTION('ref_axis',(0.,1.,0.));
#4048=DIRECTION('center_axis',(1.,0.,-3.06161699786838E-17));
#4049=DIRECTION('ref_axis',(0.,1.,0.));
#4050=DIRECTION('center_axis',(1.,0.,-3.06161699786838E-17));
#4051=DIRECTION('ref_axis',(0.,1.,0.));
#4052=DIRECTION('center_axis',(1.,0.,-3.06161699786838E-17));
#4053=DIRECTION('ref_axis',(0.,1.,0.));
#4054=DIRECTION('center_axis',(1.,0.,-3.06161699786838E-17));
#4055=DIRECTION('ref_axis',(0.,1.,0.));
#4056=DIRECTION('center_axis',(1.,0.,-3.06161699786838E-17));
#4057=DIRECTION('ref_axis',(0.,1.,0.));
#4058=DIRECTION('center_axis',(1.,0.,-3.06161699786838E-17));
#4059=DIRECTION('ref_axis',(0.,1.,0.));
#4060=DIRECTION('center_axis',(1.,0.,-3.06161699786838E-17));
#4061=DIRECTION('ref_axis',(0.,1.,0.));
#4062=DIRECTION('center_axis',(1.,0.,-3.06161699786838E-17));
#4063=DIRECTION('ref_axis',(0.,1.,0.));
#4064=DIRECTION('center_axis',(1.,0.,-3.06161699786838E-17));
#4065=DIRECTION('ref_axis',(0.,1.,0.));
#4066=DIRECTION('center_axis',(1.,0.,-3.06161699786838E-17));
#4067=DIRECTION('ref_axis',(0.,1.,0.));
#4068=DIRECTION('center_axis',(1.,0.,-3.06161699786838E-17));
#4069=DIRECTION('ref_axis',(0.,1.,0.));
#4070=DIRECTION('center_axis',(1.,0.,-3.06161699786838E-17));
#4071=DIRECTION('ref_axis',(0.,1.,0.));
#4072=DIRECTION('center_axis',(1.,0.,-3.06161699786838E-17));
#4073=DIRECTION('ref_axis',(0.,1.,0.));
#4074=DIRECTION('center_axis',(1.,0.,-3.06161699786838E-17));
#4075=DIRECTION('ref_axis',(0.,1.,0.));
#4076=DIRECTION('center_axis',(1.,0.,-3.06161699786838E-17));
#4077=DIRECTION('ref_axis',(0.,1.,0.));
#4078=DIRECTION('center_axis',(1.,0.,-3.06161699786838E-17));
#4079=DIRECTION('ref_axis',(0.,1.,0.));
#4080=DIRECTION('center_axis',(1.,0.,-3.06161699786838E-17));
#4081=DIRECTION('ref_axis',(0.,1.,0.));
#4082=DIRECTION('center_axis',(1.,0.,-3.06161699786838E-17));
#4083=DIRECTION('ref_axis',(0.,1.,0.));
#4084=DIRECTION('center_axis',(1.,0.,-3.06161699786838E-17));
#4085=DIRECTION('ref_axis',(0.,1.,0.));
#4086=DIRECTION('center_axis',(1.,0.,-3.06161699786838E-17));
#4087=DIRECTION('ref_axis',(0.,1.,0.));
#4088=DIRECTION('center_axis',(1.,0.,-3.06161699786838E-17));
#4089=DIRECTION('ref_axis',(0.,1.,0.));
#4090=DIRECTION('center_axis',(1.,0.,-3.06161699786838E-17));
#4091=DIRECTION('ref_axis',(0.,1.,0.));
#4092=DIRECTION('center_axis',(6.12323399573676E-17,0.,1.));
#4093=DIRECTION('ref_axis',(1.,0.,-6.12323399573676E-17));
#4094=DIRECTION('',(-7.02672800395669E-17,1.,0.));
#4095=DIRECTION('',(-1.,0.,0.));
#4096=DIRECTION('',(1.12427648063307E-16,-1.,5.62138240316535E-17));
#4097=DIRECTION('',(1.,0.,0.));
#4098=DIRECTION('center_axis',(0.,0.,-1.));
#4099=DIRECTION('ref_axis',(-1.,0.,0.));
#4100=DIRECTION('center_axis',(0.,0.,-1.));
#4101=DIRECTION('ref_axis',(-1.,0.,0.));
#4102=DIRECTION('center_axis',(0.,0.,-1.));
#4103=DIRECTION('ref_axis',(-1.,0.,0.));
#4104=DIRECTION('center_axis',(0.,0.,-1.));
#4105=DIRECTION('ref_axis',(-1.,0.,0.));
#4106=DIRECTION('center_axis',(0.,0.,-1.));
#4107=DIRECTION('ref_axis',(-1.,0.,0.));
#4108=DIRECTION('center_axis',(0.,0.,-1.));
#4109=DIRECTION('ref_axis',(-1.,0.,0.));
#4110=DIRECTION('center_axis',(0.,0.,-1.));
#4111=DIRECTION('ref_axis',(-1.,0.,0.));
#4112=DIRECTION('center_axis',(0.,0.,-1.));
#4113=DIRECTION('ref_axis',(-1.,0.,0.));
#4114=DIRECTION('center_axis',(0.,0.,-1.));
#4115=DIRECTION('ref_axis',(-1.,0.,0.));
#4116=DIRECTION('center_axis',(0.,0.,-1.));
#4117=DIRECTION('ref_axis',(-1.,0.,0.));
#4118=DIRECTION('center_axis',(0.,0.,-1.));
#4119=DIRECTION('ref_axis',(-1.,0.,0.));
#4120=DIRECTION('center_axis',(0.,0.,-1.));
#4121=DIRECTION('ref_axis',(-1.,0.,0.));
#4122=DIRECTION('center_axis',(0.,0.,-1.));
#4123=DIRECTION('ref_axis',(-1.,0.,0.));
#4124=DIRECTION('center_axis',(0.,0.,-1.));
#4125=DIRECTION('ref_axis',(-1.,0.,0.));
#4126=DIRECTION('center_axis',(0.,0.,-1.));
#4127=DIRECTION('ref_axis',(-1.,0.,0.));
#4128=DIRECTION('center_axis',(0.,0.,-1.));
#4129=DIRECTION('ref_axis',(-1.,0.,0.));
#4130=DIRECTION('center_axis',(0.,0.,-1.));
#4131=DIRECTION('ref_axis',(-1.,0.,0.));
#4132=DIRECTION('center_axis',(0.,0.,-1.));
#4133=DIRECTION('ref_axis',(-1.,0.,0.));
#4134=DIRECTION('center_axis',(0.,0.,-1.));
#4135=DIRECTION('ref_axis',(-1.,0.,0.));
#4136=DIRECTION('center_axis',(0.,0.,-1.));
#4137=DIRECTION('ref_axis',(-1.,0.,0.));
#4138=DIRECTION('center_axis',(0.,0.,-1.));
#4139=DIRECTION('ref_axis',(-1.,0.,0.));
#4140=DIRECTION('center_axis',(0.,0.,-1.));
#4141=DIRECTION('ref_axis',(-1.,0.,0.));
#4142=DIRECTION('center_axis',(0.,0.,-1.));
#4143=DIRECTION('ref_axis',(-1.,0.,0.));
#4144=DIRECTION('center_axis',(0.,0.,-1.));
#4145=DIRECTION('ref_axis',(-1.,0.,0.));
#4146=DIRECTION('center_axis',(0.,0.,-1.));
#4147=DIRECTION('ref_axis',(-1.,0.,0.));
#4148=DIRECTION('center_axis',(0.,0.,-1.));
#4149=DIRECTION('ref_axis',(-1.,0.,0.));
#4150=DIRECTION('center_axis',(0.,0.,-1.));
#4151=DIRECTION('ref_axis',(-1.,0.,0.));
#4152=DIRECTION('center_axis',(0.,0.,-1.));
#4153=DIRECTION('ref_axis',(-1.,0.,0.));
#4154=DIRECTION('center_axis',(0.,0.,-1.));
#4155=DIRECTION('ref_axis',(-1.,0.,0.));
#4156=DIRECTION('center_axis',(0.,0.,-1.));
#4157=DIRECTION('ref_axis',(-1.,0.,0.));
#4158=DIRECTION('center_axis',(0.,0.,-1.));
#4159=DIRECTION('ref_axis',(-1.,0.,0.));
#4160=DIRECTION('center_axis',(0.,0.,-1.));
#4161=DIRECTION('ref_axis',(-1.,0.,0.));
#4162=DIRECTION('center_axis',(0.,0.,-1.));
#4163=DIRECTION('ref_axis',(-1.,0.,0.));
#4164=DIRECTION('center_axis',(0.,0.,-1.));
#4165=DIRECTION('ref_axis',(-1.,0.,0.));
#4166=DIRECTION('center_axis',(0.,0.,-1.));
#4167=DIRECTION('ref_axis',(-1.,0.,0.));
#4168=DIRECTION('center_axis',(0.,0.,-1.));
#4169=DIRECTION('ref_axis',(-1.,0.,0.));
#4170=DIRECTION('center_axis',(0.,0.,-1.));
#4171=DIRECTION('ref_axis',(-1.,0.,0.));
#4172=DIRECTION('center_axis',(0.,0.,-1.));
#4173=DIRECTION('ref_axis',(-1.,0.,0.));
#4174=DIRECTION('center_axis',(0.,0.,-1.));
#4175=DIRECTION('ref_axis',(-1.,0.,0.));
#4176=DIRECTION('center_axis',(0.,0.,-1.));
#4177=DIRECTION('ref_axis',(-1.,0.,0.));
#4178=DIRECTION('center_axis',(0.,0.,-1.));
#4179=DIRECTION('ref_axis',(-1.,0.,0.));
#4180=DIRECTION('center_axis',(5.62138240316535E-17,-1.,5.62138240316535E-17));
#4181=DIRECTION('ref_axis',(1.,5.62138240316535E-17,-3.06161699786838E-17));
#4182=DIRECTION('',(7.02672800395669E-17,-1.,5.62138240316535E-17));
#4183=DIRECTION('center_axis',(-5.62138240316535E-17,1.,0.));
#4184=DIRECTION('ref_axis',(0.,0.,1.));
#4185=DIRECTION('center_axis',(-5.62138240316535E-17,1.,0.));
#4186=DIRECTION('ref_axis',(0.,0.,1.));
#4187=DIRECTION('center_axis',(-1.,-1.12427648063307E-16,6.12323399573676E-17));
#4188=DIRECTION('ref_axis',(6.12323399573676E-17,0.,1.));
#4189=DIRECTION('',(-1.12427648063307E-16,1.,-8.43207360474802E-17));
#4190=DIRECTION('',(0.,0.,1.));
#4191=DIRECTION('',(0.,0.,1.));
#4192=DIRECTION('center_axis',(5.62138240316535E-17,-1.,3.44210398340985E-33));
#4193=DIRECTION('ref_axis',(0.,-3.44210398340985E-33,-1.));
#4194=DIRECTION('',(0.,0.,1.));
#4195=DIRECTION('',(1.,0.,0.));
#4196=DIRECTION('center_axis',(-5.62138240316535E-17,1.,-5.62138240316535E-17));
#4197=DIRECTION('ref_axis',(0.,5.62138240316535E-17,1.));
#4198=DIRECTION('',(0.,0.,-1.));
#4199=DIRECTION('center_axis',(-1.24819763484337E-31,-1.,5.62138240316534E-17));
#4200=DIRECTION('ref_axis',(1.,0.,2.22044604925031E-15));
#4201=DIRECTION('center_axis',(5.62138240316535E-17,-1.,5.62138240316535E-17));
#4202=DIRECTION('ref_axis',(0.,-5.62138240316535E-17,-1.));
#4203=DIRECTION('center_axis',(-5.62138240316535E-17,1.,0.));
#4204=DIRECTION('ref_axis',(0.,0.,1.));
#4205=DIRECTION('center_axis',(-6.12323399573676E-17,-5.62138240316535E-17,
-1.));
#4206=DIRECTION('ref_axis',(-1.,0.,6.12323399573676E-17));
#4207=DIRECTION('',(1.,0.,0.));
#4208=DIRECTION('center_axis',(0.,5.62138240316535E-17,1.));
#4209=DIRECTION('ref_axis',(-1.,0.,0.));
#4210=DIRECTION('center_axis',(0.,5.62138240316535E-17,1.));
#4211=DIRECTION('ref_axis',(-1.,0.,0.));
#4212=DIRECTION('center_axis',(0.,5.62138240316535E-17,1.));
#4213=DIRECTION('ref_axis',(-1.,0.,0.));
#4214=DIRECTION('center_axis',(0.,5.62138240316535E-17,1.));
#4215=DIRECTION('ref_axis',(-1.,0.,0.));
#4216=DIRECTION('center_axis',(0.,5.62138240316535E-17,1.));
#4217=DIRECTION('ref_axis',(-1.,0.,0.));
#4218=DIRECTION('center_axis',(0.,5.62138240316535E-17,1.));
#4219=DIRECTION('ref_axis',(-1.,0.,0.));
#4220=DIRECTION('center_axis',(0.,5.62138240316535E-17,1.));
#4221=DIRECTION('ref_axis',(-1.,0.,0.));
#4222=DIRECTION('center_axis',(0.,5.62138240316535E-17,1.));
#4223=DIRECTION('ref_axis',(-1.,0.,0.));
#4224=DIRECTION('center_axis',(0.,5.62138240316535E-17,1.));
#4225=DIRECTION('ref_axis',(-1.,0.,0.));
#4226=DIRECTION('center_axis',(0.,5.62138240316535E-17,1.));
#4227=DIRECTION('ref_axis',(-1.,0.,0.));
#4228=DIRECTION('center_axis',(0.,5.62138240316535E-17,1.));
#4229=DIRECTION('ref_axis',(-1.,0.,0.));
#4230=DIRECTION('center_axis',(0.,5.62138240316535E-17,1.));
#4231=DIRECTION('ref_axis',(-1.,0.,0.));
#4232=DIRECTION('center_axis',(0.,5.62138240316535E-17,1.));
#4233=DIRECTION('ref_axis',(-1.,0.,0.));
#4234=DIRECTION('center_axis',(0.,5.62138240316535E-17,1.));
#4235=DIRECTION('ref_axis',(-1.,0.,0.));
#4236=DIRECTION('center_axis',(0.,5.62138240316535E-17,1.));
#4237=DIRECTION('ref_axis',(-1.,0.,0.));
#4238=DIRECTION('center_axis',(0.,5.62138240316535E-17,1.));
#4239=DIRECTION('ref_axis',(-1.,0.,0.));
#4240=DIRECTION('center_axis',(0.,5.62138240316535E-17,1.));
#4241=DIRECTION('ref_axis',(-1.,0.,0.));
#4242=DIRECTION('center_axis',(0.,5.62138240316535E-17,1.));
#4243=DIRECTION('ref_axis',(-1.,0.,0.));
#4244=DIRECTION('center_axis',(0.,5.62138240316535E-17,1.));
#4245=DIRECTION('ref_axis',(-1.,0.,0.));
#4246=DIRECTION('center_axis',(0.,5.62138240316535E-17,1.));
#4247=DIRECTION('ref_axis',(-1.,0.,0.));
#4248=DIRECTION('center_axis',(0.,5.62138240316535E-17,1.));
#4249=DIRECTION('ref_axis',(-1.,0.,0.));
#4250=DIRECTION('center_axis',(0.,5.62138240316535E-17,1.));
#4251=DIRECTION('ref_axis',(-1.,0.,0.));
#4252=DIRECTION('center_axis',(0.,5.62138240316535E-17,1.));
#4253=DIRECTION('ref_axis',(-1.,0.,0.));
#4254=DIRECTION('center_axis',(0.,5.62138240316535E-17,1.));
#4255=DIRECTION('ref_axis',(-1.,0.,0.));
#4256=DIRECTION('center_axis',(0.,5.62138240316535E-17,1.));
#4257=DIRECTION('ref_axis',(-1.,0.,0.));
#4258=DIRECTION('center_axis',(0.,5.62138240316535E-17,1.));
#4259=DIRECTION('ref_axis',(-1.,0.,0.));
#4260=DIRECTION('center_axis',(0.,5.62138240316535E-17,1.));
#4261=DIRECTION('ref_axis',(-1.,0.,0.));
#4262=DIRECTION('center_axis',(0.,5.62138240316535E-17,1.));
#4263=DIRECTION('ref_axis',(-1.,0.,0.));
#4264=DIRECTION('center_axis',(0.,5.62138240316535E-17,1.));
#4265=DIRECTION('ref_axis',(-1.,0.,0.));
#4266=DIRECTION('center_axis',(0.,5.62138240316535E-17,1.));
#4267=DIRECTION('ref_axis',(-1.,0.,0.));
#4268=DIRECTION('center_axis',(0.,5.62138240316535E-17,1.));
#4269=DIRECTION('ref_axis',(-1.,0.,0.));
#4270=DIRECTION('center_axis',(0.,5.62138240316535E-17,1.));
#4271=DIRECTION('ref_axis',(-1.,0.,0.));
#4272=DIRECTION('center_axis',(0.,5.62138240316535E-17,1.));
#4273=DIRECTION('ref_axis',(-1.,0.,0.));
#4274=DIRECTION('center_axis',(0.,5.62138240316535E-17,1.));
#4275=DIRECTION('ref_axis',(-1.,0.,0.));
#4276=DIRECTION('center_axis',(0.,5.62138240316535E-17,1.));
#4277=DIRECTION('ref_axis',(-1.,0.,0.));
#4278=DIRECTION('center_axis',(0.,5.62138240316535E-17,1.));
#4279=DIRECTION('ref_axis',(-1.,0.,0.));
#4280=DIRECTION('center_axis',(0.,5.62138240316535E-17,1.));
#4281=DIRECTION('ref_axis',(-1.,0.,0.));
#4282=DIRECTION('center_axis',(0.,5.62138240316535E-17,1.));
#4283=DIRECTION('ref_axis',(-1.,0.,0.));
#4284=DIRECTION('center_axis',(0.,5.62138240316535E-17,1.));
#4285=DIRECTION('ref_axis',(-1.,0.,0.));
#4286=DIRECTION('center_axis',(0.,5.62138240316535E-17,1.));
#4287=DIRECTION('ref_axis',(-1.,0.,0.));
#4288=DIRECTION('center_axis',(0.,5.62138240316535E-17,1.));
#4289=DIRECTION('ref_axis',(-1.,0.,0.));
#4290=DIRECTION('center_axis',(-5.62138240316535E-17,1.,-3.44210398340985E-33));
#4291=DIRECTION('ref_axis',(0.,3.44210398340985E-33,1.));
#4292=DIRECTION('center_axis',(5.62138240316535E-17,-1.,5.62138240316535E-17));
#4293=DIRECTION('ref_axis',(1.,5.62138240316535E-17,-3.06161699786838E-17));
#4294=DIRECTION('center_axis',(0.,0.,-1.));
#4295=DIRECTION('ref_axis',(-1.,0.,0.));
#4296=DIRECTION('',(0.,0.,-1.));
#4297=DIRECTION('center_axis',(0.,0.,-1.));
#4298=DIRECTION('ref_axis',(-1.,0.,0.));
#4299=DIRECTION('',(0.,0.,-1.));
#4300=DIRECTION('center_axis',(0.,0.,-1.));
#4301=DIRECTION('ref_axis',(-1.,0.,0.));
#4302=DIRECTION('',(0.,0.,-1.));
#4303=DIRECTION('center_axis',(0.,0.,-1.));
#4304=DIRECTION('ref_axis',(-1.,0.,0.));
#4305=DIRECTION('',(0.,0.,-1.));
#4306=DIRECTION('center_axis',(0.,0.,-1.));
#4307=DIRECTION('ref_axis',(-1.,0.,0.));
#4308=DIRECTION('',(0.,0.,-1.));
#4309=DIRECTION('center_axis',(0.,0.,-1.));
#4310=DIRECTION('ref_axis',(-1.,0.,0.));
#4311=DIRECTION('',(0.,0.,-1.));
#4312=DIRECTION('center_axis',(0.,0.,-1.));
#4313=DIRECTION('ref_axis',(-1.,0.,0.));
#4314=DIRECTION('',(0.,0.,-1.));
#4315=DIRECTION('center_axis',(0.,0.,-1.));
#4316=DIRECTION('ref_axis',(-1.,0.,0.));
#4317=DIRECTION('',(0.,0.,-1.));
#4318=DIRECTION('center_axis',(0.,0.,-1.));
#4319=DIRECTION('ref_axis',(-1.,0.,0.));
#4320=DIRECTION('',(0.,0.,-1.));
#4321=DIRECTION('center_axis',(0.,0.,-1.));
#4322=DIRECTION('ref_axis',(-1.,0.,0.));
#4323=DIRECTION('',(0.,0.,-1.));
#4324=DIRECTION('center_axis',(0.,0.,-1.));
#4325=DIRECTION('ref_axis',(-1.,0.,0.));
#4326=DIRECTION('',(0.,0.,-1.));
#4327=DIRECTION('center_axis',(0.,0.,-1.));
#4328=DIRECTION('ref_axis',(-1.,0.,0.));
#4329=DIRECTION('',(0.,0.,-1.));
#4330=DIRECTION('center_axis',(0.,0.,-1.));
#4331=DIRECTION('ref_axis',(-1.,0.,0.));
#4332=DIRECTION('',(0.,0.,-1.));
#4333=DIRECTION('center_axis',(0.,0.,-1.));
#4334=DIRECTION('ref_axis',(-1.,0.,0.));
#4335=DIRECTION('',(0.,0.,-1.));
#4336=DIRECTION('center_axis',(0.,0.,-1.));
#4337=DIRECTION('ref_axis',(-1.,0.,0.));
#4338=DIRECTION('',(0.,0.,-1.));
#4339=DIRECTION('center_axis',(0.,0.,-1.));
#4340=DIRECTION('ref_axis',(-1.,0.,0.));
#4341=DIRECTION('',(0.,0.,-1.));
#4342=DIRECTION('center_axis',(0.,0.,-1.));
#4343=DIRECTION('ref_axis',(-1.,0.,0.));
#4344=DIRECTION('',(0.,0.,-1.));
#4345=DIRECTION('center_axis',(0.,0.,-1.));
#4346=DIRECTION('ref_axis',(-1.,0.,0.));
#4347=DIRECTION('',(0.,0.,-1.));
#4348=DIRECTION('center_axis',(0.,0.,-1.));
#4349=DIRECTION('ref_axis',(-1.,0.,0.));
#4350=DIRECTION('',(0.,0.,-1.));
#4351=DIRECTION('center_axis',(0.,0.,-1.));
#4352=DIRECTION('ref_axis',(-1.,0.,0.));
#4353=DIRECTION('',(0.,0.,-1.));
#4354=DIRECTION('center_axis',(0.,0.,-1.));
#4355=DIRECTION('ref_axis',(-1.,0.,0.));
#4356=DIRECTION('',(0.,0.,-1.));
#4357=DIRECTION('center_axis',(0.,0.,-1.));
#4358=DIRECTION('ref_axis',(-1.,0.,0.));
#4359=DIRECTION('',(0.,0.,-1.));
#4360=DIRECTION('center_axis',(0.,0.,-1.));
#4361=DIRECTION('ref_axis',(-1.,0.,0.));
#4362=DIRECTION('',(0.,0.,-1.));
#4363=DIRECTION('center_axis',(0.,0.,-1.));
#4364=DIRECTION('ref_axis',(-1.,0.,0.));
#4365=DIRECTION('',(0.,0.,-1.));
#4366=DIRECTION('center_axis',(0.,0.,-1.));
#4367=DIRECTION('ref_axis',(-1.,0.,0.));
#4368=DIRECTION('',(0.,0.,-1.));
#4369=DIRECTION('center_axis',(0.,0.,-1.));
#4370=DIRECTION('ref_axis',(-1.,0.,0.));
#4371=DIRECTION('',(0.,0.,-1.));
#4372=DIRECTION('center_axis',(0.,0.,-1.));
#4373=DIRECTION('ref_axis',(-1.,0.,0.));
#4374=DIRECTION('',(0.,0.,-1.));
#4375=DIRECTION('center_axis',(0.,0.,-1.));
#4376=DIRECTION('ref_axis',(-1.,0.,0.));
#4377=DIRECTION('',(0.,0.,-1.));
#4378=DIRECTION('center_axis',(0.,0.,-1.));
#4379=DIRECTION('ref_axis',(-1.,0.,0.));
#4380=DIRECTION('',(0.,0.,-1.));
#4381=DIRECTION('center_axis',(0.,0.,-1.));
#4382=DIRECTION('ref_axis',(-1.,0.,0.));
#4383=DIRECTION('',(0.,0.,-1.));
#4384=DIRECTION('center_axis',(0.,0.,-1.));
#4385=DIRECTION('ref_axis',(-1.,0.,0.));
#4386=DIRECTION('',(0.,0.,-1.));
#4387=DIRECTION('center_axis',(0.,0.,-1.));
#4388=DIRECTION('ref_axis',(-1.,0.,0.));
#4389=DIRECTION('',(0.,0.,-1.));
#4390=DIRECTION('center_axis',(0.,0.,-1.));
#4391=DIRECTION('ref_axis',(-1.,0.,0.));
#4392=DIRECTION('',(0.,0.,-1.));
#4393=DIRECTION('center_axis',(0.,0.,-1.));
#4394=DIRECTION('ref_axis',(-1.,0.,0.));
#4395=DIRECTION('',(0.,0.,-1.));
#4396=DIRECTION('center_axis',(0.,0.,-1.));
#4397=DIRECTION('ref_axis',(-1.,0.,0.));
#4398=DIRECTION('',(0.,0.,-1.));
#4399=DIRECTION('center_axis',(0.,0.,-1.));
#4400=DIRECTION('ref_axis',(-1.,0.,0.));
#4401=DIRECTION('',(0.,0.,-1.));
#4402=DIRECTION('center_axis',(0.,0.,-1.));
#4403=DIRECTION('ref_axis',(-1.,0.,0.));
#4404=DIRECTION('',(0.,0.,-1.));
#4405=DIRECTION('center_axis',(0.,0.,-1.));
#4406=DIRECTION('ref_axis',(-1.,0.,0.));
#4407=DIRECTION('',(0.,0.,-1.));
#4408=DIRECTION('center_axis',(0.,0.,-1.));
#4409=DIRECTION('ref_axis',(-1.,0.,0.));
#4410=DIRECTION('',(0.,0.,-1.));
#4411=DIRECTION('center_axis',(0.,0.,-1.));
#4412=DIRECTION('ref_axis',(-1.,0.,0.));
#4413=DIRECTION('',(0.,0.,-1.));
#4414=DIRECTION('center_axis',(0.,0.,-1.));
#4415=DIRECTION('ref_axis',(-1.,0.,0.));
#4416=DIRECTION('',(0.,0.,-1.));
#4417=DIRECTION('center_axis',(-1.,0.,0.));
#4418=DIRECTION('ref_axis',(0.,1.,0.));
#4419=DIRECTION('',(-1.,0.,0.));
#4420=DIRECTION('center_axis',(-1.,0.,0.));
#4421=DIRECTION('ref_axis',(0.,1.,0.));
#4422=DIRECTION('',(-1.,0.,0.));
#4423=DIRECTION('center_axis',(-1.,0.,0.));
#4424=DIRECTION('ref_axis',(0.,1.,0.));
#4425=DIRECTION('',(-1.,0.,0.));
#4426=DIRECTION('center_axis',(-1.,0.,0.));
#4427=DIRECTION('ref_axis',(0.,1.,0.));
#4428=DIRECTION('',(-1.,0.,0.));
#4429=DIRECTION('center_axis',(-1.,0.,0.));
#4430=DIRECTION('ref_axis',(0.,1.,0.));
#4431=DIRECTION('',(-1.,0.,0.));
#4432=DIRECTION('center_axis',(-1.,0.,0.));
#4433=DIRECTION('ref_axis',(0.,1.,0.));
#4434=DIRECTION('',(-1.,0.,0.));
#4435=DIRECTION('center_axis',(-1.,0.,0.));
#4436=DIRECTION('ref_axis',(0.,1.,0.));
#4437=DIRECTION('',(-1.,0.,0.));
#4438=DIRECTION('center_axis',(-1.,0.,0.));
#4439=DIRECTION('ref_axis',(0.,1.,0.));
#4440=DIRECTION('',(-1.,0.,0.));
#4441=DIRECTION('center_axis',(-1.,0.,0.));
#4442=DIRECTION('ref_axis',(0.,1.,0.));
#4443=DIRECTION('',(-1.,0.,0.));
#4444=DIRECTION('center_axis',(-1.,0.,0.));
#4445=DIRECTION('ref_axis',(0.,1.,0.));
#4446=DIRECTION('',(-1.,0.,0.));
#4447=DIRECTION('center_axis',(-1.,0.,0.));
#4448=DIRECTION('ref_axis',(0.,1.,0.));
#4449=DIRECTION('',(-1.,0.,0.));
#4450=DIRECTION('center_axis',(-1.,0.,0.));
#4451=DIRECTION('ref_axis',(0.,1.,0.));
#4452=DIRECTION('',(-1.,0.,0.));
#4453=DIRECTION('center_axis',(-1.,0.,0.));
#4454=DIRECTION('ref_axis',(0.,1.,0.));
#4455=DIRECTION('',(-1.,0.,0.));
#4456=DIRECTION('center_axis',(-1.,0.,0.));
#4457=DIRECTION('ref_axis',(0.,1.,0.));
#4458=DIRECTION('',(-1.,0.,0.));
#4459=DIRECTION('center_axis',(-1.,0.,0.));
#4460=DIRECTION('ref_axis',(0.,1.,0.));
#4461=DIRECTION('',(-1.,0.,0.));
#4462=DIRECTION('center_axis',(-1.,0.,0.));
#4463=DIRECTION('ref_axis',(0.,1.,0.));
#4464=DIRECTION('',(-1.,0.,0.));
#4465=DIRECTION('center_axis',(-1.,0.,0.));
#4466=DIRECTION('ref_axis',(0.,1.,0.));
#4467=DIRECTION('',(-1.,0.,0.));
#4468=DIRECTION('center_axis',(-1.,0.,0.));
#4469=DIRECTION('ref_axis',(0.,1.,0.));
#4470=DIRECTION('',(-1.,0.,0.));
#4471=DIRECTION('center_axis',(-1.,0.,0.));
#4472=DIRECTION('ref_axis',(0.,1.,0.));
#4473=DIRECTION('',(-1.,0.,0.));
#4474=DIRECTION('center_axis',(-1.,0.,0.));
#4475=DIRECTION('ref_axis',(0.,1.,0.));
#4476=DIRECTION('',(-1.,0.,0.));
#4477=DIRECTION('center_axis',(-1.,0.,0.));
#4478=DIRECTION('ref_axis',(0.,1.,0.));
#4479=DIRECTION('',(-1.,0.,0.));
#4480=DIRECTION('center_axis',(-1.,0.,0.));
#4481=DIRECTION('ref_axis',(0.,1.,0.));
#4482=DIRECTION('',(-1.,0.,0.));
#4483=DIRECTION('center_axis',(-1.,0.,0.));
#4484=DIRECTION('ref_axis',(0.,1.,0.));
#4485=DIRECTION('',(-1.,0.,0.));
#4486=DIRECTION('center_axis',(-1.,0.,0.));
#4487=DIRECTION('ref_axis',(0.,1.,0.));
#4488=DIRECTION('',(-1.,0.,0.));
#4489=DIRECTION('center_axis',(-1.,0.,0.));
#4490=DIRECTION('ref_axis',(0.,1.,0.));
#4491=DIRECTION('',(-1.,0.,0.));
#4492=DIRECTION('center_axis',(-1.,0.,0.));
#4493=DIRECTION('ref_axis',(0.,1.,0.));
#4494=DIRECTION('',(-1.,0.,0.));
#4495=DIRECTION('center_axis',(-1.,0.,0.));
#4496=DIRECTION('ref_axis',(0.,1.,0.));
#4497=DIRECTION('',(-1.,0.,0.));
#4498=DIRECTION('center_axis',(-1.,0.,0.));
#4499=DIRECTION('ref_axis',(0.,1.,0.));
#4500=DIRECTION('',(-1.,0.,0.));
#4501=DIRECTION('center_axis',(-1.,0.,0.));
#4502=DIRECTION('ref_axis',(0.,1.,0.));
#4503=DIRECTION('',(-1.,0.,0.));
#4504=DIRECTION('center_axis',(-1.,0.,0.));
#4505=DIRECTION('ref_axis',(0.,1.,0.));
#4506=DIRECTION('',(-1.,0.,0.));
#4507=DIRECTION('center_axis',(-1.,0.,0.));
#4508=DIRECTION('ref_axis',(0.,1.,0.));
#4509=DIRECTION('',(-1.,0.,0.));
#4510=DIRECTION('center_axis',(-1.,0.,0.));
#4511=DIRECTION('ref_axis',(0.,1.,0.));
#4512=DIRECTION('',(-1.,0.,0.));
#4513=DIRECTION('center_axis',(-1.,0.,0.));
#4514=DIRECTION('ref_axis',(0.,1.,0.));
#4515=DIRECTION('',(-1.,0.,0.));
#4516=DIRECTION('center_axis',(-1.,0.,0.));
#4517=DIRECTION('ref_axis',(0.,1.,0.));
#4518=DIRECTION('',(-1.,0.,0.));
#4519=DIRECTION('center_axis',(-1.,0.,0.));
#4520=DIRECTION('ref_axis',(0.,1.,0.));
#4521=DIRECTION('',(-1.,0.,0.));
#4522=DIRECTION('center_axis',(-1.,0.,0.));
#4523=DIRECTION('ref_axis',(0.,1.,0.));
#4524=DIRECTION('',(-1.,0.,0.));
#4525=DIRECTION('center_axis',(-1.,0.,0.));
#4526=DIRECTION('ref_axis',(0.,1.,0.));
#4527=DIRECTION('',(-1.,0.,0.));
#4528=DIRECTION('center_axis',(-1.,0.,0.));
#4529=DIRECTION('ref_axis',(0.,1.,0.));
#4530=DIRECTION('',(-1.,0.,0.));
#4531=DIRECTION('center_axis',(-1.,0.,0.));
#4532=DIRECTION('ref_axis',(0.,1.,0.));
#4533=DIRECTION('',(-1.,0.,0.));
#4534=DIRECTION('center_axis',(-1.,0.,0.));
#4535=DIRECTION('ref_axis',(0.,1.,0.));
#4536=DIRECTION('',(-1.,0.,0.));
#4537=DIRECTION('center_axis',(-1.,0.,0.));
#4538=DIRECTION('ref_axis',(0.,1.,0.));
#4539=DIRECTION('',(-1.,0.,0.));
#4540=CARTESIAN_POINT('',(0.,0.,0.));
#4541=CARTESIAN_POINT('Origin',(-2.22044604925031E-15,0.,2.));
#4542=CARTESIAN_POINT('',(12.,-79.,2.));
#4543=CARTESIAN_POINT('',(12.,79.,2.));
#4544=CARTESIAN_POINT('',(12.,-79.,2.));
#4545=CARTESIAN_POINT('',(-16.,79.,2.));
#4546=CARTESIAN_POINT('',(12.,79.,2.));
#4547=CARTESIAN_POINT('',(-16.,-79.,2.));
#4548=CARTESIAN_POINT('',(-16.,79.,2.));
#4549=CARTESIAN_POINT('',(-16.,-79.,2.));
#4550=CARTESIAN_POINT('',(-1.8,-55.3,2.));
#4551=CARTESIAN_POINT('Origin',(-9.67470971326409E-16,-55.3,2.));
#4552=CARTESIAN_POINT('',(-9.7,-63.2,2.));
#4553=CARTESIAN_POINT('Origin',(-7.9,-63.2,2.));
#4554=CARTESIAN_POINT('',(-3.8,-47.4,2.));
#4555=CARTESIAN_POINT('Origin',(0.,-47.4,2.));
#4556=CARTESIAN_POINT('',(-3.8,-63.2,2.));
#4557=CARTESIAN_POINT('Origin',(0.,-63.2,2.));
#4558=CARTESIAN_POINT('',(-7.38614357137373,5.58614357137373,2.));
#4559=CARTESIAN_POINT('Origin',(-5.58614357137373,5.58614357137373,2.));
#4560=CARTESIAN_POINT('',(-3.8,-31.6,2.));
#4561=CARTESIAN_POINT('Origin',(0.,-31.6,2.));
#4562=CARTESIAN_POINT('',(-3.8,63.2,2.));
#4563=CARTESIAN_POINT('Origin',(0.,63.2,2.));
#4564=CARTESIAN_POINT('',(-1.8,23.7,2.));
#4565=CARTESIAN_POINT('Origin',(-9.67470971326409E-16,23.7,2.));
#4566=CARTESIAN_POINT('',(-3.8,0.,2.));
#4567=CARTESIAN_POINT('Origin',(0.,0.,2.));
#4568=CARTESIAN_POINT('',(-1.8,71.1,2.));
#4569=CARTESIAN_POINT('Origin',(0.,71.1,2.));
#4570=CARTESIAN_POINT('',(6.1,63.2,2.));
#4571=CARTESIAN_POINT('Origin',(7.9,63.2,2.));
#4572=CARTESIAN_POINT('',(6.1,-63.2,2.));
#4573=CARTESIAN_POINT('Origin',(7.9,-63.2,2.));
#4574=CARTESIAN_POINT('',(-7.38614357137373,57.6138564286263,2.));
#4575=CARTESIAN_POINT('Origin',(-5.58614357137373,57.6138564286263,2.));
#4576=CARTESIAN_POINT('',(-1.8,-7.9,2.));
#4577=CARTESIAN_POINT('Origin',(0.,-7.9,2.));
#4578=CARTESIAN_POINT('',(-7.38614357137373,-5.58614357137373,2.));
#4579=CARTESIAN_POINT('Origin',(-5.58614357137373,-5.58614357137373,2.));
#4580=CARTESIAN_POINT('',(3.78614357137372,-5.58614357137373,2.));
#4581=CARTESIAN_POINT('Origin',(5.58614357137373,-5.58614357137373,2.));
#4582=CARTESIAN_POINT('',(-1.8,-23.7,2.));
#4583=CARTESIAN_POINT('Origin',(-9.67470971326409E-16,-23.7,2.));
#4584=CARTESIAN_POINT('',(3.78614357137373,-57.6138564286263,2.));
#4585=CARTESIAN_POINT('Origin',(5.58614357137373,-57.6138564286263,2.));
#4586=CARTESIAN_POINT('',(-1.8,-39.5,2.));
#4587=CARTESIAN_POINT('Origin',(-9.67470971326409E-16,-39.5,2.));
#4588=CARTESIAN_POINT('',(-1.8,55.3,2.));
#4589=CARTESIAN_POINT('Origin',(-9.67470971326409E-16,55.3,2.));
#4590=CARTESIAN_POINT('',(3.78614357137373,68.7861435713737,2.));
#4591=CARTESIAN_POINT('Origin',(5.58614357137373,68.7861435713737,2.));
#4592=CARTESIAN_POINT('',(-7.38614357137373,68.7861435713737,2.));
#4593=CARTESIAN_POINT('Origin',(-5.58614357137373,68.7861435713737,2.));
#4594=CARTESIAN_POINT('',(3.78614357137373,5.58614357137373,2.));
#4595=CARTESIAN_POINT('Origin',(5.58614357137373,5.58614357137372,2.));
#4596=CARTESIAN_POINT('',(-1.8,39.5,2.));
#4597=CARTESIAN_POINT('Origin',(-9.67470971326409E-16,39.5,2.));
#4598=CARTESIAN_POINT('',(-3.8,-15.8,2.));
#4599=CARTESIAN_POINT('Origin',(0.,-15.8,2.));
#4600=CARTESIAN_POINT('',(6.1,31.6,2.));
#4601=CARTESIAN_POINT('Origin',(7.9,31.6,2.));
#4602=CARTESIAN_POINT('',(-9.7,0.,2.));
#4603=CARTESIAN_POINT('Origin',(-7.9,-1.75415237890775E-15,2.));
#4604=CARTESIAN_POINT('',(-9.7,31.6,2.));
#4605=CARTESIAN_POINT('Origin',(-7.9,31.6,2.));
#4606=CARTESIAN_POINT('',(3.78614357137372,57.6138564286263,2.));
#4607=CARTESIAN_POINT('Origin',(5.58614357137373,57.6138564286263,2.));
#4608=CARTESIAN_POINT('',(6.1,-31.6,2.));
#4609=CARTESIAN_POINT('Origin',(7.9,-31.6,2.));
#4610=CARTESIAN_POINT('',(-7.38614357137373,-68.7861435713737,2.));
#4611=CARTESIAN_POINT('Origin',(-5.58614357137373,-68.7861435713737,2.));
#4612=CARTESIAN_POINT('',(-1.8,7.9,2.));
#4613=CARTESIAN_POINT('Origin',(-9.67470971326409E-16,7.9,2.));
#4614=CARTESIAN_POINT('',(6.1,0.,2.));
#4615=CARTESIAN_POINT('Origin',(7.9,-1.75415237890775E-15,2.));
#4616=CARTESIAN_POINT('',(-3.8,15.8,2.));
#4617=CARTESIAN_POINT('Origin',(0.,15.8,2.));
#4618=CARTESIAN_POINT('',(-9.7,-31.6,2.));
#4619=CARTESIAN_POINT('Origin',(-7.9,-31.6,2.));
#4620=CARTESIAN_POINT('',(-3.8,31.6,2.));
#4621=CARTESIAN_POINT('Origin',(0.,31.6,2.));
#4622=CARTESIAN_POINT('',(3.78614357137372,-68.7861435713737,2.));
#4623=CARTESIAN_POINT('Origin',(5.58614357137373,-68.7861435713737,2.));
#4624=CARTESIAN_POINT('',(-3.8,47.4,2.));
#4625=CARTESIAN_POINT('Origin',(0.,47.4,2.));
#4626=CARTESIAN_POINT('',(-9.7,63.2,2.));
#4627=CARTESIAN_POINT('Origin',(-7.9,63.2,2.));
#4628=CARTESIAN_POINT('',(-1.8,-71.1,2.));
#4629=CARTESIAN_POINT('Origin',(-9.67470971326409E-16,-71.1,2.));
#4630=CARTESIAN_POINT('',(-7.38614357137373,-57.6138564286263,2.));
#4631=CARTESIAN_POINT('Origin',(-5.58614357137373,-57.6138564286263,2.));
#4632=CARTESIAN_POINT('Origin',(-16.,-79.,0.));
#4633=CARTESIAN_POINT('',(12.,-79.,0.));
#4634=CARTESIAN_POINT('',(12.,-79.,0.));
#4635=CARTESIAN_POINT('',(-16.,-79.,0.));
#4636=CARTESIAN_POINT('',(-16.,-79.,0.));
#4637=CARTESIAN_POINT('',(12.,-79.,0.));
#4638=CARTESIAN_POINT('Origin',(-16.,79.,0.));
#4639=CARTESIAN_POINT('',(-16.,79.,0.));
#4640=CARTESIAN_POINT('',(-16.,-79.,0.));
#4641=CARTESIAN_POINT('',(-16.,79.,0.));
#4642=CARTESIAN_POINT('Origin',(-5.58614357137373,-57.6138564286263,0.));
#4643=CARTESIAN_POINT('',(-7.38614357137373,-57.6138564286263,0.));
#4644=CARTESIAN_POINT('Origin',(-5.58614357137373,-57.6138564286263,0.));
#4645=CARTESIAN_POINT('',(-7.38614357137373,-57.6138564286263,0.));
#4646=CARTESIAN_POINT('Origin',(-9.67470971326409E-16,-71.1,0.));
#4647=CARTESIAN_POINT('',(-1.8,-71.1,0.));
#4648=CARTESIAN_POINT('Origin',(-9.67470971326409E-16,-71.1,0.));
#4649=CARTESIAN_POINT('',(-1.8,-71.1,0.));
#4650=CARTESIAN_POINT('Origin',(-7.9,63.2,0.));
#4651=CARTESIAN_POINT('',(-9.7,63.2,0.));
#4652=CARTESIAN_POINT('Origin',(-7.9,63.2,0.));
#4653=CARTESIAN_POINT('',(-9.7,63.2,0.));
#4654=CARTESIAN_POINT('Origin',(0.,47.4,0.));
#4655=CARTESIAN_POINT('',(-3.8,47.4,0.));
#4656=CARTESIAN_POINT('Origin',(0.,47.4,0.));
#4657=CARTESIAN_POINT('',(-3.8,47.4,0.));
#4658=CARTESIAN_POINT('Origin',(5.58614357137373,-68.7861435713737,0.));
#4659=CARTESIAN_POINT('',(3.78614357137372,-68.7861435713737,0.));
#4660=CARTESIAN_POINT('Origin',(5.58614357137373,-68.7861435713737,0.));
#4661=CARTESIAN_POINT('',(3.78614357137373,-68.7861435713737,0.));
#4662=CARTESIAN_POINT('Origin',(0.,31.6,0.));
#4663=CARTESIAN_POINT('',(-3.8,31.6,0.));
#4664=CARTESIAN_POINT('Origin',(0.,31.6,0.));
#4665=CARTESIAN_POINT('',(-3.8,31.6,0.));
#4666=CARTESIAN_POINT('Origin',(-7.9,-31.6,0.));
#4667=CARTESIAN_POINT('',(-9.7,-31.6,0.));
#4668=CARTESIAN_POINT('Origin',(-7.9,-31.6,0.));
#4669=CARTESIAN_POINT('',(-9.7,-31.6,0.));
#4670=CARTESIAN_POINT('Origin',(0.,15.8,0.));
#4671=CARTESIAN_POINT('',(-3.8,15.8,0.));
#4672=CARTESIAN_POINT('Origin',(0.,15.8,0.));
#4673=CARTESIAN_POINT('',(-3.8,15.8,0.));
#4674=CARTESIAN_POINT('Origin',(7.9,-1.75415237890775E-15,0.));
#4675=CARTESIAN_POINT('',(6.1,-1.97458880275427E-15,0.));
#4676=CARTESIAN_POINT('Origin',(7.9,-1.75415237890775E-15,0.));
#4677=CARTESIAN_POINT('',(6.1,-1.97458880275427E-15,0.));
#4678=CARTESIAN_POINT('Origin',(-9.67470971326409E-16,7.9,0.));
#4679=CARTESIAN_POINT('',(-1.8,7.9,0.));
#4680=CARTESIAN_POINT('Origin',(-9.67470971326409E-16,7.9,0.));
#4681=CARTESIAN_POINT('',(-1.8,7.9,0.));
#4682=CARTESIAN_POINT('Origin',(-5.58614357137373,-68.7861435713737,0.));
#4683=CARTESIAN_POINT('',(-7.38614357137373,-68.7861435713737,0.));
#4684=CARTESIAN_POINT('Origin',(-5.58614357137373,-68.7861435713737,0.));
#4685=CARTESIAN_POINT('',(-7.38614357137373,-68.7861435713737,0.));
#4686=CARTESIAN_POINT('Origin',(7.9,-31.6,0.));
#4687=CARTESIAN_POINT('',(6.1,-31.6,0.));
#4688=CARTESIAN_POINT('Origin',(7.9,-31.6,0.));
#4689=CARTESIAN_POINT('',(6.1,-31.6,0.));
#4690=CARTESIAN_POINT('Origin',(5.58614357137373,57.6138564286263,0.));
#4691=CARTESIAN_POINT('',(3.78614357137372,57.6138564286263,0.));
#4692=CARTESIAN_POINT('Origin',(5.58614357137373,57.6138564286263,0.));
#4693=CARTESIAN_POINT('',(3.78614357137373,57.6138564286263,0.));
#4694=CARTESIAN_POINT('Origin',(-7.9,31.6,0.));
#4695=CARTESIAN_POINT('',(-9.7,31.6,0.));
#4696=CARTESIAN_POINT('Origin',(-7.9,31.6,0.));
#4697=CARTESIAN_POINT('',(-9.7,31.6,0.));
#4698=CARTESIAN_POINT('Origin',(-7.9,-1.75415237890775E-15,0.));
#4699=CARTESIAN_POINT('',(-9.7,-1.97458880275427E-15,0.));
#4700=CARTESIAN_POINT('Origin',(-7.9,-1.75415237890775E-15,0.));
#4701=CARTESIAN_POINT('',(-9.7,-1.97458880275427E-15,0.));
#4702=CARTESIAN_POINT('Origin',(7.9,31.6,0.));
#4703=CARTESIAN_POINT('',(6.1,31.6,0.));
#4704=CARTESIAN_POINT('Origin',(7.9,31.6,0.));
#4705=CARTESIAN_POINT('',(6.1,31.6,0.));
#4706=CARTESIAN_POINT('Origin',(0.,-15.8,0.));
#4707=CARTESIAN_POINT('',(-3.8,-15.8,0.));
#4708=CARTESIAN_POINT('Origin',(0.,-15.8,0.));
#4709=CARTESIAN_POINT('',(-3.8,-15.8,0.));
#4710=CARTESIAN_POINT('Origin',(-9.67470971326409E-16,39.5,0.));
#4711=CARTESIAN_POINT('',(-1.8,39.5,0.));
#4712=CARTESIAN_POINT('Origin',(-9.67470971326409E-16,39.5,0.));
#4713=CARTESIAN_POINT('',(-1.8,39.5,0.));
#4714=CARTESIAN_POINT('Origin',(5.58614357137373,5.58614357137372,0.));
#4715=CARTESIAN_POINT('',(3.78614357137373,5.58614357137372,0.));
#4716=CARTESIAN_POINT('Origin',(5.58614357137373,5.58614357137372,0.));
#4717=CARTESIAN_POINT('',(3.78614357137373,5.58614357137372,0.));
#4718=CARTESIAN_POINT('Origin',(-5.58614357137373,68.7861435713737,0.));
#4719=CARTESIAN_POINT('',(-7.38614357137373,68.7861435713737,0.));
#4720=CARTESIAN_POINT('Origin',(-5.58614357137373,68.7861435713737,0.));
#4721=CARTESIAN_POINT('',(-7.38614357137373,68.7861435713737,0.));
#4722=CARTESIAN_POINT('Origin',(5.58614357137373,68.7861435713737,0.));
#4723=CARTESIAN_POINT('',(3.78614357137373,68.7861435713737,0.));
#4724=CARTESIAN_POINT('Origin',(5.58614357137373,68.7861435713737,0.));
#4725=CARTESIAN_POINT('',(3.78614357137373,68.7861435713737,0.));
#4726=CARTESIAN_POINT('Origin',(-9.67470971326409E-16,55.3,0.));
#4727=CARTESIAN_POINT('',(-1.8,55.3,0.));
#4728=CARTESIAN_POINT('Origin',(-9.67470971326409E-16,55.3,0.));
#4729=CARTESIAN_POINT('',(-1.8,55.3,0.));
#4730=CARTESIAN_POINT('Origin',(-9.67470971326409E-16,-39.5,0.));
#4731=CARTESIAN_POINT('',(-1.8,-39.5,0.));
#4732=CARTESIAN_POINT('Origin',(-9.67470971326409E-16,-39.5,0.));
#4733=CARTESIAN_POINT('',(-1.8,-39.5,0.));
#4734=CARTESIAN_POINT('Origin',(5.58614357137373,-57.6138564286263,0.));
#4735=CARTESIAN_POINT('',(3.78614357137373,-57.6138564286263,0.));
#4736=CARTESIAN_POINT('Origin',(5.58614357137373,-57.6138564286263,0.));
#4737=CARTESIAN_POINT('',(3.78614357137373,-57.6138564286263,0.));
#4738=CARTESIAN_POINT('Origin',(-9.67470971326409E-16,-23.7,0.));
#4739=CARTESIAN_POINT('',(-1.8,-23.7,0.));
#4740=CARTESIAN_POINT('Origin',(-9.67470971326409E-16,-23.7,0.));
#4741=CARTESIAN_POINT('',(-1.8,-23.7,0.));
#4742=CARTESIAN_POINT('Origin',(5.58614357137373,-5.58614357137373,0.));
#4743=CARTESIAN_POINT('',(3.78614357137372,-5.58614357137373,0.));
#4744=CARTESIAN_POINT('Origin',(5.58614357137373,-5.58614357137373,0.));
#4745=CARTESIAN_POINT('',(3.78614357137373,-5.58614357137373,0.));
#4746=CARTESIAN_POINT('Origin',(-5.58614357137373,-5.58614357137373,0.));
#4747=CARTESIAN_POINT('',(-7.38614357137373,-5.58614357137373,0.));
#4748=CARTESIAN_POINT('Origin',(-5.58614357137373,-5.58614357137373,0.));
#4749=CARTESIAN_POINT('',(-7.38614357137373,-5.58614357137373,0.));
#4750=CARTESIAN_POINT('Origin',(0.,-7.9,0.));
#4751=CARTESIAN_POINT('',(-1.8,-7.9,0.));
#4752=CARTESIAN_POINT('Origin',(0.,-7.9,0.));
#4753=CARTESIAN_POINT('',(-1.8,-7.9,0.));
#4754=CARTESIAN_POINT('Origin',(-5.58614357137373,57.6138564286263,0.));
#4755=CARTESIAN_POINT('',(-7.38614357137373,57.6138564286263,0.));
#4756=CARTESIAN_POINT('Origin',(-5.58614357137373,57.6138564286263,0.));
#4757=CARTESIAN_POINT('',(-7.38614357137373,57.6138564286263,0.));
#4758=CARTESIAN_POINT('Origin',(7.9,-63.2,0.));
#4759=CARTESIAN_POINT('',(6.1,-63.2,0.));
#4760=CARTESIAN_POINT('Origin',(7.9,-63.2,0.));
#4761=CARTESIAN_POINT('',(6.1,-63.2,0.));
#4762=CARTESIAN_POINT('Origin',(7.9,63.2,0.));
#4763=CARTESIAN_POINT('',(6.1,63.2,0.));
#4764=CARTESIAN_POINT('Origin',(7.9,63.2,0.));
#4765=CARTESIAN_POINT('',(6.1,63.2,0.));
#4766=CARTESIAN_POINT('Origin',(0.,71.1,0.));
#4767=CARTESIAN_POINT('',(-1.8,71.1,0.));
#4768=CARTESIAN_POINT('Origin',(0.,71.1,0.));
#4769=CARTESIAN_POINT('',(-1.8,71.1,0.));
#4770=CARTESIAN_POINT('Origin',(0.,0.,0.));
#4771=CARTESIAN_POINT('',(-3.8,-4.65365783675994E-16,0.));
#4772=CARTESIAN_POINT('Origin',(0.,0.,0.));
#4773=CARTESIAN_POINT('',(-3.8,-4.65365783675994E-16,0.));
#4774=CARTESIAN_POINT('Origin',(-9.67470971326409E-16,23.7,0.));
#4775=CARTESIAN_POINT('',(-1.8,23.7,0.));
#4776=CARTESIAN_POINT('Origin',(-9.67470971326409E-16,23.7,0.));
#4777=CARTESIAN_POINT('',(-1.8,23.7,0.));
#4778=CARTESIAN_POINT('Origin',(0.,63.2,0.));
#4779=CARTESIAN_POINT('',(-3.8,63.2,0.));
#4780=CARTESIAN_POINT('Origin',(0.,63.2,0.));
#4781=CARTESIAN_POINT('',(-3.8,63.2,0.));
#4782=CARTESIAN_POINT('Origin',(0.,-31.6,0.));
#4783=CARTESIAN_POINT('',(-3.8,-31.6,0.));
#4784=CARTESIAN_POINT('Origin',(0.,-31.6,0.));
#4785=CARTESIAN_POINT('',(-3.8,-31.6,0.));
#4786=CARTESIAN_POINT('Origin',(-5.58614357137373,5.58614357137373,0.));
#4787=CARTESIAN_POINT('',(-7.38614357137373,5.58614357137373,0.));
#4788=CARTESIAN_POINT('Origin',(-5.58614357137373,5.58614357137373,0.));
#4789=CARTESIAN_POINT('',(-7.38614357137373,5.58614357137373,0.));
#4790=CARTESIAN_POINT('Origin',(0.,-63.2,0.));
#4791=CARTESIAN_POINT('',(-3.8,-63.2,0.));
#4792=CARTESIAN_POINT('Origin',(0.,-63.2,0.));
#4793=CARTESIAN_POINT('',(-3.8,-63.2,0.));
#4794=CARTESIAN_POINT('Origin',(0.,-47.4,0.));
#4795=CARTESIAN_POINT('',(-3.8,-47.4,0.));
#4796=CARTESIAN_POINT('Origin',(0.,-47.4,0.));
#4797=CARTESIAN_POINT('',(-3.8,-47.4,0.));
#4798=CARTESIAN_POINT('Origin',(-7.9,-63.2,0.));
#4799=CARTESIAN_POINT('',(-9.7,-63.2,0.));
#4800=CARTESIAN_POINT('Origin',(-7.9,-63.2,0.));
#4801=CARTESIAN_POINT('',(-9.7,-63.2,0.));
#4802=CARTESIAN_POINT('Origin',(-9.67470971326409E-16,-55.3,0.));
#4803=CARTESIAN_POINT('',(-1.8,-55.3,0.));
#4804=CARTESIAN_POINT('Origin',(-9.67470971326409E-16,-55.3,0.));
#4805=CARTESIAN_POINT('',(-1.8,-55.3,0.));
#4806=CARTESIAN_POINT('Origin',(-2.22044604925031E-15,0.,0.));
#4807=CARTESIAN_POINT('',(12.,79.,0.));
#4808=CARTESIAN_POINT('',(12.,79.,0.));
#4809=CARTESIAN_POINT('',(-16.,79.,0.));
#4810=CARTESIAN_POINT('Origin',(16.,79.,0.));
#4811=CARTESIAN_POINT('',(12.,79.,2.));
#4812=CARTESIAN_POINT('Origin',(16.,-6.89290914674317E-16,15.7380532894153));
#4813=CARTESIAN_POINT('',(16.,79.,28.));
#4814=CARTESIAN_POINT('',(16.,-79.,28.));
#4815=CARTESIAN_POINT('',(16.,79.,28.));
#4816=CARTESIAN_POINT('',(16.,-79.,4.));
#4817=CARTESIAN_POINT('',(16.,-79.,28.));
#4818=CARTESIAN_POINT('',(16.,79.,4.));
#4819=CARTESIAN_POINT('',(16.,-79.,4.));
#4820=CARTESIAN_POINT('',(16.,79.,4.));
#4821=CARTESIAN_POINT('',(16.,29.8,23.9));
#4822=CARTESIAN_POINT('Origin',(16.,31.6,23.9));
#4823=CARTESIAN_POINT('',(16.,55.8138564286263,10.4138564286263));
#4824=CARTESIAN_POINT('Origin',(16.,57.6138564286263,10.4138564286263));
#4825=CARTESIAN_POINT('',(16.,69.3,16.));
#4826=CARTESIAN_POINT('Origin',(16.,71.1,16.));
#4827=CARTESIAN_POINT('',(16.,37.7,16.));
#4828=CARTESIAN_POINT('Origin',(16.,39.5,16.));
#4829=CARTESIAN_POINT('',(16.,-7.38614357137371,10.4138564286263));
#4830=CARTESIAN_POINT('Origin',(16.,-5.58614357137371,10.4138564286263));
#4831=CARTESIAN_POINT('',(16.,3.78614357137374,21.5861435713737));
#4832=CARTESIAN_POINT('Origin',(16.,5.58614357137374,21.5861435713737));
#4833=CARTESIAN_POINT('',(16.,-9.7,16.));
#4834=CARTESIAN_POINT('Origin',(16.,-7.9,16.));
#4835=CARTESIAN_POINT('',(16.,-33.4,23.9));
#4836=CARTESIAN_POINT('Origin',(16.,-31.6,23.9));
#4837=CARTESIAN_POINT('',(16.,-70.5861435713737,21.5861435713737));
#4838=CARTESIAN_POINT('Origin',(16.,-68.7861435713737,21.5861435713737));
#4839=CARTESIAN_POINT('',(16.,-59.4138564286263,10.4138564286263));
#4840=CARTESIAN_POINT('Origin',(16.,-57.6138564286263,10.4138564286263));
#4841=CARTESIAN_POINT('',(16.,-65.,23.9));
#4842=CARTESIAN_POINT('Origin',(16.,-63.2,23.9));
#4843=CARTESIAN_POINT('',(16.,-57.1,16.));
#4844=CARTESIAN_POINT('Origin',(16.,-55.3,16.));
#4845=CARTESIAN_POINT('',(16.,-72.9,16.));
#4846=CARTESIAN_POINT('Origin',(16.,-71.1,16.));
#4847=CARTESIAN_POINT('',(16.,-35.5,16.));
#4848=CARTESIAN_POINT('Origin',(16.,-31.6,16.));
#4849=CARTESIAN_POINT('',(16.,-19.7,16.));
#4850=CARTESIAN_POINT('Origin',(16.,-15.8,16.));
#4851=CARTESIAN_POINT('',(16.,-1.8,23.9));
#4852=CARTESIAN_POINT('Origin',(16.,1.11022302462516E-14,23.9));
#4853=CARTESIAN_POINT('',(16.,-1.8,8.1));
#4854=CARTESIAN_POINT('Origin',(16.,1.11022302462516E-14,8.1));
#4855=CARTESIAN_POINT('',(16.,27.7,16.));
#4856=CARTESIAN_POINT('Origin',(16.,31.6,16.));
#4857=CARTESIAN_POINT('',(16.,59.3,16.));
#4858=CARTESIAN_POINT('Origin',(16.,63.2,16.));
#4859=CARTESIAN_POINT('',(16.,55.8138564286263,21.5861435713737));
#4860=CARTESIAN_POINT('Origin',(16.,57.6138564286263,21.5861435713737));
#4861=CARTESIAN_POINT('',(16.,29.8,8.1));
#4862=CARTESIAN_POINT('Origin',(16.,31.6,8.1));
#4863=CARTESIAN_POINT('',(16.,66.9861435713737,10.4138564286263));
#4864=CARTESIAN_POINT('Origin',(16.,68.7861435713737,10.4138564286263));
#4865=CARTESIAN_POINT('',(16.,66.9861435713737,21.5861435713737));
#4866=CARTESIAN_POINT('Origin',(16.,68.7861435713737,21.5861435713737));
#4867=CARTESIAN_POINT('',(16.,43.5,16.));
#4868=CARTESIAN_POINT('Origin',(16.,47.4,16.));
#4869=CARTESIAN_POINT('',(16.,11.9,16.));
#4870=CARTESIAN_POINT('Origin',(16.,15.8,16.));
#4871=CARTESIAN_POINT('',(16.,6.1,16.));
#4872=CARTESIAN_POINT('Origin',(16.,7.9,16.));
#4873=CARTESIAN_POINT('',(16.,-3.9,16.));
#4874=CARTESIAN_POINT('Origin',(16.,1.33226762955019E-14,16.));
#4875=CARTESIAN_POINT('',(16.,-33.4,8.1));
#4876=CARTESIAN_POINT('Origin',(16.,-31.6,8.1));
#4877=CARTESIAN_POINT('',(16.,-51.3,16.));
#4878=CARTESIAN_POINT('Origin',(16.,-47.4,16.));
#4879=CARTESIAN_POINT('',(16.,-65.,8.1));
#4880=CARTESIAN_POINT('Origin',(16.,-63.2,8.1));
#4881=CARTESIAN_POINT('',(16.,-67.1,16.));
#4882=CARTESIAN_POINT('Origin',(16.,-63.2,16.));
#4883=CARTESIAN_POINT('',(16.,-59.4138564286263,21.5861435713737));
#4884=CARTESIAN_POINT('Origin',(16.,-57.6138564286263,21.5861435713737));
#4885=CARTESIAN_POINT('',(16.,-70.5861435713737,10.4138564286263));
#4886=CARTESIAN_POINT('Origin',(16.,-68.7861435713737,10.4138564286263));
#4887=CARTESIAN_POINT('',(16.,-41.3,16.));
#4888=CARTESIAN_POINT('Origin',(16.,-39.5,16.));
#4889=CARTESIAN_POINT('',(16.,-25.5,16.));
#4890=CARTESIAN_POINT('Origin',(16.,-23.7,16.));
#4891=CARTESIAN_POINT('',(16.,-7.38614357137371,21.5861435713737));
#4892=CARTESIAN_POINT('Origin',(16.,-5.58614357137371,21.5861435713737));
#4893=CARTESIAN_POINT('',(16.,3.78614357137374,10.4138564286263));
#4894=CARTESIAN_POINT('Origin',(16.,5.58614357137374,10.4138564286263));
#4895=CARTESIAN_POINT('',(16.,21.9,16.));
#4896=CARTESIAN_POINT('Origin',(16.,23.7,16.));
#4897=CARTESIAN_POINT('',(16.,53.5,16.));
#4898=CARTESIAN_POINT('Origin',(16.,55.3,16.));
#4899=CARTESIAN_POINT('',(16.,61.4,23.9));
#4900=CARTESIAN_POINT('Origin',(16.,63.2,23.9));
#4901=CARTESIAN_POINT('',(16.,61.4,8.1));
#4902=CARTESIAN_POINT('Origin',(16.,63.2,8.1));
#4903=CARTESIAN_POINT('Origin',(12.,0.,4.));
#4904=CARTESIAN_POINT('',(14.,79.,4.));
#4905=CARTESIAN_POINT('',(14.,-79.,4.));
#4906=CARTESIAN_POINT('',(14.,79.,4.));
#4907=CARTESIAN_POINT('Origin',(12.,79.,4.));
#4908=CARTESIAN_POINT('Origin',(12.,-79.,4.));
#4909=CARTESIAN_POINT('Origin',(14.,-79.,32.));
#4910=CARTESIAN_POINT('',(14.,-79.,28.));
#4911=CARTESIAN_POINT('',(16.,-79.,28.));
#4912=CARTESIAN_POINT('',(14.,-79.,28.));
#4913=CARTESIAN_POINT('',(14.,-79.,4.));
#4914=CARTESIAN_POINT('Origin',(16.,79.,4.));
#4915=CARTESIAN_POINT('',(16.,79.,4.));
#4916=CARTESIAN_POINT('Origin',(12.,79.,4.));
#4917=CARTESIAN_POINT('Origin',(14.,-79.,4.));
#4918=CARTESIAN_POINT('Origin',(12.,-79.,4.));
#4919=CARTESIAN_POINT('Origin',(14.,79.,-0.52389342116931));
#4920=CARTESIAN_POINT('',(14.,79.,28.));
#4921=CARTESIAN_POINT('',(14.,79.,28.));
#4922=CARTESIAN_POINT('',(14.,79.,28.));
#4923=CARTESIAN_POINT('Origin',(12.,0.,4.));
#4924=CARTESIAN_POINT('Origin',(14.,-1.02453181568294E-16,15.7380532894153));
#4925=CARTESIAN_POINT('',(14.,-79.,28.));
#4926=CARTESIAN_POINT('',(14.,29.8,23.9));
#4927=CARTESIAN_POINT('Origin',(14.,31.6,23.9));
#4928=CARTESIAN_POINT('',(14.,55.8138564286263,10.4138564286263));
#4929=CARTESIAN_POINT('Origin',(14.,57.6138564286263,10.4138564286263));
#4930=CARTESIAN_POINT('',(14.,69.3,16.));
#4931=CARTESIAN_POINT('Origin',(14.,71.1,16.));
#4932=CARTESIAN_POINT('',(14.,37.7,16.));
#4933=CARTESIAN_POINT('Origin',(14.,39.5,16.));
#4934=CARTESIAN_POINT('',(14.,-7.38614357137371,10.4138564286263));
#4935=CARTESIAN_POINT('Origin',(14.,-5.58614357137371,10.4138564286263));
#4936=CARTESIAN_POINT('',(14.,3.78614357137374,21.5861435713737));
#4937=CARTESIAN_POINT('Origin',(14.,5.58614357137374,21.5861435713737));
#4938=CARTESIAN_POINT('',(14.,-9.7,16.));
#4939=CARTESIAN_POINT('Origin',(14.,-7.9,16.));
#4940=CARTESIAN_POINT('',(14.,-33.4,23.9));
#4941=CARTESIAN_POINT('Origin',(14.,-31.6,23.9));
#4942=CARTESIAN_POINT('',(14.,-70.5861435713737,21.5861435713737));
#4943=CARTESIAN_POINT('Origin',(14.,-68.7861435713737,21.5861435713737));
#4944=CARTESIAN_POINT('',(14.,-59.4138564286263,10.4138564286263));
#4945=CARTESIAN_POINT('Origin',(14.,-57.6138564286263,10.4138564286263));
#4946=CARTESIAN_POINT('',(14.,-65.,23.9));
#4947=CARTESIAN_POINT('Origin',(14.,-63.2,23.9));
#4948=CARTESIAN_POINT('',(14.,-57.1,16.));
#4949=CARTESIAN_POINT('Origin',(14.,-55.3,16.));
#4950=CARTESIAN_POINT('',(14.,-72.9,16.));
#4951=CARTESIAN_POINT('Origin',(14.,-71.1,16.));
#4952=CARTESIAN_POINT('',(14.,-35.5,16.));
#4953=CARTESIAN_POINT('Origin',(14.,-31.6,16.));
#4954=CARTESIAN_POINT('',(14.,-19.7,16.));
#4955=CARTESIAN_POINT('Origin',(14.,-15.8,16.));
#4956=CARTESIAN_POINT('',(14.,-1.8,23.9));
#4957=CARTESIAN_POINT('Origin',(14.,1.11022302462516E-14,23.9));
#4958=CARTESIAN_POINT('',(14.,-1.8,8.1));
#4959=CARTESIAN_POINT('Origin',(14.,1.11022302462516E-14,8.1));
#4960=CARTESIAN_POINT('',(14.,27.7,16.));
#4961=CARTESIAN_POINT('Origin',(14.,31.6,16.));
#4962=CARTESIAN_POINT('',(14.,59.3,16.));
#4963=CARTESIAN_POINT('Origin',(14.,63.2,16.));
#4964=CARTESIAN_POINT('',(14.,55.8138564286263,21.5861435713737));
#4965=CARTESIAN_POINT('Origin',(14.,57.6138564286263,21.5861435713737));
#4966=CARTESIAN_POINT('',(14.,29.8,8.1));
#4967=CARTESIAN_POINT('Origin',(14.,31.6,8.1));
#4968=CARTESIAN_POINT('',(14.,66.9861435713737,10.4138564286263));
#4969=CARTESIAN_POINT('Origin',(14.,68.7861435713737,10.4138564286263));
#4970=CARTESIAN_POINT('',(14.,66.9861435713737,21.5861435713737));
#4971=CARTESIAN_POINT('Origin',(14.,68.7861435713737,21.5861435713737));
#4972=CARTESIAN_POINT('',(14.,43.5,16.));
#4973=CARTESIAN_POINT('Origin',(14.,47.4,16.));
#4974=CARTESIAN_POINT('',(14.,11.9,16.));
#4975=CARTESIAN_POINT('Origin',(14.,15.8,16.));
#4976=CARTESIAN_POINT('',(14.,6.1,16.));
#4977=CARTESIAN_POINT('Origin',(14.,7.9,16.));
#4978=CARTESIAN_POINT('',(14.,-3.9,16.));
#4979=CARTESIAN_POINT('Origin',(14.,1.33226762955019E-14,16.));
#4980=CARTESIAN_POINT('',(14.,-33.4,8.1));
#4981=CARTESIAN_POINT('Origin',(14.,-31.6,8.1));
#4982=CARTESIAN_POINT('',(14.,-51.3,16.));
#4983=CARTESIAN_POINT('Origin',(14.,-47.4,16.));
#4984=CARTESIAN_POINT('',(14.,-65.,8.1));
#4985=CARTESIAN_POINT('Origin',(14.,-63.2,8.1));
#4986=CARTESIAN_POINT('',(14.,-67.1,16.));
#4987=CARTESIAN_POINT('Origin',(14.,-63.2,16.));
#4988=CARTESIAN_POINT('',(14.,-59.4138564286263,21.5861435713737));
#4989=CARTESIAN_POINT('Origin',(14.,-57.6138564286263,21.5861435713737));
#4990=CARTESIAN_POINT('',(14.,-70.5861435713737,10.4138564286263));
#4991=CARTESIAN_POINT('Origin',(14.,-68.7861435713737,10.4138564286263));
#4992=CARTESIAN_POINT('',(14.,-41.3,16.));
#4993=CARTESIAN_POINT('Origin',(14.,-39.5,16.));
#4994=CARTESIAN_POINT('',(14.,-25.5,16.));
#4995=CARTESIAN_POINT('Origin',(14.,-23.7,16.));
#4996=CARTESIAN_POINT('',(14.,-7.38614357137371,21.5861435713737));
#4997=CARTESIAN_POINT('Origin',(14.,-5.58614357137371,21.5861435713737));
#4998=CARTESIAN_POINT('',(14.,3.78614357137374,10.4138564286263));
#4999=CARTESIAN_POINT('Origin',(14.,5.58614357137374,10.4138564286263));
#5000=CARTESIAN_POINT('',(14.,21.9,16.));
#5001=CARTESIAN_POINT('Origin',(14.,23.7,16.));
#5002=CARTESIAN_POINT('',(14.,53.5,16.));
#5003=CARTESIAN_POINT('Origin',(14.,55.3,16.));
#5004=CARTESIAN_POINT('',(14.,61.4,23.9));
#5005=CARTESIAN_POINT('Origin',(14.,63.2,23.9));
#5006=CARTESIAN_POINT('',(14.,61.4,8.1));
#5007=CARTESIAN_POINT('Origin',(14.,63.2,8.1));
#5008=CARTESIAN_POINT('Origin',(0.261946710584668,-1.5739870728863E-15,
32.));
#5009=CARTESIAN_POINT('',(12.,-79.,32.));
#5010=CARTESIAN_POINT('',(12.,79.,32.));
#5011=CARTESIAN_POINT('',(12.,-79.,32.));
#5012=CARTESIAN_POINT('',(-16.,79.,32.));
#5013=CARTESIAN_POINT('',(12.,79.,32.));
#5014=CARTESIAN_POINT('',(-16.,-79.,32.));
#5015=CARTESIAN_POINT('',(-16.,79.,32.));
#5016=CARTESIAN_POINT('',(-16.,-79.,32.));
#5017=CARTESIAN_POINT('',(7.38614357137373,57.6138564286263,32.));
#5018=CARTESIAN_POINT('Origin',(5.58614357137373,57.6138564286263,32.));
#5019=CARTESIAN_POINT('',(-3.78614357137372,68.7861435713737,32.));
#5020=CARTESIAN_POINT('Origin',(-5.58614357137373,68.7861435713737,32.));
#5021=CARTESIAN_POINT('',(1.8,55.3,32.));
#5022=CARTESIAN_POINT('Origin',(0.,55.3,32.));
#5023=CARTESIAN_POINT('',(-6.1,31.6,32.));
#5024=CARTESIAN_POINT('Origin',(-7.9,31.6,32.));
#5025=CARTESIAN_POINT('',(7.38614357137373,-5.58614357137373,32.));
#5026=CARTESIAN_POINT('Origin',(5.58614357137373,-5.58614357137373,32.));
#5027=CARTESIAN_POINT('',(-3.78614357137372,5.58614357137373,32.));
#5028=CARTESIAN_POINT('Origin',(-5.58614357137373,5.58614357137373,32.));
#5029=CARTESIAN_POINT('',(1.8,-7.9,32.));
#5030=CARTESIAN_POINT('Origin',(0.,-7.9,32.));
#5031=CARTESIAN_POINT('',(-6.1,-31.6,32.));
#5032=CARTESIAN_POINT('Origin',(-7.9,-31.6,32.));
#5033=CARTESIAN_POINT('',(7.38614357137373,-68.7861435713737,32.));
#5034=CARTESIAN_POINT('Origin',(5.58614357137373,-68.7861435713737,32.));
#5035=CARTESIAN_POINT('',(-3.78614357137372,-57.6138564286263,32.));
#5036=CARTESIAN_POINT('Origin',(-5.58614357137373,-57.6138564286263,32.));
#5037=CARTESIAN_POINT('',(3.8,-63.2,32.));
#5038=CARTESIAN_POINT('Origin',(0.,-63.2,32.));
#5039=CARTESIAN_POINT('',(-6.1,-63.2,32.));
#5040=CARTESIAN_POINT('Origin',(-7.9,-63.2,32.));
#5041=CARTESIAN_POINT('',(9.7,-63.2,32.));
#5042=CARTESIAN_POINT('Origin',(7.9,-63.2,32.));
#5043=CARTESIAN_POINT('',(3.8,-31.6,32.));
#5044=CARTESIAN_POINT('Origin',(0.,-31.6,32.));
#5045=CARTESIAN_POINT('',(3.8,-15.8,32.));
#5046=CARTESIAN_POINT('Origin',(0.,-15.8,32.));
#5047=CARTESIAN_POINT('',(-6.1,1.97458880275427E-15,32.));
#5048=CARTESIAN_POINT('Origin',(-7.9,1.75415237890775E-15,32.));
#5049=CARTESIAN_POINT('',(9.7,1.97458880275427E-15,32.));
#5050=CARTESIAN_POINT('Origin',(7.9,1.75415237890775E-15,32.));
#5051=CARTESIAN_POINT('',(3.8,31.6,32.));
#5052=CARTESIAN_POINT('Origin',(0.,31.6,32.));
#5053=CARTESIAN_POINT('',(3.8,47.4,32.));
#5054=CARTESIAN_POINT('Origin',(0.,47.4,32.));
#5055=CARTESIAN_POINT('',(3.8,63.2,32.));
#5056=CARTESIAN_POINT('Origin',(0.,63.2,32.));
#5057=CARTESIAN_POINT('',(9.7,63.2,32.));
#5058=CARTESIAN_POINT('Origin',(7.9,63.2,32.));
#5059=CARTESIAN_POINT('',(1.8,71.1,32.));
#5060=CARTESIAN_POINT('Origin',(9.67470971326409E-16,71.1,32.));
#5061=CARTESIAN_POINT('',(-3.78614357137373,57.6138564286263,32.));
#5062=CARTESIAN_POINT('Origin',(-5.58614357137373,57.6138564286263,32.));
#5063=CARTESIAN_POINT('',(1.8,39.5,32.));
#5064=CARTESIAN_POINT('Origin',(0.,39.5,32.));
#5065=CARTESIAN_POINT('',(3.8,15.8,32.));
#5066=CARTESIAN_POINT('Origin',(0.,15.8,32.));
#5067=CARTESIAN_POINT('',(1.8,7.9,32.));
#5068=CARTESIAN_POINT('Origin',(0.,7.9,32.));
#5069=CARTESIAN_POINT('',(3.8,4.65365783675994E-16,32.));
#5070=CARTESIAN_POINT('Origin',(0.,0.,32.));
#5071=CARTESIAN_POINT('',(9.7,-31.6,32.));
#5072=CARTESIAN_POINT('Origin',(7.9,-31.6,32.));
#5073=CARTESIAN_POINT('',(3.8,-47.4,32.));
#5074=CARTESIAN_POINT('Origin',(0.,-47.4,32.));
#5075=CARTESIAN_POINT('',(1.8,-55.3,32.));
#5076=CARTESIAN_POINT('Origin',(9.67470971326409E-16,-55.3,32.));
#5077=CARTESIAN_POINT('',(1.8,-71.1,32.));
#5078=CARTESIAN_POINT('Origin',(0.,-71.1,32.));
#5079=CARTESIAN_POINT('',(-3.78614357137373,-68.7861435713737,32.));
#5080=CARTESIAN_POINT('Origin',(-5.58614357137373,-68.7861435713737,32.));
#5081=CARTESIAN_POINT('',(7.38614357137373,-57.6138564286263,32.));
#5082=CARTESIAN_POINT('Origin',(5.58614357137373,-57.6138564286263,32.));
#5083=CARTESIAN_POINT('',(1.8,-39.5,32.));
#5084=CARTESIAN_POINT('Origin',(9.67470971326409E-16,-39.5,32.));
#5085=CARTESIAN_POINT('',(1.8,-23.7,32.));
#5086=CARTESIAN_POINT('Origin',(9.67470971326409E-16,-23.7,32.));
#5087=CARTESIAN_POINT('',(-3.78614357137373,-5.58614357137372,32.));
#5088=CARTESIAN_POINT('Origin',(-5.58614357137373,-5.58614357137372,32.));
#5089=CARTESIAN_POINT('',(7.38614357137373,5.58614357137373,32.));
#5090=CARTESIAN_POINT('Origin',(5.58614357137373,5.58614357137373,32.));
#5091=CARTESIAN_POINT('',(1.8,23.7,32.));
#5092=CARTESIAN_POINT('Origin',(0.,23.7,32.));
#5093=CARTESIAN_POINT('',(9.7,31.6,32.));
#5094=CARTESIAN_POINT('Origin',(7.9,31.6,32.));
#5095=CARTESIAN_POINT('',(-6.1,63.2,32.));
#5096=CARTESIAN_POINT('Origin',(-7.9,63.2,32.));
#5097=CARTESIAN_POINT('',(7.38614357137373,68.7861435713737,32.));
#5098=CARTESIAN_POINT('Origin',(5.58614357137373,68.7861435713737,32.));
#5099=CARTESIAN_POINT('Origin',(12.,-1.61895813211162E-16,28.));
#5100=CARTESIAN_POINT('',(12.,79.,30.));
#5101=CARTESIAN_POINT('',(12.,-79.,30.));
#5102=CARTESIAN_POINT('',(12.,79.,30.));
#5103=CARTESIAN_POINT('Origin',(12.,79.,28.));
#5104=CARTESIAN_POINT('Origin',(12.,-79.,28.));
#5105=CARTESIAN_POINT('Origin',(-16.,79.,30.));
#5106=CARTESIAN_POINT('',(-16.,-79.,30.));
#5107=CARTESIAN_POINT('',(-16.,79.,30.));
#5108=CARTESIAN_POINT('',(-16.,-79.,30.));
#5109=CARTESIAN_POINT('',(-16.,-79.,30.));
#5110=CARTESIAN_POINT('',(-16.,79.,30.));
#5111=CARTESIAN_POINT('Origin',(-16.,-79.,30.));
#5112=CARTESIAN_POINT('',(12.,-79.,30.));
#5113=CARTESIAN_POINT('',(-16.,-79.,30.));
#5114=CARTESIAN_POINT('Origin',(12.,79.,32.));
#5115=CARTESIAN_POINT('',(12.,79.,32.));
#5116=CARTESIAN_POINT('Origin',(12.,79.,28.));
#5117=CARTESIAN_POINT('Origin',(12.,-79.,30.));
#5118=CARTESIAN_POINT('Origin',(12.,-79.,28.));
#5119=CARTESIAN_POINT('Origin',(0.261946710584668,-2.27325245405563E-15,
30.));
#5120=CARTESIAN_POINT('',(-16.,79.,30.));
#5121=CARTESIAN_POINT('',(7.38614357137373,57.6138564286263,30.));
#5122=CARTESIAN_POINT('Origin',(5.58614357137373,57.6138564286263,30.));
#5123=CARTESIAN_POINT('',(-3.78614357137372,68.7861435713737,30.));
#5124=CARTESIAN_POINT('Origin',(-5.58614357137373,68.7861435713737,30.));
#5125=CARTESIAN_POINT('',(1.8,55.3,30.));
#5126=CARTESIAN_POINT('Origin',(0.,55.3,30.));
#5127=CARTESIAN_POINT('',(-6.1,31.6,30.));
#5128=CARTESIAN_POINT('Origin',(-7.9,31.6,30.));
#5129=CARTESIAN_POINT('',(7.38614357137373,-5.58614357137373,30.));
#5130=CARTESIAN_POINT('Origin',(5.58614357137373,-5.58614357137373,30.));
#5131=CARTESIAN_POINT('',(-3.78614357137372,5.58614357137373,30.));
#5132=CARTESIAN_POINT('Origin',(-5.58614357137373,5.58614357137373,30.));
#5133=CARTESIAN_POINT('',(1.8,-7.9,30.));
#5134=CARTESIAN_POINT('Origin',(0.,-7.9,30.));
#5135=CARTESIAN_POINT('',(-6.1,-31.6,30.));
#5136=CARTESIAN_POINT('Origin',(-7.9,-31.6,30.));
#5137=CARTESIAN_POINT('',(7.38614357137373,-68.7861435713737,30.));
#5138=CARTESIAN_POINT('Origin',(5.58614357137373,-68.7861435713737,30.));
#5139=CARTESIAN_POINT('',(-3.78614357137372,-57.6138564286263,30.));
#5140=CARTESIAN_POINT('Origin',(-5.58614357137373,-57.6138564286263,30.));
#5141=CARTESIAN_POINT('',(3.8,-63.2,30.));
#5142=CARTESIAN_POINT('Origin',(0.,-63.2,30.));
#5143=CARTESIAN_POINT('',(-6.1,-63.2,30.));
#5144=CARTESIAN_POINT('Origin',(-7.9,-63.2,30.));
#5145=CARTESIAN_POINT('',(9.7,-63.2,30.));
#5146=CARTESIAN_POINT('Origin',(7.9,-63.2,30.));
#5147=CARTESIAN_POINT('',(3.8,-31.6,30.));
#5148=CARTESIAN_POINT('Origin',(0.,-31.6,30.));
#5149=CARTESIAN_POINT('',(3.8,-15.8,30.));
#5150=CARTESIAN_POINT('Origin',(0.,-15.8,30.));
#5151=CARTESIAN_POINT('',(-6.1,1.97458880275427E-15,30.));
#5152=CARTESIAN_POINT('Origin',(-7.9,1.75415237890775E-15,30.));
#5153=CARTESIAN_POINT('',(9.7,1.97458880275427E-15,30.));
#5154=CARTESIAN_POINT('Origin',(7.9,1.75415237890775E-15,30.));
#5155=CARTESIAN_POINT('',(3.8,31.6,30.));
#5156=CARTESIAN_POINT('Origin',(0.,31.6,30.));
#5157=CARTESIAN_POINT('',(3.8,47.4,30.));
#5158=CARTESIAN_POINT('Origin',(0.,47.4,30.));
#5159=CARTESIAN_POINT('',(3.8,63.2,30.));
#5160=CARTESIAN_POINT('Origin',(0.,63.2,30.));
#5161=CARTESIAN_POINT('',(9.7,63.2,30.));
#5162=CARTESIAN_POINT('Origin',(7.9,63.2,30.));
#5163=CARTESIAN_POINT('',(1.8,71.1,30.));
#5164=CARTESIAN_POINT('Origin',(9.67470971326409E-16,71.1,30.));
#5165=CARTESIAN_POINT('',(-3.78614357137373,57.6138564286263,30.));
#5166=CARTESIAN_POINT('Origin',(-5.58614357137373,57.6138564286263,30.));
#5167=CARTESIAN_POINT('',(1.8,39.5,30.));
#5168=CARTESIAN_POINT('Origin',(0.,39.5,30.));
#5169=CARTESIAN_POINT('',(3.8,15.8,30.));
#5170=CARTESIAN_POINT('Origin',(0.,15.8,30.));
#5171=CARTESIAN_POINT('',(1.8,7.9,30.));
#5172=CARTESIAN_POINT('Origin',(0.,7.9,30.));
#5173=CARTESIAN_POINT('',(3.8,4.65365783675994E-16,30.));
#5174=CARTESIAN_POINT('Origin',(0.,0.,30.));
#5175=CARTESIAN_POINT('',(9.7,-31.6,30.));
#5176=CARTESIAN_POINT('Origin',(7.9,-31.6,30.));
#5177=CARTESIAN_POINT('',(3.8,-47.4,30.));
#5178=CARTESIAN_POINT('Origin',(0.,-47.4,30.));
#5179=CARTESIAN_POINT('',(1.8,-55.3,30.));
#5180=CARTESIAN_POINT('Origin',(9.67470971326409E-16,-55.3,30.));
#5181=CARTESIAN_POINT('',(1.8,-71.1,30.));
#5182=CARTESIAN_POINT('Origin',(0.,-71.1,30.));
#5183=CARTESIAN_POINT('',(-3.78614357137373,-68.7861435713737,30.));
#5184=CARTESIAN_POINT('Origin',(-5.58614357137373,-68.7861435713737,30.));
#5185=CARTESIAN_POINT('',(7.38614357137373,-57.6138564286263,30.));
#5186=CARTESIAN_POINT('Origin',(5.58614357137373,-57.6138564286263,30.));
#5187=CARTESIAN_POINT('',(1.8,-39.5,30.));
#5188=CARTESIAN_POINT('Origin',(9.67470971326409E-16,-39.5,30.));
#5189=CARTESIAN_POINT('',(1.8,-23.7,30.));
#5190=CARTESIAN_POINT('Origin',(9.67470971326409E-16,-23.7,30.));
#5191=CARTESIAN_POINT('',(-3.78614357137373,-5.58614357137372,30.));
#5192=CARTESIAN_POINT('Origin',(-5.58614357137373,-5.58614357137372,30.));
#5193=CARTESIAN_POINT('',(7.38614357137373,5.58614357137373,30.));
#5194=CARTESIAN_POINT('Origin',(5.58614357137373,5.58614357137373,30.));
#5195=CARTESIAN_POINT('',(1.8,23.7,30.));
#5196=CARTESIAN_POINT('Origin',(0.,23.7,30.));
#5197=CARTESIAN_POINT('',(9.7,31.6,30.));
#5198=CARTESIAN_POINT('Origin',(7.9,31.6,30.));
#5199=CARTESIAN_POINT('',(-6.1,63.2,30.));
#5200=CARTESIAN_POINT('Origin',(-7.9,63.2,30.));
#5201=CARTESIAN_POINT('',(7.38614357137373,68.7861435713737,30.));
#5202=CARTESIAN_POINT('Origin',(5.58614357137373,68.7861435713737,30.));
#5203=CARTESIAN_POINT('Origin',(16.5238934211693,79.,30.));
#5204=CARTESIAN_POINT('Origin',(12.,-1.61895813211162E-16,28.));
#5205=CARTESIAN_POINT('Origin',(5.58614357137373,57.6138564286263,32.));
#5206=CARTESIAN_POINT('',(7.38614357137373,57.6138564286263,32.));
#5207=CARTESIAN_POINT('Origin',(-5.58614357137373,68.7861435713737,32.));
#5208=CARTESIAN_POINT('',(-3.78614357137373,68.7861435713737,32.));
#5209=CARTESIAN_POINT('Origin',(0.,55.3,32.));
#5210=CARTESIAN_POINT('',(1.8,55.3,32.));
#5211=CARTESIAN_POINT('Origin',(-7.9,31.6,32.));
#5212=CARTESIAN_POINT('',(-6.1,31.6,32.));
#5213=CARTESIAN_POINT('Origin',(5.58614357137373,-5.58614357137373,32.));
#5214=CARTESIAN_POINT('',(7.38614357137373,-5.58614357137373,32.));
#5215=CARTESIAN_POINT('Origin',(-5.58614357137373,5.58614357137373,32.));
#5216=CARTESIAN_POINT('',(-3.78614357137373,5.58614357137373,32.));
#5217=CARTESIAN_POINT('Origin',(0.,-7.9,32.));
#5218=CARTESIAN_POINT('',(1.8,-7.9,32.));
#5219=CARTESIAN_POINT('Origin',(-7.9,-31.6,32.));
#5220=CARTESIAN_POINT('',(-6.1,-31.6,32.));
#5221=CARTESIAN_POINT('Origin',(5.58614357137373,-68.7861435713737,32.));
#5222=CARTESIAN_POINT('',(7.38614357137373,-68.7861435713737,32.));
#5223=CARTESIAN_POINT('Origin',(-5.58614357137373,-57.6138564286263,32.));
#5224=CARTESIAN_POINT('',(-3.78614357137373,-57.6138564286263,32.));
#5225=CARTESIAN_POINT('Origin',(0.,-63.2,32.));
#5226=CARTESIAN_POINT('',(3.8,-63.2,32.));
#5227=CARTESIAN_POINT('Origin',(-7.9,-63.2,32.));
#5228=CARTESIAN_POINT('',(-6.1,-63.2,32.));
#5229=CARTESIAN_POINT('Origin',(7.9,-63.2,32.));
#5230=CARTESIAN_POINT('',(9.7,-63.2,32.));
#5231=CARTESIAN_POINT('Origin',(0.,-31.6,32.));
#5232=CARTESIAN_POINT('',(3.8,-31.6,32.));
#5233=CARTESIAN_POINT('Origin',(0.,-15.8,32.));
#5234=CARTESIAN_POINT('',(3.8,-15.8,32.));
#5235=CARTESIAN_POINT('Origin',(-7.9,1.75415237890775E-15,32.));
#5236=CARTESIAN_POINT('',(-6.1,1.53371595506123E-15,32.));
#5237=CARTESIAN_POINT('Origin',(7.9,1.75415237890775E-15,32.));
#5238=CARTESIAN_POINT('',(9.7,1.53371595506123E-15,32.));
#5239=CARTESIAN_POINT('Origin',(0.,31.6,32.));
#5240=CARTESIAN_POINT('',(3.8,31.6,32.));
#5241=CARTESIAN_POINT('Origin',(0.,47.4,32.));
#5242=CARTESIAN_POINT('',(3.8,47.4,32.));
#5243=CARTESIAN_POINT('Origin',(0.,63.2,32.));
#5244=CARTESIAN_POINT('',(3.8,63.2,32.));
#5245=CARTESIAN_POINT('Origin',(7.9,63.2,32.));
#5246=CARTESIAN_POINT('',(9.7,63.2,32.));
#5247=CARTESIAN_POINT('Origin',(9.67470971326409E-16,71.1,32.));
#5248=CARTESIAN_POINT('',(1.8,71.1,32.));
#5249=CARTESIAN_POINT('Origin',(-5.58614357137373,57.6138564286263,32.));
#5250=CARTESIAN_POINT('',(-3.78614357137373,57.6138564286263,32.));
#5251=CARTESIAN_POINT('Origin',(0.,39.5,32.));
#5252=CARTESIAN_POINT('',(1.8,39.5,32.));
#5253=CARTESIAN_POINT('Origin',(0.,15.8,32.));
#5254=CARTESIAN_POINT('',(3.8,15.8,32.));
#5255=CARTESIAN_POINT('Origin',(0.,7.9,32.));
#5256=CARTESIAN_POINT('',(1.8,7.9,32.));
#5257=CARTESIAN_POINT('Origin',(0.,0.,32.));
#5258=CARTESIAN_POINT('',(3.8,-4.65365783675994E-16,32.));
#5259=CARTESIAN_POINT('Origin',(7.9,-31.6,32.));
#5260=CARTESIAN_POINT('',(9.7,-31.6,32.));
#5261=CARTESIAN_POINT('Origin',(0.,-47.4,32.));
#5262=CARTESIAN_POINT('',(3.8,-47.4,32.));
#5263=CARTESIAN_POINT('Origin',(9.67470971326409E-16,-55.3,32.));
#5264=CARTESIAN_POINT('',(1.8,-55.3,32.));
#5265=CARTESIAN_POINT('Origin',(0.,-71.1,32.));
#5266=CARTESIAN_POINT('',(1.8,-71.1,32.));
#5267=CARTESIAN_POINT('Origin',(-5.58614357137373,-68.7861435713737,32.));
#5268=CARTESIAN_POINT('',(-3.78614357137373,-68.7861435713737,32.));
#5269=CARTESIAN_POINT('Origin',(5.58614357137373,-57.6138564286263,32.));
#5270=CARTESIAN_POINT('',(7.38614357137373,-57.6138564286263,32.));
#5271=CARTESIAN_POINT('Origin',(9.67470971326409E-16,-39.5,32.));
#5272=CARTESIAN_POINT('',(1.8,-39.5,32.));
#5273=CARTESIAN_POINT('Origin',(9.67470971326409E-16,-23.7,32.));
#5274=CARTESIAN_POINT('',(1.8,-23.7,32.));
#5275=CARTESIAN_POINT('Origin',(-5.58614357137373,-5.58614357137372,32.));
#5276=CARTESIAN_POINT('',(-3.78614357137373,-5.58614357137372,32.));
#5277=CARTESIAN_POINT('Origin',(5.58614357137373,5.58614357137373,32.));
#5278=CARTESIAN_POINT('',(7.38614357137373,5.58614357137373,32.));
#5279=CARTESIAN_POINT('Origin',(0.,23.7,32.));
#5280=CARTESIAN_POINT('',(1.8,23.7,32.));
#5281=CARTESIAN_POINT('Origin',(7.9,31.6,32.));
#5282=CARTESIAN_POINT('',(9.7,31.6,32.));
#5283=CARTESIAN_POINT('Origin',(-7.9,63.2,32.));
#5284=CARTESIAN_POINT('',(-6.1,63.2,32.));
#5285=CARTESIAN_POINT('Origin',(5.58614357137373,68.7861435713737,32.));
#5286=CARTESIAN_POINT('',(7.38614357137373,68.7861435713737,32.));
#5287=CARTESIAN_POINT('Origin',(16.,31.6,23.9));
#5288=CARTESIAN_POINT('',(16.,29.8,23.9));
#5289=CARTESIAN_POINT('Origin',(16.,57.6138564286263,10.4138564286263));
#5290=CARTESIAN_POINT('',(16.,55.8138564286263,10.4138564286263));
#5291=CARTESIAN_POINT('Origin',(16.,71.1,16.));
#5292=CARTESIAN_POINT('',(16.,69.3,16.));
#5293=CARTESIAN_POINT('Origin',(16.,39.5,16.));
#5294=CARTESIAN_POINT('',(16.,37.7,16.));
#5295=CARTESIAN_POINT('Origin',(16.,-5.58614357137371,10.4138564286263));
#5296=CARTESIAN_POINT('',(16.,-7.38614357137371,10.4138564286263));
#5297=CARTESIAN_POINT('Origin',(16.,5.58614357137374,21.5861435713737));
#5298=CARTESIAN_POINT('',(16.,3.78614357137374,21.5861435713737));
#5299=CARTESIAN_POINT('Origin',(16.,-7.9,16.));
#5300=CARTESIAN_POINT('',(16.,-9.7,16.));
#5301=CARTESIAN_POINT('Origin',(16.,-31.6,23.9));
#5302=CARTESIAN_POINT('',(16.,-33.4,23.9));
#5303=CARTESIAN_POINT('Origin',(16.,-68.7861435713737,21.5861435713737));
#5304=CARTESIAN_POINT('',(16.,-70.5861435713737,21.5861435713737));
#5305=CARTESIAN_POINT('Origin',(16.,-57.6138564286263,10.4138564286263));
#5306=CARTESIAN_POINT('',(16.,-59.4138564286263,10.4138564286263));
#5307=CARTESIAN_POINT('Origin',(16.,-63.2,23.9));
#5308=CARTESIAN_POINT('',(16.,-65.,23.9));
#5309=CARTESIAN_POINT('Origin',(16.,-55.3,16.));
#5310=CARTESIAN_POINT('',(16.,-57.1,16.));
#5311=CARTESIAN_POINT('Origin',(16.,-71.1,16.));
#5312=CARTESIAN_POINT('',(16.,-72.9,16.));
#5313=CARTESIAN_POINT('Origin',(16.,-31.6,16.));
#5314=CARTESIAN_POINT('',(16.,-35.5,16.));
#5315=CARTESIAN_POINT('Origin',(16.,-15.8,16.));
#5316=CARTESIAN_POINT('',(16.,-19.7,16.));
#5317=CARTESIAN_POINT('Origin',(16.,1.11022302462516E-14,23.9));
#5318=CARTESIAN_POINT('',(16.,-1.79999999999999,23.9));
#5319=CARTESIAN_POINT('Origin',(16.,1.11022302462516E-14,8.1));
#5320=CARTESIAN_POINT('',(16.,-1.79999999999999,8.1));
#5321=CARTESIAN_POINT('Origin',(16.,31.6,16.));
#5322=CARTESIAN_POINT('',(16.,27.7,16.));
#5323=CARTESIAN_POINT('Origin',(16.,63.2,16.));
#5324=CARTESIAN_POINT('',(16.,59.3,16.));
#5325=CARTESIAN_POINT('Origin',(16.,57.6138564286263,21.5861435713737));
#5326=CARTESIAN_POINT('',(16.,55.8138564286263,21.5861435713737));
#5327=CARTESIAN_POINT('Origin',(16.,31.6,8.1));
#5328=CARTESIAN_POINT('',(16.,29.8,8.1));
#5329=CARTESIAN_POINT('Origin',(16.,68.7861435713737,10.4138564286263));
#5330=CARTESIAN_POINT('',(16.,66.9861435713737,10.4138564286263));
#5331=CARTESIAN_POINT('Origin',(16.,68.7861435713737,21.5861435713737));
#5332=CARTESIAN_POINT('',(16.,66.9861435713737,21.5861435713737));
#5333=CARTESIAN_POINT('Origin',(16.,47.4,16.));
#5334=CARTESIAN_POINT('',(16.,43.5,16.));
#5335=CARTESIAN_POINT('Origin',(16.,15.8,16.));
#5336=CARTESIAN_POINT('',(16.,11.9,16.));
#5337=CARTESIAN_POINT('Origin',(16.,7.9,16.));
#5338=CARTESIAN_POINT('',(16.,6.1,16.));
#5339=CARTESIAN_POINT('Origin',(16.,1.33226762955019E-14,16.));
#5340=CARTESIAN_POINT('',(16.,-3.89999999999999,16.));
#5341=CARTESIAN_POINT('Origin',(16.,-31.6,8.1));
#5342=CARTESIAN_POINT('',(16.,-33.4,8.1));
#5343=CARTESIAN_POINT('Origin',(16.,-47.4,16.));
#5344=CARTESIAN_POINT('',(16.,-51.3,16.));
#5345=CARTESIAN_POINT('Origin',(16.,-63.2,8.1));
#5346=CARTESIAN_POINT('',(16.,-65.,8.1));
#5347=CARTESIAN_POINT('Origin',(16.,-63.2,16.));
#5348=CARTESIAN_POINT('',(16.,-67.1,16.));
#5349=CARTESIAN_POINT('Origin',(16.,-57.6138564286263,21.5861435713737));
#5350=CARTESIAN_POINT('',(16.,-59.4138564286263,21.5861435713737));
#5351=CARTESIAN_POINT('Origin',(16.,-68.7861435713737,10.4138564286263));
#5352=CARTESIAN_POINT('',(16.,-70.5861435713737,10.4138564286263));
#5353=CARTESIAN_POINT('Origin',(16.,-39.5,16.));
#5354=CARTESIAN_POINT('',(16.,-41.3,16.));
#5355=CARTESIAN_POINT('Origin',(16.,-23.7,16.));
#5356=CARTESIAN_POINT('',(16.,-25.5,16.));
#5357=CARTESIAN_POINT('Origin',(16.,-5.58614357137371,21.5861435713737));
#5358=CARTESIAN_POINT('',(16.,-7.38614357137371,21.5861435713737));
#5359=CARTESIAN_POINT('Origin',(16.,5.58614357137374,10.4138564286263));
#5360=CARTESIAN_POINT('',(16.,3.78614357137374,10.4138564286263));
#5361=CARTESIAN_POINT('Origin',(16.,23.7,16.));
#5362=CARTESIAN_POINT('',(16.,21.9,16.));
#5363=CARTESIAN_POINT('Origin',(16.,55.3,16.));
#5364=CARTESIAN_POINT('',(16.,53.5,16.));
#5365=CARTESIAN_POINT('Origin',(16.,63.2,23.9));
#5366=CARTESIAN_POINT('',(16.,61.4,23.9));
#5367=CARTESIAN_POINT('Origin',(16.,63.2,8.1));
#5368=CARTESIAN_POINT('',(16.,61.4,8.1));
#5369=UNCERTAINTY_MEASURE_WITH_UNIT(LENGTH_MEASURE(0.01),#5373,
'DISTANCE_ACCURACY_VALUE',
'Maximum model space distance between geometric entities at asserted c
onnectivities');
#5370=UNCERTAINTY_MEASURE_WITH_UNIT(LENGTH_MEASURE(0.01),#5373,
'DISTANCE_ACCURACY_VALUE',
'Maximum model space distance between geometric entities at asserted c
onnectivities');
#5371=(
GEOMETRIC_REPRESENTATION_CONTEXT(3)
GLOBAL_UNCERTAINTY_ASSIGNED_CONTEXT((#5369))
GLOBAL_UNIT_ASSIGNED_CONTEXT((#5373,#5375,#5376))
REPRESENTATION_CONTEXT('','3D')
);
#5372=(
GEOMETRIC_REPRESENTATION_CONTEXT(3)
GLOBAL_UNCERTAINTY_ASSIGNED_CONTEXT((#5370))
GLOBAL_UNIT_ASSIGNED_CONTEXT((#5373,#5375,#5376))
REPRESENTATION_CONTEXT('','3D')
);
#5373=(
LENGTH_UNIT()
NAMED_UNIT(*)
SI_UNIT(.MILLI.,.METRE.)
);
#5374=(
LENGTH_UNIT()
NAMED_UNIT(*)
SI_UNIT($,.METRE.)
);
#5375=(
NAMED_UNIT(*)
PLANE_ANGLE_UNIT()
SI_UNIT($,.RADIAN.)
);
#5376=(
NAMED_UNIT(*)
SI_UNIT($,.STERADIAN.)
SOLID_ANGLE_UNIT()
);
#5377=SHAPE_DEFINITION_REPRESENTATION(#5378,#5379);
#5378=PRODUCT_DEFINITION_SHAPE('',$,#5381);
#5379=SHAPE_REPRESENTATION('',(#3181),#5371);
#5380=PRODUCT_DEFINITION_CONTEXT('part definition',#5385,'design');
#5381=PRODUCT_DEFINITION('AL 15.8L Extrude.step',
'AL 15.8L Extrude.step',#5382,#5380);
#5382=PRODUCT_DEFINITION_FORMATION('',$,#5387);
#5383=PRODUCT_RELATED_PRODUCT_CATEGORY('AL 15.8L Extrude.step',
'AL 15.8L Extrude.step',(#5387));
#5384=APPLICATION_PROTOCOL_DEFINITION('international standard',
'automotive_design',2009,#5385);
#5385=APPLICATION_CONTEXT(
'Core Data for Automotive Mechanical Design Process');
#5386=PRODUCT_CONTEXT('part definition',#5385,'mechanical');
#5387=PRODUCT('AL 15.8L Extrude.step','AL 15.8L Extrude.step',$,(#5386));
#5388=PRESENTATION_STYLE_ASSIGNMENT((#5389));
#5389=SURFACE_STYLE_USAGE(.BOTH.,#5390);
#5390=SURFACE_SIDE_STYLE('',(#5391));
#5391=SURFACE_STYLE_FILL_AREA(#5392);
#5392=FILL_AREA_STYLE('Steel - Satin',(#5393));
#5393=FILL_AREA_STYLE_COLOUR('Steel - Satin',#5394);
#5394=COLOUR_RGB('Steel - Satin',0.627450980392157,0.627450980392157,0.627450980392157);
ENDSEC;
END-ISO-10303-21;
