ISO-10303-21;
HEADER;
/* Generated by software containing ST-Developer
 * from STEP Tools, Inc. (www.steptools.com) 
 */

FILE_DESCRIPTION(
/* description */ (''),
/* implementation_level */ '2;1');

FILE_NAME(
/* name */ 'AL 28.8L Extrude.step.step',
/* time_stamp */ '2026-03-01T00:17:08+05:30',
/* author */ (''),
/* organization */ (''),
/* preprocessor_version */ 'ST-DEVELOPER v20.1',
/* originating_system */ 'Autodesk Translation Framework v14.24.0.0',
/* authorisation */ '');

FILE_SCHEMA (('AUTOMOTIVE_DESIGN { 1 0 10303 214 3 1 1 }'));
ENDSEC;

DATA;
#10=MECHANICAL_DESIGN_GEOMETRIC_PRESENTATION_REPRESENTATION('',(#13),#9077);
#11=SHAPE_REPRESENTATION_RELATIONSHIP('SRR','None',#9084,#12);
#12=ADVANCED_BREP_SHAPE_REPRESENTATION('',(#14),#9076);
#13=STYLED_ITEM('',(#9093),#14);
#14=MANIFOLD_SOLID_BREP('Body1',#5353);
#15=CYLINDRICAL_SURFACE('',#5442,1.8);
#16=CYLINDRICAL_SURFACE('',#5444,1.8);
#17=CYLINDRICAL_SURFACE('',#5446,1.8);
#18=CYLINDRICAL_SURFACE('',#5448,3.9);
#19=CYLINDRICAL_SURFACE('',#5450,1.8);
#20=CYLINDRICAL_SURFACE('',#5452,1.8);
#21=CYLINDRICAL_SURFACE('',#5454,3.9);
#22=CYLINDRICAL_SURFACE('',#5456,1.8);
#23=CYLINDRICAL_SURFACE('',#5458,1.8);
#24=CYLINDRICAL_SURFACE('',#5460,1.8);
#25=CYLINDRICAL_SURFACE('',#5462,1.8);
#26=CYLINDRICAL_SURFACE('',#5464,3.9);
#27=CYLINDRICAL_SURFACE('',#5466,1.8);
#28=CYLINDRICAL_SURFACE('',#5468,1.8);
#29=CYLINDRICAL_SURFACE('',#5470,1.8);
#30=CYLINDRICAL_SURFACE('',#5472,1.8);
#31=CYLINDRICAL_SURFACE('',#5474,3.9);
#32=CYLINDRICAL_SURFACE('',#5476,1.8);
#33=CYLINDRICAL_SURFACE('',#5478,1.8);
#34=CYLINDRICAL_SURFACE('',#5480,1.8);
#35=CYLINDRICAL_SURFACE('',#5482,3.9);
#36=CYLINDRICAL_SURFACE('',#5484,3.9);
#37=CYLINDRICAL_SURFACE('',#5486,1.8);
#38=CYLINDRICAL_SURFACE('',#5488,1.8);
#39=CYLINDRICAL_SURFACE('',#5490,1.8);
#40=CYLINDRICAL_SURFACE('',#5492,1.8);
#41=CYLINDRICAL_SURFACE('',#5494,1.8);
#42=CYLINDRICAL_SURFACE('',#5496,1.8);
#43=CYLINDRICAL_SURFACE('',#5498,1.8);
#44=CYLINDRICAL_SURFACE('',#5500,1.8);
#45=CYLINDRICAL_SURFACE('',#5502,1.8);
#46=CYLINDRICAL_SURFACE('',#5504,1.8);
#47=CYLINDRICAL_SURFACE('',#5506,3.9);
#48=CYLINDRICAL_SURFACE('',#5508,1.8);
#49=CYLINDRICAL_SURFACE('',#5510,1.8);
#50=CYLINDRICAL_SURFACE('',#5512,1.8);
#51=CYLINDRICAL_SURFACE('',#5514,3.9);
#52=CYLINDRICAL_SURFACE('',#5516,1.8);
#53=CYLINDRICAL_SURFACE('',#5518,3.9);
#54=CYLINDRICAL_SURFACE('',#5520,1.8);
#55=CYLINDRICAL_SURFACE('',#5522,1.8);
#56=CYLINDRICAL_SURFACE('',#5524,1.8);
#57=CYLINDRICAL_SURFACE('',#5526,1.8);
#58=CYLINDRICAL_SURFACE('',#5528,1.8);
#59=CYLINDRICAL_SURFACE('',#5530,1.8);
#60=CYLINDRICAL_SURFACE('',#5532,1.8);
#61=CYLINDRICAL_SURFACE('',#5534,1.8);
#62=CYLINDRICAL_SURFACE('',#5536,1.8);
#63=CYLINDRICAL_SURFACE('',#5538,3.9);
#64=CYLINDRICAL_SURFACE('',#5540,1.8);
#65=CYLINDRICAL_SURFACE('',#5542,1.8);
#66=CYLINDRICAL_SURFACE('',#5544,3.9);
#67=CYLINDRICAL_SURFACE('',#5546,1.8);
#68=CYLINDRICAL_SURFACE('',#5548,1.8);
#69=CYLINDRICAL_SURFACE('',#5550,3.9);
#70=CYLINDRICAL_SURFACE('',#5552,1.8);
#71=CYLINDRICAL_SURFACE('',#5554,1.8);
#72=CYLINDRICAL_SURFACE('',#5556,3.9);
#73=CYLINDRICAL_SURFACE('',#5558,1.8);
#74=CYLINDRICAL_SURFACE('',#5560,1.8);
#75=CYLINDRICAL_SURFACE('',#5562,3.9);
#76=CYLINDRICAL_SURFACE('',#5564,1.8);
#77=CYLINDRICAL_SURFACE('',#5566,1.8);
#78=CYLINDRICAL_SURFACE('',#5568,1.8);
#79=CYLINDRICAL_SURFACE('',#5570,1.8);
#80=CYLINDRICAL_SURFACE('',#5572,3.9);
#81=CYLINDRICAL_SURFACE('',#5574,1.8);
#82=CYLINDRICAL_SURFACE('',#5576,1.8);
#83=CYLINDRICAL_SURFACE('',#5578,1.8);
#84=CYLINDRICAL_SURFACE('',#5580,1.8);
#85=CYLINDRICAL_SURFACE('',#5582,3.9);
#86=CYLINDRICAL_SURFACE('',#5584,3.9);
#87=CYLINDRICAL_SURFACE('',#5662,2.);
#88=CYLINDRICAL_SURFACE('',#5671,4.);
#89=CYLINDRICAL_SURFACE('',#5820,2.);
#90=CYLINDRICAL_SURFACE('',#5904,4.);
#91=CYLINDRICAL_SURFACE('',#5905,1.8);
#92=CYLINDRICAL_SURFACE('',#5906,1.8);
#93=CYLINDRICAL_SURFACE('',#5907,3.9);
#94=CYLINDRICAL_SURFACE('',#5908,3.9);
#95=CYLINDRICAL_SURFACE('',#5909,1.8);
#96=CYLINDRICAL_SURFACE('',#5910,1.8);
#97=CYLINDRICAL_SURFACE('',#5911,3.9);
#98=CYLINDRICAL_SURFACE('',#5912,3.9);
#99=CYLINDRICAL_SURFACE('',#5913,1.8);
#100=CYLINDRICAL_SURFACE('',#5914,1.8);
#101=CYLINDRICAL_SURFACE('',#5915,3.9);
#102=CYLINDRICAL_SURFACE('',#5916,3.9);
#103=CYLINDRICAL_SURFACE('',#5917,1.8);
#104=CYLINDRICAL_SURFACE('',#5918,1.8);
#105=CYLINDRICAL_SURFACE('',#5919,3.9);
#106=CYLINDRICAL_SURFACE('',#5920,3.9);
#107=CYLINDRICAL_SURFACE('',#5921,1.8);
#108=CYLINDRICAL_SURFACE('',#5922,1.8);
#109=CYLINDRICAL_SURFACE('',#5923,3.9);
#110=CYLINDRICAL_SURFACE('',#5924,1.8);
#111=CYLINDRICAL_SURFACE('',#5925,1.8);
#112=CYLINDRICAL_SURFACE('',#5926,1.8);
#113=CYLINDRICAL_SURFACE('',#5927,1.8);
#114=CYLINDRICAL_SURFACE('',#5928,3.9);
#115=CYLINDRICAL_SURFACE('',#5929,1.8);
#116=CYLINDRICAL_SURFACE('',#5930,1.8);
#117=CYLINDRICAL_SURFACE('',#5931,1.8);
#118=CYLINDRICAL_SURFACE('',#5932,1.8);
#119=CYLINDRICAL_SURFACE('',#5933,1.8);
#120=CYLINDRICAL_SURFACE('',#5934,1.8);
#121=CYLINDRICAL_SURFACE('',#5935,1.8);
#122=CYLINDRICAL_SURFACE('',#5936,1.8);
#123=CYLINDRICAL_SURFACE('',#5937,3.9);
#124=CYLINDRICAL_SURFACE('',#5938,1.8);
#125=CYLINDRICAL_SURFACE('',#5939,1.8);
#126=CYLINDRICAL_SURFACE('',#5940,1.8);
#127=CYLINDRICAL_SURFACE('',#5941,1.8);
#128=CYLINDRICAL_SURFACE('',#5942,1.8);
#129=CYLINDRICAL_SURFACE('',#5943,1.8);
#130=CYLINDRICAL_SURFACE('',#5944,1.8);
#131=CYLINDRICAL_SURFACE('',#5945,1.8);
#132=CYLINDRICAL_SURFACE('',#5946,1.8);
#133=CYLINDRICAL_SURFACE('',#5947,1.8);
#134=CYLINDRICAL_SURFACE('',#5948,1.8);
#135=CYLINDRICAL_SURFACE('',#5949,1.8);
#136=CYLINDRICAL_SURFACE('',#5950,1.8);
#137=CYLINDRICAL_SURFACE('',#5951,1.8);
#138=CYLINDRICAL_SURFACE('',#5952,1.8);
#139=CYLINDRICAL_SURFACE('',#5953,1.8);
#140=CYLINDRICAL_SURFACE('',#5954,1.8);
#141=CYLINDRICAL_SURFACE('',#5955,1.8);
#142=CYLINDRICAL_SURFACE('',#5956,1.8);
#143=CYLINDRICAL_SURFACE('',#5957,1.8);
#144=CYLINDRICAL_SURFACE('',#5958,1.8);
#145=CYLINDRICAL_SURFACE('',#5959,1.8);
#146=CYLINDRICAL_SURFACE('',#5960,1.8);
#147=CYLINDRICAL_SURFACE('',#5961,3.9);
#148=CYLINDRICAL_SURFACE('',#5962,1.8);
#149=CYLINDRICAL_SURFACE('',#5963,3.9);
#150=CYLINDRICAL_SURFACE('',#5964,1.8);
#151=CYLINDRICAL_SURFACE('',#5965,1.8);
#152=CYLINDRICAL_SURFACE('',#5966,1.8);
#153=CYLINDRICAL_SURFACE('',#5967,3.9);
#154=CYLINDRICAL_SURFACE('',#5968,1.8);
#155=CYLINDRICAL_SURFACE('',#5969,3.9);
#156=CYLINDRICAL_SURFACE('',#5970,1.8);
#157=CYLINDRICAL_SURFACE('',#5971,1.8);
#158=CYLINDRICAL_SURFACE('',#5972,1.8);
#159=CYLINDRICAL_SURFACE('',#5973,3.9);
#160=CYLINDRICAL_SURFACE('',#5974,1.8);
#161=CYLINDRICAL_SURFACE('',#5975,1.8);
#162=CYLINDRICAL_SURFACE('',#5976,1.8);
#163=CYLINDRICAL_SURFACE('',#5977,1.8);
#164=CYLINDRICAL_SURFACE('',#5978,1.8);
#165=CYLINDRICAL_SURFACE('',#5979,1.8);
#166=CYLINDRICAL_SURFACE('',#5980,1.8);
#167=CYLINDRICAL_SURFACE('',#5981,1.8);
#168=CYLINDRICAL_SURFACE('',#5982,1.8);
#169=CYLINDRICAL_SURFACE('',#5983,1.8);
#170=CYLINDRICAL_SURFACE('',#5984,1.8);
#171=CYLINDRICAL_SURFACE('',#5985,1.8);
#172=CYLINDRICAL_SURFACE('',#5986,1.8);
#173=CYLINDRICAL_SURFACE('',#5987,1.8);
#174=CYLINDRICAL_SURFACE('',#5988,1.8);
#175=CYLINDRICAL_SURFACE('',#5989,1.8);
#176=CYLINDRICAL_SURFACE('',#5990,1.8);
#177=CYLINDRICAL_SURFACE('',#5991,1.8);
#178=CYLINDRICAL_SURFACE('',#5992,1.8);
#179=CYLINDRICAL_SURFACE('',#5993,1.8);
#180=CYLINDRICAL_SURFACE('',#5994,1.8);
#181=CYLINDRICAL_SURFACE('',#5995,1.8);
#182=CYLINDRICAL_SURFACE('',#5996,1.8);
#183=CYLINDRICAL_SURFACE('',#5997,1.8);
#184=CYLINDRICAL_SURFACE('',#5998,3.9);
#185=CYLINDRICAL_SURFACE('',#5999,3.9);
#186=CYLINDRICAL_SURFACE('',#6000,1.8);
#187=CYLINDRICAL_SURFACE('',#6001,1.8);
#188=CYLINDRICAL_SURFACE('',#6002,3.9);
#189=CYLINDRICAL_SURFACE('',#6003,3.9);
#190=CYLINDRICAL_SURFACE('',#6004,1.8);
#191=CYLINDRICAL_SURFACE('',#6005,1.8);
#192=CYLINDRICAL_SURFACE('',#6006,1.8);
#193=CYLINDRICAL_SURFACE('',#6007,3.9);
#194=CYLINDRICAL_SURFACE('',#6008,1.8);
#195=CYLINDRICAL_SURFACE('',#6009,1.8);
#196=CYLINDRICAL_SURFACE('',#6010,3.9);
#197=CYLINDRICAL_SURFACE('',#6011,3.9);
#198=CYLINDRICAL_SURFACE('',#6012,1.8);
#199=CYLINDRICAL_SURFACE('',#6013,1.8);
#200=CYLINDRICAL_SURFACE('',#6014,1.8);
#201=CYLINDRICAL_SURFACE('',#6015,3.9);
#202=CYLINDRICAL_SURFACE('',#6016,1.8);
#203=CYLINDRICAL_SURFACE('',#6017,3.9);
#204=CYLINDRICAL_SURFACE('',#6018,1.8);
#205=CYLINDRICAL_SURFACE('',#6019,3.9);
#206=CYLINDRICAL_SURFACE('',#6020,1.8);
#207=CYLINDRICAL_SURFACE('',#6021,3.9);
#208=CYLINDRICAL_SURFACE('',#6022,3.9);
#209=CYLINDRICAL_SURFACE('',#6023,1.8);
#210=CYLINDRICAL_SURFACE('',#6024,1.8);
#211=CYLINDRICAL_SURFACE('',#6025,3.9);
#212=CYLINDRICAL_SURFACE('',#6026,1.8);
#213=CYLINDRICAL_SURFACE('',#6027,1.8);
#214=CYLINDRICAL_SURFACE('',#6028,1.8);
#215=CYLINDRICAL_SURFACE('',#6029,3.9);
#216=CYLINDRICAL_SURFACE('',#6030,3.9);
#217=CYLINDRICAL_SURFACE('',#6031,1.8);
#218=CYLINDRICAL_SURFACE('',#6032,1.8);
#219=CYLINDRICAL_SURFACE('',#6033,1.8);
#220=CYLINDRICAL_SURFACE('',#6034,1.8);
#221=CYLINDRICAL_SURFACE('',#6035,1.8);
#222=CYLINDRICAL_SURFACE('',#6036,3.9);
#223=CYLINDRICAL_SURFACE('',#6037,1.8);
#224=CYLINDRICAL_SURFACE('',#6038,1.8);
#225=CYLINDRICAL_SURFACE('',#6039,1.8);
#226=CYLINDRICAL_SURFACE('',#6040,1.8);
#227=CYLINDRICAL_SURFACE('',#6041,1.8);
#228=CYLINDRICAL_SURFACE('',#6042,3.9);
#229=CYLINDRICAL_SURFACE('',#6043,1.8);
#230=CYLINDRICAL_SURFACE('',#6044,1.8);
#231=CYLINDRICAL_SURFACE('',#6045,1.8);
#232=CYLINDRICAL_SURFACE('',#6046,1.8);
#233=CYLINDRICAL_SURFACE('',#6047,1.8);
#234=CYLINDRICAL_SURFACE('',#6048,1.8);
#235=CYLINDRICAL_SURFACE('',#6049,1.8);
#236=CYLINDRICAL_SURFACE('',#6050,3.9);
#237=FACE_BOUND('',#1358,.T.);
#238=FACE_BOUND('',#1359,.T.);
#239=FACE_BOUND('',#1360,.T.);
#240=FACE_BOUND('',#1361,.T.);
#241=FACE_BOUND('',#1362,.T.);
#242=FACE_BOUND('',#1363,.T.);
#243=FACE_BOUND('',#1364,.T.);
#244=FACE_BOUND('',#1365,.T.);
#245=FACE_BOUND('',#1366,.T.);
#246=FACE_BOUND('',#1367,.T.);
#247=FACE_BOUND('',#1368,.T.);
#248=FACE_BOUND('',#1369,.T.);
#249=FACE_BOUND('',#1370,.T.);
#250=FACE_BOUND('',#1371,.T.);
#251=FACE_BOUND('',#1372,.T.);
#252=FACE_BOUND('',#1373,.T.);
#253=FACE_BOUND('',#1374,.T.);
#254=FACE_BOUND('',#1375,.T.);
#255=FACE_BOUND('',#1376,.T.);
#256=FACE_BOUND('',#1377,.T.);
#257=FACE_BOUND('',#1378,.T.);
#258=FACE_BOUND('',#1379,.T.);
#259=FACE_BOUND('',#1380,.T.);
#260=FACE_BOUND('',#1381,.T.);
#261=FACE_BOUND('',#1382,.T.);
#262=FACE_BOUND('',#1383,.T.);
#263=FACE_BOUND('',#1384,.T.);
#264=FACE_BOUND('',#1385,.T.);
#265=FACE_BOUND('',#1386,.T.);
#266=FACE_BOUND('',#1387,.T.);
#267=FACE_BOUND('',#1388,.T.);
#268=FACE_BOUND('',#1389,.T.);
#269=FACE_BOUND('',#1390,.T.);
#270=FACE_BOUND('',#1391,.T.);
#271=FACE_BOUND('',#1392,.T.);
#272=FACE_BOUND('',#1393,.T.);
#273=FACE_BOUND('',#1394,.T.);
#274=FACE_BOUND('',#1395,.T.);
#275=FACE_BOUND('',#1396,.T.);
#276=FACE_BOUND('',#1397,.T.);
#277=FACE_BOUND('',#1398,.T.);
#278=FACE_BOUND('',#1399,.T.);
#279=FACE_BOUND('',#1400,.T.);
#280=FACE_BOUND('',#1401,.T.);
#281=FACE_BOUND('',#1402,.T.);
#282=FACE_BOUND('',#1403,.T.);
#283=FACE_BOUND('',#1404,.T.);
#284=FACE_BOUND('',#1405,.T.);
#285=FACE_BOUND('',#1406,.T.);
#286=FACE_BOUND('',#1407,.T.);
#287=FACE_BOUND('',#1408,.T.);
#288=FACE_BOUND('',#1409,.T.);
#289=FACE_BOUND('',#1410,.T.);
#290=FACE_BOUND('',#1411,.T.);
#291=FACE_BOUND('',#1412,.T.);
#292=FACE_BOUND('',#1413,.T.);
#293=FACE_BOUND('',#1414,.T.);
#294=FACE_BOUND('',#1415,.T.);
#295=FACE_BOUND('',#1416,.T.);
#296=FACE_BOUND('',#1417,.T.);
#297=FACE_BOUND('',#1418,.T.);
#298=FACE_BOUND('',#1419,.T.);
#299=FACE_BOUND('',#1420,.T.);
#300=FACE_BOUND('',#1421,.T.);
#301=FACE_BOUND('',#1422,.T.);
#302=FACE_BOUND('',#1423,.T.);
#303=FACE_BOUND('',#1424,.T.);
#304=FACE_BOUND('',#1425,.T.);
#305=FACE_BOUND('',#1426,.T.);
#306=FACE_BOUND('',#1427,.T.);
#307=FACE_BOUND('',#1428,.T.);
#308=FACE_BOUND('',#1429,.T.);
#309=FACE_BOUND('',#1505,.T.);
#310=FACE_BOUND('',#1506,.T.);
#311=FACE_BOUND('',#1507,.T.);
#312=FACE_BOUND('',#1508,.T.);
#313=FACE_BOUND('',#1509,.T.);
#314=FACE_BOUND('',#1510,.T.);
#315=FACE_BOUND('',#1511,.T.);
#316=FACE_BOUND('',#1512,.T.);
#317=FACE_BOUND('',#1513,.T.);
#318=FACE_BOUND('',#1514,.T.);
#319=FACE_BOUND('',#1515,.T.);
#320=FACE_BOUND('',#1516,.T.);
#321=FACE_BOUND('',#1517,.T.);
#322=FACE_BOUND('',#1518,.T.);
#323=FACE_BOUND('',#1519,.T.);
#324=FACE_BOUND('',#1520,.T.);
#325=FACE_BOUND('',#1521,.T.);
#326=FACE_BOUND('',#1522,.T.);
#327=FACE_BOUND('',#1523,.T.);
#328=FACE_BOUND('',#1524,.T.);
#329=FACE_BOUND('',#1525,.T.);
#330=FACE_BOUND('',#1526,.T.);
#331=FACE_BOUND('',#1527,.T.);
#332=FACE_BOUND('',#1528,.T.);
#333=FACE_BOUND('',#1529,.T.);
#334=FACE_BOUND('',#1530,.T.);
#335=FACE_BOUND('',#1531,.T.);
#336=FACE_BOUND('',#1532,.T.);
#337=FACE_BOUND('',#1533,.T.);
#338=FACE_BOUND('',#1534,.T.);
#339=FACE_BOUND('',#1535,.T.);
#340=FACE_BOUND('',#1536,.T.);
#341=FACE_BOUND('',#1537,.T.);
#342=FACE_BOUND('',#1538,.T.);
#343=FACE_BOUND('',#1539,.T.);
#344=FACE_BOUND('',#1540,.T.);
#345=FACE_BOUND('',#1541,.T.);
#346=FACE_BOUND('',#1542,.T.);
#347=FACE_BOUND('',#1543,.T.);
#348=FACE_BOUND('',#1544,.T.);
#349=FACE_BOUND('',#1545,.T.);
#350=FACE_BOUND('',#1546,.T.);
#351=FACE_BOUND('',#1547,.T.);
#352=FACE_BOUND('',#1548,.T.);
#353=FACE_BOUND('',#1549,.T.);
#354=FACE_BOUND('',#1550,.T.);
#355=FACE_BOUND('',#1551,.T.);
#356=FACE_BOUND('',#1552,.T.);
#357=FACE_BOUND('',#1553,.T.);
#358=FACE_BOUND('',#1554,.T.);
#359=FACE_BOUND('',#1555,.T.);
#360=FACE_BOUND('',#1556,.T.);
#361=FACE_BOUND('',#1557,.T.);
#362=FACE_BOUND('',#1558,.T.);
#363=FACE_BOUND('',#1559,.T.);
#364=FACE_BOUND('',#1560,.T.);
#365=FACE_BOUND('',#1561,.T.);
#366=FACE_BOUND('',#1562,.T.);
#367=FACE_BOUND('',#1563,.T.);
#368=FACE_BOUND('',#1564,.T.);
#369=FACE_BOUND('',#1565,.T.);
#370=FACE_BOUND('',#1566,.T.);
#371=FACE_BOUND('',#1567,.T.);
#372=FACE_BOUND('',#1568,.T.);
#373=FACE_BOUND('',#1569,.T.);
#374=FACE_BOUND('',#1570,.T.);
#375=FACE_BOUND('',#1571,.T.);
#376=FACE_BOUND('',#1572,.T.);
#377=FACE_BOUND('',#1573,.T.);
#378=FACE_BOUND('',#1574,.T.);
#379=FACE_BOUND('',#1575,.T.);
#380=FACE_BOUND('',#1576,.T.);
#381=FACE_BOUND('',#1579,.T.);
#382=FACE_BOUND('',#1580,.T.);
#383=FACE_BOUND('',#1581,.T.);
#384=FACE_BOUND('',#1582,.T.);
#385=FACE_BOUND('',#1583,.T.);
#386=FACE_BOUND('',#1584,.T.);
#387=FACE_BOUND('',#1585,.T.);
#388=FACE_BOUND('',#1586,.T.);
#389=FACE_BOUND('',#1587,.T.);
#390=FACE_BOUND('',#1588,.T.);
#391=FACE_BOUND('',#1589,.T.);
#392=FACE_BOUND('',#1590,.T.);
#393=FACE_BOUND('',#1591,.T.);
#394=FACE_BOUND('',#1592,.T.);
#395=FACE_BOUND('',#1593,.T.);
#396=FACE_BOUND('',#1594,.T.);
#397=FACE_BOUND('',#1595,.T.);
#398=FACE_BOUND('',#1596,.T.);
#399=FACE_BOUND('',#1597,.T.);
#400=FACE_BOUND('',#1598,.T.);
#401=FACE_BOUND('',#1599,.T.);
#402=FACE_BOUND('',#1600,.T.);
#403=FACE_BOUND('',#1601,.T.);
#404=FACE_BOUND('',#1602,.T.);
#405=FACE_BOUND('',#1603,.T.);
#406=FACE_BOUND('',#1604,.T.);
#407=FACE_BOUND('',#1605,.T.);
#408=FACE_BOUND('',#1606,.T.);
#409=FACE_BOUND('',#1607,.T.);
#410=FACE_BOUND('',#1608,.T.);
#411=FACE_BOUND('',#1609,.T.);
#412=FACE_BOUND('',#1610,.T.);
#413=FACE_BOUND('',#1611,.T.);
#414=FACE_BOUND('',#1612,.T.);
#415=FACE_BOUND('',#1613,.T.);
#416=FACE_BOUND('',#1614,.T.);
#417=FACE_BOUND('',#1615,.T.);
#418=FACE_BOUND('',#1616,.T.);
#419=FACE_BOUND('',#1617,.T.);
#420=FACE_BOUND('',#1618,.T.);
#421=FACE_BOUND('',#1619,.T.);
#422=FACE_BOUND('',#1620,.T.);
#423=FACE_BOUND('',#1621,.T.);
#424=FACE_BOUND('',#1622,.T.);
#425=FACE_BOUND('',#1623,.T.);
#426=FACE_BOUND('',#1624,.T.);
#427=FACE_BOUND('',#1625,.T.);
#428=FACE_BOUND('',#1626,.T.);
#429=FACE_BOUND('',#1627,.T.);
#430=FACE_BOUND('',#1628,.T.);
#431=FACE_BOUND('',#1629,.T.);
#432=FACE_BOUND('',#1630,.T.);
#433=FACE_BOUND('',#1631,.T.);
#434=FACE_BOUND('',#1632,.T.);
#435=FACE_BOUND('',#1633,.T.);
#436=FACE_BOUND('',#1634,.T.);
#437=FACE_BOUND('',#1635,.T.);
#438=FACE_BOUND('',#1636,.T.);
#439=FACE_BOUND('',#1637,.T.);
#440=FACE_BOUND('',#1638,.T.);
#441=FACE_BOUND('',#1639,.T.);
#442=FACE_BOUND('',#1640,.T.);
#443=FACE_BOUND('',#1641,.T.);
#444=FACE_BOUND('',#1642,.T.);
#445=FACE_BOUND('',#1643,.T.);
#446=FACE_BOUND('',#1644,.T.);
#447=FACE_BOUND('',#1645,.T.);
#448=FACE_BOUND('',#1646,.T.);
#449=FACE_BOUND('',#1647,.T.);
#450=FACE_BOUND('',#1648,.T.);
#451=FACE_BOUND('',#1649,.T.);
#452=FACE_BOUND('',#1650,.T.);
#453=FACE_BOUND('',#1651,.T.);
#454=FACE_BOUND('',#1659,.T.);
#455=FACE_BOUND('',#1660,.T.);
#456=FACE_BOUND('',#1661,.T.);
#457=FACE_BOUND('',#1662,.T.);
#458=FACE_BOUND('',#1663,.T.);
#459=FACE_BOUND('',#1664,.T.);
#460=FACE_BOUND('',#1665,.T.);
#461=FACE_BOUND('',#1666,.T.);
#462=FACE_BOUND('',#1667,.T.);
#463=FACE_BOUND('',#1668,.T.);
#464=FACE_BOUND('',#1669,.T.);
#465=FACE_BOUND('',#1670,.T.);
#466=FACE_BOUND('',#1671,.T.);
#467=FACE_BOUND('',#1672,.T.);
#468=FACE_BOUND('',#1673,.T.);
#469=FACE_BOUND('',#1674,.T.);
#470=FACE_BOUND('',#1675,.T.);
#471=FACE_BOUND('',#1676,.T.);
#472=FACE_BOUND('',#1677,.T.);
#473=FACE_BOUND('',#1678,.T.);
#474=FACE_BOUND('',#1679,.T.);
#475=FACE_BOUND('',#1680,.T.);
#476=FACE_BOUND('',#1681,.T.);
#477=FACE_BOUND('',#1682,.T.);
#478=FACE_BOUND('',#1683,.T.);
#479=FACE_BOUND('',#1684,.T.);
#480=FACE_BOUND('',#1685,.T.);
#481=FACE_BOUND('',#1686,.T.);
#482=FACE_BOUND('',#1687,.T.);
#483=FACE_BOUND('',#1688,.T.);
#484=FACE_BOUND('',#1689,.T.);
#485=FACE_BOUND('',#1690,.T.);
#486=FACE_BOUND('',#1691,.T.);
#487=FACE_BOUND('',#1692,.T.);
#488=FACE_BOUND('',#1693,.T.);
#489=FACE_BOUND('',#1694,.T.);
#490=FACE_BOUND('',#1695,.T.);
#491=FACE_BOUND('',#1696,.T.);
#492=FACE_BOUND('',#1697,.T.);
#493=FACE_BOUND('',#1698,.T.);
#494=FACE_BOUND('',#1699,.T.);
#495=FACE_BOUND('',#1700,.T.);
#496=FACE_BOUND('',#1701,.T.);
#497=FACE_BOUND('',#1702,.T.);
#498=FACE_BOUND('',#1703,.T.);
#499=FACE_BOUND('',#1704,.T.);
#500=FACE_BOUND('',#1705,.T.);
#501=FACE_BOUND('',#1706,.T.);
#502=FACE_BOUND('',#1707,.T.);
#503=FACE_BOUND('',#1708,.T.);
#504=FACE_BOUND('',#1709,.T.);
#505=FACE_BOUND('',#1710,.T.);
#506=FACE_BOUND('',#1711,.T.);
#507=FACE_BOUND('',#1712,.T.);
#508=FACE_BOUND('',#1713,.T.);
#509=FACE_BOUND('',#1714,.T.);
#510=FACE_BOUND('',#1715,.T.);
#511=FACE_BOUND('',#1716,.T.);
#512=FACE_BOUND('',#1717,.T.);
#513=FACE_BOUND('',#1718,.T.);
#514=FACE_BOUND('',#1719,.T.);
#515=FACE_BOUND('',#1720,.T.);
#516=FACE_BOUND('',#1721,.T.);
#517=FACE_BOUND('',#1722,.T.);
#518=FACE_BOUND('',#1723,.T.);
#519=FACE_BOUND('',#1724,.T.);
#520=FACE_BOUND('',#1725,.T.);
#521=FACE_BOUND('',#1726,.T.);
#522=FACE_BOUND('',#1727,.T.);
#523=FACE_BOUND('',#1728,.T.);
#524=FACE_BOUND('',#1729,.T.);
#525=FACE_BOUND('',#1730,.T.);
#526=FACE_BOUND('',#1731,.T.);
#527=FACE_BOUND('',#1733,.T.);
#528=FACE_BOUND('',#1734,.T.);
#529=FACE_BOUND('',#1735,.T.);
#530=FACE_BOUND('',#1736,.T.);
#531=FACE_BOUND('',#1737,.T.);
#532=FACE_BOUND('',#1738,.T.);
#533=FACE_BOUND('',#1739,.T.);
#534=FACE_BOUND('',#1740,.T.);
#535=FACE_BOUND('',#1741,.T.);
#536=FACE_BOUND('',#1742,.T.);
#537=FACE_BOUND('',#1743,.T.);
#538=FACE_BOUND('',#1744,.T.);
#539=FACE_BOUND('',#1745,.T.);
#540=FACE_BOUND('',#1746,.T.);
#541=FACE_BOUND('',#1747,.T.);
#542=FACE_BOUND('',#1748,.T.);
#543=FACE_BOUND('',#1749,.T.);
#544=FACE_BOUND('',#1750,.T.);
#545=FACE_BOUND('',#1751,.T.);
#546=FACE_BOUND('',#1752,.T.);
#547=FACE_BOUND('',#1753,.T.);
#548=FACE_BOUND('',#1754,.T.);
#549=FACE_BOUND('',#1755,.T.);
#550=FACE_BOUND('',#1756,.T.);
#551=FACE_BOUND('',#1757,.T.);
#552=FACE_BOUND('',#1758,.T.);
#553=FACE_BOUND('',#1759,.T.);
#554=FACE_BOUND('',#1760,.T.);
#555=FACE_BOUND('',#1761,.T.);
#556=FACE_BOUND('',#1762,.T.);
#557=FACE_BOUND('',#1763,.T.);
#558=FACE_BOUND('',#1764,.T.);
#559=FACE_BOUND('',#1765,.T.);
#560=FACE_BOUND('',#1766,.T.);
#561=FACE_BOUND('',#1767,.T.);
#562=FACE_BOUND('',#1768,.T.);
#563=FACE_BOUND('',#1769,.T.);
#564=FACE_BOUND('',#1770,.T.);
#565=FACE_BOUND('',#1771,.T.);
#566=FACE_BOUND('',#1772,.T.);
#567=FACE_BOUND('',#1773,.T.);
#568=FACE_BOUND('',#1774,.T.);
#569=FACE_BOUND('',#1775,.T.);
#570=FACE_BOUND('',#1776,.T.);
#571=FACE_BOUND('',#1777,.T.);
#572=FACE_BOUND('',#1778,.T.);
#573=FACE_BOUND('',#1779,.T.);
#574=FACE_BOUND('',#1780,.T.);
#575=FACE_BOUND('',#1781,.T.);
#576=FACE_BOUND('',#1782,.T.);
#577=FACE_BOUND('',#1783,.T.);
#578=FACE_BOUND('',#1784,.T.);
#579=FACE_BOUND('',#1785,.T.);
#580=FACE_BOUND('',#1786,.T.);
#581=FACE_BOUND('',#1787,.T.);
#582=FACE_BOUND('',#1788,.T.);
#583=FACE_BOUND('',#1789,.T.);
#584=FACE_BOUND('',#1790,.T.);
#585=FACE_BOUND('',#1791,.T.);
#586=FACE_BOUND('',#1792,.T.);
#587=FACE_BOUND('',#1793,.T.);
#588=FACE_BOUND('',#1794,.T.);
#589=FACE_BOUND('',#1795,.T.);
#590=FACE_BOUND('',#1796,.T.);
#591=FACE_BOUND('',#1797,.T.);
#592=FACE_BOUND('',#1798,.T.);
#593=FACE_BOUND('',#1799,.T.);
#594=FACE_BOUND('',#1800,.T.);
#595=FACE_BOUND('',#1801,.T.);
#596=FACE_BOUND('',#1802,.T.);
#597=FACE_BOUND('',#1803,.T.);
#598=FACE_BOUND('',#1804,.T.);
#599=FACE_BOUND('',#1805,.T.);
#600=FACE_BOUND('',#1812,.T.);
#601=FACE_BOUND('',#1813,.T.);
#602=FACE_BOUND('',#1814,.T.);
#603=FACE_BOUND('',#1815,.T.);
#604=FACE_BOUND('',#1816,.T.);
#605=FACE_BOUND('',#1817,.T.);
#606=FACE_BOUND('',#1818,.T.);
#607=FACE_BOUND('',#1819,.T.);
#608=FACE_BOUND('',#1820,.T.);
#609=FACE_BOUND('',#1821,.T.);
#610=FACE_BOUND('',#1822,.T.);
#611=FACE_BOUND('',#1823,.T.);
#612=FACE_BOUND('',#1824,.T.);
#613=FACE_BOUND('',#1825,.T.);
#614=FACE_BOUND('',#1826,.T.);
#615=FACE_BOUND('',#1827,.T.);
#616=FACE_BOUND('',#1828,.T.);
#617=FACE_BOUND('',#1829,.T.);
#618=FACE_BOUND('',#1830,.T.);
#619=FACE_BOUND('',#1831,.T.);
#620=FACE_BOUND('',#1832,.T.);
#621=FACE_BOUND('',#1833,.T.);
#622=FACE_BOUND('',#1834,.T.);
#623=FACE_BOUND('',#1835,.T.);
#624=FACE_BOUND('',#1836,.T.);
#625=FACE_BOUND('',#1837,.T.);
#626=FACE_BOUND('',#1838,.T.);
#627=FACE_BOUND('',#1839,.T.);
#628=FACE_BOUND('',#1840,.T.);
#629=FACE_BOUND('',#1841,.T.);
#630=FACE_BOUND('',#1842,.T.);
#631=FACE_BOUND('',#1843,.T.);
#632=FACE_BOUND('',#1844,.T.);
#633=FACE_BOUND('',#1845,.T.);
#634=FACE_BOUND('',#1846,.T.);
#635=FACE_BOUND('',#1847,.T.);
#636=FACE_BOUND('',#1848,.T.);
#637=FACE_BOUND('',#1849,.T.);
#638=FACE_BOUND('',#1850,.T.);
#639=FACE_BOUND('',#1851,.T.);
#640=FACE_BOUND('',#1852,.T.);
#641=FACE_BOUND('',#1853,.T.);
#642=FACE_BOUND('',#1854,.T.);
#643=FACE_BOUND('',#1855,.T.);
#644=FACE_BOUND('',#1856,.T.);
#645=FACE_BOUND('',#1857,.T.);
#646=FACE_BOUND('',#1858,.T.);
#647=FACE_BOUND('',#1859,.T.);
#648=FACE_BOUND('',#1860,.T.);
#649=FACE_BOUND('',#1861,.T.);
#650=FACE_BOUND('',#1862,.T.);
#651=FACE_BOUND('',#1863,.T.);
#652=FACE_BOUND('',#1864,.T.);
#653=FACE_BOUND('',#1865,.T.);
#654=FACE_BOUND('',#1866,.T.);
#655=FACE_BOUND('',#1867,.T.);
#656=FACE_BOUND('',#1868,.T.);
#657=FACE_BOUND('',#1869,.T.);
#658=FACE_BOUND('',#1870,.T.);
#659=FACE_BOUND('',#1871,.T.);
#660=FACE_BOUND('',#1872,.T.);
#661=FACE_BOUND('',#1873,.T.);
#662=FACE_BOUND('',#1874,.T.);
#663=FACE_BOUND('',#1875,.T.);
#664=FACE_BOUND('',#1876,.T.);
#665=FACE_BOUND('',#1877,.T.);
#666=FACE_BOUND('',#1878,.T.);
#667=FACE_BOUND('',#1879,.T.);
#668=FACE_BOUND('',#1880,.T.);
#669=FACE_BOUND('',#1881,.T.);
#670=FACE_BOUND('',#1882,.T.);
#671=FACE_BOUND('',#1883,.T.);
#672=FACE_BOUND('',#1884,.T.);
#673=CIRCLE('',#5368,3.9);
#674=CIRCLE('',#5369,3.9);
#675=CIRCLE('',#5370,1.8);
#676=CIRCLE('',#5371,1.8);
#677=CIRCLE('',#5372,1.8);
#678=CIRCLE('',#5373,1.8);
#679=CIRCLE('',#5374,3.9);
#680=CIRCLE('',#5375,1.8);
#681=CIRCLE('',#5376,1.8);
#682=CIRCLE('',#5377,1.8);
#683=CIRCLE('',#5378,1.8);
#684=CIRCLE('',#5379,3.9);
#685=CIRCLE('',#5380,1.8);
#686=CIRCLE('',#5381,1.8);
#687=CIRCLE('',#5382,3.9);
#688=CIRCLE('',#5383,1.8);
#689=CIRCLE('',#5384,1.8);
#690=CIRCLE('',#5385,3.9);
#691=CIRCLE('',#5386,1.8);
#692=CIRCLE('',#5387,1.8);
#693=CIRCLE('',#5388,3.9);
#694=CIRCLE('',#5389,1.8);
#695=CIRCLE('',#5390,1.8);
#696=CIRCLE('',#5391,3.9);
#697=CIRCLE('',#5392,1.8);
#698=CIRCLE('',#5393,1.8);
#699=CIRCLE('',#5394,1.8);
#700=CIRCLE('',#5395,1.8);
#701=CIRCLE('',#5396,1.8);
#702=CIRCLE('',#5397,1.8);
#703=CIRCLE('',#5398,1.8);
#704=CIRCLE('',#5399,1.8);
#705=CIRCLE('',#5400,1.8);
#706=CIRCLE('',#5401,3.9);
#707=CIRCLE('',#5402,1.8);
#708=CIRCLE('',#5403,3.9);
#709=CIRCLE('',#5404,1.8);
#710=CIRCLE('',#5405,1.8);
#711=CIRCLE('',#5406,1.8);
#712=CIRCLE('',#5407,3.9);
#713=CIRCLE('',#5408,1.8);
#714=CIRCLE('',#5409,1.8);
#715=CIRCLE('',#5410,1.8);
#716=CIRCLE('',#5411,1.8);
#717=CIRCLE('',#5412,1.8);
#718=CIRCLE('',#5413,1.8);
#719=CIRCLE('',#5414,1.8);
#720=CIRCLE('',#5415,1.8);
#721=CIRCLE('',#5416,1.8);
#722=CIRCLE('',#5417,1.8);
#723=CIRCLE('',#5418,3.9);
#724=CIRCLE('',#5419,3.9);
#725=CIRCLE('',#5420,1.8);
#726=CIRCLE('',#5421,1.8);
#727=CIRCLE('',#5422,1.8);
#728=CIRCLE('',#5423,3.9);
#729=CIRCLE('',#5424,1.8);
#730=CIRCLE('',#5425,1.8);
#731=CIRCLE('',#5426,1.8);
#732=CIRCLE('',#5427,1.8);
#733=CIRCLE('',#5428,3.9);
#734=CIRCLE('',#5429,1.8);
#735=CIRCLE('',#5430,1.8);
#736=CIRCLE('',#5431,1.8);
#737=CIRCLE('',#5432,1.8);
#738=CIRCLE('',#5433,3.9);
#739=CIRCLE('',#5434,1.8);
#740=CIRCLE('',#5435,1.8);
#741=CIRCLE('',#5436,3.9);
#742=CIRCLE('',#5437,1.8);
#743=CIRCLE('',#5438,1.8);
#744=CIRCLE('',#5439,1.8);
#745=CIRCLE('',#5443,1.8);
#746=CIRCLE('',#5445,1.8);
#747=CIRCLE('',#5447,1.8);
#748=CIRCLE('',#5449,3.9);
#749=CIRCLE('',#5451,1.8);
#750=CIRCLE('',#5453,1.8);
#751=CIRCLE('',#5455,3.9);
#752=CIRCLE('',#5457,1.8);
#753=CIRCLE('',#5459,1.8);
#754=CIRCLE('',#5461,1.8);
#755=CIRCLE('',#5463,1.8);
#756=CIRCLE('',#5465,3.9);
#757=CIRCLE('',#5467,1.8);
#758=CIRCLE('',#5469,1.8);
#759=CIRCLE('',#5471,1.8);
#760=CIRCLE('',#5473,1.8);
#761=CIRCLE('',#5475,3.9);
#762=CIRCLE('',#5477,1.8);
#763=CIRCLE('',#5479,1.8);
#764=CIRCLE('',#5481,1.8);
#765=CIRCLE('',#5483,3.9);
#766=CIRCLE('',#5485,3.9);
#767=CIRCLE('',#5487,1.8);
#768=CIRCLE('',#5489,1.8);
#769=CIRCLE('',#5491,1.8);
#770=CIRCLE('',#5493,1.8);
#771=CIRCLE('',#5495,1.8);
#772=CIRCLE('',#5497,1.8);
#773=CIRCLE('',#5499,1.8);
#774=CIRCLE('',#5501,1.8);
#775=CIRCLE('',#5503,1.8);
#776=CIRCLE('',#5505,1.8);
#777=CIRCLE('',#5507,3.9);
#778=CIRCLE('',#5509,1.8);
#779=CIRCLE('',#5511,1.8);
#780=CIRCLE('',#5513,1.8);
#781=CIRCLE('',#5515,3.9);
#782=CIRCLE('',#5517,1.8);
#783=CIRCLE('',#5519,3.9);
#784=CIRCLE('',#5521,1.8);
#785=CIRCLE('',#5523,1.8);
#786=CIRCLE('',#5525,1.8);
#787=CIRCLE('',#5527,1.8);
#788=CIRCLE('',#5529,1.8);
#789=CIRCLE('',#5531,1.8);
#790=CIRCLE('',#5533,1.8);
#791=CIRCLE('',#5535,1.8);
#792=CIRCLE('',#5537,1.8);
#793=CIRCLE('',#5539,3.9);
#794=CIRCLE('',#5541,1.8);
#795=CIRCLE('',#5543,1.8);
#796=CIRCLE('',#5545,3.9);
#797=CIRCLE('',#5547,1.8);
#798=CIRCLE('',#5549,1.8);
#799=CIRCLE('',#5551,3.9);
#800=CIRCLE('',#5553,1.8);
#801=CIRCLE('',#5555,1.8);
#802=CIRCLE('',#5557,3.9);
#803=CIRCLE('',#5559,1.8);
#804=CIRCLE('',#5561,1.8);
#805=CIRCLE('',#5563,3.9);
#806=CIRCLE('',#5565,1.8);
#807=CIRCLE('',#5567,1.8);
#808=CIRCLE('',#5569,1.8);
#809=CIRCLE('',#5571,1.8);
#810=CIRCLE('',#5573,3.9);
#811=CIRCLE('',#5575,1.8);
#812=CIRCLE('',#5577,1.8);
#813=CIRCLE('',#5579,1.8);
#814=CIRCLE('',#5581,1.8);
#815=CIRCLE('',#5583,3.9);
#816=CIRCLE('',#5585,3.9);
#817=CIRCLE('',#5589,1.8);
#818=CIRCLE('',#5590,1.8);
#819=CIRCLE('',#5591,3.9);
#820=CIRCLE('',#5592,3.9);
#821=CIRCLE('',#5593,1.8);
#822=CIRCLE('',#5594,1.8);
#823=CIRCLE('',#5595,3.9);
#824=CIRCLE('',#5596,3.9);
#825=CIRCLE('',#5597,1.8);
#826=CIRCLE('',#5598,1.8);
#827=CIRCLE('',#5599,3.9);
#828=CIRCLE('',#5600,3.9);
#829=CIRCLE('',#5601,1.8);
#830=CIRCLE('',#5602,1.8);
#831=CIRCLE('',#5603,3.9);
#832=CIRCLE('',#5604,3.9);
#833=CIRCLE('',#5605,1.8);
#834=CIRCLE('',#5606,1.8);
#835=CIRCLE('',#5607,3.9);
#836=CIRCLE('',#5608,1.8);
#837=CIRCLE('',#5609,1.8);
#838=CIRCLE('',#5610,1.8);
#839=CIRCLE('',#5611,1.8);
#840=CIRCLE('',#5612,3.9);
#841=CIRCLE('',#5613,1.8);
#842=CIRCLE('',#5614,1.8);
#843=CIRCLE('',#5615,1.8);
#844=CIRCLE('',#5616,1.8);
#845=CIRCLE('',#5617,1.8);
#846=CIRCLE('',#5618,1.8);
#847=CIRCLE('',#5619,1.8);
#848=CIRCLE('',#5620,1.8);
#849=CIRCLE('',#5621,3.9);
#850=CIRCLE('',#5622,1.8);
#851=CIRCLE('',#5623,1.8);
#852=CIRCLE('',#5624,1.8);
#853=CIRCLE('',#5625,1.8);
#854=CIRCLE('',#5626,1.8);
#855=CIRCLE('',#5627,1.8);
#856=CIRCLE('',#5628,1.8);
#857=CIRCLE('',#5629,1.8);
#858=CIRCLE('',#5630,1.8);
#859=CIRCLE('',#5631,1.8);
#860=CIRCLE('',#5632,1.8);
#861=CIRCLE('',#5633,1.8);
#862=CIRCLE('',#5634,1.8);
#863=CIRCLE('',#5635,1.8);
#864=CIRCLE('',#5636,1.8);
#865=CIRCLE('',#5637,1.8);
#866=CIRCLE('',#5638,1.8);
#867=CIRCLE('',#5639,1.8);
#868=CIRCLE('',#5640,1.8);
#869=CIRCLE('',#5641,1.8);
#870=CIRCLE('',#5642,1.8);
#871=CIRCLE('',#5643,1.8);
#872=CIRCLE('',#5644,1.8);
#873=CIRCLE('',#5645,3.9);
#874=CIRCLE('',#5646,1.8);
#875=CIRCLE('',#5647,3.9);
#876=CIRCLE('',#5648,1.8);
#877=CIRCLE('',#5649,1.8);
#878=CIRCLE('',#5650,1.8);
#879=CIRCLE('',#5651,3.9);
#880=CIRCLE('',#5652,1.8);
#881=CIRCLE('',#5653,3.9);
#882=CIRCLE('',#5654,1.8);
#883=CIRCLE('',#5655,1.8);
#884=CIRCLE('',#5656,1.8);
#885=CIRCLE('',#5657,3.9);
#886=CIRCLE('',#5658,1.8);
#887=CIRCLE('',#5659,1.8);
#888=CIRCLE('',#5660,1.8);
#889=CIRCLE('',#5661,3.9);
#890=CIRCLE('',#5663,2.);
#891=CIRCLE('',#5664,2.);
#892=CIRCLE('',#5667,4.);
#893=CIRCLE('',#5669,4.);
#894=CIRCLE('',#5673,1.8);
#895=CIRCLE('',#5674,1.8);
#896=CIRCLE('',#5675,3.9);
#897=CIRCLE('',#5676,3.9);
#898=CIRCLE('',#5677,1.8);
#899=CIRCLE('',#5678,1.8);
#900=CIRCLE('',#5679,3.9);
#901=CIRCLE('',#5680,3.9);
#902=CIRCLE('',#5681,1.8);
#903=CIRCLE('',#5682,1.8);
#904=CIRCLE('',#5683,3.9);
#905=CIRCLE('',#5684,3.9);
#906=CIRCLE('',#5685,1.8);
#907=CIRCLE('',#5686,1.8);
#908=CIRCLE('',#5687,3.9);
#909=CIRCLE('',#5688,3.9);
#910=CIRCLE('',#5689,1.8);
#911=CIRCLE('',#5690,1.8);
#912=CIRCLE('',#5691,3.9);
#913=CIRCLE('',#5692,1.8);
#914=CIRCLE('',#5693,1.8);
#915=CIRCLE('',#5694,1.8);
#916=CIRCLE('',#5695,1.8);
#917=CIRCLE('',#5696,3.9);
#918=CIRCLE('',#5697,1.8);
#919=CIRCLE('',#5698,1.8);
#920=CIRCLE('',#5699,1.8);
#921=CIRCLE('',#5700,1.8);
#922=CIRCLE('',#5701,1.8);
#923=CIRCLE('',#5702,1.8);
#924=CIRCLE('',#5703,1.8);
#925=CIRCLE('',#5704,1.8);
#926=CIRCLE('',#5705,3.9);
#927=CIRCLE('',#5706,1.8);
#928=CIRCLE('',#5707,1.8);
#929=CIRCLE('',#5708,1.8);
#930=CIRCLE('',#5709,1.8);
#931=CIRCLE('',#5710,1.8);
#932=CIRCLE('',#5711,1.8);
#933=CIRCLE('',#5712,1.8);
#934=CIRCLE('',#5713,1.8);
#935=CIRCLE('',#5714,1.8);
#936=CIRCLE('',#5715,1.8);
#937=CIRCLE('',#5716,1.8);
#938=CIRCLE('',#5717,1.8);
#939=CIRCLE('',#5718,1.8);
#940=CIRCLE('',#5719,1.8);
#941=CIRCLE('',#5720,1.8);
#942=CIRCLE('',#5721,1.8);
#943=CIRCLE('',#5722,1.8);
#944=CIRCLE('',#5723,1.8);
#945=CIRCLE('',#5724,1.8);
#946=CIRCLE('',#5725,1.8);
#947=CIRCLE('',#5726,1.8);
#948=CIRCLE('',#5727,1.8);
#949=CIRCLE('',#5728,1.8);
#950=CIRCLE('',#5729,3.9);
#951=CIRCLE('',#5730,1.8);
#952=CIRCLE('',#5731,3.9);
#953=CIRCLE('',#5732,1.8);
#954=CIRCLE('',#5733,1.8);
#955=CIRCLE('',#5734,1.8);
#956=CIRCLE('',#5735,3.9);
#957=CIRCLE('',#5736,1.8);
#958=CIRCLE('',#5737,3.9);
#959=CIRCLE('',#5738,1.8);
#960=CIRCLE('',#5739,1.8);
#961=CIRCLE('',#5740,1.8);
#962=CIRCLE('',#5741,3.9);
#963=CIRCLE('',#5742,1.8);
#964=CIRCLE('',#5743,1.8);
#965=CIRCLE('',#5744,1.8);
#966=CIRCLE('',#5745,3.9);
#967=CIRCLE('',#5747,1.8);
#968=CIRCLE('',#5748,1.8);
#969=CIRCLE('',#5749,1.8);
#970=CIRCLE('',#5750,1.8);
#971=CIRCLE('',#5751,1.8);
#972=CIRCLE('',#5752,1.8);
#973=CIRCLE('',#5753,1.8);
#974=CIRCLE('',#5754,1.8);
#975=CIRCLE('',#5755,1.8);
#976=CIRCLE('',#5756,1.8);
#977=CIRCLE('',#5757,1.8);
#978=CIRCLE('',#5758,1.8);
#979=CIRCLE('',#5759,1.8);
#980=CIRCLE('',#5760,1.8);
#981=CIRCLE('',#5761,1.8);
#982=CIRCLE('',#5762,1.8);
#983=CIRCLE('',#5763,1.8);
#984=CIRCLE('',#5764,1.8);
#985=CIRCLE('',#5765,1.8);
#986=CIRCLE('',#5766,1.8);
#987=CIRCLE('',#5767,1.8);
#988=CIRCLE('',#5768,3.9);
#989=CIRCLE('',#5769,3.9);
#990=CIRCLE('',#5770,1.8);
#991=CIRCLE('',#5771,1.8);
#992=CIRCLE('',#5772,3.9);
#993=CIRCLE('',#5773,3.9);
#994=CIRCLE('',#5774,1.8);
#995=CIRCLE('',#5775,1.8);
#996=CIRCLE('',#5776,1.8);
#997=CIRCLE('',#5777,3.9);
#998=CIRCLE('',#5778,1.8);
#999=CIRCLE('',#5779,1.8);
#1000=CIRCLE('',#5780,3.9);
#1001=CIRCLE('',#5781,3.9);
#1002=CIRCLE('',#5782,1.8);
#1003=CIRCLE('',#5783,1.8);
#1004=CIRCLE('',#5784,1.8);
#1005=CIRCLE('',#5785,3.9);
#1006=CIRCLE('',#5786,1.8);
#1007=CIRCLE('',#5787,3.9);
#1008=CIRCLE('',#5788,1.8);
#1009=CIRCLE('',#5789,3.9);
#1010=CIRCLE('',#5790,1.8);
#1011=CIRCLE('',#5791,3.9);
#1012=CIRCLE('',#5792,3.9);
#1013=CIRCLE('',#5793,1.8);
#1014=CIRCLE('',#5794,1.8);
#1015=CIRCLE('',#5795,3.9);
#1016=CIRCLE('',#5796,1.8);
#1017=CIRCLE('',#5797,1.8);
#1018=CIRCLE('',#5798,1.8);
#1019=CIRCLE('',#5799,3.9);
#1020=CIRCLE('',#5800,3.9);
#1021=CIRCLE('',#5801,1.8);
#1022=CIRCLE('',#5802,1.8);
#1023=CIRCLE('',#5803,1.8);
#1024=CIRCLE('',#5804,1.8);
#1025=CIRCLE('',#5805,1.8);
#1026=CIRCLE('',#5806,3.9);
#1027=CIRCLE('',#5807,1.8);
#1028=CIRCLE('',#5808,1.8);
#1029=CIRCLE('',#5809,1.8);
#1030=CIRCLE('',#5810,1.8);
#1031=CIRCLE('',#5811,1.8);
#1032=CIRCLE('',#5812,3.9);
#1033=CIRCLE('',#5813,1.8);
#1034=CIRCLE('',#5814,1.8);
#1035=CIRCLE('',#5815,1.8);
#1036=CIRCLE('',#5816,1.8);
#1037=CIRCLE('',#5817,1.8);
#1038=CIRCLE('',#5818,1.8);
#1039=CIRCLE('',#5819,1.8);
#1040=CIRCLE('',#5821,2.);
#1041=CIRCLE('',#5822,2.00000000000003);
#1042=CIRCLE('',#5826,4.);
#1043=CIRCLE('',#5828,4.);
#1044=CIRCLE('',#5830,1.8);
#1045=CIRCLE('',#5831,1.8);
#1046=CIRCLE('',#5832,1.8);
#1047=CIRCLE('',#5833,1.8);
#1048=CIRCLE('',#5834,1.8);
#1049=CIRCLE('',#5835,1.8);
#1050=CIRCLE('',#5836,1.8);
#1051=CIRCLE('',#5837,1.8);
#1052=CIRCLE('',#5838,1.8);
#1053=CIRCLE('',#5839,1.8);
#1054=CIRCLE('',#5840,1.8);
#1055=CIRCLE('',#5841,1.8);
#1056=CIRCLE('',#5842,1.8);
#1057=CIRCLE('',#5843,1.8);
#1058=CIRCLE('',#5844,1.8);
#1059=CIRCLE('',#5845,1.8);
#1060=CIRCLE('',#5846,1.8);
#1061=CIRCLE('',#5847,1.8);
#1062=CIRCLE('',#5848,1.8);
#1063=CIRCLE('',#5849,1.8);
#1064=CIRCLE('',#5850,1.8);
#1065=CIRCLE('',#5851,3.9);
#1066=CIRCLE('',#5852,3.9);
#1067=CIRCLE('',#5853,1.8);
#1068=CIRCLE('',#5854,1.8);
#1069=CIRCLE('',#5855,3.9);
#1070=CIRCLE('',#5856,3.9);
#1071=CIRCLE('',#5857,1.8);
#1072=CIRCLE('',#5858,1.8);
#1073=CIRCLE('',#5859,1.8);
#1074=CIRCLE('',#5860,3.9);
#1075=CIRCLE('',#5861,1.8);
#1076=CIRCLE('',#5862,1.8);
#1077=CIRCLE('',#5863,3.9);
#1078=CIRCLE('',#5864,3.9);
#1079=CIRCLE('',#5865,1.8);
#1080=CIRCLE('',#5866,1.8);
#1081=CIRCLE('',#5867,1.8);
#1082=CIRCLE('',#5868,3.9);
#1083=CIRCLE('',#5869,1.8);
#1084=CIRCLE('',#5870,3.9);
#1085=CIRCLE('',#5871,1.8);
#1086=CIRCLE('',#5872,3.9);
#1087=CIRCLE('',#5873,1.8);
#1088=CIRCLE('',#5874,3.9);
#1089=CIRCLE('',#5875,3.9);
#1090=CIRCLE('',#5876,1.8);
#1091=CIRCLE('',#5877,1.8);
#1092=CIRCLE('',#5878,3.9);
#1093=CIRCLE('',#5879,1.8);
#1094=CIRCLE('',#5880,1.8);
#1095=CIRCLE('',#5881,1.8);
#1096=CIRCLE('',#5882,3.9);
#1097=CIRCLE('',#5883,3.9);
#1098=CIRCLE('',#5884,1.8);
#1099=CIRCLE('',#5885,1.8);
#1100=CIRCLE('',#5886,1.8);
#1101=CIRCLE('',#5887,1.8);
#1102=CIRCLE('',#5888,1.8);
#1103=CIRCLE('',#5889,3.9);
#1104=CIRCLE('',#5890,1.8);
#1105=CIRCLE('',#5891,1.8);
#1106=CIRCLE('',#5892,1.8);
#1107=CIRCLE('',#5893,1.8);
#1108=CIRCLE('',#5894,1.8);
#1109=CIRCLE('',#5895,3.9);
#1110=CIRCLE('',#5896,1.8);
#1111=CIRCLE('',#5897,1.8);
#1112=CIRCLE('',#5898,1.8);
#1113=CIRCLE('',#5899,1.8);
#1114=CIRCLE('',#5900,1.8);
#1115=CIRCLE('',#5901,1.8);
#1116=CIRCLE('',#5902,1.8);
#1117=FACE_OUTER_BOUND('',#1357,.T.);
#1118=FACE_OUTER_BOUND('',#1430,.T.);
#1119=FACE_OUTER_BOUND('',#1431,.T.);
#1120=FACE_OUTER_BOUND('',#1432,.T.);
#1121=FACE_OUTER_BOUND('',#1433,.T.);
#1122=FACE_OUTER_BOUND('',#1434,.T.);
#1123=FACE_OUTER_BOUND('',#1435,.T.);
#1124=FACE_OUTER_BOUND('',#1436,.T.);
#1125=FACE_OUTER_BOUND('',#1437,.T.);
#1126=FACE_OUTER_BOUND('',#1438,.T.);
#1127=FACE_OUTER_BOUND('',#1439,.T.);
#1128=FACE_OUTER_BOUND('',#1440,.T.);
#1129=FACE_OUTER_BOUND('',#1441,.T.);
#1130=FACE_OUTER_BOUND('',#1442,.T.);
#1131=FACE_OUTER_BOUND('',#1443,.T.);
#1132=FACE_OUTER_BOUND('',#1444,.T.);
#1133=FACE_OUTER_BOUND('',#1445,.T.);
#1134=FACE_OUTER_BOUND('',#1446,.T.);
#1135=FACE_OUTER_BOUND('',#1447,.T.);
#1136=FACE_OUTER_BOUND('',#1448,.T.);
#1137=FACE_OUTER_BOUND('',#1449,.T.);
#1138=FACE_OUTER_BOUND('',#1450,.T.);
#1139=FACE_OUTER_BOUND('',#1451,.T.);
#1140=FACE_OUTER_BOUND('',#1452,.T.);
#1141=FACE_OUTER_BOUND('',#1453,.T.);
#1142=FACE_OUTER_BOUND('',#1454,.T.);
#1143=FACE_OUTER_BOUND('',#1455,.T.);
#1144=FACE_OUTER_BOUND('',#1456,.T.);
#1145=FACE_OUTER_BOUND('',#1457,.T.);
#1146=FACE_OUTER_BOUND('',#1458,.T.);
#1147=FACE_OUTER_BOUND('',#1459,.T.);
#1148=FACE_OUTER_BOUND('',#1460,.T.);
#1149=FACE_OUTER_BOUND('',#1461,.T.);
#1150=FACE_OUTER_BOUND('',#1462,.T.);
#1151=FACE_OUTER_BOUND('',#1463,.T.);
#1152=FACE_OUTER_BOUND('',#1464,.T.);
#1153=FACE_OUTER_BOUND('',#1465,.T.);
#1154=FACE_OUTER_BOUND('',#1466,.T.);
#1155=FACE_OUTER_BOUND('',#1467,.T.);
#1156=FACE_OUTER_BOUND('',#1468,.T.);
#1157=FACE_OUTER_BOUND('',#1469,.T.);
#1158=FACE_OUTER_BOUND('',#1470,.T.);
#1159=FACE_OUTER_BOUND('',#1471,.T.);
#1160=FACE_OUTER_BOUND('',#1472,.T.);
#1161=FACE_OUTER_BOUND('',#1473,.T.);
#1162=FACE_OUTER_BOUND('',#1474,.T.);
#1163=FACE_OUTER_BOUND('',#1475,.T.);
#1164=FACE_OUTER_BOUND('',#1476,.T.);
#1165=FACE_OUTER_BOUND('',#1477,.T.);
#1166=FACE_OUTER_BOUND('',#1478,.T.);
#1167=FACE_OUTER_BOUND('',#1479,.T.);
#1168=FACE_OUTER_BOUND('',#1480,.T.);
#1169=FACE_OUTER_BOUND('',#1481,.T.);
#1170=FACE_OUTER_BOUND('',#1482,.T.);
#1171=FACE_OUTER_BOUND('',#1483,.T.);
#1172=FACE_OUTER_BOUND('',#1484,.T.);
#1173=FACE_OUTER_BOUND('',#1485,.T.);
#1174=FACE_OUTER_BOUND('',#1486,.T.);
#1175=FACE_OUTER_BOUND('',#1487,.T.);
#1176=FACE_OUTER_BOUND('',#1488,.T.);
#1177=FACE_OUTER_BOUND('',#1489,.T.);
#1178=FACE_OUTER_BOUND('',#1490,.T.);
#1179=FACE_OUTER_BOUND('',#1491,.T.);
#1180=FACE_OUTER_BOUND('',#1492,.T.);
#1181=FACE_OUTER_BOUND('',#1493,.T.);
#1182=FACE_OUTER_BOUND('',#1494,.T.);
#1183=FACE_OUTER_BOUND('',#1495,.T.);
#1184=FACE_OUTER_BOUND('',#1496,.T.);
#1185=FACE_OUTER_BOUND('',#1497,.T.);
#1186=FACE_OUTER_BOUND('',#1498,.T.);
#1187=FACE_OUTER_BOUND('',#1499,.T.);
#1188=FACE_OUTER_BOUND('',#1500,.T.);
#1189=FACE_OUTER_BOUND('',#1501,.T.);
#1190=FACE_OUTER_BOUND('',#1502,.T.);
#1191=FACE_OUTER_BOUND('',#1503,.T.);
#1192=FACE_OUTER_BOUND('',#1504,.T.);
#1193=FACE_OUTER_BOUND('',#1577,.T.);
#1194=FACE_OUTER_BOUND('',#1578,.T.);
#1195=FACE_OUTER_BOUND('',#1652,.T.);
#1196=FACE_OUTER_BOUND('',#1653,.T.);
#1197=FACE_OUTER_BOUND('',#1654,.T.);
#1198=FACE_OUTER_BOUND('',#1655,.T.);
#1199=FACE_OUTER_BOUND('',#1656,.T.);
#1200=FACE_OUTER_BOUND('',#1657,.T.);
#1201=FACE_OUTER_BOUND('',#1658,.T.);
#1202=FACE_OUTER_BOUND('',#1732,.T.);
#1203=FACE_OUTER_BOUND('',#1806,.T.);
#1204=FACE_OUTER_BOUND('',#1807,.T.);
#1205=FACE_OUTER_BOUND('',#1808,.T.);
#1206=FACE_OUTER_BOUND('',#1809,.T.);
#1207=FACE_OUTER_BOUND('',#1810,.T.);
#1208=FACE_OUTER_BOUND('',#1811,.T.);
#1209=FACE_OUTER_BOUND('',#1885,.T.);
#1210=FACE_OUTER_BOUND('',#1886,.T.);
#1211=FACE_OUTER_BOUND('',#1887,.T.);
#1212=FACE_OUTER_BOUND('',#1888,.T.);
#1213=FACE_OUTER_BOUND('',#1889,.T.);
#1214=FACE_OUTER_BOUND('',#1890,.T.);
#1215=FACE_OUTER_BOUND('',#1891,.T.);
#1216=FACE_OUTER_BOUND('',#1892,.T.);
#1217=FACE_OUTER_BOUND('',#1893,.T.);
#1218=FACE_OUTER_BOUND('',#1894,.T.);
#1219=FACE_OUTER_BOUND('',#1895,.T.);
#1220=FACE_OUTER_BOUND('',#1896,.T.);
#1221=FACE_OUTER_BOUND('',#1897,.T.);
#1222=FACE_OUTER_BOUND('',#1898,.T.);
#1223=FACE_OUTER_BOUND('',#1899,.T.);
#1224=FACE_OUTER_BOUND('',#1900,.T.);
#1225=FACE_OUTER_BOUND('',#1901,.T.);
#1226=FACE_OUTER_BOUND('',#1902,.T.);
#1227=FACE_OUTER_BOUND('',#1903,.T.);
#1228=FACE_OUTER_BOUND('',#1904,.T.);
#1229=FACE_OUTER_BOUND('',#1905,.T.);
#1230=FACE_OUTER_BOUND('',#1906,.T.);
#1231=FACE_OUTER_BOUND('',#1907,.T.);
#1232=FACE_OUTER_BOUND('',#1908,.T.);
#1233=FACE_OUTER_BOUND('',#1909,.T.);
#1234=FACE_OUTER_BOUND('',#1910,.T.);
#1235=FACE_OUTER_BOUND('',#1911,.T.);
#1236=FACE_OUTER_BOUND('',#1912,.T.);
#1237=FACE_OUTER_BOUND('',#1913,.T.);
#1238=FACE_OUTER_BOUND('',#1914,.T.);
#1239=FACE_OUTER_BOUND('',#1915,.T.);
#1240=FACE_OUTER_BOUND('',#1916,.T.);
#1241=FACE_OUTER_BOUND('',#1917,.T.);
#1242=FACE_OUTER_BOUND('',#1918,.T.);
#1243=FACE_OUTER_BOUND('',#1919,.T.);
#1244=FACE_OUTER_BOUND('',#1920,.T.);
#1245=FACE_OUTER_BOUND('',#1921,.T.);
#1246=FACE_OUTER_BOUND('',#1922,.T.);
#1247=FACE_OUTER_BOUND('',#1923,.T.);
#1248=FACE_OUTER_BOUND('',#1924,.T.);
#1249=FACE_OUTER_BOUND('',#1925,.T.);
#1250=FACE_OUTER_BOUND('',#1926,.T.);
#1251=FACE_OUTER_BOUND('',#1927,.T.);
#1252=FACE_OUTER_BOUND('',#1928,.T.);
#1253=FACE_OUTER_BOUND('',#1929,.T.);
#1254=FACE_OUTER_BOUND('',#1930,.T.);
#1255=FACE_OUTER_BOUND('',#1931,.T.);
#1256=FACE_OUTER_BOUND('',#1932,.T.);
#1257=FACE_OUTER_BOUND('',#1933,.T.);
#1258=FACE_OUTER_BOUND('',#1934,.T.);
#1259=FACE_OUTER_BOUND('',#1935,.T.);
#1260=FACE_OUTER_BOUND('',#1936,.T.);
#1261=FACE_OUTER_BOUND('',#1937,.T.);
#1262=FACE_OUTER_BOUND('',#1938,.T.);
#1263=FACE_OUTER_BOUND('',#1939,.T.);
#1264=FACE_OUTER_BOUND('',#1940,.T.);
#1265=FACE_OUTER_BOUND('',#1941,.T.);
#1266=FACE_OUTER_BOUND('',#1942,.T.);
#1267=FACE_OUTER_BOUND('',#1943,.T.);
#1268=FACE_OUTER_BOUND('',#1944,.T.);
#1269=FACE_OUTER_BOUND('',#1945,.T.);
#1270=FACE_OUTER_BOUND('',#1946,.T.);
#1271=FACE_OUTER_BOUND('',#1947,.T.);
#1272=FACE_OUTER_BOUND('',#1948,.T.);
#1273=FACE_OUTER_BOUND('',#1949,.T.);
#1274=FACE_OUTER_BOUND('',#1950,.T.);
#1275=FACE_OUTER_BOUND('',#1951,.T.);
#1276=FACE_OUTER_BOUND('',#1952,.T.);
#1277=FACE_OUTER_BOUND('',#1953,.T.);
#1278=FACE_OUTER_BOUND('',#1954,.T.);
#1279=FACE_OUTER_BOUND('',#1955,.T.);
#1280=FACE_OUTER_BOUND('',#1956,.T.);
#1281=FACE_OUTER_BOUND('',#1957,.T.);
#1282=FACE_OUTER_BOUND('',#1958,.T.);
#1283=FACE_OUTER_BOUND('',#1959,.T.);
#1284=FACE_OUTER_BOUND('',#1960,.T.);
#1285=FACE_OUTER_BOUND('',#1961,.T.);
#1286=FACE_OUTER_BOUND('',#1962,.T.);
#1287=FACE_OUTER_BOUND('',#1963,.T.);
#1288=FACE_OUTER_BOUND('',#1964,.T.);
#1289=FACE_OUTER_BOUND('',#1965,.T.);
#1290=FACE_OUTER_BOUND('',#1966,.T.);
#1291=FACE_OUTER_BOUND('',#1967,.T.);
#1292=FACE_OUTER_BOUND('',#1968,.T.);
#1293=FACE_OUTER_BOUND('',#1969,.T.);
#1294=FACE_OUTER_BOUND('',#1970,.T.);
#1295=FACE_OUTER_BOUND('',#1971,.T.);
#1296=FACE_OUTER_BOUND('',#1972,.T.);
#1297=FACE_OUTER_BOUND('',#1973,.T.);
#1298=FACE_OUTER_BOUND('',#1974,.T.);
#1299=FACE_OUTER_BOUND('',#1975,.T.);
#1300=FACE_OUTER_BOUND('',#1976,.T.);
#1301=FACE_OUTER_BOUND('',#1977,.T.);
#1302=FACE_OUTER_BOUND('',#1978,.T.);
#1303=FACE_OUTER_BOUND('',#1979,.T.);
#1304=FACE_OUTER_BOUND('',#1980,.T.);
#1305=FACE_OUTER_BOUND('',#1981,.T.);
#1306=FACE_OUTER_BOUND('',#1982,.T.);
#1307=FACE_OUTER_BOUND('',#1983,.T.);
#1308=FACE_OUTER_BOUND('',#1984,.T.);
#1309=FACE_OUTER_BOUND('',#1985,.T.);
#1310=FACE_OUTER_BOUND('',#1986,.T.);
#1311=FACE_OUTER_BOUND('',#1987,.T.);
#1312=FACE_OUTER_BOUND('',#1988,.T.);
#1313=FACE_OUTER_BOUND('',#1989,.T.);
#1314=FACE_OUTER_BOUND('',#1990,.T.);
#1315=FACE_OUTER_BOUND('',#1991,.T.);
#1316=FACE_OUTER_BOUND('',#1992,.T.);
#1317=FACE_OUTER_BOUND('',#1993,.T.);
#1318=FACE_OUTER_BOUND('',#1994,.T.);
#1319=FACE_OUTER_BOUND('',#1995,.T.);
#1320=FACE_OUTER_BOUND('',#1996,.T.);
#1321=FACE_OUTER_BOUND('',#1997,.T.);
#1322=FACE_OUTER_BOUND('',#1998,.T.);
#1323=FACE_OUTER_BOUND('',#1999,.T.);
#1324=FACE_OUTER_BOUND('',#2000,.T.);
#1325=FACE_OUTER_BOUND('',#2001,.T.);
#1326=FACE_OUTER_BOUND('',#2002,.T.);
#1327=FACE_OUTER_BOUND('',#2003,.T.);
#1328=FACE_OUTER_BOUND('',#2004,.T.);
#1329=FACE_OUTER_BOUND('',#2005,.T.);
#1330=FACE_OUTER_BOUND('',#2006,.T.);
#1331=FACE_OUTER_BOUND('',#2007,.T.);
#1332=FACE_OUTER_BOUND('',#2008,.T.);
#1333=FACE_OUTER_BOUND('',#2009,.T.);
#1334=FACE_OUTER_BOUND('',#2010,.T.);
#1335=FACE_OUTER_BOUND('',#2011,.T.);
#1336=FACE_OUTER_BOUND('',#2012,.T.);
#1337=FACE_OUTER_BOUND('',#2013,.T.);
#1338=FACE_OUTER_BOUND('',#2014,.T.);
#1339=FACE_OUTER_BOUND('',#2015,.T.);
#1340=FACE_OUTER_BOUND('',#2016,.T.);
#1341=FACE_OUTER_BOUND('',#2017,.T.);
#1342=FACE_OUTER_BOUND('',#2018,.T.);
#1343=FACE_OUTER_BOUND('',#2019,.T.);
#1344=FACE_OUTER_BOUND('',#2020,.T.);
#1345=FACE_OUTER_BOUND('',#2021,.T.);
#1346=FACE_OUTER_BOUND('',#2022,.T.);
#1347=FACE_OUTER_BOUND('',#2023,.T.);
#1348=FACE_OUTER_BOUND('',#2024,.T.);
#1349=FACE_OUTER_BOUND('',#2025,.T.);
#1350=FACE_OUTER_BOUND('',#2026,.T.);
#1351=FACE_OUTER_BOUND('',#2027,.T.);
#1352=FACE_OUTER_BOUND('',#2028,.T.);
#1353=FACE_OUTER_BOUND('',#2029,.T.);
#1354=FACE_OUTER_BOUND('',#2030,.T.);
#1355=FACE_OUTER_BOUND('',#2031,.T.);
#1356=FACE_OUTER_BOUND('',#2032,.T.);
#1357=EDGE_LOOP('',(#3699,#3700,#3701,#3702));
#1358=EDGE_LOOP('',(#3703));
#1359=EDGE_LOOP('',(#3704));
#1360=EDGE_LOOP('',(#3705));
#1361=EDGE_LOOP('',(#3706));
#1362=EDGE_LOOP('',(#3707));
#1363=EDGE_LOOP('',(#3708));
#1364=EDGE_LOOP('',(#3709));
#1365=EDGE_LOOP('',(#3710));
#1366=EDGE_LOOP('',(#3711));
#1367=EDGE_LOOP('',(#3712));
#1368=EDGE_LOOP('',(#3713));
#1369=EDGE_LOOP('',(#3714));
#1370=EDGE_LOOP('',(#3715));
#1371=EDGE_LOOP('',(#3716));
#1372=EDGE_LOOP('',(#3717));
#1373=EDGE_LOOP('',(#3718));
#1374=EDGE_LOOP('',(#3719));
#1375=EDGE_LOOP('',(#3720));
#1376=EDGE_LOOP('',(#3721));
#1377=EDGE_LOOP('',(#3722));
#1378=EDGE_LOOP('',(#3723));
#1379=EDGE_LOOP('',(#3724));
#1380=EDGE_LOOP('',(#3725));
#1381=EDGE_LOOP('',(#3726));
#1382=EDGE_LOOP('',(#3727));
#1383=EDGE_LOOP('',(#3728));
#1384=EDGE_LOOP('',(#3729));
#1385=EDGE_LOOP('',(#3730));
#1386=EDGE_LOOP('',(#3731));
#1387=EDGE_LOOP('',(#3732));
#1388=EDGE_LOOP('',(#3733));
#1389=EDGE_LOOP('',(#3734));
#1390=EDGE_LOOP('',(#3735));
#1391=EDGE_LOOP('',(#3736));
#1392=EDGE_LOOP('',(#3737));
#1393=EDGE_LOOP('',(#3738));
#1394=EDGE_LOOP('',(#3739));
#1395=EDGE_LOOP('',(#3740));
#1396=EDGE_LOOP('',(#3741));
#1397=EDGE_LOOP('',(#3742));
#1398=EDGE_LOOP('',(#3743));
#1399=EDGE_LOOP('',(#3744));
#1400=EDGE_LOOP('',(#3745));
#1401=EDGE_LOOP('',(#3746));
#1402=EDGE_LOOP('',(#3747));
#1403=EDGE_LOOP('',(#3748));
#1404=EDGE_LOOP('',(#3749));
#1405=EDGE_LOOP('',(#3750));
#1406=EDGE_LOOP('',(#3751));
#1407=EDGE_LOOP('',(#3752));
#1408=EDGE_LOOP('',(#3753));
#1409=EDGE_LOOP('',(#3754));
#1410=EDGE_LOOP('',(#3755));
#1411=EDGE_LOOP('',(#3756));
#1412=EDGE_LOOP('',(#3757));
#1413=EDGE_LOOP('',(#3758));
#1414=EDGE_LOOP('',(#3759));
#1415=EDGE_LOOP('',(#3760));
#1416=EDGE_LOOP('',(#3761));
#1417=EDGE_LOOP('',(#3762));
#1418=EDGE_LOOP('',(#3763));
#1419=EDGE_LOOP('',(#3764));
#1420=EDGE_LOOP('',(#3765));
#1421=EDGE_LOOP('',(#3766));
#1422=EDGE_LOOP('',(#3767));
#1423=EDGE_LOOP('',(#3768));
#1424=EDGE_LOOP('',(#3769));
#1425=EDGE_LOOP('',(#3770));
#1426=EDGE_LOOP('',(#3771));
#1427=EDGE_LOOP('',(#3772));
#1428=EDGE_LOOP('',(#3773));
#1429=EDGE_LOOP('',(#3774));
#1430=EDGE_LOOP('',(#3775,#3776,#3777,#3778));
#1431=EDGE_LOOP('',(#3779,#3780,#3781,#3782));
#1432=EDGE_LOOP('',(#3783,#3784,#3785,#3786));
#1433=EDGE_LOOP('',(#3787,#3788,#3789,#3790));
#1434=EDGE_LOOP('',(#3791,#3792,#3793,#3794));
#1435=EDGE_LOOP('',(#3795,#3796,#3797,#3798));
#1436=EDGE_LOOP('',(#3799,#3800,#3801,#3802));
#1437=EDGE_LOOP('',(#3803,#3804,#3805,#3806));
#1438=EDGE_LOOP('',(#3807,#3808,#3809,#3810));
#1439=EDGE_LOOP('',(#3811,#3812,#3813,#3814));
#1440=EDGE_LOOP('',(#3815,#3816,#3817,#3818));
#1441=EDGE_LOOP('',(#3819,#3820,#3821,#3822));
#1442=EDGE_LOOP('',(#3823,#3824,#3825,#3826));
#1443=EDGE_LOOP('',(#3827,#3828,#3829,#3830));
#1444=EDGE_LOOP('',(#3831,#3832,#3833,#3834));
#1445=EDGE_LOOP('',(#3835,#3836,#3837,#3838));
#1446=EDGE_LOOP('',(#3839,#3840,#3841,#3842));
#1447=EDGE_LOOP('',(#3843,#3844,#3845,#3846));
#1448=EDGE_LOOP('',(#3847,#3848,#3849,#3850));
#1449=EDGE_LOOP('',(#3851,#3852,#3853,#3854));
#1450=EDGE_LOOP('',(#3855,#3856,#3857,#3858));
#1451=EDGE_LOOP('',(#3859,#3860,#3861,#3862));
#1452=EDGE_LOOP('',(#3863,#3864,#3865,#3866));
#1453=EDGE_LOOP('',(#3867,#3868,#3869,#3870));
#1454=EDGE_LOOP('',(#3871,#3872,#3873,#3874));
#1455=EDGE_LOOP('',(#3875,#3876,#3877,#3878));
#1456=EDGE_LOOP('',(#3879,#3880,#3881,#3882));
#1457=EDGE_LOOP('',(#3883,#3884,#3885,#3886));
#1458=EDGE_LOOP('',(#3887,#3888,#3889,#3890));
#1459=EDGE_LOOP('',(#3891,#3892,#3893,#3894));
#1460=EDGE_LOOP('',(#3895,#3896,#3897,#3898));
#1461=EDGE_LOOP('',(#3899,#3900,#3901,#3902));
#1462=EDGE_LOOP('',(#3903,#3904,#3905,#3906));
#1463=EDGE_LOOP('',(#3907,#3908,#3909,#3910));
#1464=EDGE_LOOP('',(#3911,#3912,#3913,#3914));
#1465=EDGE_LOOP('',(#3915,#3916,#3917,#3918));
#1466=EDGE_LOOP('',(#3919,#3920,#3921,#3922));
#1467=EDGE_LOOP('',(#3923,#3924,#3925,#3926));
#1468=EDGE_LOOP('',(#3927,#3928,#3929,#3930));
#1469=EDGE_LOOP('',(#3931,#3932,#3933,#3934));
#1470=EDGE_LOOP('',(#3935,#3936,#3937,#3938));
#1471=EDGE_LOOP('',(#3939,#3940,#3941,#3942));
#1472=EDGE_LOOP('',(#3943,#3944,#3945,#3946));
#1473=EDGE_LOOP('',(#3947,#3948,#3949,#3950));
#1474=EDGE_LOOP('',(#3951,#3952,#3953,#3954));
#1475=EDGE_LOOP('',(#3955,#3956,#3957,#3958));
#1476=EDGE_LOOP('',(#3959,#3960,#3961,#3962));
#1477=EDGE_LOOP('',(#3963,#3964,#3965,#3966));
#1478=EDGE_LOOP('',(#3967,#3968,#3969,#3970));
#1479=EDGE_LOOP('',(#3971,#3972,#3973,#3974));
#1480=EDGE_LOOP('',(#3975,#3976,#3977,#3978));
#1481=EDGE_LOOP('',(#3979,#3980,#3981,#3982));
#1482=EDGE_LOOP('',(#3983,#3984,#3985,#3986));
#1483=EDGE_LOOP('',(#3987,#3988,#3989,#3990));
#1484=EDGE_LOOP('',(#3991,#3992,#3993,#3994));
#1485=EDGE_LOOP('',(#3995,#3996,#3997,#3998));
#1486=EDGE_LOOP('',(#3999,#4000,#4001,#4002));
#1487=EDGE_LOOP('',(#4003,#4004,#4005,#4006));
#1488=EDGE_LOOP('',(#4007,#4008,#4009,#4010));
#1489=EDGE_LOOP('',(#4011,#4012,#4013,#4014));
#1490=EDGE_LOOP('',(#4015,#4016,#4017,#4018));
#1491=EDGE_LOOP('',(#4019,#4020,#4021,#4022));
#1492=EDGE_LOOP('',(#4023,#4024,#4025,#4026));
#1493=EDGE_LOOP('',(#4027,#4028,#4029,#4030));
#1494=EDGE_LOOP('',(#4031,#4032,#4033,#4034));
#1495=EDGE_LOOP('',(#4035,#4036,#4037,#4038));
#1496=EDGE_LOOP('',(#4039,#4040,#4041,#4042));
#1497=EDGE_LOOP('',(#4043,#4044,#4045,#4046));
#1498=EDGE_LOOP('',(#4047,#4048,#4049,#4050));
#1499=EDGE_LOOP('',(#4051,#4052,#4053,#4054));
#1500=EDGE_LOOP('',(#4055,#4056,#4057,#4058));
#1501=EDGE_LOOP('',(#4059,#4060,#4061,#4062));
#1502=EDGE_LOOP('',(#4063,#4064,#4065,#4066));
#1503=EDGE_LOOP('',(#4067,#4068,#4069,#4070));
#1504=EDGE_LOOP('',(#4071,#4072,#4073,#4074));
#1505=EDGE_LOOP('',(#4075));
#1506=EDGE_LOOP('',(#4076));
#1507=EDGE_LOOP('',(#4077));
#1508=EDGE_LOOP('',(#4078));
#1509=EDGE_LOOP('',(#4079));
#1510=EDGE_LOOP('',(#4080));
#1511=EDGE_LOOP('',(#4081));
#1512=EDGE_LOOP('',(#4082));
#1513=EDGE_LOOP('',(#4083));
#1514=EDGE_LOOP('',(#4084));
#1515=EDGE_LOOP('',(#4085));
#1516=EDGE_LOOP('',(#4086));
#1517=EDGE_LOOP('',(#4087));
#1518=EDGE_LOOP('',(#4088));
#1519=EDGE_LOOP('',(#4089));
#1520=EDGE_LOOP('',(#4090));
#1521=EDGE_LOOP('',(#4091));
#1522=EDGE_LOOP('',(#4092));
#1523=EDGE_LOOP('',(#4093));
#1524=EDGE_LOOP('',(#4094));
#1525=EDGE_LOOP('',(#4095));
#1526=EDGE_LOOP('',(#4096));
#1527=EDGE_LOOP('',(#4097));
#1528=EDGE_LOOP('',(#4098));
#1529=EDGE_LOOP('',(#4099));
#1530=EDGE_LOOP('',(#4100));
#1531=EDGE_LOOP('',(#4101));
#1532=EDGE_LOOP('',(#4102));
#1533=EDGE_LOOP('',(#4103));
#1534=EDGE_LOOP('',(#4104));
#1535=EDGE_LOOP('',(#4105));
#1536=EDGE_LOOP('',(#4106));
#1537=EDGE_LOOP('',(#4107));
#1538=EDGE_LOOP('',(#4108));
#1539=EDGE_LOOP('',(#4109));
#1540=EDGE_LOOP('',(#4110));
#1541=EDGE_LOOP('',(#4111));
#1542=EDGE_LOOP('',(#4112));
#1543=EDGE_LOOP('',(#4113));
#1544=EDGE_LOOP('',(#4114));
#1545=EDGE_LOOP('',(#4115));
#1546=EDGE_LOOP('',(#4116));
#1547=EDGE_LOOP('',(#4117));
#1548=EDGE_LOOP('',(#4118));
#1549=EDGE_LOOP('',(#4119));
#1550=EDGE_LOOP('',(#4120));
#1551=EDGE_LOOP('',(#4121));
#1552=EDGE_LOOP('',(#4122));
#1553=EDGE_LOOP('',(#4123));
#1554=EDGE_LOOP('',(#4124));
#1555=EDGE_LOOP('',(#4125));
#1556=EDGE_LOOP('',(#4126));
#1557=EDGE_LOOP('',(#4127));
#1558=EDGE_LOOP('',(#4128));
#1559=EDGE_LOOP('',(#4129));
#1560=EDGE_LOOP('',(#4130));
#1561=EDGE_LOOP('',(#4131));
#1562=EDGE_LOOP('',(#4132));
#1563=EDGE_LOOP('',(#4133));
#1564=EDGE_LOOP('',(#4134));
#1565=EDGE_LOOP('',(#4135));
#1566=EDGE_LOOP('',(#4136));
#1567=EDGE_LOOP('',(#4137));
#1568=EDGE_LOOP('',(#4138));
#1569=EDGE_LOOP('',(#4139));
#1570=EDGE_LOOP('',(#4140));
#1571=EDGE_LOOP('',(#4141));
#1572=EDGE_LOOP('',(#4142));
#1573=EDGE_LOOP('',(#4143));
#1574=EDGE_LOOP('',(#4144));
#1575=EDGE_LOOP('',(#4145));
#1576=EDGE_LOOP('',(#4146));
#1577=EDGE_LOOP('',(#4147,#4148,#4149,#4150));
#1578=EDGE_LOOP('',(#4151,#4152,#4153,#4154));
#1579=EDGE_LOOP('',(#4155));
#1580=EDGE_LOOP('',(#4156));
#1581=EDGE_LOOP('',(#4157));
#1582=EDGE_LOOP('',(#4158));
#1583=EDGE_LOOP('',(#4159));
#1584=EDGE_LOOP('',(#4160));
#1585=EDGE_LOOP('',(#4161));
#1586=EDGE_LOOP('',(#4162));
#1587=EDGE_LOOP('',(#4163));
#1588=EDGE_LOOP('',(#4164));
#1589=EDGE_LOOP('',(#4165));
#1590=EDGE_LOOP('',(#4166));
#1591=EDGE_LOOP('',(#4167));
#1592=EDGE_LOOP('',(#4168));
#1593=EDGE_LOOP('',(#4169));
#1594=EDGE_LOOP('',(#4170));
#1595=EDGE_LOOP('',(#4171));
#1596=EDGE_LOOP('',(#4172));
#1597=EDGE_LOOP('',(#4173));
#1598=EDGE_LOOP('',(#4174));
#1599=EDGE_LOOP('',(#4175));
#1600=EDGE_LOOP('',(#4176));
#1601=EDGE_LOOP('',(#4177));
#1602=EDGE_LOOP('',(#4178));
#1603=EDGE_LOOP('',(#4179));
#1604=EDGE_LOOP('',(#4180));
#1605=EDGE_LOOP('',(#4181));
#1606=EDGE_LOOP('',(#4182));
#1607=EDGE_LOOP('',(#4183));
#1608=EDGE_LOOP('',(#4184));
#1609=EDGE_LOOP('',(#4185));
#1610=EDGE_LOOP('',(#4186));
#1611=EDGE_LOOP('',(#4187));
#1612=EDGE_LOOP('',(#4188));
#1613=EDGE_LOOP('',(#4189));
#1614=EDGE_LOOP('',(#4190));
#1615=EDGE_LOOP('',(#4191));
#1616=EDGE_LOOP('',(#4192));
#1617=EDGE_LOOP('',(#4193));
#1618=EDGE_LOOP('',(#4194));
#1619=EDGE_LOOP('',(#4195));
#1620=EDGE_LOOP('',(#4196));
#1621=EDGE_LOOP('',(#4197));
#1622=EDGE_LOOP('',(#4198));
#1623=EDGE_LOOP('',(#4199));
#1624=EDGE_LOOP('',(#4200));
#1625=EDGE_LOOP('',(#4201));
#1626=EDGE_LOOP('',(#4202));
#1627=EDGE_LOOP('',(#4203));
#1628=EDGE_LOOP('',(#4204));
#1629=EDGE_LOOP('',(#4205));
#1630=EDGE_LOOP('',(#4206));
#1631=EDGE_LOOP('',(#4207));
#1632=EDGE_LOOP('',(#4208));
#1633=EDGE_LOOP('',(#4209));
#1634=EDGE_LOOP('',(#4210));
#1635=EDGE_LOOP('',(#4211));
#1636=EDGE_LOOP('',(#4212));
#1637=EDGE_LOOP('',(#4213));
#1638=EDGE_LOOP('',(#4214));
#1639=EDGE_LOOP('',(#4215));
#1640=EDGE_LOOP('',(#4216));
#1641=EDGE_LOOP('',(#4217));
#1642=EDGE_LOOP('',(#4218));
#1643=EDGE_LOOP('',(#4219));
#1644=EDGE_LOOP('',(#4220));
#1645=EDGE_LOOP('',(#4221));
#1646=EDGE_LOOP('',(#4222));
#1647=EDGE_LOOP('',(#4223));
#1648=EDGE_LOOP('',(#4224));
#1649=EDGE_LOOP('',(#4225));
#1650=EDGE_LOOP('',(#4226));
#1651=EDGE_LOOP('',(#4227));
#1652=EDGE_LOOP('',(#4228,#4229,#4230,#4231));
#1653=EDGE_LOOP('',(#4232,#4233,#4234,#4235));
#1654=EDGE_LOOP('',(#4236,#4237,#4238,#4239));
#1655=EDGE_LOOP('',(#4240,#4241,#4242,#4243));
#1656=EDGE_LOOP('',(#4244,#4245,#4246,#4247));
#1657=EDGE_LOOP('',(#4248,#4249,#4250,#4251));
#1658=EDGE_LOOP('',(#4252,#4253,#4254,#4255));
#1659=EDGE_LOOP('',(#4256));
#1660=EDGE_LOOP('',(#4257));
#1661=EDGE_LOOP('',(#4258));
#1662=EDGE_LOOP('',(#4259));
#1663=EDGE_LOOP('',(#4260));
#1664=EDGE_LOOP('',(#4261));
#1665=EDGE_LOOP('',(#4262));
#1666=EDGE_LOOP('',(#4263));
#1667=EDGE_LOOP('',(#4264));
#1668=EDGE_LOOP('',(#4265));
#1669=EDGE_LOOP('',(#4266));
#1670=EDGE_LOOP('',(#4267));
#1671=EDGE_LOOP('',(#4268));
#1672=EDGE_LOOP('',(#4269));
#1673=EDGE_LOOP('',(#4270));
#1674=EDGE_LOOP('',(#4271));
#1675=EDGE_LOOP('',(#4272));
#1676=EDGE_LOOP('',(#4273));
#1677=EDGE_LOOP('',(#4274));
#1678=EDGE_LOOP('',(#4275));
#1679=EDGE_LOOP('',(#4276));
#1680=EDGE_LOOP('',(#4277));
#1681=EDGE_LOOP('',(#4278));
#1682=EDGE_LOOP('',(#4279));
#1683=EDGE_LOOP('',(#4280));
#1684=EDGE_LOOP('',(#4281));
#1685=EDGE_LOOP('',(#4282));
#1686=EDGE_LOOP('',(#4283));
#1687=EDGE_LOOP('',(#4284));
#1688=EDGE_LOOP('',(#4285));
#1689=EDGE_LOOP('',(#4286));
#1690=EDGE_LOOP('',(#4287));
#1691=EDGE_LOOP('',(#4288));
#1692=EDGE_LOOP('',(#4289));
#1693=EDGE_LOOP('',(#4290));
#1694=EDGE_LOOP('',(#4291));
#1695=EDGE_LOOP('',(#4292));
#1696=EDGE_LOOP('',(#4293));
#1697=EDGE_LOOP('',(#4294));
#1698=EDGE_LOOP('',(#4295));
#1699=EDGE_LOOP('',(#4296));
#1700=EDGE_LOOP('',(#4297));
#1701=EDGE_LOOP('',(#4298));
#1702=EDGE_LOOP('',(#4299));
#1703=EDGE_LOOP('',(#4300));
#1704=EDGE_LOOP('',(#4301));
#1705=EDGE_LOOP('',(#4302));
#1706=EDGE_LOOP('',(#4303));
#1707=EDGE_LOOP('',(#4304));
#1708=EDGE_LOOP('',(#4305));
#1709=EDGE_LOOP('',(#4306));
#1710=EDGE_LOOP('',(#4307));
#1711=EDGE_LOOP('',(#4308));
#1712=EDGE_LOOP('',(#4309));
#1713=EDGE_LOOP('',(#4310));
#1714=EDGE_LOOP('',(#4311));
#1715=EDGE_LOOP('',(#4312));
#1716=EDGE_LOOP('',(#4313));
#1717=EDGE_LOOP('',(#4314));
#1718=EDGE_LOOP('',(#4315));
#1719=EDGE_LOOP('',(#4316));
#1720=EDGE_LOOP('',(#4317));
#1721=EDGE_LOOP('',(#4318));
#1722=EDGE_LOOP('',(#4319));
#1723=EDGE_LOOP('',(#4320));
#1724=EDGE_LOOP('',(#4321));
#1725=EDGE_LOOP('',(#4322));
#1726=EDGE_LOOP('',(#4323));
#1727=EDGE_LOOP('',(#4324));
#1728=EDGE_LOOP('',(#4325));
#1729=EDGE_LOOP('',(#4326));
#1730=EDGE_LOOP('',(#4327));
#1731=EDGE_LOOP('',(#4328));
#1732=EDGE_LOOP('',(#4329,#4330,#4331,#4332));
#1733=EDGE_LOOP('',(#4333));
#1734=EDGE_LOOP('',(#4334));
#1735=EDGE_LOOP('',(#4335));
#1736=EDGE_LOOP('',(#4336));
#1737=EDGE_LOOP('',(#4337));
#1738=EDGE_LOOP('',(#4338));
#1739=EDGE_LOOP('',(#4339));
#1740=EDGE_LOOP('',(#4340));
#1741=EDGE_LOOP('',(#4341));
#1742=EDGE_LOOP('',(#4342));
#1743=EDGE_LOOP('',(#4343));
#1744=EDGE_LOOP('',(#4344));
#1745=EDGE_LOOP('',(#4345));
#1746=EDGE_LOOP('',(#4346));
#1747=EDGE_LOOP('',(#4347));
#1748=EDGE_LOOP('',(#4348));
#1749=EDGE_LOOP('',(#4349));
#1750=EDGE_LOOP('',(#4350));
#1751=EDGE_LOOP('',(#4351));
#1752=EDGE_LOOP('',(#4352));
#1753=EDGE_LOOP('',(#4353));
#1754=EDGE_LOOP('',(#4354));
#1755=EDGE_LOOP('',(#4355));
#1756=EDGE_LOOP('',(#4356));
#1757=EDGE_LOOP('',(#4357));
#1758=EDGE_LOOP('',(#4358));
#1759=EDGE_LOOP('',(#4359));
#1760=EDGE_LOOP('',(#4360));
#1761=EDGE_LOOP('',(#4361));
#1762=EDGE_LOOP('',(#4362));
#1763=EDGE_LOOP('',(#4363));
#1764=EDGE_LOOP('',(#4364));
#1765=EDGE_LOOP('',(#4365));
#1766=EDGE_LOOP('',(#4366));
#1767=EDGE_LOOP('',(#4367));
#1768=EDGE_LOOP('',(#4368));
#1769=EDGE_LOOP('',(#4369));
#1770=EDGE_LOOP('',(#4370));
#1771=EDGE_LOOP('',(#4371));
#1772=EDGE_LOOP('',(#4372));
#1773=EDGE_LOOP('',(#4373));
#1774=EDGE_LOOP('',(#4374));
#1775=EDGE_LOOP('',(#4375));
#1776=EDGE_LOOP('',(#4376));
#1777=EDGE_LOOP('',(#4377));
#1778=EDGE_LOOP('',(#4378));
#1779=EDGE_LOOP('',(#4379));
#1780=EDGE_LOOP('',(#4380));
#1781=EDGE_LOOP('',(#4381));
#1782=EDGE_LOOP('',(#4382));
#1783=EDGE_LOOP('',(#4383));
#1784=EDGE_LOOP('',(#4384));
#1785=EDGE_LOOP('',(#4385));
#1786=EDGE_LOOP('',(#4386));
#1787=EDGE_LOOP('',(#4387));
#1788=EDGE_LOOP('',(#4388));
#1789=EDGE_LOOP('',(#4389));
#1790=EDGE_LOOP('',(#4390));
#1791=EDGE_LOOP('',(#4391));
#1792=EDGE_LOOP('',(#4392));
#1793=EDGE_LOOP('',(#4393));
#1794=EDGE_LOOP('',(#4394));
#1795=EDGE_LOOP('',(#4395));
#1796=EDGE_LOOP('',(#4396));
#1797=EDGE_LOOP('',(#4397));
#1798=EDGE_LOOP('',(#4398));
#1799=EDGE_LOOP('',(#4399));
#1800=EDGE_LOOP('',(#4400));
#1801=EDGE_LOOP('',(#4401));
#1802=EDGE_LOOP('',(#4402));
#1803=EDGE_LOOP('',(#4403));
#1804=EDGE_LOOP('',(#4404));
#1805=EDGE_LOOP('',(#4405));
#1806=EDGE_LOOP('',(#4406,#4407,#4408,#4409));
#1807=EDGE_LOOP('',(#4410,#4411,#4412,#4413));
#1808=EDGE_LOOP('',(#4414,#4415,#4416,#4417));
#1809=EDGE_LOOP('',(#4418,#4419,#4420,#4421));
#1810=EDGE_LOOP('',(#4422,#4423,#4424,#4425));
#1811=EDGE_LOOP('',(#4426,#4427,#4428,#4429));
#1812=EDGE_LOOP('',(#4430));
#1813=EDGE_LOOP('',(#4431));
#1814=EDGE_LOOP('',(#4432));
#1815=EDGE_LOOP('',(#4433));
#1816=EDGE_LOOP('',(#4434));
#1817=EDGE_LOOP('',(#4435));
#1818=EDGE_LOOP('',(#4436));
#1819=EDGE_LOOP('',(#4437));
#1820=EDGE_LOOP('',(#4438));
#1821=EDGE_LOOP('',(#4439));
#1822=EDGE_LOOP('',(#4440));
#1823=EDGE_LOOP('',(#4441));
#1824=EDGE_LOOP('',(#4442));
#1825=EDGE_LOOP('',(#4443));
#1826=EDGE_LOOP('',(#4444));
#1827=EDGE_LOOP('',(#4445));
#1828=EDGE_LOOP('',(#4446));
#1829=EDGE_LOOP('',(#4447));
#1830=EDGE_LOOP('',(#4448));
#1831=EDGE_LOOP('',(#4449));
#1832=EDGE_LOOP('',(#4450));
#1833=EDGE_LOOP('',(#4451));
#1834=EDGE_LOOP('',(#4452));
#1835=EDGE_LOOP('',(#4453));
#1836=EDGE_LOOP('',(#4454));
#1837=EDGE_LOOP('',(#4455));
#1838=EDGE_LOOP('',(#4456));
#1839=EDGE_LOOP('',(#4457));
#1840=EDGE_LOOP('',(#4458));
#1841=EDGE_LOOP('',(#4459));
#1842=EDGE_LOOP('',(#4460));
#1843=EDGE_LOOP('',(#4461));
#1844=EDGE_LOOP('',(#4462));
#1845=EDGE_LOOP('',(#4463));
#1846=EDGE_LOOP('',(#4464));
#1847=EDGE_LOOP('',(#4465));
#1848=EDGE_LOOP('',(#4466));
#1849=EDGE_LOOP('',(#4467));
#1850=EDGE_LOOP('',(#4468));
#1851=EDGE_LOOP('',(#4469));
#1852=EDGE_LOOP('',(#4470));
#1853=EDGE_LOOP('',(#4471));
#1854=EDGE_LOOP('',(#4472));
#1855=EDGE_LOOP('',(#4473));
#1856=EDGE_LOOP('',(#4474));
#1857=EDGE_LOOP('',(#4475));
#1858=EDGE_LOOP('',(#4476));
#1859=EDGE_LOOP('',(#4477));
#1860=EDGE_LOOP('',(#4478));
#1861=EDGE_LOOP('',(#4479));
#1862=EDGE_LOOP('',(#4480));
#1863=EDGE_LOOP('',(#4481));
#1864=EDGE_LOOP('',(#4482));
#1865=EDGE_LOOP('',(#4483));
#1866=EDGE_LOOP('',(#4484));
#1867=EDGE_LOOP('',(#4485));
#1868=EDGE_LOOP('',(#4486));
#1869=EDGE_LOOP('',(#4487));
#1870=EDGE_LOOP('',(#4488));
#1871=EDGE_LOOP('',(#4489));
#1872=EDGE_LOOP('',(#4490));
#1873=EDGE_LOOP('',(#4491));
#1874=EDGE_LOOP('',(#4492));
#1875=EDGE_LOOP('',(#4493));
#1876=EDGE_LOOP('',(#4494));
#1877=EDGE_LOOP('',(#4495));
#1878=EDGE_LOOP('',(#4496));
#1879=EDGE_LOOP('',(#4497));
#1880=EDGE_LOOP('',(#4498));
#1881=EDGE_LOOP('',(#4499));
#1882=EDGE_LOOP('',(#4500));
#1883=EDGE_LOOP('',(#4501));
#1884=EDGE_LOOP('',(#4502));
#1885=EDGE_LOOP('',(#4503,#4504,#4505,#4506));
#1886=EDGE_LOOP('',(#4507,#4508,#4509,#4510));
#1887=EDGE_LOOP('',(#4511,#4512,#4513,#4514));
#1888=EDGE_LOOP('',(#4515,#4516,#4517,#4518));
#1889=EDGE_LOOP('',(#4519,#4520,#4521,#4522));
#1890=EDGE_LOOP('',(#4523,#4524,#4525,#4526));
#1891=EDGE_LOOP('',(#4527,#4528,#4529,#4530));
#1892=EDGE_LOOP('',(#4531,#4532,#4533,#4534));
#1893=EDGE_LOOP('',(#4535,#4536,#4537,#4538));
#1894=EDGE_LOOP('',(#4539,#4540,#4541,#4542));
#1895=EDGE_LOOP('',(#4543,#4544,#4545,#4546));
#1896=EDGE_LOOP('',(#4547,#4548,#4549,#4550));
#1897=EDGE_LOOP('',(#4551,#4552,#4553,#4554));
#1898=EDGE_LOOP('',(#4555,#4556,#4557,#4558));
#1899=EDGE_LOOP('',(#4559,#4560,#4561,#4562));
#1900=EDGE_LOOP('',(#4563,#4564,#4565,#4566));
#1901=EDGE_LOOP('',(#4567,#4568,#4569,#4570));
#1902=EDGE_LOOP('',(#4571,#4572,#4573,#4574));
#1903=EDGE_LOOP('',(#4575,#4576,#4577,#4578));
#1904=EDGE_LOOP('',(#4579,#4580,#4581,#4582));
#1905=EDGE_LOOP('',(#4583,#4584,#4585,#4586));
#1906=EDGE_LOOP('',(#4587,#4588,#4589,#4590));
#1907=EDGE_LOOP('',(#4591,#4592,#4593,#4594));
#1908=EDGE_LOOP('',(#4595,#4596,#4597,#4598));
#1909=EDGE_LOOP('',(#4599,#4600,#4601,#4602));
#1910=EDGE_LOOP('',(#4603,#4604,#4605,#4606));
#1911=EDGE_LOOP('',(#4607,#4608,#4609,#4610));
#1912=EDGE_LOOP('',(#4611,#4612,#4613,#4614));
#1913=EDGE_LOOP('',(#4615,#4616,#4617,#4618));
#1914=EDGE_LOOP('',(#4619,#4620,#4621,#4622));
#1915=EDGE_LOOP('',(#4623,#4624,#4625,#4626));
#1916=EDGE_LOOP('',(#4627,#4628,#4629,#4630));
#1917=EDGE_LOOP('',(#4631,#4632,#4633,#4634));
#1918=EDGE_LOOP('',(#4635,#4636,#4637,#4638));
#1919=EDGE_LOOP('',(#4639,#4640,#4641,#4642));
#1920=EDGE_LOOP('',(#4643,#4644,#4645,#4646));
#1921=EDGE_LOOP('',(#4647,#4648,#4649,#4650));
#1922=EDGE_LOOP('',(#4651,#4652,#4653,#4654));
#1923=EDGE_LOOP('',(#4655,#4656,#4657,#4658));
#1924=EDGE_LOOP('',(#4659,#4660,#4661,#4662));
#1925=EDGE_LOOP('',(#4663,#4664,#4665,#4666));
#1926=EDGE_LOOP('',(#4667,#4668,#4669,#4670));
#1927=EDGE_LOOP('',(#4671,#4672,#4673,#4674));
#1928=EDGE_LOOP('',(#4675,#4676,#4677,#4678));
#1929=EDGE_LOOP('',(#4679,#4680,#4681,#4682));
#1930=EDGE_LOOP('',(#4683,#4684,#4685,#4686));
#1931=EDGE_LOOP('',(#4687,#4688,#4689,#4690));
#1932=EDGE_LOOP('',(#4691,#4692,#4693,#4694));
#1933=EDGE_LOOP('',(#4695,#4696,#4697,#4698));
#1934=EDGE_LOOP('',(#4699,#4700,#4701,#4702));
#1935=EDGE_LOOP('',(#4703,#4704,#4705,#4706));
#1936=EDGE_LOOP('',(#4707,#4708,#4709,#4710));
#1937=EDGE_LOOP('',(#4711,#4712,#4713,#4714));
#1938=EDGE_LOOP('',(#4715,#4716,#4717,#4718));
#1939=EDGE_LOOP('',(#4719,#4720,#4721,#4722));
#1940=EDGE_LOOP('',(#4723,#4724,#4725,#4726));
#1941=EDGE_LOOP('',(#4727,#4728,#4729,#4730));
#1942=EDGE_LOOP('',(#4731,#4732,#4733,#4734));
#1943=EDGE_LOOP('',(#4735,#4736,#4737,#4738));
#1944=EDGE_LOOP('',(#4739,#4740,#4741,#4742));
#1945=EDGE_LOOP('',(#4743,#4744,#4745,#4746));
#1946=EDGE_LOOP('',(#4747,#4748,#4749,#4750));
#1947=EDGE_LOOP('',(#4751,#4752,#4753,#4754));
#1948=EDGE_LOOP('',(#4755,#4756,#4757,#4758));
#1949=EDGE_LOOP('',(#4759,#4760,#4761,#4762));
#1950=EDGE_LOOP('',(#4763,#4764,#4765,#4766));
#1951=EDGE_LOOP('',(#4767,#4768,#4769,#4770));
#1952=EDGE_LOOP('',(#4771,#4772,#4773,#4774));
#1953=EDGE_LOOP('',(#4775,#4776,#4777,#4778));
#1954=EDGE_LOOP('',(#4779,#4780,#4781,#4782));
#1955=EDGE_LOOP('',(#4783,#4784,#4785,#4786));
#1956=EDGE_LOOP('',(#4787,#4788,#4789,#4790));
#1957=EDGE_LOOP('',(#4791,#4792,#4793,#4794));
#1958=EDGE_LOOP('',(#4795,#4796,#4797,#4798));
#1959=EDGE_LOOP('',(#4799,#4800,#4801,#4802));
#1960=EDGE_LOOP('',(#4803,#4804,#4805,#4806));
#1961=EDGE_LOOP('',(#4807,#4808,#4809,#4810));
#1962=EDGE_LOOP('',(#4811,#4812,#4813,#4814));
#1963=EDGE_LOOP('',(#4815,#4816,#4817,#4818));
#1964=EDGE_LOOP('',(#4819,#4820,#4821,#4822));
#1965=EDGE_LOOP('',(#4823,#4824,#4825,#4826));
#1966=EDGE_LOOP('',(#4827,#4828,#4829,#4830));
#1967=EDGE_LOOP('',(#4831,#4832,#4833,#4834));
#1968=EDGE_LOOP('',(#4835,#4836,#4837,#4838));
#1969=EDGE_LOOP('',(#4839,#4840,#4841,#4842));
#1970=EDGE_LOOP('',(#4843,#4844,#4845,#4846));
#1971=EDGE_LOOP('',(#4847,#4848,#4849,#4850));
#1972=EDGE_LOOP('',(#4851,#4852,#4853,#4854));
#1973=EDGE_LOOP('',(#4855,#4856,#4857,#4858));
#1974=EDGE_LOOP('',(#4859,#4860,#4861,#4862));
#1975=EDGE_LOOP('',(#4863,#4864,#4865,#4866));
#1976=EDGE_LOOP('',(#4867,#4868,#4869,#4870));
#1977=EDGE_LOOP('',(#4871,#4872,#4873,#4874));
#1978=EDGE_LOOP('',(#4875,#4876,#4877,#4878));
#1979=EDGE_LOOP('',(#4879,#4880,#4881,#4882));
#1980=EDGE_LOOP('',(#4883,#4884,#4885,#4886));
#1981=EDGE_LOOP('',(#4887,#4888,#4889,#4890));
#1982=EDGE_LOOP('',(#4891,#4892,#4893,#4894));
#1983=EDGE_LOOP('',(#4895,#4896,#4897,#4898));
#1984=EDGE_LOOP('',(#4899,#4900,#4901,#4902));
#1985=EDGE_LOOP('',(#4903,#4904,#4905,#4906));
#1986=EDGE_LOOP('',(#4907,#4908,#4909,#4910));
#1987=EDGE_LOOP('',(#4911,#4912,#4913,#4914));
#1988=EDGE_LOOP('',(#4915,#4916,#4917,#4918));
#1989=EDGE_LOOP('',(#4919,#4920,#4921,#4922));
#1990=EDGE_LOOP('',(#4923,#4924,#4925,#4926));
#1991=EDGE_LOOP('',(#4927,#4928,#4929,#4930));
#1992=EDGE_LOOP('',(#4931,#4932,#4933,#4934));
#1993=EDGE_LOOP('',(#4935,#4936,#4937,#4938));
#1994=EDGE_LOOP('',(#4939,#4940,#4941,#4942));
#1995=EDGE_LOOP('',(#4943,#4944,#4945,#4946));
#1996=EDGE_LOOP('',(#4947,#4948,#4949,#4950));
#1997=EDGE_LOOP('',(#4951,#4952,#4953,#4954));
#1998=EDGE_LOOP('',(#4955,#4956,#4957,#4958));
#1999=EDGE_LOOP('',(#4959,#4960,#4961,#4962));
#2000=EDGE_LOOP('',(#4963,#4964,#4965,#4966));
#2001=EDGE_LOOP('',(#4967,#4968,#4969,#4970));
#2002=EDGE_LOOP('',(#4971,#4972,#4973,#4974));
#2003=EDGE_LOOP('',(#4975,#4976,#4977,#4978));
#2004=EDGE_LOOP('',(#4979,#4980,#4981,#4982));
#2005=EDGE_LOOP('',(#4983,#4984,#4985,#4986));
#2006=EDGE_LOOP('',(#4987,#4988,#4989,#4990));
#2007=EDGE_LOOP('',(#4991,#4992,#4993,#4994));
#2008=EDGE_LOOP('',(#4995,#4996,#4997,#4998));
#2009=EDGE_LOOP('',(#4999,#5000,#5001,#5002));
#2010=EDGE_LOOP('',(#5003,#5004,#5005,#5006));
#2011=EDGE_LOOP('',(#5007,#5008,#5009,#5010));
#2012=EDGE_LOOP('',(#5011,#5012,#5013,#5014));
#2013=EDGE_LOOP('',(#5015,#5016,#5017,#5018));
#2014=EDGE_LOOP('',(#5019,#5020,#5021,#5022));
#2015=EDGE_LOOP('',(#5023,#5024,#5025,#5026));
#2016=EDGE_LOOP('',(#5027,#5028,#5029,#5030));
#2017=EDGE_LOOP('',(#5031,#5032,#5033,#5034));
#2018=EDGE_LOOP('',(#5035,#5036,#5037,#5038));
#2019=EDGE_LOOP('',(#5039,#5040,#5041,#5042));
#2020=EDGE_LOOP('',(#5043,#5044,#5045,#5046));
#2021=EDGE_LOOP('',(#5047,#5048,#5049,#5050));
#2022=EDGE_LOOP('',(#5051,#5052,#5053,#5054));
#2023=EDGE_LOOP('',(#5055,#5056,#5057,#5058));
#2024=EDGE_LOOP('',(#5059,#5060,#5061,#5062));
#2025=EDGE_LOOP('',(#5063,#5064,#5065,#5066));
#2026=EDGE_LOOP('',(#5067,#5068,#5069,#5070));
#2027=EDGE_LOOP('',(#5071,#5072,#5073,#5074));
#2028=EDGE_LOOP('',(#5075,#5076,#5077,#5078));
#2029=EDGE_LOOP('',(#5079,#5080,#5081,#5082));
#2030=EDGE_LOOP('',(#5083,#5084,#5085,#5086));
#2031=EDGE_LOOP('',(#5087,#5088,#5089,#5090));
#2032=EDGE_LOOP('',(#5091,#5092,#5093,#5094));
#2033=LINE('',#7679,#2287);
#2034=LINE('',#7681,#2288);
#2035=LINE('',#7683,#2289);
#2036=LINE('',#7684,#2290);
#2037=LINE('',#7832,#2291);
#2038=LINE('',#7833,#2292);
#2039=LINE('',#7834,#2293);
#2040=LINE('',#7837,#2294);
#2041=LINE('',#7838,#2295);
#2042=LINE('',#7842,#2296);
#2043=LINE('',#7846,#2297);
#2044=LINE('',#7850,#2298);
#2045=LINE('',#7854,#2299);
#2046=LINE('',#7858,#2300);
#2047=LINE('',#7862,#2301);
#2048=LINE('',#7866,#2302);
#2049=LINE('',#7870,#2303);
#2050=LINE('',#7874,#2304);
#2051=LINE('',#7878,#2305);
#2052=LINE('',#7882,#2306);
#2053=LINE('',#7886,#2307);
#2054=LINE('',#7890,#2308);
#2055=LINE('',#7894,#2309);
#2056=LINE('',#7898,#2310);
#2057=LINE('',#7902,#2311);
#2058=LINE('',#7906,#2312);
#2059=LINE('',#7910,#2313);
#2060=LINE('',#7914,#2314);
#2061=LINE('',#7918,#2315);
#2062=LINE('',#7922,#2316);
#2063=LINE('',#7926,#2317);
#2064=LINE('',#7930,#2318);
#2065=LINE('',#7934,#2319);
#2066=LINE('',#7938,#2320);
#2067=LINE('',#7942,#2321);
#2068=LINE('',#7946,#2322);
#2069=LINE('',#7950,#2323);
#2070=LINE('',#7954,#2324);
#2071=LINE('',#7958,#2325);
#2072=LINE('',#7962,#2326);
#2073=LINE('',#7966,#2327);
#2074=LINE('',#7970,#2328);
#2075=LINE('',#7974,#2329);
#2076=LINE('',#7978,#2330);
#2077=LINE('',#7982,#2331);
#2078=LINE('',#7986,#2332);
#2079=LINE('',#7990,#2333);
#2080=LINE('',#7994,#2334);
#2081=LINE('',#7998,#2335);
#2082=LINE('',#8002,#2336);
#2083=LINE('',#8006,#2337);
#2084=LINE('',#8010,#2338);
#2085=LINE('',#8014,#2339);
#2086=LINE('',#8018,#2340);
#2087=LINE('',#8022,#2341);
#2088=LINE('',#8026,#2342);
#2089=LINE('',#8030,#2343);
#2090=LINE('',#8034,#2344);
#2091=LINE('',#8038,#2345);
#2092=LINE('',#8042,#2346);
#2093=LINE('',#8046,#2347);
#2094=LINE('',#8050,#2348);
#2095=LINE('',#8054,#2349);
#2096=LINE('',#8058,#2350);
#2097=LINE('',#8062,#2351);
#2098=LINE('',#8066,#2352);
#2099=LINE('',#8070,#2353);
#2100=LINE('',#8074,#2354);
#2101=LINE('',#8078,#2355);
#2102=LINE('',#8082,#2356);
#2103=LINE('',#8086,#2357);
#2104=LINE('',#8090,#2358);
#2105=LINE('',#8094,#2359);
#2106=LINE('',#8098,#2360);
#2107=LINE('',#8102,#2361);
#2108=LINE('',#8106,#2362);
#2109=LINE('',#8110,#2363);
#2110=LINE('',#8114,#2364);
#2111=LINE('',#8118,#2365);
#2112=LINE('',#8122,#2366);
#2113=LINE('',#8126,#2367);
#2114=LINE('',#8129,#2368);
#2115=LINE('',#8130,#2369);
#2116=LINE('',#8132,#2370);
#2117=LINE('',#8136,#2371);
#2118=LINE('',#8138,#2372);
#2119=LINE('',#8140,#2373);
#2120=LINE('',#8141,#2374);
#2121=LINE('',#8291,#2375);
#2122=LINE('',#8296,#2376);
#2123=LINE('',#8297,#2377);
#2124=LINE('',#8298,#2378);
#2125=LINE('',#8300,#2379);
#2126=LINE('',#8306,#2380);
#2127=LINE('',#8307,#2381);
#2128=LINE('',#8310,#2382);
#2129=LINE('',#8460,#2383);
#2130=LINE('',#8462,#2384);
#2131=LINE('',#8464,#2385);
#2132=LINE('',#8465,#2386);
#2133=LINE('',#8615,#2387);
#2134=LINE('',#8621,#2388);
#2135=LINE('',#8622,#2389);
#2136=LINE('',#8623,#2390);
#2137=LINE('',#8625,#2391);
#2138=LINE('',#8626,#2392);
#2139=LINE('',#8628,#2393);
#2140=LINE('',#8633,#2394);
#2141=LINE('',#8783,#2395);
#2142=LINE('',#8785,#2396);
#2143=LINE('',#8787,#2397);
#2144=LINE('',#8789,#2398);
#2145=LINE('',#8791,#2399);
#2146=LINE('',#8793,#2400);
#2147=LINE('',#8795,#2401);
#2148=LINE('',#8797,#2402);
#2149=LINE('',#8799,#2403);
#2150=LINE('',#8801,#2404);
#2151=LINE('',#8803,#2405);
#2152=LINE('',#8805,#2406);
#2153=LINE('',#8807,#2407);
#2154=LINE('',#8809,#2408);
#2155=LINE('',#8811,#2409);
#2156=LINE('',#8813,#2410);
#2157=LINE('',#8815,#2411);
#2158=LINE('',#8817,#2412);
#2159=LINE('',#8819,#2413);
#2160=LINE('',#8821,#2414);
#2161=LINE('',#8823,#2415);
#2162=LINE('',#8825,#2416);
#2163=LINE('',#8827,#2417);
#2164=LINE('',#8829,#2418);
#2165=LINE('',#8831,#2419);
#2166=LINE('',#8833,#2420);
#2167=LINE('',#8835,#2421);
#2168=LINE('',#8837,#2422);
#2169=LINE('',#8839,#2423);
#2170=LINE('',#8841,#2424);
#2171=LINE('',#8843,#2425);
#2172=LINE('',#8845,#2426);
#2173=LINE('',#8847,#2427);
#2174=LINE('',#8849,#2428);
#2175=LINE('',#8851,#2429);
#2176=LINE('',#8853,#2430);
#2177=LINE('',#8855,#2431);
#2178=LINE('',#8857,#2432);
#2179=LINE('',#8859,#2433);
#2180=LINE('',#8861,#2434);
#2181=LINE('',#8863,#2435);
#2182=LINE('',#8865,#2436);
#2183=LINE('',#8867,#2437);
#2184=LINE('',#8869,#2438);
#2185=LINE('',#8871,#2439);
#2186=LINE('',#8873,#2440);
#2187=LINE('',#8875,#2441);
#2188=LINE('',#8877,#2442);
#2189=LINE('',#8879,#2443);
#2190=LINE('',#8881,#2444);
#2191=LINE('',#8883,#2445);
#2192=LINE('',#8885,#2446);
#2193=LINE('',#8887,#2447);
#2194=LINE('',#8889,#2448);
#2195=LINE('',#8891,#2449);
#2196=LINE('',#8893,#2450);
#2197=LINE('',#8895,#2451);
#2198=LINE('',#8897,#2452);
#2199=LINE('',#8899,#2453);
#2200=LINE('',#8901,#2454);
#2201=LINE('',#8903,#2455);
#2202=LINE('',#8905,#2456);
#2203=LINE('',#8907,#2457);
#2204=LINE('',#8909,#2458);
#2205=LINE('',#8911,#2459);
#2206=LINE('',#8913,#2460);
#2207=LINE('',#8915,#2461);
#2208=LINE('',#8917,#2462);
#2209=LINE('',#8919,#2463);
#2210=LINE('',#8921,#2464);
#2211=LINE('',#8923,#2465);
#2212=LINE('',#8925,#2466);
#2213=LINE('',#8927,#2467);
#2214=LINE('',#8929,#2468);
#2215=LINE('',#8931,#2469);
#2216=LINE('',#8933,#2470);
#2217=LINE('',#8935,#2471);
#2218=LINE('',#8937,#2472);
#2219=LINE('',#8939,#2473);
#2220=LINE('',#8941,#2474);
#2221=LINE('',#8943,#2475);
#2222=LINE('',#8945,#2476);
#2223=LINE('',#8947,#2477);
#2224=LINE('',#8949,#2478);
#2225=LINE('',#8951,#2479);
#2226=LINE('',#8953,#2480);
#2227=LINE('',#8955,#2481);
#2228=LINE('',#8957,#2482);
#2229=LINE('',#8959,#2483);
#2230=LINE('',#8961,#2484);
#2231=LINE('',#8963,#2485);
#2232=LINE('',#8965,#2486);
#2233=LINE('',#8967,#2487);
#2234=LINE('',#8969,#2488);
#2235=LINE('',#8971,#2489);
#2236=LINE('',#8973,#2490);
#2237=LINE('',#8975,#2491);
#2238=LINE('',#8977,#2492);
#2239=LINE('',#8979,#2493);
#2240=LINE('',#8981,#2494);
#2241=LINE('',#8983,#2495);
#2242=LINE('',#8985,#2496);
#2243=LINE('',#8987,#2497);
#2244=LINE('',#8989,#2498);
#2245=LINE('',#8991,#2499);
#2246=LINE('',#8993,#2500);
#2247=LINE('',#8995,#2501);
#2248=LINE('',#8997,#2502);
#2249=LINE('',#8999,#2503);
#2250=LINE('',#9001,#2504);
#2251=LINE('',#9003,#2505);
#2252=LINE('',#9005,#2506);
#2253=LINE('',#9007,#2507);
#2254=LINE('',#9009,#2508);
#2255=LINE('',#9011,#2509);
#2256=LINE('',#9013,#2510);
#2257=LINE('',#9015,#2511);
#2258=LINE('',#9017,#2512);
#2259=LINE('',#9019,#2513);
#2260=LINE('',#9021,#2514);
#2261=LINE('',#9023,#2515);
#2262=LINE('',#9025,#2516);
#2263=LINE('',#9027,#2517);
#2264=LINE('',#9029,#2518);
#2265=LINE('',#9031,#2519);
#2266=LINE('',#9033,#2520);
#2267=LINE('',#9035,#2521);
#2268=LINE('',#9037,#2522);
#2269=LINE('',#9039,#2523);
#2270=LINE('',#9041,#2524);
#2271=LINE('',#9043,#2525);
#2272=LINE('',#9045,#2526);
#2273=LINE('',#9047,#2527);
#2274=LINE('',#9049,#2528);
#2275=LINE('',#9051,#2529);
#2276=LINE('',#9053,#2530);
#2277=LINE('',#9055,#2531);
#2278=LINE('',#9057,#2532);
#2279=LINE('',#9059,#2533);
#2280=LINE('',#9061,#2534);
#2281=LINE('',#9063,#2535);
#2282=LINE('',#9065,#2536);
#2283=LINE('',#9067,#2537);
#2284=LINE('',#9069,#2538);
#2285=LINE('',#9071,#2539);
#2286=LINE('',#9073,#2540);
#2287=VECTOR('',#6055,288.);
#2288=VECTOR('',#6056,28.);
#2289=VECTOR('',#6057,288.);
#2290=VECTOR('',#6058,28.);
#2291=VECTOR('',#6205,288.);
#2292=VECTOR('',#6206,2.);
#2293=VECTOR('',#6207,2.);
#2294=VECTOR('',#6210,2.);
#2295=VECTOR('',#6211,28.);
#2296=VECTOR('',#6216,1.8);
#2297=VECTOR('',#6221,1.8);
#2298=VECTOR('',#6226,1.8);
#2299=VECTOR('',#6231,3.9);
#2300=VECTOR('',#6236,1.8);
#2301=VECTOR('',#6241,1.8);
#2302=VECTOR('',#6246,3.9);
#2303=VECTOR('',#6251,1.8);
#2304=VECTOR('',#6256,1.8);
#2305=VECTOR('',#6261,1.8);
#2306=VECTOR('',#6266,1.8);
#2307=VECTOR('',#6271,3.9);
#2308=VECTOR('',#6276,1.8);
#2309=VECTOR('',#6281,1.8);
#2310=VECTOR('',#6286,1.8);
#2311=VECTOR('',#6291,1.8);
#2312=VECTOR('',#6296,3.9);
#2313=VECTOR('',#6301,1.8);
#2314=VECTOR('',#6306,1.8);
#2315=VECTOR('',#6311,1.8);
#2316=VECTOR('',#6316,3.9);
#2317=VECTOR('',#6321,3.9);
#2318=VECTOR('',#6326,1.8);
#2319=VECTOR('',#6331,1.8);
#2320=VECTOR('',#6336,1.8);
#2321=VECTOR('',#6341,1.8);
#2322=VECTOR('',#6346,1.8);
#2323=VECTOR('',#6351,1.8);
#2324=VECTOR('',#6356,1.8);
#2325=VECTOR('',#6361,1.8);
#2326=VECTOR('',#6366,1.8);
#2327=VECTOR('',#6371,1.8);
#2328=VECTOR('',#6376,3.9);
#2329=VECTOR('',#6381,1.8);
#2330=VECTOR('',#6386,1.8);
#2331=VECTOR('',#6391,1.8);
#2332=VECTOR('',#6396,3.9);
#2333=VECTOR('',#6401,1.8);
#2334=VECTOR('',#6406,3.9);
#2335=VECTOR('',#6411,1.8);
#2336=VECTOR('',#6416,1.8);
#2337=VECTOR('',#6421,1.8);
#2338=VECTOR('',#6426,1.8);
#2339=VECTOR('',#6431,1.8);
#2340=VECTOR('',#6436,1.8);
#2341=VECTOR('',#6441,1.8);
#2342=VECTOR('',#6446,1.8);
#2343=VECTOR('',#6451,1.8);
#2344=VECTOR('',#6456,3.9);
#2345=VECTOR('',#6461,1.8);
#2346=VECTOR('',#6466,1.8);
#2347=VECTOR('',#6471,3.9);
#2348=VECTOR('',#6476,1.8);
#2349=VECTOR('',#6481,1.8);
#2350=VECTOR('',#6486,3.9);
#2351=VECTOR('',#6491,1.8);
#2352=VECTOR('',#6496,1.8);
#2353=VECTOR('',#6501,3.9);
#2354=VECTOR('',#6506,1.8);
#2355=VECTOR('',#6511,1.8);
#2356=VECTOR('',#6516,3.9);
#2357=VECTOR('',#6521,1.8);
#2358=VECTOR('',#6526,1.8);
#2359=VECTOR('',#6531,1.8);
#2360=VECTOR('',#6536,1.8);
#2361=VECTOR('',#6541,3.9);
#2362=VECTOR('',#6546,1.8);
#2363=VECTOR('',#6551,1.8);
#2364=VECTOR('',#6556,1.8);
#2365=VECTOR('',#6561,1.8);
#2366=VECTOR('',#6566,3.9);
#2367=VECTOR('',#6571,3.9);
#2368=VECTOR('',#6574,288.);
#2369=VECTOR('',#6575,28.);
#2370=VECTOR('',#6578,2.);
#2371=VECTOR('',#6581,288.);
#2372=VECTOR('',#6582,24.);
#2373=VECTOR('',#6583,288.);
#2374=VECTOR('',#6584,24.);
#2375=VECTOR('',#6733,288.);
#2376=VECTOR('',#6740,2.);
#2377=VECTOR('',#6741,24.);
#2378=VECTOR('',#6742,2.);
#2379=VECTOR('',#6745,2.);
#2380=VECTOR('',#6754,2.);
#2381=VECTOR('',#6755,24.);
#2382=VECTOR('',#6760,288.);
#2383=VECTOR('',#6909,288.);
#2384=VECTOR('',#6910,28.);
#2385=VECTOR('',#6911,288.);
#2386=VECTOR('',#6912,28.);
#2387=VECTOR('',#7061,288.);
#2388=VECTOR('',#7068,288.);
#2389=VECTOR('',#7069,2.);
#2390=VECTOR('',#7070,2.);
#2391=VECTOR('',#7073,2.);
#2392=VECTOR('',#7074,28.);
#2393=VECTOR('',#7077,2.);
#2394=VECTOR('',#7086,28.);
#2395=VECTOR('',#7239,1.8);
#2396=VECTOR('',#7242,1.8);
#2397=VECTOR('',#7245,3.9);
#2398=VECTOR('',#7248,3.9);
#2399=VECTOR('',#7251,1.8);
#2400=VECTOR('',#7254,1.8);
#2401=VECTOR('',#7257,3.9);
#2402=VECTOR('',#7260,3.9);
#2403=VECTOR('',#7263,1.8);
#2404=VECTOR('',#7266,1.8);
#2405=VECTOR('',#7269,3.9);
#2406=VECTOR('',#7272,3.9);
#2407=VECTOR('',#7275,1.8);
#2408=VECTOR('',#7278,1.8);
#2409=VECTOR('',#7281,3.9);
#2410=VECTOR('',#7284,3.9);
#2411=VECTOR('',#7287,1.8);
#2412=VECTOR('',#7290,1.8);
#2413=VECTOR('',#7293,3.9);
#2414=VECTOR('',#7296,1.8);
#2415=VECTOR('',#7299,1.8);
#2416=VECTOR('',#7302,1.8);
#2417=VECTOR('',#7305,1.8);
#2418=VECTOR('',#7308,3.9);
#2419=VECTOR('',#7311,1.8);
#2420=VECTOR('',#7314,1.8);
#2421=VECTOR('',#7317,1.8);
#2422=VECTOR('',#7320,1.8);
#2423=VECTOR('',#7323,1.8);
#2424=VECTOR('',#7326,1.8);
#2425=VECTOR('',#7329,1.8);
#2426=VECTOR('',#7332,1.8);
#2427=VECTOR('',#7335,3.9);
#2428=VECTOR('',#7338,1.8);
#2429=VECTOR('',#7341,1.8);
#2430=VECTOR('',#7344,1.8);
#2431=VECTOR('',#7347,1.8);
#2432=VECTOR('',#7350,1.8);
#2433=VECTOR('',#7353,1.8);
#2434=VECTOR('',#7356,1.8);
#2435=VECTOR('',#7359,1.8);
#2436=VECTOR('',#7362,1.8);
#2437=VECTOR('',#7365,1.8);
#2438=VECTOR('',#7368,1.8);
#2439=VECTOR('',#7371,1.8);
#2440=VECTOR('',#7374,1.8);
#2441=VECTOR('',#7377,1.8);
#2442=VECTOR('',#7380,1.8);
#2443=VECTOR('',#7383,1.8);
#2444=VECTOR('',#7386,1.8);
#2445=VECTOR('',#7389,1.8);
#2446=VECTOR('',#7392,1.8);
#2447=VECTOR('',#7395,1.8);
#2448=VECTOR('',#7398,1.8);
#2449=VECTOR('',#7401,1.8);
#2450=VECTOR('',#7404,1.8);
#2451=VECTOR('',#7407,3.9);
#2452=VECTOR('',#7410,1.8);
#2453=VECTOR('',#7413,3.9);
#2454=VECTOR('',#7416,1.8);
#2455=VECTOR('',#7419,1.8);
#2456=VECTOR('',#7422,1.8);
#2457=VECTOR('',#7425,3.9);
#2458=VECTOR('',#7428,1.8);
#2459=VECTOR('',#7431,3.9);
#2460=VECTOR('',#7434,1.8);
#2461=VECTOR('',#7437,1.8);
#2462=VECTOR('',#7440,1.8);
#2463=VECTOR('',#7443,3.9);
#2464=VECTOR('',#7446,1.8);
#2465=VECTOR('',#7449,1.8);
#2466=VECTOR('',#7452,1.8);
#2467=VECTOR('',#7455,1.8);
#2468=VECTOR('',#7458,1.8);
#2469=VECTOR('',#7461,1.8);
#2470=VECTOR('',#7464,1.8);
#2471=VECTOR('',#7467,1.8);
#2472=VECTOR('',#7470,1.8);
#2473=VECTOR('',#7473,1.8);
#2474=VECTOR('',#7476,1.8);
#2475=VECTOR('',#7479,1.8);
#2476=VECTOR('',#7482,1.8);
#2477=VECTOR('',#7485,1.8);
#2478=VECTOR('',#7488,1.8);
#2479=VECTOR('',#7491,1.8);
#2480=VECTOR('',#7494,1.8);
#2481=VECTOR('',#7497,1.8);
#2482=VECTOR('',#7500,1.8);
#2483=VECTOR('',#7503,1.8);
#2484=VECTOR('',#7506,1.8);
#2485=VECTOR('',#7509,1.8);
#2486=VECTOR('',#7512,1.8);
#2487=VECTOR('',#7515,1.8);
#2488=VECTOR('',#7518,3.9);
#2489=VECTOR('',#7521,3.9);
#2490=VECTOR('',#7524,1.8);
#2491=VECTOR('',#7527,1.8);
#2492=VECTOR('',#7530,3.9);
#2493=VECTOR('',#7533,3.9);
#2494=VECTOR('',#7536,1.8);
#2495=VECTOR('',#7539,1.8);
#2496=VECTOR('',#7542,1.8);
#2497=VECTOR('',#7545,3.9);
#2498=VECTOR('',#7548,1.8);
#2499=VECTOR('',#7551,1.8);
#2500=VECTOR('',#7554,3.9);
#2501=VECTOR('',#7557,3.9);
#2502=VECTOR('',#7560,1.8);
#2503=VECTOR('',#7563,1.8);
#2504=VECTOR('',#7566,1.8);
#2505=VECTOR('',#7569,3.9);
#2506=VECTOR('',#7572,1.8);
#2507=VECTOR('',#7575,3.9);
#2508=VECTOR('',#7578,1.8);
#2509=VECTOR('',#7581,3.9);
#2510=VECTOR('',#7584,1.8);
#2511=VECTOR('',#7587,3.9);
#2512=VECTOR('',#7590,3.9);
#2513=VECTOR('',#7593,1.8);
#2514=VECTOR('',#7596,1.8);
#2515=VECTOR('',#7599,3.9);
#2516=VECTOR('',#7602,1.8);
#2517=VECTOR('',#7605,1.8);
#2518=VECTOR('',#7608,1.8);
#2519=VECTOR('',#7611,3.9);
#2520=VECTOR('',#7614,3.9);
#2521=VECTOR('',#7617,1.8);
#2522=VECTOR('',#7620,1.8);
#2523=VECTOR('',#7623,1.8);
#2524=VECTOR('',#7626,1.8);
#2525=VECTOR('',#7629,1.8);
#2526=VECTOR('',#7632,3.9);
#2527=VECTOR('',#7635,1.8);
#2528=VECTOR('',#7638,1.8);
#2529=VECTOR('',#7641,1.8);
#2530=VECTOR('',#7644,1.8);
#2531=VECTOR('',#7647,1.8);
#2532=VECTOR('',#7650,3.9);
#2533=VECTOR('',#7653,1.8);
#2534=VECTOR('',#7656,1.8);
#2535=VECTOR('',#7659,1.8);
#2536=VECTOR('',#7662,1.8);
#2537=VECTOR('',#7665,1.8);
#2538=VECTOR('',#7668,1.8);
#2539=VECTOR('',#7671,1.8);
#2540=VECTOR('',#7674,3.9);
#2541=VERTEX_POINT('',#7677);
#2542=VERTEX_POINT('',#7678);
#2543=VERTEX_POINT('',#7680);
#2544=VERTEX_POINT('',#7682);
#2545=VERTEX_POINT('',#7685);
#2546=VERTEX_POINT('',#7687);
#2547=VERTEX_POINT('',#7689);
#2548=VERTEX_POINT('',#7691);
#2549=VERTEX_POINT('',#7693);
#2550=VERTEX_POINT('',#7695);
#2551=VERTEX_POINT('',#7697);
#2552=VERTEX_POINT('',#7699);
#2553=VERTEX_POINT('',#7701);
#2554=VERTEX_POINT('',#7703);
#2555=VERTEX_POINT('',#7705);
#2556=VERTEX_POINT('',#7707);
#2557=VERTEX_POINT('',#7709);
#2558=VERTEX_POINT('',#7711);
#2559=VERTEX_POINT('',#7713);
#2560=VERTEX_POINT('',#7715);
#2561=VERTEX_POINT('',#7717);
#2562=VERTEX_POINT('',#7719);
#2563=VERTEX_POINT('',#7721);
#2564=VERTEX_POINT('',#7723);
#2565=VERTEX_POINT('',#7725);
#2566=VERTEX_POINT('',#7727);
#2567=VERTEX_POINT('',#7729);
#2568=VERTEX_POINT('',#7731);
#2569=VERTEX_POINT('',#7733);
#2570=VERTEX_POINT('',#7735);
#2571=VERTEX_POINT('',#7737);
#2572=VERTEX_POINT('',#7739);
#2573=VERTEX_POINT('',#7741);
#2574=VERTEX_POINT('',#7743);
#2575=VERTEX_POINT('',#7745);
#2576=VERTEX_POINT('',#7747);
#2577=VERTEX_POINT('',#7749);
#2578=VERTEX_POINT('',#7751);
#2579=VERTEX_POINT('',#7753);
#2580=VERTEX_POINT('',#7755);
#2581=VERTEX_POINT('',#7757);
#2582=VERTEX_POINT('',#7759);
#2583=VERTEX_POINT('',#7761);
#2584=VERTEX_POINT('',#7763);
#2585=VERTEX_POINT('',#7765);
#2586=VERTEX_POINT('',#7767);
#2587=VERTEX_POINT('',#7769);
#2588=VERTEX_POINT('',#7771);
#2589=VERTEX_POINT('',#7773);
#2590=VERTEX_POINT('',#7775);
#2591=VERTEX_POINT('',#7777);
#2592=VERTEX_POINT('',#7779);
#2593=VERTEX_POINT('',#7781);
#2594=VERTEX_POINT('',#7783);
#2595=VERTEX_POINT('',#7785);
#2596=VERTEX_POINT('',#7787);
#2597=VERTEX_POINT('',#7789);
#2598=VERTEX_POINT('',#7791);
#2599=VERTEX_POINT('',#7793);
#2600=VERTEX_POINT('',#7795);
#2601=VERTEX_POINT('',#7797);
#2602=VERTEX_POINT('',#7799);
#2603=VERTEX_POINT('',#7801);
#2604=VERTEX_POINT('',#7803);
#2605=VERTEX_POINT('',#7805);
#2606=VERTEX_POINT('',#7807);
#2607=VERTEX_POINT('',#7809);
#2608=VERTEX_POINT('',#7811);
#2609=VERTEX_POINT('',#7813);
#2610=VERTEX_POINT('',#7815);
#2611=VERTEX_POINT('',#7817);
#2612=VERTEX_POINT('',#7819);
#2613=VERTEX_POINT('',#7821);
#2614=VERTEX_POINT('',#7823);
#2615=VERTEX_POINT('',#7825);
#2616=VERTEX_POINT('',#7827);
#2617=VERTEX_POINT('',#7830);
#2618=VERTEX_POINT('',#7831);
#2619=VERTEX_POINT('',#7836);
#2620=VERTEX_POINT('',#7840);
#2621=VERTEX_POINT('',#7844);
#2622=VERTEX_POINT('',#7848);
#2623=VERTEX_POINT('',#7852);
#2624=VERTEX_POINT('',#7856);
#2625=VERTEX_POINT('',#7860);
#2626=VERTEX_POINT('',#7864);
#2627=VERTEX_POINT('',#7868);
#2628=VERTEX_POINT('',#7872);
#2629=VERTEX_POINT('',#7876);
#2630=VERTEX_POINT('',#7880);
#2631=VERTEX_POINT('',#7884);
#2632=VERTEX_POINT('',#7888);
#2633=VERTEX_POINT('',#7892);
#2634=VERTEX_POINT('',#7896);
#2635=VERTEX_POINT('',#7900);
#2636=VERTEX_POINT('',#7904);
#2637=VERTEX_POINT('',#7908);
#2638=VERTEX_POINT('',#7912);
#2639=VERTEX_POINT('',#7916);
#2640=VERTEX_POINT('',#7920);
#2641=VERTEX_POINT('',#7924);
#2642=VERTEX_POINT('',#7928);
#2643=VERTEX_POINT('',#7932);
#2644=VERTEX_POINT('',#7936);
#2645=VERTEX_POINT('',#7940);
#2646=VERTEX_POINT('',#7944);
#2647=VERTEX_POINT('',#7948);
#2648=VERTEX_POINT('',#7952);
#2649=VERTEX_POINT('',#7956);
#2650=VERTEX_POINT('',#7960);
#2651=VERTEX_POINT('',#7964);
#2652=VERTEX_POINT('',#7968);
#2653=VERTEX_POINT('',#7972);
#2654=VERTEX_POINT('',#7976);
#2655=VERTEX_POINT('',#7980);
#2656=VERTEX_POINT('',#7984);
#2657=VERTEX_POINT('',#7988);
#2658=VERTEX_POINT('',#7992);
#2659=VERTEX_POINT('',#7996);
#2660=VERTEX_POINT('',#8000);
#2661=VERTEX_POINT('',#8004);
#2662=VERTEX_POINT('',#8008);
#2663=VERTEX_POINT('',#8012);
#2664=VERTEX_POINT('',#8016);
#2665=VERTEX_POINT('',#8020);
#2666=VERTEX_POINT('',#8024);
#2667=VERTEX_POINT('',#8028);
#2668=VERTEX_POINT('',#8032);
#2669=VERTEX_POINT('',#8036);
#2670=VERTEX_POINT('',#8040);
#2671=VERTEX_POINT('',#8044);
#2672=VERTEX_POINT('',#8048);
#2673=VERTEX_POINT('',#8052);
#2674=VERTEX_POINT('',#8056);
#2675=VERTEX_POINT('',#8060);
#2676=VERTEX_POINT('',#8064);
#2677=VERTEX_POINT('',#8068);
#2678=VERTEX_POINT('',#8072);
#2679=VERTEX_POINT('',#8076);
#2680=VERTEX_POINT('',#8080);
#2681=VERTEX_POINT('',#8084);
#2682=VERTEX_POINT('',#8088);
#2683=VERTEX_POINT('',#8092);
#2684=VERTEX_POINT('',#8096);
#2685=VERTEX_POINT('',#8100);
#2686=VERTEX_POINT('',#8104);
#2687=VERTEX_POINT('',#8108);
#2688=VERTEX_POINT('',#8112);
#2689=VERTEX_POINT('',#8116);
#2690=VERTEX_POINT('',#8120);
#2691=VERTEX_POINT('',#8124);
#2692=VERTEX_POINT('',#8128);
#2693=VERTEX_POINT('',#8134);
#2694=VERTEX_POINT('',#8135);
#2695=VERTEX_POINT('',#8137);
#2696=VERTEX_POINT('',#8139);
#2697=VERTEX_POINT('',#8142);
#2698=VERTEX_POINT('',#8144);
#2699=VERTEX_POINT('',#8146);
#2700=VERTEX_POINT('',#8148);
#2701=VERTEX_POINT('',#8150);
#2702=VERTEX_POINT('',#8152);
#2703=VERTEX_POINT('',#8154);
#2704=VERTEX_POINT('',#8156);
#2705=VERTEX_POINT('',#8158);
#2706=VERTEX_POINT('',#8160);
#2707=VERTEX_POINT('',#8162);
#2708=VERTEX_POINT('',#8164);
#2709=VERTEX_POINT('',#8166);
#2710=VERTEX_POINT('',#8168);
#2711=VERTEX_POINT('',#8170);
#2712=VERTEX_POINT('',#8172);
#2713=VERTEX_POINT('',#8174);
#2714=VERTEX_POINT('',#8176);
#2715=VERTEX_POINT('',#8178);
#2716=VERTEX_POINT('',#8180);
#2717=VERTEX_POINT('',#8182);
#2718=VERTEX_POINT('',#8184);
#2719=VERTEX_POINT('',#8186);
#2720=VERTEX_POINT('',#8188);
#2721=VERTEX_POINT('',#8190);
#2722=VERTEX_POINT('',#8192);
#2723=VERTEX_POINT('',#8194);
#2724=VERTEX_POINT('',#8196);
#2725=VERTEX_POINT('',#8198);
#2726=VERTEX_POINT('',#8200);
#2727=VERTEX_POINT('',#8202);
#2728=VERTEX_POINT('',#8204);
#2729=VERTEX_POINT('',#8206);
#2730=VERTEX_POINT('',#8208);
#2731=VERTEX_POINT('',#8210);
#2732=VERTEX_POINT('',#8212);
#2733=VERTEX_POINT('',#8214);
#2734=VERTEX_POINT('',#8216);
#2735=VERTEX_POINT('',#8218);
#2736=VERTEX_POINT('',#8220);
#2737=VERTEX_POINT('',#8222);
#2738=VERTEX_POINT('',#8224);
#2739=VERTEX_POINT('',#8226);
#2740=VERTEX_POINT('',#8228);
#2741=VERTEX_POINT('',#8230);
#2742=VERTEX_POINT('',#8232);
#2743=VERTEX_POINT('',#8234);
#2744=VERTEX_POINT('',#8236);
#2745=VERTEX_POINT('',#8238);
#2746=VERTEX_POINT('',#8240);
#2747=VERTEX_POINT('',#8242);
#2748=VERTEX_POINT('',#8244);
#2749=VERTEX_POINT('',#8246);
#2750=VERTEX_POINT('',#8248);
#2751=VERTEX_POINT('',#8250);
#2752=VERTEX_POINT('',#8252);
#2753=VERTEX_POINT('',#8254);
#2754=VERTEX_POINT('',#8256);
#2755=VERTEX_POINT('',#8258);
#2756=VERTEX_POINT('',#8260);
#2757=VERTEX_POINT('',#8262);
#2758=VERTEX_POINT('',#8264);
#2759=VERTEX_POINT('',#8266);
#2760=VERTEX_POINT('',#8268);
#2761=VERTEX_POINT('',#8270);
#2762=VERTEX_POINT('',#8272);
#2763=VERTEX_POINT('',#8274);
#2764=VERTEX_POINT('',#8276);
#2765=VERTEX_POINT('',#8278);
#2766=VERTEX_POINT('',#8280);
#2767=VERTEX_POINT('',#8282);
#2768=VERTEX_POINT('',#8284);
#2769=VERTEX_POINT('',#8286);
#2770=VERTEX_POINT('',#8289);
#2771=VERTEX_POINT('',#8290);
#2772=VERTEX_POINT('',#8295);
#2773=VERTEX_POINT('',#8305);
#2774=VERTEX_POINT('',#8311);
#2775=VERTEX_POINT('',#8313);
#2776=VERTEX_POINT('',#8315);
#2777=VERTEX_POINT('',#8317);
#2778=VERTEX_POINT('',#8319);
#2779=VERTEX_POINT('',#8321);
#2780=VERTEX_POINT('',#8323);
#2781=VERTEX_POINT('',#8325);
#2782=VERTEX_POINT('',#8327);
#2783=VERTEX_POINT('',#8329);
#2784=VERTEX_POINT('',#8331);
#2785=VERTEX_POINT('',#8333);
#2786=VERTEX_POINT('',#8335);
#2787=VERTEX_POINT('',#8337);
#2788=VERTEX_POINT('',#8339);
#2789=VERTEX_POINT('',#8341);
#2790=VERTEX_POINT('',#8343);
#2791=VERTEX_POINT('',#8345);
#2792=VERTEX_POINT('',#8347);
#2793=VERTEX_POINT('',#8349);
#2794=VERTEX_POINT('',#8351);
#2795=VERTEX_POINT('',#8353);
#2796=VERTEX_POINT('',#8355);
#2797=VERTEX_POINT('',#8357);
#2798=VERTEX_POINT('',#8359);
#2799=VERTEX_POINT('',#8361);
#2800=VERTEX_POINT('',#8363);
#2801=VERTEX_POINT('',#8365);
#2802=VERTEX_POINT('',#8367);
#2803=VERTEX_POINT('',#8369);
#2804=VERTEX_POINT('',#8371);
#2805=VERTEX_POINT('',#8373);
#2806=VERTEX_POINT('',#8375);
#2807=VERTEX_POINT('',#8377);
#2808=VERTEX_POINT('',#8379);
#2809=VERTEX_POINT('',#8381);
#2810=VERTEX_POINT('',#8383);
#2811=VERTEX_POINT('',#8385);
#2812=VERTEX_POINT('',#8387);
#2813=VERTEX_POINT('',#8389);
#2814=VERTEX_POINT('',#8391);
#2815=VERTEX_POINT('',#8393);
#2816=VERTEX_POINT('',#8395);
#2817=VERTEX_POINT('',#8397);
#2818=VERTEX_POINT('',#8399);
#2819=VERTEX_POINT('',#8401);
#2820=VERTEX_POINT('',#8403);
#2821=VERTEX_POINT('',#8405);
#2822=VERTEX_POINT('',#8407);
#2823=VERTEX_POINT('',#8409);
#2824=VERTEX_POINT('',#8411);
#2825=VERTEX_POINT('',#8413);
#2826=VERTEX_POINT('',#8415);
#2827=VERTEX_POINT('',#8417);
#2828=VERTEX_POINT('',#8419);
#2829=VERTEX_POINT('',#8421);
#2830=VERTEX_POINT('',#8423);
#2831=VERTEX_POINT('',#8425);
#2832=VERTEX_POINT('',#8427);
#2833=VERTEX_POINT('',#8429);
#2834=VERTEX_POINT('',#8431);
#2835=VERTEX_POINT('',#8433);
#2836=VERTEX_POINT('',#8435);
#2837=VERTEX_POINT('',#8437);
#2838=VERTEX_POINT('',#8439);
#2839=VERTEX_POINT('',#8441);
#2840=VERTEX_POINT('',#8443);
#2841=VERTEX_POINT('',#8445);
#2842=VERTEX_POINT('',#8447);
#2843=VERTEX_POINT('',#8449);
#2844=VERTEX_POINT('',#8451);
#2845=VERTEX_POINT('',#8453);
#2846=VERTEX_POINT('',#8455);
#2847=VERTEX_POINT('',#8458);
#2848=VERTEX_POINT('',#8459);
#2849=VERTEX_POINT('',#8461);
#2850=VERTEX_POINT('',#8463);
#2851=VERTEX_POINT('',#8466);
#2852=VERTEX_POINT('',#8468);
#2853=VERTEX_POINT('',#8470);
#2854=VERTEX_POINT('',#8472);
#2855=VERTEX_POINT('',#8474);
#2856=VERTEX_POINT('',#8476);
#2857=VERTEX_POINT('',#8478);
#2858=VERTEX_POINT('',#8480);
#2859=VERTEX_POINT('',#8482);
#2860=VERTEX_POINT('',#8484);
#2861=VERTEX_POINT('',#8486);
#2862=VERTEX_POINT('',#8488);
#2863=VERTEX_POINT('',#8490);
#2864=VERTEX_POINT('',#8492);
#2865=VERTEX_POINT('',#8494);
#2866=VERTEX_POINT('',#8496);
#2867=VERTEX_POINT('',#8498);
#2868=VERTEX_POINT('',#8500);
#2869=VERTEX_POINT('',#8502);
#2870=VERTEX_POINT('',#8504);
#2871=VERTEX_POINT('',#8506);
#2872=VERTEX_POINT('',#8508);
#2873=VERTEX_POINT('',#8510);
#2874=VERTEX_POINT('',#8512);
#2875=VERTEX_POINT('',#8514);
#2876=VERTEX_POINT('',#8516);
#2877=VERTEX_POINT('',#8518);
#2878=VERTEX_POINT('',#8520);
#2879=VERTEX_POINT('',#8522);
#2880=VERTEX_POINT('',#8524);
#2881=VERTEX_POINT('',#8526);
#2882=VERTEX_POINT('',#8528);
#2883=VERTEX_POINT('',#8530);
#2884=VERTEX_POINT('',#8532);
#2885=VERTEX_POINT('',#8534);
#2886=VERTEX_POINT('',#8536);
#2887=VERTEX_POINT('',#8538);
#2888=VERTEX_POINT('',#8540);
#2889=VERTEX_POINT('',#8542);
#2890=VERTEX_POINT('',#8544);
#2891=VERTEX_POINT('',#8546);
#2892=VERTEX_POINT('',#8548);
#2893=VERTEX_POINT('',#8550);
#2894=VERTEX_POINT('',#8552);
#2895=VERTEX_POINT('',#8554);
#2896=VERTEX_POINT('',#8556);
#2897=VERTEX_POINT('',#8558);
#2898=VERTEX_POINT('',#8560);
#2899=VERTEX_POINT('',#8562);
#2900=VERTEX_POINT('',#8564);
#2901=VERTEX_POINT('',#8566);
#2902=VERTEX_POINT('',#8568);
#2903=VERTEX_POINT('',#8570);
#2904=VERTEX_POINT('',#8572);
#2905=VERTEX_POINT('',#8574);
#2906=VERTEX_POINT('',#8576);
#2907=VERTEX_POINT('',#8578);
#2908=VERTEX_POINT('',#8580);
#2909=VERTEX_POINT('',#8582);
#2910=VERTEX_POINT('',#8584);
#2911=VERTEX_POINT('',#8586);
#2912=VERTEX_POINT('',#8588);
#2913=VERTEX_POINT('',#8590);
#2914=VERTEX_POINT('',#8592);
#2915=VERTEX_POINT('',#8594);
#2916=VERTEX_POINT('',#8596);
#2917=VERTEX_POINT('',#8598);
#2918=VERTEX_POINT('',#8600);
#2919=VERTEX_POINT('',#8602);
#2920=VERTEX_POINT('',#8604);
#2921=VERTEX_POINT('',#8606);
#2922=VERTEX_POINT('',#8608);
#2923=VERTEX_POINT('',#8610);
#2924=VERTEX_POINT('',#8613);
#2925=VERTEX_POINT('',#8614);
#2926=VERTEX_POINT('',#8619);
#2927=VERTEX_POINT('',#8620);
#2928=VERTEX_POINT('',#8634);
#2929=VERTEX_POINT('',#8636);
#2930=VERTEX_POINT('',#8638);
#2931=VERTEX_POINT('',#8640);
#2932=VERTEX_POINT('',#8642);
#2933=VERTEX_POINT('',#8644);
#2934=VERTEX_POINT('',#8646);
#2935=VERTEX_POINT('',#8648);
#2936=VERTEX_POINT('',#8650);
#2937=VERTEX_POINT('',#8652);
#2938=VERTEX_POINT('',#8654);
#2939=VERTEX_POINT('',#8656);
#2940=VERTEX_POINT('',#8658);
#2941=VERTEX_POINT('',#8660);
#2942=VERTEX_POINT('',#8662);
#2943=VERTEX_POINT('',#8664);
#2944=VERTEX_POINT('',#8666);
#2945=VERTEX_POINT('',#8668);
#2946=VERTEX_POINT('',#8670);
#2947=VERTEX_POINT('',#8672);
#2948=VERTEX_POINT('',#8674);
#2949=VERTEX_POINT('',#8676);
#2950=VERTEX_POINT('',#8678);
#2951=VERTEX_POINT('',#8680);
#2952=VERTEX_POINT('',#8682);
#2953=VERTEX_POINT('',#8684);
#2954=VERTEX_POINT('',#8686);
#2955=VERTEX_POINT('',#8688);
#2956=VERTEX_POINT('',#8690);
#2957=VERTEX_POINT('',#8692);
#2958=VERTEX_POINT('',#8694);
#2959=VERTEX_POINT('',#8696);
#2960=VERTEX_POINT('',#8698);
#2961=VERTEX_POINT('',#8700);
#2962=VERTEX_POINT('',#8702);
#2963=VERTEX_POINT('',#8704);
#2964=VERTEX_POINT('',#8706);
#2965=VERTEX_POINT('',#8708);
#2966=VERTEX_POINT('',#8710);
#2967=VERTEX_POINT('',#8712);
#2968=VERTEX_POINT('',#8714);
#2969=VERTEX_POINT('',#8716);
#2970=VERTEX_POINT('',#8718);
#2971=VERTEX_POINT('',#8720);
#2972=VERTEX_POINT('',#8722);
#2973=VERTEX_POINT('',#8724);
#2974=VERTEX_POINT('',#8726);
#2975=VERTEX_POINT('',#8728);
#2976=VERTEX_POINT('',#8730);
#2977=VERTEX_POINT('',#8732);
#2978=VERTEX_POINT('',#8734);
#2979=VERTEX_POINT('',#8736);
#2980=VERTEX_POINT('',#8738);
#2981=VERTEX_POINT('',#8740);
#2982=VERTEX_POINT('',#8742);
#2983=VERTEX_POINT('',#8744);
#2984=VERTEX_POINT('',#8746);
#2985=VERTEX_POINT('',#8748);
#2986=VERTEX_POINT('',#8750);
#2987=VERTEX_POINT('',#8752);
#2988=VERTEX_POINT('',#8754);
#2989=VERTEX_POINT('',#8756);
#2990=VERTEX_POINT('',#8758);
#2991=VERTEX_POINT('',#8760);
#2992=VERTEX_POINT('',#8762);
#2993=VERTEX_POINT('',#8764);
#2994=VERTEX_POINT('',#8766);
#2995=VERTEX_POINT('',#8768);
#2996=VERTEX_POINT('',#8770);
#2997=VERTEX_POINT('',#8772);
#2998=VERTEX_POINT('',#8774);
#2999=VERTEX_POINT('',#8776);
#3000=VERTEX_POINT('',#8778);
#3001=EDGE_CURVE('',#2541,#2542,#2033,.T.);
#3002=EDGE_CURVE('',#2542,#2543,#2034,.T.);
#3003=EDGE_CURVE('',#2543,#2544,#2035,.T.);
#3004=EDGE_CURVE('',#2544,#2541,#2036,.T.);
#3005=EDGE_CURVE('',#2545,#2545,#673,.T.);
#3006=EDGE_CURVE('',#2546,#2546,#674,.T.);
#3007=EDGE_CURVE('',#2547,#2547,#675,.T.);
#3008=EDGE_CURVE('',#2548,#2548,#676,.T.);
#3009=EDGE_CURVE('',#2549,#2549,#677,.T.);
#3010=EDGE_CURVE('',#2550,#2550,#678,.T.);
#3011=EDGE_CURVE('',#2551,#2551,#679,.T.);
#3012=EDGE_CURVE('',#2552,#2552,#680,.T.);
#3013=EDGE_CURVE('',#2553,#2553,#681,.T.);
#3014=EDGE_CURVE('',#2554,#2554,#682,.T.);
#3015=EDGE_CURVE('',#2555,#2555,#683,.T.);
#3016=EDGE_CURVE('',#2556,#2556,#684,.T.);
#3017=EDGE_CURVE('',#2557,#2557,#685,.T.);
#3018=EDGE_CURVE('',#2558,#2558,#686,.T.);
#3019=EDGE_CURVE('',#2559,#2559,#687,.T.);
#3020=EDGE_CURVE('',#2560,#2560,#688,.T.);
#3021=EDGE_CURVE('',#2561,#2561,#689,.T.);
#3022=EDGE_CURVE('',#2562,#2562,#690,.T.);
#3023=EDGE_CURVE('',#2563,#2563,#691,.T.);
#3024=EDGE_CURVE('',#2564,#2564,#692,.T.);
#3025=EDGE_CURVE('',#2565,#2565,#693,.T.);
#3026=EDGE_CURVE('',#2566,#2566,#694,.T.);
#3027=EDGE_CURVE('',#2567,#2567,#695,.T.);
#3028=EDGE_CURVE('',#2568,#2568,#696,.T.);
#3029=EDGE_CURVE('',#2569,#2569,#697,.T.);
#3030=EDGE_CURVE('',#2570,#2570,#698,.T.);
#3031=EDGE_CURVE('',#2571,#2571,#699,.T.);
#3032=EDGE_CURVE('',#2572,#2572,#700,.T.);
#3033=EDGE_CURVE('',#2573,#2573,#701,.T.);
#3034=EDGE_CURVE('',#2574,#2574,#702,.T.);
#3035=EDGE_CURVE('',#2575,#2575,#703,.T.);
#3036=EDGE_CURVE('',#2576,#2576,#704,.T.);
#3037=EDGE_CURVE('',#2577,#2577,#705,.T.);
#3038=EDGE_CURVE('',#2578,#2578,#706,.T.);
#3039=EDGE_CURVE('',#2579,#2579,#707,.T.);
#3040=EDGE_CURVE('',#2580,#2580,#708,.T.);
#3041=EDGE_CURVE('',#2581,#2581,#709,.T.);
#3042=EDGE_CURVE('',#2582,#2582,#710,.T.);
#3043=EDGE_CURVE('',#2583,#2583,#711,.T.);
#3044=EDGE_CURVE('',#2584,#2584,#712,.T.);
#3045=EDGE_CURVE('',#2585,#2585,#713,.T.);
#3046=EDGE_CURVE('',#2586,#2586,#714,.T.);
#3047=EDGE_CURVE('',#2587,#2587,#715,.T.);
#3048=EDGE_CURVE('',#2588,#2588,#716,.T.);
#3049=EDGE_CURVE('',#2589,#2589,#717,.T.);
#3050=EDGE_CURVE('',#2590,#2590,#718,.T.);
#3051=EDGE_CURVE('',#2591,#2591,#719,.T.);
#3052=EDGE_CURVE('',#2592,#2592,#720,.T.);
#3053=EDGE_CURVE('',#2593,#2593,#721,.T.);
#3054=EDGE_CURVE('',#2594,#2594,#722,.T.);
#3055=EDGE_CURVE('',#2595,#2595,#723,.T.);
#3056=EDGE_CURVE('',#2596,#2596,#724,.T.);
#3057=EDGE_CURVE('',#2597,#2597,#725,.T.);
#3058=EDGE_CURVE('',#2598,#2598,#726,.T.);
#3059=EDGE_CURVE('',#2599,#2599,#727,.T.);
#3060=EDGE_CURVE('',#2600,#2600,#728,.T.);
#3061=EDGE_CURVE('',#2601,#2601,#729,.T.);
#3062=EDGE_CURVE('',#2602,#2602,#730,.T.);
#3063=EDGE_CURVE('',#2603,#2603,#731,.T.);
#3064=EDGE_CURVE('',#2604,#2604,#732,.T.);
#3065=EDGE_CURVE('',#2605,#2605,#733,.T.);
#3066=EDGE_CURVE('',#2606,#2606,#734,.T.);
#3067=EDGE_CURVE('',#2607,#2607,#735,.T.);
#3068=EDGE_CURVE('',#2608,#2608,#736,.T.);
#3069=EDGE_CURVE('',#2609,#2609,#737,.T.);
#3070=EDGE_CURVE('',#2610,#2610,#738,.T.);
#3071=EDGE_CURVE('',#2611,#2611,#739,.T.);
#3072=EDGE_CURVE('',#2612,#2612,#740,.T.);
#3073=EDGE_CURVE('',#2613,#2613,#741,.T.);
#3074=EDGE_CURVE('',#2614,#2614,#742,.T.);
#3075=EDGE_CURVE('',#2615,#2615,#743,.T.);
#3076=EDGE_CURVE('',#2616,#2616,#744,.T.);
#3077=EDGE_CURVE('',#2617,#2618,#2037,.T.);
#3078=EDGE_CURVE('',#2618,#2544,#2038,.T.);
#3079=EDGE_CURVE('',#2617,#2543,#2039,.T.);
#3080=EDGE_CURVE('',#2619,#2541,#2040,.T.);
#3081=EDGE_CURVE('',#2618,#2619,#2041,.T.);
#3082=EDGE_CURVE('',#2620,#2620,#745,.T.);
#3083=EDGE_CURVE('',#2620,#2616,#2042,.T.);
#3084=EDGE_CURVE('',#2621,#2621,#746,.T.);
#3085=EDGE_CURVE('',#2621,#2615,#2043,.T.);
#3086=EDGE_CURVE('',#2622,#2622,#747,.T.);
#3087=EDGE_CURVE('',#2622,#2614,#2044,.T.);
#3088=EDGE_CURVE('',#2623,#2623,#748,.T.);
#3089=EDGE_CURVE('',#2623,#2613,#2045,.T.);
#3090=EDGE_CURVE('',#2624,#2624,#749,.T.);
#3091=EDGE_CURVE('',#2624,#2612,#2046,.T.);
#3092=EDGE_CURVE('',#2625,#2625,#750,.T.);
#3093=EDGE_CURVE('',#2625,#2611,#2047,.T.);
#3094=EDGE_CURVE('',#2626,#2626,#751,.T.);
#3095=EDGE_CURVE('',#2626,#2610,#2048,.T.);
#3096=EDGE_CURVE('',#2627,#2627,#752,.T.);
#3097=EDGE_CURVE('',#2627,#2609,#2049,.T.);
#3098=EDGE_CURVE('',#2628,#2628,#753,.T.);
#3099=EDGE_CURVE('',#2628,#2608,#2050,.T.);
#3100=EDGE_CURVE('',#2629,#2629,#754,.T.);
#3101=EDGE_CURVE('',#2629,#2607,#2051,.T.);
#3102=EDGE_CURVE('',#2630,#2630,#755,.T.);
#3103=EDGE_CURVE('',#2630,#2606,#2052,.T.);
#3104=EDGE_CURVE('',#2631,#2631,#756,.T.);
#3105=EDGE_CURVE('',#2631,#2605,#2053,.T.);
#3106=EDGE_CURVE('',#2632,#2632,#757,.T.);
#3107=EDGE_CURVE('',#2632,#2604,#2054,.T.);
#3108=EDGE_CURVE('',#2633,#2633,#758,.T.);
#3109=EDGE_CURVE('',#2633,#2603,#2055,.T.);
#3110=EDGE_CURVE('',#2634,#2634,#759,.T.);
#3111=EDGE_CURVE('',#2634,#2602,#2056,.T.);
#3112=EDGE_CURVE('',#2635,#2635,#760,.T.);
#3113=EDGE_CURVE('',#2635,#2601,#2057,.T.);
#3114=EDGE_CURVE('',#2636,#2636,#761,.T.);
#3115=EDGE_CURVE('',#2636,#2600,#2058,.T.);
#3116=EDGE_CURVE('',#2637,#2637,#762,.T.);
#3117=EDGE_CURVE('',#2637,#2599,#2059,.T.);
#3118=EDGE_CURVE('',#2638,#2638,#763,.T.);
#3119=EDGE_CURVE('',#2638,#2598,#2060,.T.);
#3120=EDGE_CURVE('',#2639,#2639,#764,.T.);
#3121=EDGE_CURVE('',#2639,#2597,#2061,.T.);
#3122=EDGE_CURVE('',#2640,#2640,#765,.T.);
#3123=EDGE_CURVE('',#2640,#2596,#2062,.T.);
#3124=EDGE_CURVE('',#2641,#2641,#766,.T.);
#3125=EDGE_CURVE('',#2641,#2595,#2063,.T.);
#3126=EDGE_CURVE('',#2642,#2642,#767,.T.);
#3127=EDGE_CURVE('',#2642,#2594,#2064,.T.);
#3128=EDGE_CURVE('',#2643,#2643,#768,.T.);
#3129=EDGE_CURVE('',#2643,#2593,#2065,.T.);
#3130=EDGE_CURVE('',#2644,#2644,#769,.T.);
#3131=EDGE_CURVE('',#2644,#2592,#2066,.T.);
#3132=EDGE_CURVE('',#2645,#2645,#770,.T.);
#3133=EDGE_CURVE('',#2645,#2591,#2067,.T.);
#3134=EDGE_CURVE('',#2646,#2646,#771,.T.);
#3135=EDGE_CURVE('',#2646,#2590,#2068,.T.);
#3136=EDGE_CURVE('',#2647,#2647,#772,.T.);
#3137=EDGE_CURVE('',#2647,#2589,#2069,.T.);
#3138=EDGE_CURVE('',#2648,#2648,#773,.T.);
#3139=EDGE_CURVE('',#2648,#2588,#2070,.T.);
#3140=EDGE_CURVE('',#2649,#2649,#774,.T.);
#3141=EDGE_CURVE('',#2649,#2587,#2071,.T.);
#3142=EDGE_CURVE('',#2650,#2650,#775,.T.);
#3143=EDGE_CURVE('',#2650,#2586,#2072,.T.);
#3144=EDGE_CURVE('',#2651,#2651,#776,.T.);
#3145=EDGE_CURVE('',#2651,#2585,#2073,.T.);
#3146=EDGE_CURVE('',#2652,#2652,#777,.T.);
#3147=EDGE_CURVE('',#2652,#2584,#2074,.T.);
#3148=EDGE_CURVE('',#2653,#2653,#778,.T.);
#3149=EDGE_CURVE('',#2653,#2583,#2075,.T.);
#3150=EDGE_CURVE('',#2654,#2654,#779,.T.);
#3151=EDGE_CURVE('',#2654,#2582,#2076,.T.);
#3152=EDGE_CURVE('',#2655,#2655,#780,.T.);
#3153=EDGE_CURVE('',#2655,#2581,#2077,.T.);
#3154=EDGE_CURVE('',#2656,#2656,#781,.T.);
#3155=EDGE_CURVE('',#2656,#2580,#2078,.T.);
#3156=EDGE_CURVE('',#2657,#2657,#782,.T.);
#3157=EDGE_CURVE('',#2657,#2579,#2079,.T.);
#3158=EDGE_CURVE('',#2658,#2658,#783,.T.);
#3159=EDGE_CURVE('',#2658,#2578,#2080,.T.);
#3160=EDGE_CURVE('',#2659,#2659,#784,.T.);
#3161=EDGE_CURVE('',#2659,#2577,#2081,.T.);
#3162=EDGE_CURVE('',#2660,#2660,#785,.T.);
#3163=EDGE_CURVE('',#2660,#2576,#2082,.T.);
#3164=EDGE_CURVE('',#2661,#2661,#786,.T.);
#3165=EDGE_CURVE('',#2661,#2575,#2083,.T.);
#3166=EDGE_CURVE('',#2662,#2662,#787,.T.);
#3167=EDGE_CURVE('',#2662,#2574,#2084,.T.);
#3168=EDGE_CURVE('',#2663,#2663,#788,.T.);
#3169=EDGE_CURVE('',#2663,#2573,#2085,.T.);
#3170=EDGE_CURVE('',#2664,#2664,#789,.T.);
#3171=EDGE_CURVE('',#2664,#2572,#2086,.T.);
#3172=EDGE_CURVE('',#2665,#2665,#790,.T.);
#3173=EDGE_CURVE('',#2665,#2571,#2087,.T.);
#3174=EDGE_CURVE('',#2666,#2666,#791,.T.);
#3175=EDGE_CURVE('',#2666,#2570,#2088,.T.);
#3176=EDGE_CURVE('',#2667,#2667,#792,.T.);
#3177=EDGE_CURVE('',#2667,#2569,#2089,.T.);
#3178=EDGE_CURVE('',#2668,#2668,#793,.T.);
#3179=EDGE_CURVE('',#2668,#2568,#2090,.T.);
#3180=EDGE_CURVE('',#2669,#2669,#794,.T.);
#3181=EDGE_CURVE('',#2669,#2567,#2091,.T.);
#3182=EDGE_CURVE('',#2670,#2670,#795,.T.);
#3183=EDGE_CURVE('',#2670,#2566,#2092,.T.);
#3184=EDGE_CURVE('',#2671,#2671,#796,.T.);
#3185=EDGE_CURVE('',#2671,#2565,#2093,.T.);
#3186=EDGE_CURVE('',#2672,#2672,#797,.T.);
#3187=EDGE_CURVE('',#2672,#2564,#2094,.T.);
#3188=EDGE_CURVE('',#2673,#2673,#798,.T.);
#3189=EDGE_CURVE('',#2673,#2563,#2095,.T.);
#3190=EDGE_CURVE('',#2674,#2674,#799,.T.);
#3191=EDGE_CURVE('',#2674,#2562,#2096,.T.);
#3192=EDGE_CURVE('',#2675,#2675,#800,.T.);
#3193=EDGE_CURVE('',#2675,#2561,#2097,.T.);
#3194=EDGE_CURVE('',#2676,#2676,#801,.T.);
#3195=EDGE_CURVE('',#2676,#2560,#2098,.T.);
#3196=EDGE_CURVE('',#2677,#2677,#802,.T.);
#3197=EDGE_CURVE('',#2677,#2559,#2099,.T.);
#3198=EDGE_CURVE('',#2678,#2678,#803,.T.);
#3199=EDGE_CURVE('',#2678,#2558,#2100,.T.);
#3200=EDGE_CURVE('',#2679,#2679,#804,.T.);
#3201=EDGE_CURVE('',#2679,#2557,#2101,.T.);
#3202=EDGE_CURVE('',#2680,#2680,#805,.T.);
#3203=EDGE_CURVE('',#2680,#2556,#2102,.T.);
#3204=EDGE_CURVE('',#2681,#2681,#806,.T.);
#3205=EDGE_CURVE('',#2681,#2555,#2103,.T.);
#3206=EDGE_CURVE('',#2682,#2682,#807,.T.);
#3207=EDGE_CURVE('',#2682,#2554,#2104,.T.);
#3208=EDGE_CURVE('',#2683,#2683,#808,.T.);
#3209=EDGE_CURVE('',#2683,#2553,#2105,.T.);
#3210=EDGE_CURVE('',#2684,#2684,#809,.T.);
#3211=EDGE_CURVE('',#2684,#2552,#2106,.T.);
#3212=EDGE_CURVE('',#2685,#2685,#810,.T.);
#3213=EDGE_CURVE('',#2685,#2551,#2107,.T.);
#3214=EDGE_CURVE('',#2686,#2686,#811,.T.);
#3215=EDGE_CURVE('',#2686,#2550,#2108,.T.);
#3216=EDGE_CURVE('',#2687,#2687,#812,.T.);
#3217=EDGE_CURVE('',#2687,#2549,#2109,.T.);
#3218=EDGE_CURVE('',#2688,#2688,#813,.T.);
#3219=EDGE_CURVE('',#2688,#2548,#2110,.T.);
#3220=EDGE_CURVE('',#2689,#2689,#814,.T.);
#3221=EDGE_CURVE('',#2689,#2547,#2111,.T.);
#3222=EDGE_CURVE('',#2690,#2690,#815,.T.);
#3223=EDGE_CURVE('',#2690,#2546,#2112,.T.);
#3224=EDGE_CURVE('',#2691,#2691,#816,.T.);
#3225=EDGE_CURVE('',#2691,#2545,#2113,.T.);
#3226=EDGE_CURVE('',#2692,#2619,#2114,.T.);
#3227=EDGE_CURVE('',#2692,#2617,#2115,.T.);
#3228=EDGE_CURVE('',#2542,#2692,#2116,.T.);
#3229=EDGE_CURVE('',#2693,#2694,#2117,.T.);
#3230=EDGE_CURVE('',#2694,#2695,#2118,.T.);
#3231=EDGE_CURVE('',#2695,#2696,#2119,.T.);
#3232=EDGE_CURVE('',#2696,#2693,#2120,.T.);
#3233=EDGE_CURVE('',#2697,#2697,#817,.T.);
#3234=EDGE_CURVE('',#2698,#2698,#818,.T.);
#3235=EDGE_CURVE('',#2699,#2699,#819,.T.);
#3236=EDGE_CURVE('',#2700,#2700,#820,.T.);
#3237=EDGE_CURVE('',#2701,#2701,#821,.T.);
#3238=EDGE_CURVE('',#2702,#2702,#822,.T.);
#3239=EDGE_CURVE('',#2703,#2703,#823,.T.);
#3240=EDGE_CURVE('',#2704,#2704,#824,.T.);
#3241=EDGE_CURVE('',#2705,#2705,#825,.T.);
#3242=EDGE_CURVE('',#2706,#2706,#826,.T.);
#3243=EDGE_CURVE('',#2707,#2707,#827,.T.);
#3244=EDGE_CURVE('',#2708,#2708,#828,.T.);
#3245=EDGE_CURVE('',#2709,#2709,#829,.T.);
#3246=EDGE_CURVE('',#2710,#2710,#830,.T.);
#3247=EDGE_CURVE('',#2711,#2711,#831,.T.);
#3248=EDGE_CURVE('',#2712,#2712,#832,.T.);
#3249=EDGE_CURVE('',#2713,#2713,#833,.T.);
#3250=EDGE_CURVE('',#2714,#2714,#834,.T.);
#3251=EDGE_CURVE('',#2715,#2715,#835,.T.);
#3252=EDGE_CURVE('',#2716,#2716,#836,.T.);
#3253=EDGE_CURVE('',#2717,#2717,#837,.T.);
#3254=EDGE_CURVE('',#2718,#2718,#838,.T.);
#3255=EDGE_CURVE('',#2719,#2719,#839,.T.);
#3256=EDGE_CURVE('',#2720,#2720,#840,.T.);
#3257=EDGE_CURVE('',#2721,#2721,#841,.T.);
#3258=EDGE_CURVE('',#2722,#2722,#842,.T.);
#3259=EDGE_CURVE('',#2723,#2723,#843,.T.);
#3260=EDGE_CURVE('',#2724,#2724,#844,.T.);
#3261=EDGE_CURVE('',#2725,#2725,#845,.T.);
#3262=EDGE_CURVE('',#2726,#2726,#846,.T.);
#3263=EDGE_CURVE('',#2727,#2727,#847,.T.);
#3264=EDGE_CURVE('',#2728,#2728,#848,.T.);
#3265=EDGE_CURVE('',#2729,#2729,#849,.T.);
#3266=EDGE_CURVE('',#2730,#2730,#850,.T.);
#3267=EDGE_CURVE('',#2731,#2731,#851,.T.);
#3268=EDGE_CURVE('',#2732,#2732,#852,.T.);
#3269=EDGE_CURVE('',#2733,#2733,#853,.T.);
#3270=EDGE_CURVE('',#2734,#2734,#854,.T.);
#3271=EDGE_CURVE('',#2735,#2735,#855,.T.);
#3272=EDGE_CURVE('',#2736,#2736,#856,.T.);
#3273=EDGE_CURVE('',#2737,#2737,#857,.T.);
#3274=EDGE_CURVE('',#2738,#2738,#858,.T.);
#3275=EDGE_CURVE('',#2739,#2739,#859,.T.);
#3276=EDGE_CURVE('',#2740,#2740,#860,.T.);
#3277=EDGE_CURVE('',#2741,#2741,#861,.T.);
#3278=EDGE_CURVE('',#2742,#2742,#862,.T.);
#3279=EDGE_CURVE('',#2743,#2743,#863,.T.);
#3280=EDGE_CURVE('',#2744,#2744,#864,.T.);
#3281=EDGE_CURVE('',#2745,#2745,#865,.T.);
#3282=EDGE_CURVE('',#2746,#2746,#866,.T.);
#3283=EDGE_CURVE('',#2747,#2747,#867,.T.);
#3284=EDGE_CURVE('',#2748,#2748,#868,.T.);
#3285=EDGE_CURVE('',#2749,#2749,#869,.T.);
#3286=EDGE_CURVE('',#2750,#2750,#870,.T.);
#3287=EDGE_CURVE('',#2751,#2751,#871,.T.);
#3288=EDGE_CURVE('',#2752,#2752,#872,.T.);
#3289=EDGE_CURVE('',#2753,#2753,#873,.T.);
#3290=EDGE_CURVE('',#2754,#2754,#874,.T.);
#3291=EDGE_CURVE('',#2755,#2755,#875,.T.);
#3292=EDGE_CURVE('',#2756,#2756,#876,.T.);
#3293=EDGE_CURVE('',#2757,#2757,#877,.T.);
#3294=EDGE_CURVE('',#2758,#2758,#878,.T.);
#3295=EDGE_CURVE('',#2759,#2759,#879,.T.);
#3296=EDGE_CURVE('',#2760,#2760,#880,.T.);
#3297=EDGE_CURVE('',#2761,#2761,#881,.T.);
#3298=EDGE_CURVE('',#2762,#2762,#882,.T.);
#3299=EDGE_CURVE('',#2763,#2763,#883,.T.);
#3300=EDGE_CURVE('',#2764,#2764,#884,.T.);
#3301=EDGE_CURVE('',#2765,#2765,#885,.T.);
#3302=EDGE_CURVE('',#2766,#2766,#886,.T.);
#3303=EDGE_CURVE('',#2767,#2767,#887,.T.);
#3304=EDGE_CURVE('',#2768,#2768,#888,.T.);
#3305=EDGE_CURVE('',#2769,#2769,#889,.T.);
#3306=EDGE_CURVE('',#2770,#2771,#2121,.T.);
#3307=EDGE_CURVE('',#2770,#2542,#890,.T.);
#3308=EDGE_CURVE('',#2771,#2541,#891,.T.);
#3309=EDGE_CURVE('',#2694,#2772,#2122,.T.);
#3310=EDGE_CURVE('',#2772,#2771,#2123,.T.);
#3311=EDGE_CURVE('',#2771,#2695,#2124,.T.);
#3312=EDGE_CURVE('',#2696,#2770,#2125,.T.);
#3313=EDGE_CURVE('',#2692,#2696,#892,.T.);
#3314=EDGE_CURVE('',#2695,#2619,#893,.T.);
#3315=EDGE_CURVE('',#2773,#2693,#2126,.T.);
#3316=EDGE_CURVE('',#2773,#2770,#2127,.T.);
#3317=EDGE_CURVE('',#2772,#2773,#2128,.T.);
#3318=EDGE_CURVE('',#2774,#2774,#894,.T.);
#3319=EDGE_CURVE('',#2775,#2775,#895,.T.);
#3320=EDGE_CURVE('',#2776,#2776,#896,.T.);
#3321=EDGE_CURVE('',#2777,#2777,#897,.T.);
#3322=EDGE_CURVE('',#2778,#2778,#898,.T.);
#3323=EDGE_CURVE('',#2779,#2779,#899,.T.);
#3324=EDGE_CURVE('',#2780,#2780,#900,.T.);
#3325=EDGE_CURVE('',#2781,#2781,#901,.T.);
#3326=EDGE_CURVE('',#2782,#2782,#902,.T.);
#3327=EDGE_CURVE('',#2783,#2783,#903,.T.);
#3328=EDGE_CURVE('',#2784,#2784,#904,.T.);
#3329=EDGE_CURVE('',#2785,#2785,#905,.T.);
#3330=EDGE_CURVE('',#2786,#2786,#906,.T.);
#3331=EDGE_CURVE('',#2787,#2787,#907,.T.);
#3332=EDGE_CURVE('',#2788,#2788,#908,.T.);
#3333=EDGE_CURVE('',#2789,#2789,#909,.T.);
#3334=EDGE_CURVE('',#2790,#2790,#910,.T.);
#3335=EDGE_CURVE('',#2791,#2791,#911,.T.);
#3336=EDGE_CURVE('',#2792,#2792,#912,.T.);
#3337=EDGE_CURVE('',#2793,#2793,#913,.T.);
#3338=EDGE_CURVE('',#2794,#2794,#914,.T.);
#3339=EDGE_CURVE('',#2795,#2795,#915,.T.);
#3340=EDGE_CURVE('',#2796,#2796,#916,.T.);
#3341=EDGE_CURVE('',#2797,#2797,#917,.T.);
#3342=EDGE_CURVE('',#2798,#2798,#918,.T.);
#3343=EDGE_CURVE('',#2799,#2799,#919,.T.);
#3344=EDGE_CURVE('',#2800,#2800,#920,.T.);
#3345=EDGE_CURVE('',#2801,#2801,#921,.T.);
#3346=EDGE_CURVE('',#2802,#2802,#922,.T.);
#3347=EDGE_CURVE('',#2803,#2803,#923,.T.);
#3348=EDGE_CURVE('',#2804,#2804,#924,.T.);
#3349=EDGE_CURVE('',#2805,#2805,#925,.T.);
#3350=EDGE_CURVE('',#2806,#2806,#926,.T.);
#3351=EDGE_CURVE('',#2807,#2807,#927,.T.);
#3352=EDGE_CURVE('',#2808,#2808,#928,.T.);
#3353=EDGE_CURVE('',#2809,#2809,#929,.T.);
#3354=EDGE_CURVE('',#2810,#2810,#930,.T.);
#3355=EDGE_CURVE('',#2811,#2811,#931,.T.);
#3356=EDGE_CURVE('',#2812,#2812,#932,.T.);
#3357=EDGE_CURVE('',#2813,#2813,#933,.T.);
#3358=EDGE_CURVE('',#2814,#2814,#934,.T.);
#3359=EDGE_CURVE('',#2815,#2815,#935,.T.);
#3360=EDGE_CURVE('',#2816,#2816,#936,.T.);
#3361=EDGE_CURVE('',#2817,#2817,#937,.T.);
#3362=EDGE_CURVE('',#2818,#2818,#938,.T.);
#3363=EDGE_CURVE('',#2819,#2819,#939,.T.);
#3364=EDGE_CURVE('',#2820,#2820,#940,.T.);
#3365=EDGE_CURVE('',#2821,#2821,#941,.T.);
#3366=EDGE_CURVE('',#2822,#2822,#942,.T.);
#3367=EDGE_CURVE('',#2823,#2823,#943,.T.);
#3368=EDGE_CURVE('',#2824,#2824,#944,.T.);
#3369=EDGE_CURVE('',#2825,#2825,#945,.T.);
#3370=EDGE_CURVE('',#2826,#2826,#946,.T.);
#3371=EDGE_CURVE('',#2827,#2827,#947,.T.);
#3372=EDGE_CURVE('',#2828,#2828,#948,.T.);
#3373=EDGE_CURVE('',#2829,#2829,#949,.T.);
#3374=EDGE_CURVE('',#2830,#2830,#950,.T.);
#3375=EDGE_CURVE('',#2831,#2831,#951,.T.);
#3376=EDGE_CURVE('',#2832,#2832,#952,.T.);
#3377=EDGE_CURVE('',#2833,#2833,#953,.T.);
#3378=EDGE_CURVE('',#2834,#2834,#954,.T.);
#3379=EDGE_CURVE('',#2835,#2835,#955,.T.);
#3380=EDGE_CURVE('',#2836,#2836,#956,.T.);
#3381=EDGE_CURVE('',#2837,#2837,#957,.T.);
#3382=EDGE_CURVE('',#2838,#2838,#958,.T.);
#3383=EDGE_CURVE('',#2839,#2839,#959,.T.);
#3384=EDGE_CURVE('',#2840,#2840,#960,.T.);
#3385=EDGE_CURVE('',#2841,#2841,#961,.T.);
#3386=EDGE_CURVE('',#2842,#2842,#962,.T.);
#3387=EDGE_CURVE('',#2843,#2843,#963,.T.);
#3388=EDGE_CURVE('',#2844,#2844,#964,.T.);
#3389=EDGE_CURVE('',#2845,#2845,#965,.T.);
#3390=EDGE_CURVE('',#2846,#2846,#966,.T.);
#3391=EDGE_CURVE('',#2847,#2848,#2129,.T.);
#3392=EDGE_CURVE('',#2848,#2849,#2130,.T.);
#3393=EDGE_CURVE('',#2849,#2850,#2131,.T.);
#3394=EDGE_CURVE('',#2850,#2847,#2132,.T.);
#3395=EDGE_CURVE('',#2851,#2851,#967,.T.);
#3396=EDGE_CURVE('',#2852,#2852,#968,.T.);
#3397=EDGE_CURVE('',#2853,#2853,#969,.T.);
#3398=EDGE_CURVE('',#2854,#2854,#970,.T.);
#3399=EDGE_CURVE('',#2855,#2855,#971,.T.);
#3400=EDGE_CURVE('',#2856,#2856,#972,.T.);
#3401=EDGE_CURVE('',#2857,#2857,#973,.T.);
#3402=EDGE_CURVE('',#2858,#2858,#974,.T.);
#3403=EDGE_CURVE('',#2859,#2859,#975,.T.);
#3404=EDGE_CURVE('',#2860,#2860,#976,.T.);
#3405=EDGE_CURVE('',#2861,#2861,#977,.T.);
#3406=EDGE_CURVE('',#2862,#2862,#978,.T.);
#3407=EDGE_CURVE('',#2863,#2863,#979,.T.);
#3408=EDGE_CURVE('',#2864,#2864,#980,.T.);
#3409=EDGE_CURVE('',#2865,#2865,#981,.T.);
#3410=EDGE_CURVE('',#2866,#2866,#982,.T.);
#3411=EDGE_CURVE('',#2867,#2867,#983,.T.);
#3412=EDGE_CURVE('',#2868,#2868,#984,.T.);
#3413=EDGE_CURVE('',#2869,#2869,#985,.T.);
#3414=EDGE_CURVE('',#2870,#2870,#986,.T.);
#3415=EDGE_CURVE('',#2871,#2871,#987,.T.);
#3416=EDGE_CURVE('',#2872,#2872,#988,.T.);
#3417=EDGE_CURVE('',#2873,#2873,#989,.T.);
#3418=EDGE_CURVE('',#2874,#2874,#990,.T.);
#3419=EDGE_CURVE('',#2875,#2875,#991,.T.);
#3420=EDGE_CURVE('',#2876,#2876,#992,.T.);
#3421=EDGE_CURVE('',#2877,#2877,#993,.T.);
#3422=EDGE_CURVE('',#2878,#2878,#994,.T.);
#3423=EDGE_CURVE('',#2879,#2879,#995,.T.);
#3424=EDGE_CURVE('',#2880,#2880,#996,.T.);
#3425=EDGE_CURVE('',#2881,#2881,#997,.T.);
#3426=EDGE_CURVE('',#2882,#2882,#998,.T.);
#3427=EDGE_CURVE('',#2883,#2883,#999,.T.);
#3428=EDGE_CURVE('',#2884,#2884,#1000,.T.);
#3429=EDGE_CURVE('',#2885,#2885,#1001,.T.);
#3430=EDGE_CURVE('',#2886,#2886,#1002,.T.);
#3431=EDGE_CURVE('',#2887,#2887,#1003,.T.);
#3432=EDGE_CURVE('',#2888,#2888,#1004,.T.);
#3433=EDGE_CURVE('',#2889,#2889,#1005,.T.);
#3434=EDGE_CURVE('',#2890,#2890,#1006,.T.);
#3435=EDGE_CURVE('',#2891,#2891,#1007,.T.);
#3436=EDGE_CURVE('',#2892,#2892,#1008,.T.);
#3437=EDGE_CURVE('',#2893,#2893,#1009,.T.);
#3438=EDGE_CURVE('',#2894,#2894,#1010,.T.);
#3439=EDGE_CURVE('',#2895,#2895,#1011,.T.);
#3440=EDGE_CURVE('',#2896,#2896,#1012,.T.);
#3441=EDGE_CURVE('',#2897,#2897,#1013,.T.);
#3442=EDGE_CURVE('',#2898,#2898,#1014,.T.);
#3443=EDGE_CURVE('',#2899,#2899,#1015,.T.);
#3444=EDGE_CURVE('',#2900,#2900,#1016,.T.);
#3445=EDGE_CURVE('',#2901,#2901,#1017,.T.);
#3446=EDGE_CURVE('',#2902,#2902,#1018,.T.);
#3447=EDGE_CURVE('',#2903,#2903,#1019,.T.);
#3448=EDGE_CURVE('',#2904,#2904,#1020,.T.);
#3449=EDGE_CURVE('',#2905,#2905,#1021,.T.);
#3450=EDGE_CURVE('',#2906,#2906,#1022,.T.);
#3451=EDGE_CURVE('',#2907,#2907,#1023,.T.);
#3452=EDGE_CURVE('',#2908,#2908,#1024,.T.);
#3453=EDGE_CURVE('',#2909,#2909,#1025,.T.);
#3454=EDGE_CURVE('',#2910,#2910,#1026,.T.);
#3455=EDGE_CURVE('',#2911,#2911,#1027,.T.);
#3456=EDGE_CURVE('',#2912,#2912,#1028,.T.);
#3457=EDGE_CURVE('',#2913,#2913,#1029,.T.);
#3458=EDGE_CURVE('',#2914,#2914,#1030,.T.);
#3459=EDGE_CURVE('',#2915,#2915,#1031,.T.);
#3460=EDGE_CURVE('',#2916,#2916,#1032,.T.);
#3461=EDGE_CURVE('',#2917,#2917,#1033,.T.);
#3462=EDGE_CURVE('',#2918,#2918,#1034,.T.);
#3463=EDGE_CURVE('',#2919,#2919,#1035,.T.);
#3464=EDGE_CURVE('',#2920,#2920,#1036,.T.);
#3465=EDGE_CURVE('',#2921,#2921,#1037,.T.);
#3466=EDGE_CURVE('',#2922,#2922,#1038,.T.);
#3467=EDGE_CURVE('',#2923,#2923,#1039,.T.);
#3468=EDGE_CURVE('',#2924,#2925,#2133,.T.);
#3469=EDGE_CURVE('',#2924,#2773,#1040,.T.);
#3470=EDGE_CURVE('',#2925,#2772,#1041,.T.);
#3471=EDGE_CURVE('',#2926,#2927,#2134,.T.);
#3472=EDGE_CURVE('',#2926,#2850,#2135,.T.);
#3473=EDGE_CURVE('',#2927,#2849,#2136,.T.);
#3474=EDGE_CURVE('',#2925,#2847,#2137,.T.);
#3475=EDGE_CURVE('',#2926,#2925,#2138,.T.);
#3476=EDGE_CURVE('',#2848,#2924,#2139,.T.);
#3477=EDGE_CURVE('',#2693,#2848,#1042,.T.);
#3478=EDGE_CURVE('',#2847,#2694,#1043,.T.);
#3479=EDGE_CURVE('',#2927,#2924,#2140,.T.);
#3480=EDGE_CURVE('',#2928,#2928,#1044,.T.);
#3481=EDGE_CURVE('',#2929,#2929,#1045,.T.);
#3482=EDGE_CURVE('',#2930,#2930,#1046,.T.);
#3483=EDGE_CURVE('',#2931,#2931,#1047,.T.);
#3484=EDGE_CURVE('',#2932,#2932,#1048,.T.);
#3485=EDGE_CURVE('',#2933,#2933,#1049,.T.);
#3486=EDGE_CURVE('',#2934,#2934,#1050,.T.);
#3487=EDGE_CURVE('',#2935,#2935,#1051,.T.);
#3488=EDGE_CURVE('',#2936,#2936,#1052,.T.);
#3489=EDGE_CURVE('',#2937,#2937,#1053,.T.);
#3490=EDGE_CURVE('',#2938,#2938,#1054,.T.);
#3491=EDGE_CURVE('',#2939,#2939,#1055,.T.);
#3492=EDGE_CURVE('',#2940,#2940,#1056,.T.);
#3493=EDGE_CURVE('',#2941,#2941,#1057,.T.);
#3494=EDGE_CURVE('',#2942,#2942,#1058,.T.);
#3495=EDGE_CURVE('',#2943,#2943,#1059,.T.);
#3496=EDGE_CURVE('',#2944,#2944,#1060,.T.);
#3497=EDGE_CURVE('',#2945,#2945,#1061,.T.);
#3498=EDGE_CURVE('',#2946,#2946,#1062,.T.);
#3499=EDGE_CURVE('',#2947,#2947,#1063,.T.);
#3500=EDGE_CURVE('',#2948,#2948,#1064,.T.);
#3501=EDGE_CURVE('',#2949,#2949,#1065,.T.);
#3502=EDGE_CURVE('',#2950,#2950,#1066,.T.);
#3503=EDGE_CURVE('',#2951,#2951,#1067,.T.);
#3504=EDGE_CURVE('',#2952,#2952,#1068,.T.);
#3505=EDGE_CURVE('',#2953,#2953,#1069,.T.);
#3506=EDGE_CURVE('',#2954,#2954,#1070,.T.);
#3507=EDGE_CURVE('',#2955,#2955,#1071,.T.);
#3508=EDGE_CURVE('',#2956,#2956,#1072,.T.);
#3509=EDGE_CURVE('',#2957,#2957,#1073,.T.);
#3510=EDGE_CURVE('',#2958,#2958,#1074,.T.);
#3511=EDGE_CURVE('',#2959,#2959,#1075,.T.);
#3512=EDGE_CURVE('',#2960,#2960,#1076,.T.);
#3513=EDGE_CURVE('',#2961,#2961,#1077,.T.);
#3514=EDGE_CURVE('',#2962,#2962,#1078,.T.);
#3515=EDGE_CURVE('',#2963,#2963,#1079,.T.);
#3516=EDGE_CURVE('',#2964,#2964,#1080,.T.);
#3517=EDGE_CURVE('',#2965,#2965,#1081,.T.);
#3518=EDGE_CURVE('',#2966,#2966,#1082,.T.);
#3519=EDGE_CURVE('',#2967,#2967,#1083,.T.);
#3520=EDGE_CURVE('',#2968,#2968,#1084,.T.);
#3521=EDGE_CURVE('',#2969,#2969,#1085,.T.);
#3522=EDGE_CURVE('',#2970,#2970,#1086,.T.);
#3523=EDGE_CURVE('',#2971,#2971,#1087,.T.);
#3524=EDGE_CURVE('',#2972,#2972,#1088,.T.);
#3525=EDGE_CURVE('',#2973,#2973,#1089,.T.);
#3526=EDGE_CURVE('',#2974,#2974,#1090,.T.);
#3527=EDGE_CURVE('',#2975,#2975,#1091,.T.);
#3528=EDGE_CURVE('',#2976,#2976,#1092,.T.);
#3529=EDGE_CURVE('',#2977,#2977,#1093,.T.);
#3530=EDGE_CURVE('',#2978,#2978,#1094,.T.);
#3531=EDGE_CURVE('',#2979,#2979,#1095,.T.);
#3532=EDGE_CURVE('',#2980,#2980,#1096,.T.);
#3533=EDGE_CURVE('',#2981,#2981,#1097,.T.);
#3534=EDGE_CURVE('',#2982,#2982,#1098,.T.);
#3535=EDGE_CURVE('',#2983,#2983,#1099,.T.);
#3536=EDGE_CURVE('',#2984,#2984,#1100,.T.);
#3537=EDGE_CURVE('',#2985,#2985,#1101,.T.);
#3538=EDGE_CURVE('',#2986,#2986,#1102,.T.);
#3539=EDGE_CURVE('',#2987,#2987,#1103,.T.);
#3540=EDGE_CURVE('',#2988,#2988,#1104,.T.);
#3541=EDGE_CURVE('',#2989,#2989,#1105,.T.);
#3542=EDGE_CURVE('',#2990,#2990,#1106,.T.);
#3543=EDGE_CURVE('',#2991,#2991,#1107,.T.);
#3544=EDGE_CURVE('',#2992,#2992,#1108,.T.);
#3545=EDGE_CURVE('',#2993,#2993,#1109,.T.);
#3546=EDGE_CURVE('',#2994,#2994,#1110,.T.);
#3547=EDGE_CURVE('',#2995,#2995,#1111,.T.);
#3548=EDGE_CURVE('',#2996,#2996,#1112,.T.);
#3549=EDGE_CURVE('',#2997,#2997,#1113,.T.);
#3550=EDGE_CURVE('',#2998,#2998,#1114,.T.);
#3551=EDGE_CURVE('',#2999,#2999,#1115,.T.);
#3552=EDGE_CURVE('',#3000,#3000,#1116,.T.);
#3553=EDGE_CURVE('',#2697,#2774,#2141,.T.);
#3554=EDGE_CURVE('',#2698,#2775,#2142,.T.);
#3555=EDGE_CURVE('',#2699,#2776,#2143,.T.);
#3556=EDGE_CURVE('',#2700,#2777,#2144,.T.);
#3557=EDGE_CURVE('',#2701,#2778,#2145,.T.);
#3558=EDGE_CURVE('',#2702,#2779,#2146,.T.);
#3559=EDGE_CURVE('',#2703,#2780,#2147,.T.);
#3560=EDGE_CURVE('',#2704,#2781,#2148,.T.);
#3561=EDGE_CURVE('',#2705,#2782,#2149,.T.);
#3562=EDGE_CURVE('',#2706,#2783,#2150,.T.);
#3563=EDGE_CURVE('',#2707,#2784,#2151,.T.);
#3564=EDGE_CURVE('',#2708,#2785,#2152,.T.);
#3565=EDGE_CURVE('',#2709,#2786,#2153,.T.);
#3566=EDGE_CURVE('',#2710,#2787,#2154,.T.);
#3567=EDGE_CURVE('',#2711,#2788,#2155,.T.);
#3568=EDGE_CURVE('',#2712,#2789,#2156,.T.);
#3569=EDGE_CURVE('',#2713,#2790,#2157,.T.);
#3570=EDGE_CURVE('',#2714,#2791,#2158,.T.);
#3571=EDGE_CURVE('',#2715,#2792,#2159,.T.);
#3572=EDGE_CURVE('',#2716,#2793,#2160,.T.);
#3573=EDGE_CURVE('',#2717,#2794,#2161,.T.);
#3574=EDGE_CURVE('',#2718,#2795,#2162,.T.);
#3575=EDGE_CURVE('',#2719,#2796,#2163,.T.);
#3576=EDGE_CURVE('',#2720,#2797,#2164,.T.);
#3577=EDGE_CURVE('',#2721,#2798,#2165,.T.);
#3578=EDGE_CURVE('',#2722,#2799,#2166,.T.);
#3579=EDGE_CURVE('',#2723,#2800,#2167,.T.);
#3580=EDGE_CURVE('',#2724,#2801,#2168,.T.);
#3581=EDGE_CURVE('',#2725,#2802,#2169,.T.);
#3582=EDGE_CURVE('',#2726,#2803,#2170,.T.);
#3583=EDGE_CURVE('',#2727,#2804,#2171,.T.);
#3584=EDGE_CURVE('',#2728,#2805,#2172,.T.);
#3585=EDGE_CURVE('',#2729,#2806,#2173,.T.);
#3586=EDGE_CURVE('',#2730,#2807,#2174,.T.);
#3587=EDGE_CURVE('',#2731,#2808,#2175,.T.);
#3588=EDGE_CURVE('',#2732,#2809,#2176,.T.);
#3589=EDGE_CURVE('',#2733,#2810,#2177,.T.);
#3590=EDGE_CURVE('',#2734,#2811,#2178,.T.);
#3591=EDGE_CURVE('',#2735,#2812,#2179,.T.);
#3592=EDGE_CURVE('',#2736,#2813,#2180,.T.);
#3593=EDGE_CURVE('',#2737,#2814,#2181,.T.);
#3594=EDGE_CURVE('',#2738,#2815,#2182,.T.);
#3595=EDGE_CURVE('',#2739,#2816,#2183,.T.);
#3596=EDGE_CURVE('',#2740,#2817,#2184,.T.);
#3597=EDGE_CURVE('',#2741,#2818,#2185,.T.);
#3598=EDGE_CURVE('',#2742,#2819,#2186,.T.);
#3599=EDGE_CURVE('',#2743,#2820,#2187,.T.);
#3600=EDGE_CURVE('',#2744,#2821,#2188,.T.);
#3601=EDGE_CURVE('',#2745,#2822,#2189,.T.);
#3602=EDGE_CURVE('',#2746,#2823,#2190,.T.);
#3603=EDGE_CURVE('',#2747,#2824,#2191,.T.);
#3604=EDGE_CURVE('',#2748,#2825,#2192,.T.);
#3605=EDGE_CURVE('',#2749,#2826,#2193,.T.);
#3606=EDGE_CURVE('',#2750,#2827,#2194,.T.);
#3607=EDGE_CURVE('',#2751,#2828,#2195,.T.);
#3608=EDGE_CURVE('',#2752,#2829,#2196,.T.);
#3609=EDGE_CURVE('',#2753,#2830,#2197,.T.);
#3610=EDGE_CURVE('',#2754,#2831,#2198,.T.);
#3611=EDGE_CURVE('',#2755,#2832,#2199,.T.);
#3612=EDGE_CURVE('',#2756,#2833,#2200,.T.);
#3613=EDGE_CURVE('',#2757,#2834,#2201,.T.);
#3614=EDGE_CURVE('',#2758,#2835,#2202,.T.);
#3615=EDGE_CURVE('',#2759,#2836,#2203,.T.);
#3616=EDGE_CURVE('',#2760,#2837,#2204,.T.);
#3617=EDGE_CURVE('',#2761,#2838,#2205,.T.);
#3618=EDGE_CURVE('',#2762,#2839,#2206,.T.);
#3619=EDGE_CURVE('',#2763,#2840,#2207,.T.);
#3620=EDGE_CURVE('',#2764,#2841,#2208,.T.);
#3621=EDGE_CURVE('',#2765,#2842,#2209,.T.);
#3622=EDGE_CURVE('',#2766,#2843,#2210,.T.);
#3623=EDGE_CURVE('',#2767,#2844,#2211,.T.);
#3624=EDGE_CURVE('',#2768,#2845,#2212,.T.);
#3625=EDGE_CURVE('',#2851,#2928,#2213,.T.);
#3626=EDGE_CURVE('',#2852,#2929,#2214,.T.);
#3627=EDGE_CURVE('',#2853,#2930,#2215,.T.);
#3628=EDGE_CURVE('',#2854,#2931,#2216,.T.);
#3629=EDGE_CURVE('',#2855,#2932,#2217,.T.);
#3630=EDGE_CURVE('',#2856,#2933,#2218,.T.);
#3631=EDGE_CURVE('',#2857,#2934,#2219,.T.);
#3632=EDGE_CURVE('',#2858,#2935,#2220,.T.);
#3633=EDGE_CURVE('',#2859,#2936,#2221,.T.);
#3634=EDGE_CURVE('',#2860,#2937,#2222,.T.);
#3635=EDGE_CURVE('',#2861,#2938,#2223,.T.);
#3636=EDGE_CURVE('',#2862,#2939,#2224,.T.);
#3637=EDGE_CURVE('',#2863,#2940,#2225,.T.);
#3638=EDGE_CURVE('',#2864,#2941,#2226,.T.);
#3639=EDGE_CURVE('',#2865,#2942,#2227,.T.);
#3640=EDGE_CURVE('',#2866,#2943,#2228,.T.);
#3641=EDGE_CURVE('',#2867,#2944,#2229,.T.);
#3642=EDGE_CURVE('',#2868,#2945,#2230,.T.);
#3643=EDGE_CURVE('',#2869,#2946,#2231,.T.);
#3644=EDGE_CURVE('',#2870,#2947,#2232,.T.);
#3645=EDGE_CURVE('',#2871,#2948,#2233,.T.);
#3646=EDGE_CURVE('',#2872,#2949,#2234,.T.);
#3647=EDGE_CURVE('',#2873,#2950,#2235,.T.);
#3648=EDGE_CURVE('',#2874,#2951,#2236,.T.);
#3649=EDGE_CURVE('',#2875,#2952,#2237,.T.);
#3650=EDGE_CURVE('',#2876,#2953,#2238,.T.);
#3651=EDGE_CURVE('',#2877,#2954,#2239,.T.);
#3652=EDGE_CURVE('',#2878,#2955,#2240,.T.);
#3653=EDGE_CURVE('',#2879,#2956,#2241,.T.);
#3654=EDGE_CURVE('',#2880,#2957,#2242,.T.);
#3655=EDGE_CURVE('',#2881,#2958,#2243,.T.);
#3656=EDGE_CURVE('',#2882,#2959,#2244,.T.);
#3657=EDGE_CURVE('',#2883,#2960,#2245,.T.);
#3658=EDGE_CURVE('',#2884,#2961,#2246,.T.);
#3659=EDGE_CURVE('',#2885,#2962,#2247,.T.);
#3660=EDGE_CURVE('',#2886,#2963,#2248,.T.);
#3661=EDGE_CURVE('',#2887,#2964,#2249,.T.);
#3662=EDGE_CURVE('',#2888,#2965,#2250,.T.);
#3663=EDGE_CURVE('',#2889,#2966,#2251,.T.);
#3664=EDGE_CURVE('',#2890,#2967,#2252,.T.);
#3665=EDGE_CURVE('',#2891,#2968,#2253,.T.);
#3666=EDGE_CURVE('',#2892,#2969,#2254,.T.);
#3667=EDGE_CURVE('',#2893,#2970,#2255,.T.);
#3668=EDGE_CURVE('',#2894,#2971,#2256,.T.);
#3669=EDGE_CURVE('',#2895,#2972,#2257,.T.);
#3670=EDGE_CURVE('',#2896,#2973,#2258,.T.);
#3671=EDGE_CURVE('',#2897,#2974,#2259,.T.);
#3672=EDGE_CURVE('',#2898,#2975,#2260,.T.);
#3673=EDGE_CURVE('',#2899,#2976,#2261,.T.);
#3674=EDGE_CURVE('',#2900,#2977,#2262,.T.);
#3675=EDGE_CURVE('',#2901,#2978,#2263,.T.);
#3676=EDGE_CURVE('',#2902,#2979,#2264,.T.);
#3677=EDGE_CURVE('',#2903,#2980,#2265,.T.);
#3678=EDGE_CURVE('',#2904,#2981,#2266,.T.);
#3679=EDGE_CURVE('',#2905,#2982,#2267,.T.);
#3680=EDGE_CURVE('',#2906,#2983,#2268,.T.);
#3681=EDGE_CURVE('',#2907,#2984,#2269,.T.);
#3682=EDGE_CURVE('',#2908,#2985,#2270,.T.);
#3683=EDGE_CURVE('',#2909,#2986,#2271,.T.);
#3684=EDGE_CURVE('',#2910,#2987,#2272,.T.);
#3685=EDGE_CURVE('',#2911,#2988,#2273,.T.);
#3686=EDGE_CURVE('',#2912,#2989,#2274,.T.);
#3687=EDGE_CURVE('',#2913,#2990,#2275,.T.);
#3688=EDGE_CURVE('',#2914,#2991,#2276,.T.);
#3689=EDGE_CURVE('',#2915,#2992,#2277,.T.);
#3690=EDGE_CURVE('',#2916,#2993,#2278,.T.);
#3691=EDGE_CURVE('',#2917,#2994,#2279,.T.);
#3692=EDGE_CURVE('',#2918,#2995,#2280,.T.);
#3693=EDGE_CURVE('',#2919,#2996,#2281,.T.);
#3694=EDGE_CURVE('',#2920,#2997,#2282,.T.);
#3695=EDGE_CURVE('',#2921,#2998,#2283,.T.);
#3696=EDGE_CURVE('',#2922,#2999,#2284,.T.);
#3697=EDGE_CURVE('',#2923,#3000,#2285,.T.);
#3698=EDGE_CURVE('',#2769,#2846,#2286,.T.);
#3699=ORIENTED_EDGE('',*,*,#3001,.T.);
#3700=ORIENTED_EDGE('',*,*,#3002,.T.);
#3701=ORIENTED_EDGE('',*,*,#3003,.T.);
#3702=ORIENTED_EDGE('',*,*,#3004,.T.);
#3703=ORIENTED_EDGE('',*,*,#3005,.T.);
#3704=ORIENTED_EDGE('',*,*,#3006,.T.);
#3705=ORIENTED_EDGE('',*,*,#3007,.T.);
#3706=ORIENTED_EDGE('',*,*,#3008,.T.);
#3707=ORIENTED_EDGE('',*,*,#3009,.T.);
#3708=ORIENTED_EDGE('',*,*,#3010,.T.);
#3709=ORIENTED_EDGE('',*,*,#3011,.T.);
#3710=ORIENTED_EDGE('',*,*,#3012,.T.);
#3711=ORIENTED_EDGE('',*,*,#3013,.T.);
#3712=ORIENTED_EDGE('',*,*,#3014,.T.);
#3713=ORIENTED_EDGE('',*,*,#3015,.T.);
#3714=ORIENTED_EDGE('',*,*,#3016,.T.);
#3715=ORIENTED_EDGE('',*,*,#3017,.T.);
#3716=ORIENTED_EDGE('',*,*,#3018,.T.);
#3717=ORIENTED_EDGE('',*,*,#3019,.T.);
#3718=ORIENTED_EDGE('',*,*,#3020,.T.);
#3719=ORIENTED_EDGE('',*,*,#3021,.T.);
#3720=ORIENTED_EDGE('',*,*,#3022,.T.);
#3721=ORIENTED_EDGE('',*,*,#3023,.T.);
#3722=ORIENTED_EDGE('',*,*,#3024,.T.);
#3723=ORIENTED_EDGE('',*,*,#3025,.T.);
#3724=ORIENTED_EDGE('',*,*,#3026,.T.);
#3725=ORIENTED_EDGE('',*,*,#3027,.T.);
#3726=ORIENTED_EDGE('',*,*,#3028,.T.);
#3727=ORIENTED_EDGE('',*,*,#3029,.T.);
#3728=ORIENTED_EDGE('',*,*,#3030,.T.);
#3729=ORIENTED_EDGE('',*,*,#3031,.T.);
#3730=ORIENTED_EDGE('',*,*,#3032,.T.);
#3731=ORIENTED_EDGE('',*,*,#3033,.T.);
#3732=ORIENTED_EDGE('',*,*,#3034,.T.);
#3733=ORIENTED_EDGE('',*,*,#3035,.T.);
#3734=ORIENTED_EDGE('',*,*,#3036,.T.);
#3735=ORIENTED_EDGE('',*,*,#3037,.T.);
#3736=ORIENTED_EDGE('',*,*,#3038,.T.);
#3737=ORIENTED_EDGE('',*,*,#3039,.T.);
#3738=ORIENTED_EDGE('',*,*,#3040,.T.);
#3739=ORIENTED_EDGE('',*,*,#3041,.T.);
#3740=ORIENTED_EDGE('',*,*,#3042,.T.);
#3741=ORIENTED_EDGE('',*,*,#3043,.T.);
#3742=ORIENTED_EDGE('',*,*,#3044,.T.);
#3743=ORIENTED_EDGE('',*,*,#3045,.T.);
#3744=ORIENTED_EDGE('',*,*,#3046,.T.);
#3745=ORIENTED_EDGE('',*,*,#3047,.T.);
#3746=ORIENTED_EDGE('',*,*,#3048,.T.);
#3747=ORIENTED_EDGE('',*,*,#3049,.T.);
#3748=ORIENTED_EDGE('',*,*,#3050,.T.);
#3749=ORIENTED_EDGE('',*,*,#3051,.T.);
#3750=ORIENTED_EDGE('',*,*,#3052,.T.);
#3751=ORIENTED_EDGE('',*,*,#3053,.T.);
#3752=ORIENTED_EDGE('',*,*,#3054,.T.);
#3753=ORIENTED_EDGE('',*,*,#3055,.T.);
#3754=ORIENTED_EDGE('',*,*,#3056,.T.);
#3755=ORIENTED_EDGE('',*,*,#3057,.T.);
#3756=ORIENTED_EDGE('',*,*,#3058,.T.);
#3757=ORIENTED_EDGE('',*,*,#3059,.T.);
#3758=ORIENTED_EDGE('',*,*,#3060,.T.);
#3759=ORIENTED_EDGE('',*,*,#3061,.T.);
#3760=ORIENTED_EDGE('',*,*,#3062,.T.);
#3761=ORIENTED_EDGE('',*,*,#3063,.T.);
#3762=ORIENTED_EDGE('',*,*,#3064,.T.);
#3763=ORIENTED_EDGE('',*,*,#3065,.T.);
#3764=ORIENTED_EDGE('',*,*,#3066,.T.);
#3765=ORIENTED_EDGE('',*,*,#3067,.T.);
#3766=ORIENTED_EDGE('',*,*,#3068,.T.);
#3767=ORIENTED_EDGE('',*,*,#3069,.T.);
#3768=ORIENTED_EDGE('',*,*,#3070,.T.);
#3769=ORIENTED_EDGE('',*,*,#3071,.T.);
#3770=ORIENTED_EDGE('',*,*,#3072,.T.);
#3771=ORIENTED_EDGE('',*,*,#3073,.T.);
#3772=ORIENTED_EDGE('',*,*,#3074,.T.);
#3773=ORIENTED_EDGE('',*,*,#3075,.T.);
#3774=ORIENTED_EDGE('',*,*,#3076,.T.);
#3775=ORIENTED_EDGE('',*,*,#3077,.T.);
#3776=ORIENTED_EDGE('',*,*,#3078,.T.);
#3777=ORIENTED_EDGE('',*,*,#3003,.F.);
#3778=ORIENTED_EDGE('',*,*,#3079,.F.);
#3779=ORIENTED_EDGE('',*,*,#3080,.T.);
#3780=ORIENTED_EDGE('',*,*,#3004,.F.);
#3781=ORIENTED_EDGE('',*,*,#3078,.F.);
#3782=ORIENTED_EDGE('',*,*,#3081,.T.);
#3783=ORIENTED_EDGE('',*,*,#3082,.T.);
#3784=ORIENTED_EDGE('',*,*,#3083,.T.);
#3785=ORIENTED_EDGE('',*,*,#3076,.F.);
#3786=ORIENTED_EDGE('',*,*,#3083,.F.);
#3787=ORIENTED_EDGE('',*,*,#3084,.T.);
#3788=ORIENTED_EDGE('',*,*,#3085,.T.);
#3789=ORIENTED_EDGE('',*,*,#3075,.F.);
#3790=ORIENTED_EDGE('',*,*,#3085,.F.);
#3791=ORIENTED_EDGE('',*,*,#3086,.T.);
#3792=ORIENTED_EDGE('',*,*,#3087,.T.);
#3793=ORIENTED_EDGE('',*,*,#3074,.F.);
#3794=ORIENTED_EDGE('',*,*,#3087,.F.);
#3795=ORIENTED_EDGE('',*,*,#3088,.T.);
#3796=ORIENTED_EDGE('',*,*,#3089,.T.);
#3797=ORIENTED_EDGE('',*,*,#3073,.F.);
#3798=ORIENTED_EDGE('',*,*,#3089,.F.);
#3799=ORIENTED_EDGE('',*,*,#3090,.T.);
#3800=ORIENTED_EDGE('',*,*,#3091,.T.);
#3801=ORIENTED_EDGE('',*,*,#3072,.F.);
#3802=ORIENTED_EDGE('',*,*,#3091,.F.);
#3803=ORIENTED_EDGE('',*,*,#3092,.T.);
#3804=ORIENTED_EDGE('',*,*,#3093,.T.);
#3805=ORIENTED_EDGE('',*,*,#3071,.F.);
#3806=ORIENTED_EDGE('',*,*,#3093,.F.);
#3807=ORIENTED_EDGE('',*,*,#3094,.T.);
#3808=ORIENTED_EDGE('',*,*,#3095,.T.);
#3809=ORIENTED_EDGE('',*,*,#3070,.F.);
#3810=ORIENTED_EDGE('',*,*,#3095,.F.);
#3811=ORIENTED_EDGE('',*,*,#3096,.T.);
#3812=ORIENTED_EDGE('',*,*,#3097,.T.);
#3813=ORIENTED_EDGE('',*,*,#3069,.F.);
#3814=ORIENTED_EDGE('',*,*,#3097,.F.);
#3815=ORIENTED_EDGE('',*,*,#3098,.T.);
#3816=ORIENTED_EDGE('',*,*,#3099,.T.);
#3817=ORIENTED_EDGE('',*,*,#3068,.F.);
#3818=ORIENTED_EDGE('',*,*,#3099,.F.);
#3819=ORIENTED_EDGE('',*,*,#3100,.T.);
#3820=ORIENTED_EDGE('',*,*,#3101,.T.);
#3821=ORIENTED_EDGE('',*,*,#3067,.F.);
#3822=ORIENTED_EDGE('',*,*,#3101,.F.);
#3823=ORIENTED_EDGE('',*,*,#3102,.T.);
#3824=ORIENTED_EDGE('',*,*,#3103,.T.);
#3825=ORIENTED_EDGE('',*,*,#3066,.F.);
#3826=ORIENTED_EDGE('',*,*,#3103,.F.);
#3827=ORIENTED_EDGE('',*,*,#3104,.T.);
#3828=ORIENTED_EDGE('',*,*,#3105,.T.);
#3829=ORIENTED_EDGE('',*,*,#3065,.F.);
#3830=ORIENTED_EDGE('',*,*,#3105,.F.);
#3831=ORIENTED_EDGE('',*,*,#3106,.T.);
#3832=ORIENTED_EDGE('',*,*,#3107,.T.);
#3833=ORIENTED_EDGE('',*,*,#3064,.F.);
#3834=ORIENTED_EDGE('',*,*,#3107,.F.);
#3835=ORIENTED_EDGE('',*,*,#3108,.T.);
#3836=ORIENTED_EDGE('',*,*,#3109,.T.);
#3837=ORIENTED_EDGE('',*,*,#3063,.F.);
#3838=ORIENTED_EDGE('',*,*,#3109,.F.);
#3839=ORIENTED_EDGE('',*,*,#3110,.T.);
#3840=ORIENTED_EDGE('',*,*,#3111,.T.);
#3841=ORIENTED_EDGE('',*,*,#3062,.F.);
#3842=ORIENTED_EDGE('',*,*,#3111,.F.);
#3843=ORIENTED_EDGE('',*,*,#3112,.T.);
#3844=ORIENTED_EDGE('',*,*,#3113,.T.);
#3845=ORIENTED_EDGE('',*,*,#3061,.F.);
#3846=ORIENTED_EDGE('',*,*,#3113,.F.);
#3847=ORIENTED_EDGE('',*,*,#3114,.T.);
#3848=ORIENTED_EDGE('',*,*,#3115,.T.);
#3849=ORIENTED_EDGE('',*,*,#3060,.F.);
#3850=ORIENTED_EDGE('',*,*,#3115,.F.);
#3851=ORIENTED_EDGE('',*,*,#3116,.T.);
#3852=ORIENTED_EDGE('',*,*,#3117,.T.);
#3853=ORIENTED_EDGE('',*,*,#3059,.F.);
#3854=ORIENTED_EDGE('',*,*,#3117,.F.);
#3855=ORIENTED_EDGE('',*,*,#3118,.T.);
#3856=ORIENTED_EDGE('',*,*,#3119,.T.);
#3857=ORIENTED_EDGE('',*,*,#3058,.F.);
#3858=ORIENTED_EDGE('',*,*,#3119,.F.);
#3859=ORIENTED_EDGE('',*,*,#3120,.T.);
#3860=ORIENTED_EDGE('',*,*,#3121,.T.);
#3861=ORIENTED_EDGE('',*,*,#3057,.F.);
#3862=ORIENTED_EDGE('',*,*,#3121,.F.);
#3863=ORIENTED_EDGE('',*,*,#3122,.T.);
#3864=ORIENTED_EDGE('',*,*,#3123,.T.);
#3865=ORIENTED_EDGE('',*,*,#3056,.F.);
#3866=ORIENTED_EDGE('',*,*,#3123,.F.);
#3867=ORIENTED_EDGE('',*,*,#3124,.T.);
#3868=ORIENTED_EDGE('',*,*,#3125,.T.);
#3869=ORIENTED_EDGE('',*,*,#3055,.F.);
#3870=ORIENTED_EDGE('',*,*,#3125,.F.);
#3871=ORIENTED_EDGE('',*,*,#3126,.T.);
#3872=ORIENTED_EDGE('',*,*,#3127,.T.);
#3873=ORIENTED_EDGE('',*,*,#3054,.F.);
#3874=ORIENTED_EDGE('',*,*,#3127,.F.);
#3875=ORIENTED_EDGE('',*,*,#3128,.T.);
#3876=ORIENTED_EDGE('',*,*,#3129,.T.);
#3877=ORIENTED_EDGE('',*,*,#3053,.F.);
#3878=ORIENTED_EDGE('',*,*,#3129,.F.);
#3879=ORIENTED_EDGE('',*,*,#3130,.T.);
#3880=ORIENTED_EDGE('',*,*,#3131,.T.);
#3881=ORIENTED_EDGE('',*,*,#3052,.F.);
#3882=ORIENTED_EDGE('',*,*,#3131,.F.);
#3883=ORIENTED_EDGE('',*,*,#3132,.T.);
#3884=ORIENTED_EDGE('',*,*,#3133,.T.);
#3885=ORIENTED_EDGE('',*,*,#3051,.F.);
#3886=ORIENTED_EDGE('',*,*,#3133,.F.);
#3887=ORIENTED_EDGE('',*,*,#3134,.T.);
#3888=ORIENTED_EDGE('',*,*,#3135,.T.);
#3889=ORIENTED_EDGE('',*,*,#3050,.F.);
#3890=ORIENTED_EDGE('',*,*,#3135,.F.);
#3891=ORIENTED_EDGE('',*,*,#3136,.T.);
#3892=ORIENTED_EDGE('',*,*,#3137,.T.);
#3893=ORIENTED_EDGE('',*,*,#3049,.F.);
#3894=ORIENTED_EDGE('',*,*,#3137,.F.);
#3895=ORIENTED_EDGE('',*,*,#3138,.T.);
#3896=ORIENTED_EDGE('',*,*,#3139,.T.);
#3897=ORIENTED_EDGE('',*,*,#3048,.F.);
#3898=ORIENTED_EDGE('',*,*,#3139,.F.);
#3899=ORIENTED_EDGE('',*,*,#3140,.T.);
#3900=ORIENTED_EDGE('',*,*,#3141,.T.);
#3901=ORIENTED_EDGE('',*,*,#3047,.F.);
#3902=ORIENTED_EDGE('',*,*,#3141,.F.);
#3903=ORIENTED_EDGE('',*,*,#3142,.T.);
#3904=ORIENTED_EDGE('',*,*,#3143,.T.);
#3905=ORIENTED_EDGE('',*,*,#3046,.F.);
#3906=ORIENTED_EDGE('',*,*,#3143,.F.);
#3907=ORIENTED_EDGE('',*,*,#3144,.T.);
#3908=ORIENTED_EDGE('',*,*,#3145,.T.);
#3909=ORIENTED_EDGE('',*,*,#3045,.F.);
#3910=ORIENTED_EDGE('',*,*,#3145,.F.);
#3911=ORIENTED_EDGE('',*,*,#3146,.T.);
#3912=ORIENTED_EDGE('',*,*,#3147,.T.);
#3913=ORIENTED_EDGE('',*,*,#3044,.F.);
#3914=ORIENTED_EDGE('',*,*,#3147,.F.);
#3915=ORIENTED_EDGE('',*,*,#3148,.T.);
#3916=ORIENTED_EDGE('',*,*,#3149,.T.);
#3917=ORIENTED_EDGE('',*,*,#3043,.F.);
#3918=ORIENTED_EDGE('',*,*,#3149,.F.);
#3919=ORIENTED_EDGE('',*,*,#3150,.T.);
#3920=ORIENTED_EDGE('',*,*,#3151,.T.);
#3921=ORIENTED_EDGE('',*,*,#3042,.F.);
#3922=ORIENTED_EDGE('',*,*,#3151,.F.);
#3923=ORIENTED_EDGE('',*,*,#3152,.T.);
#3924=ORIENTED_EDGE('',*,*,#3153,.T.);
#3925=ORIENTED_EDGE('',*,*,#3041,.F.);
#3926=ORIENTED_EDGE('',*,*,#3153,.F.);
#3927=ORIENTED_EDGE('',*,*,#3154,.T.);
#3928=ORIENTED_EDGE('',*,*,#3155,.T.);
#3929=ORIENTED_EDGE('',*,*,#3040,.F.);
#3930=ORIENTED_EDGE('',*,*,#3155,.F.);
#3931=ORIENTED_EDGE('',*,*,#3156,.T.);
#3932=ORIENTED_EDGE('',*,*,#3157,.T.);
#3933=ORIENTED_EDGE('',*,*,#3039,.F.);
#3934=ORIENTED_EDGE('',*,*,#3157,.F.);
#3935=ORIENTED_EDGE('',*,*,#3158,.T.);
#3936=ORIENTED_EDGE('',*,*,#3159,.T.);
#3937=ORIENTED_EDGE('',*,*,#3038,.F.);
#3938=ORIENTED_EDGE('',*,*,#3159,.F.);
#3939=ORIENTED_EDGE('',*,*,#3160,.T.);
#3940=ORIENTED_EDGE('',*,*,#3161,.T.);
#3941=ORIENTED_EDGE('',*,*,#3037,.F.);
#3942=ORIENTED_EDGE('',*,*,#3161,.F.);
#3943=ORIENTED_EDGE('',*,*,#3162,.T.);
#3944=ORIENTED_EDGE('',*,*,#3163,.T.);
#3945=ORIENTED_EDGE('',*,*,#3036,.F.);
#3946=ORIENTED_EDGE('',*,*,#3163,.F.);
#3947=ORIENTED_EDGE('',*,*,#3164,.T.);
#3948=ORIENTED_EDGE('',*,*,#3165,.T.);
#3949=ORIENTED_EDGE('',*,*,#3035,.F.);
#3950=ORIENTED_EDGE('',*,*,#3165,.F.);
#3951=ORIENTED_EDGE('',*,*,#3166,.T.);
#3952=ORIENTED_EDGE('',*,*,#3167,.T.);
#3953=ORIENTED_EDGE('',*,*,#3034,.F.);
#3954=ORIENTED_EDGE('',*,*,#3167,.F.);
#3955=ORIENTED_EDGE('',*,*,#3168,.T.);
#3956=ORIENTED_EDGE('',*,*,#3169,.T.);
#3957=ORIENTED_EDGE('',*,*,#3033,.F.);
#3958=ORIENTED_EDGE('',*,*,#3169,.F.);
#3959=ORIENTED_EDGE('',*,*,#3170,.T.);
#3960=ORIENTED_EDGE('',*,*,#3171,.T.);
#3961=ORIENTED_EDGE('',*,*,#3032,.F.);
#3962=ORIENTED_EDGE('',*,*,#3171,.F.);
#3963=ORIENTED_EDGE('',*,*,#3172,.T.);
#3964=ORIENTED_EDGE('',*,*,#3173,.T.);
#3965=ORIENTED_EDGE('',*,*,#3031,.F.);
#3966=ORIENTED_EDGE('',*,*,#3173,.F.);
#3967=ORIENTED_EDGE('',*,*,#3174,.T.);
#3968=ORIENTED_EDGE('',*,*,#3175,.T.);
#3969=ORIENTED_EDGE('',*,*,#3030,.F.);
#3970=ORIENTED_EDGE('',*,*,#3175,.F.);
#3971=ORIENTED_EDGE('',*,*,#3176,.T.);
#3972=ORIENTED_EDGE('',*,*,#3177,.T.);
#3973=ORIENTED_EDGE('',*,*,#3029,.F.);
#3974=ORIENTED_EDGE('',*,*,#3177,.F.);
#3975=ORIENTED_EDGE('',*,*,#3178,.T.);
#3976=ORIENTED_EDGE('',*,*,#3179,.T.);
#3977=ORIENTED_EDGE('',*,*,#3028,.F.);
#3978=ORIENTED_EDGE('',*,*,#3179,.F.);
#3979=ORIENTED_EDGE('',*,*,#3180,.T.);
#3980=ORIENTED_EDGE('',*,*,#3181,.T.);
#3981=ORIENTED_EDGE('',*,*,#3027,.F.);
#3982=ORIENTED_EDGE('',*,*,#3181,.F.);
#3983=ORIENTED_EDGE('',*,*,#3182,.T.);
#3984=ORIENTED_EDGE('',*,*,#3183,.T.);
#3985=ORIENTED_EDGE('',*,*,#3026,.F.);
#3986=ORIENTED_EDGE('',*,*,#3183,.F.);
#3987=ORIENTED_EDGE('',*,*,#3184,.T.);
#3988=ORIENTED_EDGE('',*,*,#3185,.T.);
#3989=ORIENTED_EDGE('',*,*,#3025,.F.);
#3990=ORIENTED_EDGE('',*,*,#3185,.F.);
#3991=ORIENTED_EDGE('',*,*,#3186,.T.);
#3992=ORIENTED_EDGE('',*,*,#3187,.T.);
#3993=ORIENTED_EDGE('',*,*,#3024,.F.);
#3994=ORIENTED_EDGE('',*,*,#3187,.F.);
#3995=ORIENTED_EDGE('',*,*,#3188,.T.);
#3996=ORIENTED_EDGE('',*,*,#3189,.T.);
#3997=ORIENTED_EDGE('',*,*,#3023,.F.);
#3998=ORIENTED_EDGE('',*,*,#3189,.F.);
#3999=ORIENTED_EDGE('',*,*,#3190,.T.);
#4000=ORIENTED_EDGE('',*,*,#3191,.T.);
#4001=ORIENTED_EDGE('',*,*,#3022,.F.);
#4002=ORIENTED_EDGE('',*,*,#3191,.F.);
#4003=ORIENTED_EDGE('',*,*,#3192,.T.);
#4004=ORIENTED_EDGE('',*,*,#3193,.T.);
#4005=ORIENTED_EDGE('',*,*,#3021,.F.);
#4006=ORIENTED_EDGE('',*,*,#3193,.F.);
#4007=ORIENTED_EDGE('',*,*,#3194,.T.);
#4008=ORIENTED_EDGE('',*,*,#3195,.T.);
#4009=ORIENTED_EDGE('',*,*,#3020,.F.);
#4010=ORIENTED_EDGE('',*,*,#3195,.F.);
#4011=ORIENTED_EDGE('',*,*,#3196,.T.);
#4012=ORIENTED_EDGE('',*,*,#3197,.T.);
#4013=ORIENTED_EDGE('',*,*,#3019,.F.);
#4014=ORIENTED_EDGE('',*,*,#3197,.F.);
#4015=ORIENTED_EDGE('',*,*,#3198,.T.);
#4016=ORIENTED_EDGE('',*,*,#3199,.T.);
#4017=ORIENTED_EDGE('',*,*,#3018,.F.);
#4018=ORIENTED_EDGE('',*,*,#3199,.F.);
#4019=ORIENTED_EDGE('',*,*,#3200,.T.);
#4020=ORIENTED_EDGE('',*,*,#3201,.T.);
#4021=ORIENTED_EDGE('',*,*,#3017,.F.);
#4022=ORIENTED_EDGE('',*,*,#3201,.F.);
#4023=ORIENTED_EDGE('',*,*,#3202,.T.);
#4024=ORIENTED_EDGE('',*,*,#3203,.T.);
#4025=ORIENTED_EDGE('',*,*,#3016,.F.);
#4026=ORIENTED_EDGE('',*,*,#3203,.F.);
#4027=ORIENTED_EDGE('',*,*,#3204,.T.);
#4028=ORIENTED_EDGE('',*,*,#3205,.T.);
#4029=ORIENTED_EDGE('',*,*,#3015,.F.);
#4030=ORIENTED_EDGE('',*,*,#3205,.F.);
#4031=ORIENTED_EDGE('',*,*,#3206,.T.);
#4032=ORIENTED_EDGE('',*,*,#3207,.T.);
#4033=ORIENTED_EDGE('',*,*,#3014,.F.);
#4034=ORIENTED_EDGE('',*,*,#3207,.F.);
#4035=ORIENTED_EDGE('',*,*,#3208,.T.);
#4036=ORIENTED_EDGE('',*,*,#3209,.T.);
#4037=ORIENTED_EDGE('',*,*,#3013,.F.);
#4038=ORIENTED_EDGE('',*,*,#3209,.F.);
#4039=ORIENTED_EDGE('',*,*,#3210,.T.);
#4040=ORIENTED_EDGE('',*,*,#3211,.T.);
#4041=ORIENTED_EDGE('',*,*,#3012,.F.);
#4042=ORIENTED_EDGE('',*,*,#3211,.F.);
#4043=ORIENTED_EDGE('',*,*,#3212,.T.);
#4044=ORIENTED_EDGE('',*,*,#3213,.T.);
#4045=ORIENTED_EDGE('',*,*,#3011,.F.);
#4046=ORIENTED_EDGE('',*,*,#3213,.F.);
#4047=ORIENTED_EDGE('',*,*,#3214,.T.);
#4048=ORIENTED_EDGE('',*,*,#3215,.T.);
#4049=ORIENTED_EDGE('',*,*,#3010,.F.);
#4050=ORIENTED_EDGE('',*,*,#3215,.F.);
#4051=ORIENTED_EDGE('',*,*,#3216,.T.);
#4052=ORIENTED_EDGE('',*,*,#3217,.T.);
#4053=ORIENTED_EDGE('',*,*,#3009,.F.);
#4054=ORIENTED_EDGE('',*,*,#3217,.F.);
#4055=ORIENTED_EDGE('',*,*,#3218,.T.);
#4056=ORIENTED_EDGE('',*,*,#3219,.T.);
#4057=ORIENTED_EDGE('',*,*,#3008,.F.);
#4058=ORIENTED_EDGE('',*,*,#3219,.F.);
#4059=ORIENTED_EDGE('',*,*,#3220,.T.);
#4060=ORIENTED_EDGE('',*,*,#3221,.T.);
#4061=ORIENTED_EDGE('',*,*,#3007,.F.);
#4062=ORIENTED_EDGE('',*,*,#3221,.F.);
#4063=ORIENTED_EDGE('',*,*,#3222,.T.);
#4064=ORIENTED_EDGE('',*,*,#3223,.T.);
#4065=ORIENTED_EDGE('',*,*,#3006,.F.);
#4066=ORIENTED_EDGE('',*,*,#3223,.F.);
#4067=ORIENTED_EDGE('',*,*,#3224,.T.);
#4068=ORIENTED_EDGE('',*,*,#3225,.T.);
#4069=ORIENTED_EDGE('',*,*,#3005,.F.);
#4070=ORIENTED_EDGE('',*,*,#3225,.F.);
#4071=ORIENTED_EDGE('',*,*,#3226,.T.);
#4072=ORIENTED_EDGE('',*,*,#3081,.F.);
#4073=ORIENTED_EDGE('',*,*,#3077,.F.);
#4074=ORIENTED_EDGE('',*,*,#3227,.F.);
#4075=ORIENTED_EDGE('',*,*,#3082,.F.);
#4076=ORIENTED_EDGE('',*,*,#3084,.F.);
#4077=ORIENTED_EDGE('',*,*,#3086,.F.);
#4078=ORIENTED_EDGE('',*,*,#3088,.F.);
#4079=ORIENTED_EDGE('',*,*,#3090,.F.);
#4080=ORIENTED_EDGE('',*,*,#3092,.F.);
#4081=ORIENTED_EDGE('',*,*,#3094,.F.);
#4082=ORIENTED_EDGE('',*,*,#3096,.F.);
#4083=ORIENTED_EDGE('',*,*,#3098,.F.);
#4084=ORIENTED_EDGE('',*,*,#3100,.F.);
#4085=ORIENTED_EDGE('',*,*,#3102,.F.);
#4086=ORIENTED_EDGE('',*,*,#3104,.F.);
#4087=ORIENTED_EDGE('',*,*,#3106,.F.);
#4088=ORIENTED_EDGE('',*,*,#3108,.F.);
#4089=ORIENTED_EDGE('',*,*,#3110,.F.);
#4090=ORIENTED_EDGE('',*,*,#3112,.F.);
#4091=ORIENTED_EDGE('',*,*,#3114,.F.);
#4092=ORIENTED_EDGE('',*,*,#3116,.F.);
#4093=ORIENTED_EDGE('',*,*,#3118,.F.);
#4094=ORIENTED_EDGE('',*,*,#3120,.F.);
#4095=ORIENTED_EDGE('',*,*,#3122,.F.);
#4096=ORIENTED_EDGE('',*,*,#3124,.F.);
#4097=ORIENTED_EDGE('',*,*,#3126,.F.);
#4098=ORIENTED_EDGE('',*,*,#3128,.F.);
#4099=ORIENTED_EDGE('',*,*,#3130,.F.);
#4100=ORIENTED_EDGE('',*,*,#3132,.F.);
#4101=ORIENTED_EDGE('',*,*,#3134,.F.);
#4102=ORIENTED_EDGE('',*,*,#3136,.F.);
#4103=ORIENTED_EDGE('',*,*,#3138,.F.);
#4104=ORIENTED_EDGE('',*,*,#3140,.F.);
#4105=ORIENTED_EDGE('',*,*,#3142,.F.);
#4106=ORIENTED_EDGE('',*,*,#3144,.F.);
#4107=ORIENTED_EDGE('',*,*,#3146,.F.);
#4108=ORIENTED_EDGE('',*,*,#3148,.F.);
#4109=ORIENTED_EDGE('',*,*,#3150,.F.);
#4110=ORIENTED_EDGE('',*,*,#3152,.F.);
#4111=ORIENTED_EDGE('',*,*,#3154,.F.);
#4112=ORIENTED_EDGE('',*,*,#3156,.F.);
#4113=ORIENTED_EDGE('',*,*,#3158,.F.);
#4114=ORIENTED_EDGE('',*,*,#3160,.F.);
#4115=ORIENTED_EDGE('',*,*,#3162,.F.);
#4116=ORIENTED_EDGE('',*,*,#3164,.F.);
#4117=ORIENTED_EDGE('',*,*,#3166,.F.);
#4118=ORIENTED_EDGE('',*,*,#3168,.F.);
#4119=ORIENTED_EDGE('',*,*,#3170,.F.);
#4120=ORIENTED_EDGE('',*,*,#3172,.F.);
#4121=ORIENTED_EDGE('',*,*,#3174,.F.);
#4122=ORIENTED_EDGE('',*,*,#3176,.F.);
#4123=ORIENTED_EDGE('',*,*,#3178,.F.);
#4124=ORIENTED_EDGE('',*,*,#3180,.F.);
#4125=ORIENTED_EDGE('',*,*,#3182,.F.);
#4126=ORIENTED_EDGE('',*,*,#3184,.F.);
#4127=ORIENTED_EDGE('',*,*,#3186,.F.);
#4128=ORIENTED_EDGE('',*,*,#3188,.F.);
#4129=ORIENTED_EDGE('',*,*,#3190,.F.);
#4130=ORIENTED_EDGE('',*,*,#3192,.F.);
#4131=ORIENTED_EDGE('',*,*,#3194,.F.);
#4132=ORIENTED_EDGE('',*,*,#3196,.F.);
#4133=ORIENTED_EDGE('',*,*,#3198,.F.);
#4134=ORIENTED_EDGE('',*,*,#3200,.F.);
#4135=ORIENTED_EDGE('',*,*,#3202,.F.);
#4136=ORIENTED_EDGE('',*,*,#3204,.F.);
#4137=ORIENTED_EDGE('',*,*,#3206,.F.);
#4138=ORIENTED_EDGE('',*,*,#3208,.F.);
#4139=ORIENTED_EDGE('',*,*,#3210,.F.);
#4140=ORIENTED_EDGE('',*,*,#3212,.F.);
#4141=ORIENTED_EDGE('',*,*,#3214,.F.);
#4142=ORIENTED_EDGE('',*,*,#3216,.F.);
#4143=ORIENTED_EDGE('',*,*,#3218,.F.);
#4144=ORIENTED_EDGE('',*,*,#3220,.F.);
#4145=ORIENTED_EDGE('',*,*,#3222,.F.);
#4146=ORIENTED_EDGE('',*,*,#3224,.F.);
#4147=ORIENTED_EDGE('',*,*,#3228,.T.);
#4148=ORIENTED_EDGE('',*,*,#3227,.T.);
#4149=ORIENTED_EDGE('',*,*,#3079,.T.);
#4150=ORIENTED_EDGE('',*,*,#3002,.F.);
#4151=ORIENTED_EDGE('',*,*,#3229,.T.);
#4152=ORIENTED_EDGE('',*,*,#3230,.T.);
#4153=ORIENTED_EDGE('',*,*,#3231,.T.);
#4154=ORIENTED_EDGE('',*,*,#3232,.T.);
#4155=ORIENTED_EDGE('',*,*,#3233,.T.);
#4156=ORIENTED_EDGE('',*,*,#3234,.T.);
#4157=ORIENTED_EDGE('',*,*,#3235,.T.);
#4158=ORIENTED_EDGE('',*,*,#3236,.T.);
#4159=ORIENTED_EDGE('',*,*,#3237,.T.);
#4160=ORIENTED_EDGE('',*,*,#3238,.T.);
#4161=ORIENTED_EDGE('',*,*,#3239,.T.);
#4162=ORIENTED_EDGE('',*,*,#3240,.T.);
#4163=ORIENTED_EDGE('',*,*,#3241,.T.);
#4164=ORIENTED_EDGE('',*,*,#3242,.T.);
#4165=ORIENTED_EDGE('',*,*,#3243,.T.);
#4166=ORIENTED_EDGE('',*,*,#3244,.T.);
#4167=ORIENTED_EDGE('',*,*,#3245,.T.);
#4168=ORIENTED_EDGE('',*,*,#3246,.T.);
#4169=ORIENTED_EDGE('',*,*,#3247,.T.);
#4170=ORIENTED_EDGE('',*,*,#3248,.T.);
#4171=ORIENTED_EDGE('',*,*,#3249,.T.);
#4172=ORIENTED_EDGE('',*,*,#3250,.T.);
#4173=ORIENTED_EDGE('',*,*,#3251,.T.);
#4174=ORIENTED_EDGE('',*,*,#3252,.T.);
#4175=ORIENTED_EDGE('',*,*,#3253,.T.);
#4176=ORIENTED_EDGE('',*,*,#3254,.T.);
#4177=ORIENTED_EDGE('',*,*,#3255,.T.);
#4178=ORIENTED_EDGE('',*,*,#3256,.T.);
#4179=ORIENTED_EDGE('',*,*,#3257,.T.);
#4180=ORIENTED_EDGE('',*,*,#3258,.T.);
#4181=ORIENTED_EDGE('',*,*,#3259,.T.);
#4182=ORIENTED_EDGE('',*,*,#3260,.T.);
#4183=ORIENTED_EDGE('',*,*,#3261,.T.);
#4184=ORIENTED_EDGE('',*,*,#3262,.T.);
#4185=ORIENTED_EDGE('',*,*,#3263,.T.);
#4186=ORIENTED_EDGE('',*,*,#3264,.T.);
#4187=ORIENTED_EDGE('',*,*,#3265,.T.);
#4188=ORIENTED_EDGE('',*,*,#3266,.T.);
#4189=ORIENTED_EDGE('',*,*,#3267,.T.);
#4190=ORIENTED_EDGE('',*,*,#3268,.T.);
#4191=ORIENTED_EDGE('',*,*,#3269,.T.);
#4192=ORIENTED_EDGE('',*,*,#3270,.T.);
#4193=ORIENTED_EDGE('',*,*,#3271,.T.);
#4194=ORIENTED_EDGE('',*,*,#3272,.T.);
#4195=ORIENTED_EDGE('',*,*,#3273,.T.);
#4196=ORIENTED_EDGE('',*,*,#3274,.T.);
#4197=ORIENTED_EDGE('',*,*,#3275,.T.);
#4198=ORIENTED_EDGE('',*,*,#3276,.T.);
#4199=ORIENTED_EDGE('',*,*,#3277,.T.);
#4200=ORIENTED_EDGE('',*,*,#3278,.T.);
#4201=ORIENTED_EDGE('',*,*,#3279,.T.);
#4202=ORIENTED_EDGE('',*,*,#3280,.T.);
#4203=ORIENTED_EDGE('',*,*,#3281,.T.);
#4204=ORIENTED_EDGE('',*,*,#3282,.T.);
#4205=ORIENTED_EDGE('',*,*,#3283,.T.);
#4206=ORIENTED_EDGE('',*,*,#3284,.T.);
#4207=ORIENTED_EDGE('',*,*,#3285,.T.);
#4208=ORIENTED_EDGE('',*,*,#3286,.T.);
#4209=ORIENTED_EDGE('',*,*,#3287,.T.);
#4210=ORIENTED_EDGE('',*,*,#3288,.T.);
#4211=ORIENTED_EDGE('',*,*,#3289,.T.);
#4212=ORIENTED_EDGE('',*,*,#3290,.T.);
#4213=ORIENTED_EDGE('',*,*,#3291,.T.);
#4214=ORIENTED_EDGE('',*,*,#3292,.T.);
#4215=ORIENTED_EDGE('',*,*,#3293,.T.);
#4216=ORIENTED_EDGE('',*,*,#3294,.T.);
#4217=ORIENTED_EDGE('',*,*,#3295,.T.);
#4218=ORIENTED_EDGE('',*,*,#3296,.T.);
#4219=ORIENTED_EDGE('',*,*,#3297,.T.);
#4220=ORIENTED_EDGE('',*,*,#3298,.T.);
#4221=ORIENTED_EDGE('',*,*,#3299,.T.);
#4222=ORIENTED_EDGE('',*,*,#3300,.T.);
#4223=ORIENTED_EDGE('',*,*,#3301,.T.);
#4224=ORIENTED_EDGE('',*,*,#3302,.T.);
#4225=ORIENTED_EDGE('',*,*,#3303,.T.);
#4226=ORIENTED_EDGE('',*,*,#3304,.T.);
#4227=ORIENTED_EDGE('',*,*,#3305,.T.);
#4228=ORIENTED_EDGE('',*,*,#3306,.F.);
#4229=ORIENTED_EDGE('',*,*,#3307,.T.);
#4230=ORIENTED_EDGE('',*,*,#3001,.F.);
#4231=ORIENTED_EDGE('',*,*,#3308,.F.);
#4232=ORIENTED_EDGE('',*,*,#3309,.T.);
#4233=ORIENTED_EDGE('',*,*,#3310,.T.);
#4234=ORIENTED_EDGE('',*,*,#3311,.T.);
#4235=ORIENTED_EDGE('',*,*,#3230,.F.);
#4236=ORIENTED_EDGE('',*,*,#3312,.F.);
#4237=ORIENTED_EDGE('',*,*,#3313,.F.);
#4238=ORIENTED_EDGE('',*,*,#3228,.F.);
#4239=ORIENTED_EDGE('',*,*,#3307,.F.);
#4240=ORIENTED_EDGE('',*,*,#3311,.F.);
#4241=ORIENTED_EDGE('',*,*,#3308,.T.);
#4242=ORIENTED_EDGE('',*,*,#3080,.F.);
#4243=ORIENTED_EDGE('',*,*,#3314,.F.);
#4244=ORIENTED_EDGE('',*,*,#3315,.T.);
#4245=ORIENTED_EDGE('',*,*,#3232,.F.);
#4246=ORIENTED_EDGE('',*,*,#3312,.T.);
#4247=ORIENTED_EDGE('',*,*,#3316,.F.);
#4248=ORIENTED_EDGE('',*,*,#3231,.F.);
#4249=ORIENTED_EDGE('',*,*,#3314,.T.);
#4250=ORIENTED_EDGE('',*,*,#3226,.F.);
#4251=ORIENTED_EDGE('',*,*,#3313,.T.);
#4252=ORIENTED_EDGE('',*,*,#3317,.T.);
#4253=ORIENTED_EDGE('',*,*,#3316,.T.);
#4254=ORIENTED_EDGE('',*,*,#3306,.T.);
#4255=ORIENTED_EDGE('',*,*,#3310,.F.);
#4256=ORIENTED_EDGE('',*,*,#3318,.T.);
#4257=ORIENTED_EDGE('',*,*,#3319,.T.);
#4258=ORIENTED_EDGE('',*,*,#3320,.T.);
#4259=ORIENTED_EDGE('',*,*,#3321,.T.);
#4260=ORIENTED_EDGE('',*,*,#3322,.T.);
#4261=ORIENTED_EDGE('',*,*,#3323,.T.);
#4262=ORIENTED_EDGE('',*,*,#3324,.T.);
#4263=ORIENTED_EDGE('',*,*,#3325,.T.);
#4264=ORIENTED_EDGE('',*,*,#3326,.T.);
#4265=ORIENTED_EDGE('',*,*,#3327,.T.);
#4266=ORIENTED_EDGE('',*,*,#3328,.T.);
#4267=ORIENTED_EDGE('',*,*,#3329,.T.);
#4268=ORIENTED_EDGE('',*,*,#3330,.T.);
#4269=ORIENTED_EDGE('',*,*,#3331,.T.);
#4270=ORIENTED_EDGE('',*,*,#3332,.T.);
#4271=ORIENTED_EDGE('',*,*,#3333,.T.);
#4272=ORIENTED_EDGE('',*,*,#3334,.T.);
#4273=ORIENTED_EDGE('',*,*,#3335,.T.);
#4274=ORIENTED_EDGE('',*,*,#3336,.T.);
#4275=ORIENTED_EDGE('',*,*,#3337,.T.);
#4276=ORIENTED_EDGE('',*,*,#3338,.T.);
#4277=ORIENTED_EDGE('',*,*,#3339,.T.);
#4278=ORIENTED_EDGE('',*,*,#3340,.T.);
#4279=ORIENTED_EDGE('',*,*,#3341,.T.);
#4280=ORIENTED_EDGE('',*,*,#3342,.T.);
#4281=ORIENTED_EDGE('',*,*,#3343,.T.);
#4282=ORIENTED_EDGE('',*,*,#3344,.T.);
#4283=ORIENTED_EDGE('',*,*,#3345,.T.);
#4284=ORIENTED_EDGE('',*,*,#3346,.T.);
#4285=ORIENTED_EDGE('',*,*,#3347,.T.);
#4286=ORIENTED_EDGE('',*,*,#3348,.T.);
#4287=ORIENTED_EDGE('',*,*,#3349,.T.);
#4288=ORIENTED_EDGE('',*,*,#3350,.T.);
#4289=ORIENTED_EDGE('',*,*,#3351,.T.);
#4290=ORIENTED_EDGE('',*,*,#3352,.T.);
#4291=ORIENTED_EDGE('',*,*,#3353,.T.);
#4292=ORIENTED_EDGE('',*,*,#3354,.T.);
#4293=ORIENTED_EDGE('',*,*,#3355,.T.);
#4294=ORIENTED_EDGE('',*,*,#3356,.T.);
#4295=ORIENTED_EDGE('',*,*,#3357,.T.);
#4296=ORIENTED_EDGE('',*,*,#3358,.T.);
#4297=ORIENTED_EDGE('',*,*,#3359,.T.);
#4298=ORIENTED_EDGE('',*,*,#3360,.T.);
#4299=ORIENTED_EDGE('',*,*,#3361,.T.);
#4300=ORIENTED_EDGE('',*,*,#3362,.T.);
#4301=ORIENTED_EDGE('',*,*,#3363,.T.);
#4302=ORIENTED_EDGE('',*,*,#3364,.T.);
#4303=ORIENTED_EDGE('',*,*,#3365,.T.);
#4304=ORIENTED_EDGE('',*,*,#3366,.T.);
#4305=ORIENTED_EDGE('',*,*,#3367,.T.);
#4306=ORIENTED_EDGE('',*,*,#3368,.T.);
#4307=ORIENTED_EDGE('',*,*,#3369,.T.);
#4308=ORIENTED_EDGE('',*,*,#3370,.T.);
#4309=ORIENTED_EDGE('',*,*,#3371,.T.);
#4310=ORIENTED_EDGE('',*,*,#3372,.T.);
#4311=ORIENTED_EDGE('',*,*,#3373,.T.);
#4312=ORIENTED_EDGE('',*,*,#3374,.T.);
#4313=ORIENTED_EDGE('',*,*,#3375,.T.);
#4314=ORIENTED_EDGE('',*,*,#3376,.T.);
#4315=ORIENTED_EDGE('',*,*,#3377,.T.);
#4316=ORIENTED_EDGE('',*,*,#3378,.T.);
#4317=ORIENTED_EDGE('',*,*,#3379,.T.);
#4318=ORIENTED_EDGE('',*,*,#3380,.T.);
#4319=ORIENTED_EDGE('',*,*,#3381,.T.);
#4320=ORIENTED_EDGE('',*,*,#3382,.T.);
#4321=ORIENTED_EDGE('',*,*,#3383,.T.);
#4322=ORIENTED_EDGE('',*,*,#3384,.T.);
#4323=ORIENTED_EDGE('',*,*,#3385,.T.);
#4324=ORIENTED_EDGE('',*,*,#3386,.T.);
#4325=ORIENTED_EDGE('',*,*,#3387,.T.);
#4326=ORIENTED_EDGE('',*,*,#3388,.T.);
#4327=ORIENTED_EDGE('',*,*,#3389,.T.);
#4328=ORIENTED_EDGE('',*,*,#3390,.T.);
#4329=ORIENTED_EDGE('',*,*,#3391,.T.);
#4330=ORIENTED_EDGE('',*,*,#3392,.T.);
#4331=ORIENTED_EDGE('',*,*,#3393,.T.);
#4332=ORIENTED_EDGE('',*,*,#3394,.T.);
#4333=ORIENTED_EDGE('',*,*,#3395,.T.);
#4334=ORIENTED_EDGE('',*,*,#3396,.T.);
#4335=ORIENTED_EDGE('',*,*,#3397,.T.);
#4336=ORIENTED_EDGE('',*,*,#3398,.T.);
#4337=ORIENTED_EDGE('',*,*,#3399,.T.);
#4338=ORIENTED_EDGE('',*,*,#3400,.T.);
#4339=ORIENTED_EDGE('',*,*,#3401,.T.);
#4340=ORIENTED_EDGE('',*,*,#3402,.T.);
#4341=ORIENTED_EDGE('',*,*,#3403,.T.);
#4342=ORIENTED_EDGE('',*,*,#3404,.T.);
#4343=ORIENTED_EDGE('',*,*,#3405,.T.);
#4344=ORIENTED_EDGE('',*,*,#3406,.T.);
#4345=ORIENTED_EDGE('',*,*,#3407,.T.);
#4346=ORIENTED_EDGE('',*,*,#3408,.T.);
#4347=ORIENTED_EDGE('',*,*,#3409,.T.);
#4348=ORIENTED_EDGE('',*,*,#3410,.T.);
#4349=ORIENTED_EDGE('',*,*,#3411,.T.);
#4350=ORIENTED_EDGE('',*,*,#3412,.T.);
#4351=ORIENTED_EDGE('',*,*,#3413,.T.);
#4352=ORIENTED_EDGE('',*,*,#3414,.T.);
#4353=ORIENTED_EDGE('',*,*,#3415,.T.);
#4354=ORIENTED_EDGE('',*,*,#3416,.T.);
#4355=ORIENTED_EDGE('',*,*,#3417,.T.);
#4356=ORIENTED_EDGE('',*,*,#3418,.T.);
#4357=ORIENTED_EDGE('',*,*,#3419,.T.);
#4358=ORIENTED_EDGE('',*,*,#3420,.T.);
#4359=ORIENTED_EDGE('',*,*,#3421,.T.);
#4360=ORIENTED_EDGE('',*,*,#3422,.T.);
#4361=ORIENTED_EDGE('',*,*,#3423,.T.);
#4362=ORIENTED_EDGE('',*,*,#3424,.T.);
#4363=ORIENTED_EDGE('',*,*,#3425,.T.);
#4364=ORIENTED_EDGE('',*,*,#3426,.T.);
#4365=ORIENTED_EDGE('',*,*,#3427,.T.);
#4366=ORIENTED_EDGE('',*,*,#3428,.T.);
#4367=ORIENTED_EDGE('',*,*,#3429,.T.);
#4368=ORIENTED_EDGE('',*,*,#3430,.T.);
#4369=ORIENTED_EDGE('',*,*,#3431,.T.);
#4370=ORIENTED_EDGE('',*,*,#3432,.T.);
#4371=ORIENTED_EDGE('',*,*,#3433,.T.);
#4372=ORIENTED_EDGE('',*,*,#3434,.T.);
#4373=ORIENTED_EDGE('',*,*,#3435,.T.);
#4374=ORIENTED_EDGE('',*,*,#3436,.T.);
#4375=ORIENTED_EDGE('',*,*,#3437,.T.);
#4376=ORIENTED_EDGE('',*,*,#3438,.T.);
#4377=ORIENTED_EDGE('',*,*,#3439,.T.);
#4378=ORIENTED_EDGE('',*,*,#3440,.T.);
#4379=ORIENTED_EDGE('',*,*,#3441,.T.);
#4380=ORIENTED_EDGE('',*,*,#3442,.T.);
#4381=ORIENTED_EDGE('',*,*,#3443,.T.);
#4382=ORIENTED_EDGE('',*,*,#3444,.T.);
#4383=ORIENTED_EDGE('',*,*,#3445,.T.);
#4384=ORIENTED_EDGE('',*,*,#3446,.T.);
#4385=ORIENTED_EDGE('',*,*,#3447,.T.);
#4386=ORIENTED_EDGE('',*,*,#3448,.T.);
#4387=ORIENTED_EDGE('',*,*,#3449,.T.);
#4388=ORIENTED_EDGE('',*,*,#3450,.T.);
#4389=ORIENTED_EDGE('',*,*,#3451,.T.);
#4390=ORIENTED_EDGE('',*,*,#3452,.T.);
#4391=ORIENTED_EDGE('',*,*,#3453,.T.);
#4392=ORIENTED_EDGE('',*,*,#3454,.T.);
#4393=ORIENTED_EDGE('',*,*,#3455,.T.);
#4394=ORIENTED_EDGE('',*,*,#3456,.T.);
#4395=ORIENTED_EDGE('',*,*,#3457,.T.);
#4396=ORIENTED_EDGE('',*,*,#3458,.T.);
#4397=ORIENTED_EDGE('',*,*,#3459,.T.);
#4398=ORIENTED_EDGE('',*,*,#3460,.T.);
#4399=ORIENTED_EDGE('',*,*,#3461,.T.);
#4400=ORIENTED_EDGE('',*,*,#3462,.T.);
#4401=ORIENTED_EDGE('',*,*,#3463,.T.);
#4402=ORIENTED_EDGE('',*,*,#3464,.T.);
#4403=ORIENTED_EDGE('',*,*,#3465,.T.);
#4404=ORIENTED_EDGE('',*,*,#3466,.T.);
#4405=ORIENTED_EDGE('',*,*,#3467,.T.);
#4406=ORIENTED_EDGE('',*,*,#3468,.F.);
#4407=ORIENTED_EDGE('',*,*,#3469,.T.);
#4408=ORIENTED_EDGE('',*,*,#3317,.F.);
#4409=ORIENTED_EDGE('',*,*,#3470,.F.);
#4410=ORIENTED_EDGE('',*,*,#3471,.F.);
#4411=ORIENTED_EDGE('',*,*,#3472,.T.);
#4412=ORIENTED_EDGE('',*,*,#3393,.F.);
#4413=ORIENTED_EDGE('',*,*,#3473,.F.);
#4414=ORIENTED_EDGE('',*,*,#3474,.T.);
#4415=ORIENTED_EDGE('',*,*,#3394,.F.);
#4416=ORIENTED_EDGE('',*,*,#3472,.F.);
#4417=ORIENTED_EDGE('',*,*,#3475,.T.);
#4418=ORIENTED_EDGE('',*,*,#3476,.F.);
#4419=ORIENTED_EDGE('',*,*,#3477,.F.);
#4420=ORIENTED_EDGE('',*,*,#3315,.F.);
#4421=ORIENTED_EDGE('',*,*,#3469,.F.);
#4422=ORIENTED_EDGE('',*,*,#3474,.F.);
#4423=ORIENTED_EDGE('',*,*,#3470,.T.);
#4424=ORIENTED_EDGE('',*,*,#3309,.F.);
#4425=ORIENTED_EDGE('',*,*,#3478,.F.);
#4426=ORIENTED_EDGE('',*,*,#3468,.T.);
#4427=ORIENTED_EDGE('',*,*,#3475,.F.);
#4428=ORIENTED_EDGE('',*,*,#3471,.T.);
#4429=ORIENTED_EDGE('',*,*,#3479,.T.);
#4430=ORIENTED_EDGE('',*,*,#3480,.T.);
#4431=ORIENTED_EDGE('',*,*,#3481,.T.);
#4432=ORIENTED_EDGE('',*,*,#3482,.T.);
#4433=ORIENTED_EDGE('',*,*,#3483,.T.);
#4434=ORIENTED_EDGE('',*,*,#3484,.T.);
#4435=ORIENTED_EDGE('',*,*,#3485,.T.);
#4436=ORIENTED_EDGE('',*,*,#3486,.T.);
#4437=ORIENTED_EDGE('',*,*,#3487,.T.);
#4438=ORIENTED_EDGE('',*,*,#3488,.T.);
#4439=ORIENTED_EDGE('',*,*,#3489,.T.);
#4440=ORIENTED_EDGE('',*,*,#3490,.T.);
#4441=ORIENTED_EDGE('',*,*,#3491,.T.);
#4442=ORIENTED_EDGE('',*,*,#3492,.T.);
#4443=ORIENTED_EDGE('',*,*,#3493,.T.);
#4444=ORIENTED_EDGE('',*,*,#3494,.T.);
#4445=ORIENTED_EDGE('',*,*,#3495,.T.);
#4446=ORIENTED_EDGE('',*,*,#3496,.T.);
#4447=ORIENTED_EDGE('',*,*,#3497,.T.);
#4448=ORIENTED_EDGE('',*,*,#3498,.T.);
#4449=ORIENTED_EDGE('',*,*,#3499,.T.);
#4450=ORIENTED_EDGE('',*,*,#3500,.T.);
#4451=ORIENTED_EDGE('',*,*,#3501,.T.);
#4452=ORIENTED_EDGE('',*,*,#3502,.T.);
#4453=ORIENTED_EDGE('',*,*,#3503,.T.);
#4454=ORIENTED_EDGE('',*,*,#3504,.T.);
#4455=ORIENTED_EDGE('',*,*,#3505,.T.);
#4456=ORIENTED_EDGE('',*,*,#3506,.T.);
#4457=ORIENTED_EDGE('',*,*,#3507,.T.);
#4458=ORIENTED_EDGE('',*,*,#3508,.T.);
#4459=ORIENTED_EDGE('',*,*,#3509,.T.);
#4460=ORIENTED_EDGE('',*,*,#3510,.T.);
#4461=ORIENTED_EDGE('',*,*,#3511,.T.);
#4462=ORIENTED_EDGE('',*,*,#3512,.T.);
#4463=ORIENTED_EDGE('',*,*,#3513,.T.);
#4464=ORIENTED_EDGE('',*,*,#3514,.T.);
#4465=ORIENTED_EDGE('',*,*,#3515,.T.);
#4466=ORIENTED_EDGE('',*,*,#3516,.T.);
#4467=ORIENTED_EDGE('',*,*,#3517,.T.);
#4468=ORIENTED_EDGE('',*,*,#3518,.T.);
#4469=ORIENTED_EDGE('',*,*,#3519,.T.);
#4470=ORIENTED_EDGE('',*,*,#3520,.T.);
#4471=ORIENTED_EDGE('',*,*,#3521,.T.);
#4472=ORIENTED_EDGE('',*,*,#3522,.T.);
#4473=ORIENTED_EDGE('',*,*,#3523,.T.);
#4474=ORIENTED_EDGE('',*,*,#3524,.T.);
#4475=ORIENTED_EDGE('',*,*,#3525,.T.);
#4476=ORIENTED_EDGE('',*,*,#3526,.T.);
#4477=ORIENTED_EDGE('',*,*,#3527,.T.);
#4478=ORIENTED_EDGE('',*,*,#3528,.T.);
#4479=ORIENTED_EDGE('',*,*,#3529,.T.);
#4480=ORIENTED_EDGE('',*,*,#3530,.T.);
#4481=ORIENTED_EDGE('',*,*,#3531,.T.);
#4482=ORIENTED_EDGE('',*,*,#3532,.T.);
#4483=ORIENTED_EDGE('',*,*,#3533,.T.);
#4484=ORIENTED_EDGE('',*,*,#3534,.T.);
#4485=ORIENTED_EDGE('',*,*,#3535,.T.);
#4486=ORIENTED_EDGE('',*,*,#3536,.T.);
#4487=ORIENTED_EDGE('',*,*,#3537,.T.);
#4488=ORIENTED_EDGE('',*,*,#3538,.T.);
#4489=ORIENTED_EDGE('',*,*,#3539,.T.);
#4490=ORIENTED_EDGE('',*,*,#3540,.T.);
#4491=ORIENTED_EDGE('',*,*,#3541,.T.);
#4492=ORIENTED_EDGE('',*,*,#3542,.T.);
#4493=ORIENTED_EDGE('',*,*,#3543,.T.);
#4494=ORIENTED_EDGE('',*,*,#3544,.T.);
#4495=ORIENTED_EDGE('',*,*,#3545,.T.);
#4496=ORIENTED_EDGE('',*,*,#3546,.T.);
#4497=ORIENTED_EDGE('',*,*,#3547,.T.);
#4498=ORIENTED_EDGE('',*,*,#3548,.T.);
#4499=ORIENTED_EDGE('',*,*,#3549,.T.);
#4500=ORIENTED_EDGE('',*,*,#3550,.T.);
#4501=ORIENTED_EDGE('',*,*,#3551,.T.);
#4502=ORIENTED_EDGE('',*,*,#3552,.T.);
#4503=ORIENTED_EDGE('',*,*,#3476,.T.);
#4504=ORIENTED_EDGE('',*,*,#3479,.F.);
#4505=ORIENTED_EDGE('',*,*,#3473,.T.);
#4506=ORIENTED_EDGE('',*,*,#3392,.F.);
#4507=ORIENTED_EDGE('',*,*,#3391,.F.);
#4508=ORIENTED_EDGE('',*,*,#3478,.T.);
#4509=ORIENTED_EDGE('',*,*,#3229,.F.);
#4510=ORIENTED_EDGE('',*,*,#3477,.T.);
#4511=ORIENTED_EDGE('',*,*,#3233,.F.);
#4512=ORIENTED_EDGE('',*,*,#3553,.T.);
#4513=ORIENTED_EDGE('',*,*,#3318,.F.);
#4514=ORIENTED_EDGE('',*,*,#3553,.F.);
#4515=ORIENTED_EDGE('',*,*,#3234,.F.);
#4516=ORIENTED_EDGE('',*,*,#3554,.T.);
#4517=ORIENTED_EDGE('',*,*,#3319,.F.);
#4518=ORIENTED_EDGE('',*,*,#3554,.F.);
#4519=ORIENTED_EDGE('',*,*,#3235,.F.);
#4520=ORIENTED_EDGE('',*,*,#3555,.T.);
#4521=ORIENTED_EDGE('',*,*,#3320,.F.);
#4522=ORIENTED_EDGE('',*,*,#3555,.F.);
#4523=ORIENTED_EDGE('',*,*,#3236,.F.);
#4524=ORIENTED_EDGE('',*,*,#3556,.T.);
#4525=ORIENTED_EDGE('',*,*,#3321,.F.);
#4526=ORIENTED_EDGE('',*,*,#3556,.F.);
#4527=ORIENTED_EDGE('',*,*,#3237,.F.);
#4528=ORIENTED_EDGE('',*,*,#3557,.T.);
#4529=ORIENTED_EDGE('',*,*,#3322,.F.);
#4530=ORIENTED_EDGE('',*,*,#3557,.F.);
#4531=ORIENTED_EDGE('',*,*,#3238,.F.);
#4532=ORIENTED_EDGE('',*,*,#3558,.T.);
#4533=ORIENTED_EDGE('',*,*,#3323,.F.);
#4534=ORIENTED_EDGE('',*,*,#3558,.F.);
#4535=ORIENTED_EDGE('',*,*,#3239,.F.);
#4536=ORIENTED_EDGE('',*,*,#3559,.T.);
#4537=ORIENTED_EDGE('',*,*,#3324,.F.);
#4538=ORIENTED_EDGE('',*,*,#3559,.F.);
#4539=ORIENTED_EDGE('',*,*,#3240,.F.);
#4540=ORIENTED_EDGE('',*,*,#3560,.T.);
#4541=ORIENTED_EDGE('',*,*,#3325,.F.);
#4542=ORIENTED_EDGE('',*,*,#3560,.F.);
#4543=ORIENTED_EDGE('',*,*,#3241,.F.);
#4544=ORIENTED_EDGE('',*,*,#3561,.T.);
#4545=ORIENTED_EDGE('',*,*,#3326,.F.);
#4546=ORIENTED_EDGE('',*,*,#3561,.F.);
#4547=ORIENTED_EDGE('',*,*,#3242,.F.);
#4548=ORIENTED_EDGE('',*,*,#3562,.T.);
#4549=ORIENTED_EDGE('',*,*,#3327,.F.);
#4550=ORIENTED_EDGE('',*,*,#3562,.F.);
#4551=ORIENTED_EDGE('',*,*,#3243,.F.);
#4552=ORIENTED_EDGE('',*,*,#3563,.T.);
#4553=ORIENTED_EDGE('',*,*,#3328,.F.);
#4554=ORIENTED_EDGE('',*,*,#3563,.F.);
#4555=ORIENTED_EDGE('',*,*,#3244,.F.);
#4556=ORIENTED_EDGE('',*,*,#3564,.T.);
#4557=ORIENTED_EDGE('',*,*,#3329,.F.);
#4558=ORIENTED_EDGE('',*,*,#3564,.F.);
#4559=ORIENTED_EDGE('',*,*,#3245,.F.);
#4560=ORIENTED_EDGE('',*,*,#3565,.T.);
#4561=ORIENTED_EDGE('',*,*,#3330,.F.);
#4562=ORIENTED_EDGE('',*,*,#3565,.F.);
#4563=ORIENTED_EDGE('',*,*,#3246,.F.);
#4564=ORIENTED_EDGE('',*,*,#3566,.T.);
#4565=ORIENTED_EDGE('',*,*,#3331,.F.);
#4566=ORIENTED_EDGE('',*,*,#3566,.F.);
#4567=ORIENTED_EDGE('',*,*,#3247,.F.);
#4568=ORIENTED_EDGE('',*,*,#3567,.T.);
#4569=ORIENTED_EDGE('',*,*,#3332,.F.);
#4570=ORIENTED_EDGE('',*,*,#3567,.F.);
#4571=ORIENTED_EDGE('',*,*,#3248,.F.);
#4572=ORIENTED_EDGE('',*,*,#3568,.T.);
#4573=ORIENTED_EDGE('',*,*,#3333,.F.);
#4574=ORIENTED_EDGE('',*,*,#3568,.F.);
#4575=ORIENTED_EDGE('',*,*,#3249,.F.);
#4576=ORIENTED_EDGE('',*,*,#3569,.T.);
#4577=ORIENTED_EDGE('',*,*,#3334,.F.);
#4578=ORIENTED_EDGE('',*,*,#3569,.F.);
#4579=ORIENTED_EDGE('',*,*,#3250,.F.);
#4580=ORIENTED_EDGE('',*,*,#3570,.T.);
#4581=ORIENTED_EDGE('',*,*,#3335,.F.);
#4582=ORIENTED_EDGE('',*,*,#3570,.F.);
#4583=ORIENTED_EDGE('',*,*,#3251,.F.);
#4584=ORIENTED_EDGE('',*,*,#3571,.T.);
#4585=ORIENTED_EDGE('',*,*,#3336,.F.);
#4586=ORIENTED_EDGE('',*,*,#3571,.F.);
#4587=ORIENTED_EDGE('',*,*,#3252,.F.);
#4588=ORIENTED_EDGE('',*,*,#3572,.T.);
#4589=ORIENTED_EDGE('',*,*,#3337,.F.);
#4590=ORIENTED_EDGE('',*,*,#3572,.F.);
#4591=ORIENTED_EDGE('',*,*,#3253,.F.);
#4592=ORIENTED_EDGE('',*,*,#3573,.T.);
#4593=ORIENTED_EDGE('',*,*,#3338,.F.);
#4594=ORIENTED_EDGE('',*,*,#3573,.F.);
#4595=ORIENTED_EDGE('',*,*,#3254,.F.);
#4596=ORIENTED_EDGE('',*,*,#3574,.T.);
#4597=ORIENTED_EDGE('',*,*,#3339,.F.);
#4598=ORIENTED_EDGE('',*,*,#3574,.F.);
#4599=ORIENTED_EDGE('',*,*,#3255,.F.);
#4600=ORIENTED_EDGE('',*,*,#3575,.T.);
#4601=ORIENTED_EDGE('',*,*,#3340,.F.);
#4602=ORIENTED_EDGE('',*,*,#3575,.F.);
#4603=ORIENTED_EDGE('',*,*,#3256,.F.);
#4604=ORIENTED_EDGE('',*,*,#3576,.T.);
#4605=ORIENTED_EDGE('',*,*,#3341,.F.);
#4606=ORIENTED_EDGE('',*,*,#3576,.F.);
#4607=ORIENTED_EDGE('',*,*,#3257,.F.);
#4608=ORIENTED_EDGE('',*,*,#3577,.T.);
#4609=ORIENTED_EDGE('',*,*,#3342,.F.);
#4610=ORIENTED_EDGE('',*,*,#3577,.F.);
#4611=ORIENTED_EDGE('',*,*,#3258,.F.);
#4612=ORIENTED_EDGE('',*,*,#3578,.T.);
#4613=ORIENTED_EDGE('',*,*,#3343,.F.);
#4614=ORIENTED_EDGE('',*,*,#3578,.F.);
#4615=ORIENTED_EDGE('',*,*,#3259,.F.);
#4616=ORIENTED_EDGE('',*,*,#3579,.T.);
#4617=ORIENTED_EDGE('',*,*,#3344,.F.);
#4618=ORIENTED_EDGE('',*,*,#3579,.F.);
#4619=ORIENTED_EDGE('',*,*,#3260,.F.);
#4620=ORIENTED_EDGE('',*,*,#3580,.T.);
#4621=ORIENTED_EDGE('',*,*,#3345,.F.);
#4622=ORIENTED_EDGE('',*,*,#3580,.F.);
#4623=ORIENTED_EDGE('',*,*,#3261,.F.);
#4624=ORIENTED_EDGE('',*,*,#3581,.T.);
#4625=ORIENTED_EDGE('',*,*,#3346,.F.);
#4626=ORIENTED_EDGE('',*,*,#3581,.F.);
#4627=ORIENTED_EDGE('',*,*,#3262,.F.);
#4628=ORIENTED_EDGE('',*,*,#3582,.T.);
#4629=ORIENTED_EDGE('',*,*,#3347,.F.);
#4630=ORIENTED_EDGE('',*,*,#3582,.F.);
#4631=ORIENTED_EDGE('',*,*,#3263,.F.);
#4632=ORIENTED_EDGE('',*,*,#3583,.T.);
#4633=ORIENTED_EDGE('',*,*,#3348,.F.);
#4634=ORIENTED_EDGE('',*,*,#3583,.F.);
#4635=ORIENTED_EDGE('',*,*,#3264,.F.);
#4636=ORIENTED_EDGE('',*,*,#3584,.T.);
#4637=ORIENTED_EDGE('',*,*,#3349,.F.);
#4638=ORIENTED_EDGE('',*,*,#3584,.F.);
#4639=ORIENTED_EDGE('',*,*,#3265,.F.);
#4640=ORIENTED_EDGE('',*,*,#3585,.T.);
#4641=ORIENTED_EDGE('',*,*,#3350,.F.);
#4642=ORIENTED_EDGE('',*,*,#3585,.F.);
#4643=ORIENTED_EDGE('',*,*,#3266,.F.);
#4644=ORIENTED_EDGE('',*,*,#3586,.T.);
#4645=ORIENTED_EDGE('',*,*,#3351,.F.);
#4646=ORIENTED_EDGE('',*,*,#3586,.F.);
#4647=ORIENTED_EDGE('',*,*,#3267,.F.);
#4648=ORIENTED_EDGE('',*,*,#3587,.T.);
#4649=ORIENTED_EDGE('',*,*,#3352,.F.);
#4650=ORIENTED_EDGE('',*,*,#3587,.F.);
#4651=ORIENTED_EDGE('',*,*,#3268,.F.);
#4652=ORIENTED_EDGE('',*,*,#3588,.T.);
#4653=ORIENTED_EDGE('',*,*,#3353,.F.);
#4654=ORIENTED_EDGE('',*,*,#3588,.F.);
#4655=ORIENTED_EDGE('',*,*,#3269,.F.);
#4656=ORIENTED_EDGE('',*,*,#3589,.T.);
#4657=ORIENTED_EDGE('',*,*,#3354,.F.);
#4658=ORIENTED_EDGE('',*,*,#3589,.F.);
#4659=ORIENTED_EDGE('',*,*,#3270,.F.);
#4660=ORIENTED_EDGE('',*,*,#3590,.T.);
#4661=ORIENTED_EDGE('',*,*,#3355,.F.);
#4662=ORIENTED_EDGE('',*,*,#3590,.F.);
#4663=ORIENTED_EDGE('',*,*,#3271,.F.);
#4664=ORIENTED_EDGE('',*,*,#3591,.T.);
#4665=ORIENTED_EDGE('',*,*,#3356,.F.);
#4666=ORIENTED_EDGE('',*,*,#3591,.F.);
#4667=ORIENTED_EDGE('',*,*,#3272,.F.);
#4668=ORIENTED_EDGE('',*,*,#3592,.T.);
#4669=ORIENTED_EDGE('',*,*,#3357,.F.);
#4670=ORIENTED_EDGE('',*,*,#3592,.F.);
#4671=ORIENTED_EDGE('',*,*,#3273,.F.);
#4672=ORIENTED_EDGE('',*,*,#3593,.T.);
#4673=ORIENTED_EDGE('',*,*,#3358,.F.);
#4674=ORIENTED_EDGE('',*,*,#3593,.F.);
#4675=ORIENTED_EDGE('',*,*,#3274,.F.);
#4676=ORIENTED_EDGE('',*,*,#3594,.T.);
#4677=ORIENTED_EDGE('',*,*,#3359,.F.);
#4678=ORIENTED_EDGE('',*,*,#3594,.F.);
#4679=ORIENTED_EDGE('',*,*,#3275,.F.);
#4680=ORIENTED_EDGE('',*,*,#3595,.T.);
#4681=ORIENTED_EDGE('',*,*,#3360,.F.);
#4682=ORIENTED_EDGE('',*,*,#3595,.F.);
#4683=ORIENTED_EDGE('',*,*,#3276,.F.);
#4684=ORIENTED_EDGE('',*,*,#3596,.T.);
#4685=ORIENTED_EDGE('',*,*,#3361,.F.);
#4686=ORIENTED_EDGE('',*,*,#3596,.F.);
#4687=ORIENTED_EDGE('',*,*,#3277,.F.);
#4688=ORIENTED_EDGE('',*,*,#3597,.T.);
#4689=ORIENTED_EDGE('',*,*,#3362,.F.);
#4690=ORIENTED_EDGE('',*,*,#3597,.F.);
#4691=ORIENTED_EDGE('',*,*,#3278,.F.);
#4692=ORIENTED_EDGE('',*,*,#3598,.T.);
#4693=ORIENTED_EDGE('',*,*,#3363,.F.);
#4694=ORIENTED_EDGE('',*,*,#3598,.F.);
#4695=ORIENTED_EDGE('',*,*,#3279,.F.);
#4696=ORIENTED_EDGE('',*,*,#3599,.T.);
#4697=ORIENTED_EDGE('',*,*,#3364,.F.);
#4698=ORIENTED_EDGE('',*,*,#3599,.F.);
#4699=ORIENTED_EDGE('',*,*,#3280,.F.);
#4700=ORIENTED_EDGE('',*,*,#3600,.T.);
#4701=ORIENTED_EDGE('',*,*,#3365,.F.);
#4702=ORIENTED_EDGE('',*,*,#3600,.F.);
#4703=ORIENTED_EDGE('',*,*,#3281,.F.);
#4704=ORIENTED_EDGE('',*,*,#3601,.T.);
#4705=ORIENTED_EDGE('',*,*,#3366,.F.);
#4706=ORIENTED_EDGE('',*,*,#3601,.F.);
#4707=ORIENTED_EDGE('',*,*,#3282,.F.);
#4708=ORIENTED_EDGE('',*,*,#3602,.T.);
#4709=ORIENTED_EDGE('',*,*,#3367,.F.);
#4710=ORIENTED_EDGE('',*,*,#3602,.F.);
#4711=ORIENTED_EDGE('',*,*,#3283,.F.);
#4712=ORIENTED_EDGE('',*,*,#3603,.T.);
#4713=ORIENTED_EDGE('',*,*,#3368,.F.);
#4714=ORIENTED_EDGE('',*,*,#3603,.F.);
#4715=ORIENTED_EDGE('',*,*,#3284,.F.);
#4716=ORIENTED_EDGE('',*,*,#3604,.T.);
#4717=ORIENTED_EDGE('',*,*,#3369,.F.);
#4718=ORIENTED_EDGE('',*,*,#3604,.F.);
#4719=ORIENTED_EDGE('',*,*,#3285,.F.);
#4720=ORIENTED_EDGE('',*,*,#3605,.T.);
#4721=ORIENTED_EDGE('',*,*,#3370,.F.);
#4722=ORIENTED_EDGE('',*,*,#3605,.F.);
#4723=ORIENTED_EDGE('',*,*,#3286,.F.);
#4724=ORIENTED_EDGE('',*,*,#3606,.T.);
#4725=ORIENTED_EDGE('',*,*,#3371,.F.);
#4726=ORIENTED_EDGE('',*,*,#3606,.F.);
#4727=ORIENTED_EDGE('',*,*,#3287,.F.);
#4728=ORIENTED_EDGE('',*,*,#3607,.T.);
#4729=ORIENTED_EDGE('',*,*,#3372,.F.);
#4730=ORIENTED_EDGE('',*,*,#3607,.F.);
#4731=ORIENTED_EDGE('',*,*,#3288,.F.);
#4732=ORIENTED_EDGE('',*,*,#3608,.T.);
#4733=ORIENTED_EDGE('',*,*,#3373,.F.);
#4734=ORIENTED_EDGE('',*,*,#3608,.F.);
#4735=ORIENTED_EDGE('',*,*,#3289,.F.);
#4736=ORIENTED_EDGE('',*,*,#3609,.T.);
#4737=ORIENTED_EDGE('',*,*,#3374,.F.);
#4738=ORIENTED_EDGE('',*,*,#3609,.F.);
#4739=ORIENTED_EDGE('',*,*,#3290,.F.);
#4740=ORIENTED_EDGE('',*,*,#3610,.T.);
#4741=ORIENTED_EDGE('',*,*,#3375,.F.);
#4742=ORIENTED_EDGE('',*,*,#3610,.F.);
#4743=ORIENTED_EDGE('',*,*,#3291,.F.);
#4744=ORIENTED_EDGE('',*,*,#3611,.T.);
#4745=ORIENTED_EDGE('',*,*,#3376,.F.);
#4746=ORIENTED_EDGE('',*,*,#3611,.F.);
#4747=ORIENTED_EDGE('',*,*,#3292,.F.);
#4748=ORIENTED_EDGE('',*,*,#3612,.T.);
#4749=ORIENTED_EDGE('',*,*,#3377,.F.);
#4750=ORIENTED_EDGE('',*,*,#3612,.F.);
#4751=ORIENTED_EDGE('',*,*,#3293,.F.);
#4752=ORIENTED_EDGE('',*,*,#3613,.T.);
#4753=ORIENTED_EDGE('',*,*,#3378,.F.);
#4754=ORIENTED_EDGE('',*,*,#3613,.F.);
#4755=ORIENTED_EDGE('',*,*,#3294,.F.);
#4756=ORIENTED_EDGE('',*,*,#3614,.T.);
#4757=ORIENTED_EDGE('',*,*,#3379,.F.);
#4758=ORIENTED_EDGE('',*,*,#3614,.F.);
#4759=ORIENTED_EDGE('',*,*,#3295,.F.);
#4760=ORIENTED_EDGE('',*,*,#3615,.T.);
#4761=ORIENTED_EDGE('',*,*,#3380,.F.);
#4762=ORIENTED_EDGE('',*,*,#3615,.F.);
#4763=ORIENTED_EDGE('',*,*,#3296,.F.);
#4764=ORIENTED_EDGE('',*,*,#3616,.T.);
#4765=ORIENTED_EDGE('',*,*,#3381,.F.);
#4766=ORIENTED_EDGE('',*,*,#3616,.F.);
#4767=ORIENTED_EDGE('',*,*,#3297,.F.);
#4768=ORIENTED_EDGE('',*,*,#3617,.T.);
#4769=ORIENTED_EDGE('',*,*,#3382,.F.);
#4770=ORIENTED_EDGE('',*,*,#3617,.F.);
#4771=ORIENTED_EDGE('',*,*,#3298,.F.);
#4772=ORIENTED_EDGE('',*,*,#3618,.T.);
#4773=ORIENTED_EDGE('',*,*,#3383,.F.);
#4774=ORIENTED_EDGE('',*,*,#3618,.F.);
#4775=ORIENTED_EDGE('',*,*,#3299,.F.);
#4776=ORIENTED_EDGE('',*,*,#3619,.T.);
#4777=ORIENTED_EDGE('',*,*,#3384,.F.);
#4778=ORIENTED_EDGE('',*,*,#3619,.F.);
#4779=ORIENTED_EDGE('',*,*,#3300,.F.);
#4780=ORIENTED_EDGE('',*,*,#3620,.T.);
#4781=ORIENTED_EDGE('',*,*,#3385,.F.);
#4782=ORIENTED_EDGE('',*,*,#3620,.F.);
#4783=ORIENTED_EDGE('',*,*,#3301,.F.);
#4784=ORIENTED_EDGE('',*,*,#3621,.T.);
#4785=ORIENTED_EDGE('',*,*,#3386,.F.);
#4786=ORIENTED_EDGE('',*,*,#3621,.F.);
#4787=ORIENTED_EDGE('',*,*,#3302,.F.);
#4788=ORIENTED_EDGE('',*,*,#3622,.T.);
#4789=ORIENTED_EDGE('',*,*,#3387,.F.);
#4790=ORIENTED_EDGE('',*,*,#3622,.F.);
#4791=ORIENTED_EDGE('',*,*,#3303,.F.);
#4792=ORIENTED_EDGE('',*,*,#3623,.T.);
#4793=ORIENTED_EDGE('',*,*,#3388,.F.);
#4794=ORIENTED_EDGE('',*,*,#3623,.F.);
#4795=ORIENTED_EDGE('',*,*,#3304,.F.);
#4796=ORIENTED_EDGE('',*,*,#3624,.T.);
#4797=ORIENTED_EDGE('',*,*,#3389,.F.);
#4798=ORIENTED_EDGE('',*,*,#3624,.F.);
#4799=ORIENTED_EDGE('',*,*,#3395,.F.);
#4800=ORIENTED_EDGE('',*,*,#3625,.T.);
#4801=ORIENTED_EDGE('',*,*,#3480,.F.);
#4802=ORIENTED_EDGE('',*,*,#3625,.F.);
#4803=ORIENTED_EDGE('',*,*,#3396,.F.);
#4804=ORIENTED_EDGE('',*,*,#3626,.T.);
#4805=ORIENTED_EDGE('',*,*,#3481,.F.);
#4806=ORIENTED_EDGE('',*,*,#3626,.F.);
#4807=ORIENTED_EDGE('',*,*,#3397,.F.);
#4808=ORIENTED_EDGE('',*,*,#3627,.T.);
#4809=ORIENTED_EDGE('',*,*,#3482,.F.);
#4810=ORIENTED_EDGE('',*,*,#3627,.F.);
#4811=ORIENTED_EDGE('',*,*,#3398,.F.);
#4812=ORIENTED_EDGE('',*,*,#3628,.T.);
#4813=ORIENTED_EDGE('',*,*,#3483,.F.);
#4814=ORIENTED_EDGE('',*,*,#3628,.F.);
#4815=ORIENTED_EDGE('',*,*,#3399,.F.);
#4816=ORIENTED_EDGE('',*,*,#3629,.T.);
#4817=ORIENTED_EDGE('',*,*,#3484,.F.);
#4818=ORIENTED_EDGE('',*,*,#3629,.F.);
#4819=ORIENTED_EDGE('',*,*,#3400,.F.);
#4820=ORIENTED_EDGE('',*,*,#3630,.T.);
#4821=ORIENTED_EDGE('',*,*,#3485,.F.);
#4822=ORIENTED_EDGE('',*,*,#3630,.F.);
#4823=ORIENTED_EDGE('',*,*,#3401,.F.);
#4824=ORIENTED_EDGE('',*,*,#3631,.T.);
#4825=ORIENTED_EDGE('',*,*,#3486,.F.);
#4826=ORIENTED_EDGE('',*,*,#3631,.F.);
#4827=ORIENTED_EDGE('',*,*,#3402,.F.);
#4828=ORIENTED_EDGE('',*,*,#3632,.T.);
#4829=ORIENTED_EDGE('',*,*,#3487,.F.);
#4830=ORIENTED_EDGE('',*,*,#3632,.F.);
#4831=ORIENTED_EDGE('',*,*,#3403,.F.);
#4832=ORIENTED_EDGE('',*,*,#3633,.T.);
#4833=ORIENTED_EDGE('',*,*,#3488,.F.);
#4834=ORIENTED_EDGE('',*,*,#3633,.F.);
#4835=ORIENTED_EDGE('',*,*,#3404,.F.);
#4836=ORIENTED_EDGE('',*,*,#3634,.T.);
#4837=ORIENTED_EDGE('',*,*,#3489,.F.);
#4838=ORIENTED_EDGE('',*,*,#3634,.F.);
#4839=ORIENTED_EDGE('',*,*,#3405,.F.);
#4840=ORIENTED_EDGE('',*,*,#3635,.T.);
#4841=ORIENTED_EDGE('',*,*,#3490,.F.);
#4842=ORIENTED_EDGE('',*,*,#3635,.F.);
#4843=ORIENTED_EDGE('',*,*,#3406,.F.);
#4844=ORIENTED_EDGE('',*,*,#3636,.T.);
#4845=ORIENTED_EDGE('',*,*,#3491,.F.);
#4846=ORIENTED_EDGE('',*,*,#3636,.F.);
#4847=ORIENTED_EDGE('',*,*,#3407,.F.);
#4848=ORIENTED_EDGE('',*,*,#3637,.T.);
#4849=ORIENTED_EDGE('',*,*,#3492,.F.);
#4850=ORIENTED_EDGE('',*,*,#3637,.F.);
#4851=ORIENTED_EDGE('',*,*,#3408,.F.);
#4852=ORIENTED_EDGE('',*,*,#3638,.T.);
#4853=ORIENTED_EDGE('',*,*,#3493,.F.);
#4854=ORIENTED_EDGE('',*,*,#3638,.F.);
#4855=ORIENTED_EDGE('',*,*,#3409,.F.);
#4856=ORIENTED_EDGE('',*,*,#3639,.T.);
#4857=ORIENTED_EDGE('',*,*,#3494,.F.);
#4858=ORIENTED_EDGE('',*,*,#3639,.F.);
#4859=ORIENTED_EDGE('',*,*,#3410,.F.);
#4860=ORIENTED_EDGE('',*,*,#3640,.T.);
#4861=ORIENTED_EDGE('',*,*,#3495,.F.);
#4862=ORIENTED_EDGE('',*,*,#3640,.F.);
#4863=ORIENTED_EDGE('',*,*,#3411,.F.);
#4864=ORIENTED_EDGE('',*,*,#3641,.T.);
#4865=ORIENTED_EDGE('',*,*,#3496,.F.);
#4866=ORIENTED_EDGE('',*,*,#3641,.F.);
#4867=ORIENTED_EDGE('',*,*,#3412,.F.);
#4868=ORIENTED_EDGE('',*,*,#3642,.T.);
#4869=ORIENTED_EDGE('',*,*,#3497,.F.);
#4870=ORIENTED_EDGE('',*,*,#3642,.F.);
#4871=ORIENTED_EDGE('',*,*,#3413,.F.);
#4872=ORIENTED_EDGE('',*,*,#3643,.T.);
#4873=ORIENTED_EDGE('',*,*,#3498,.F.);
#4874=ORIENTED_EDGE('',*,*,#3643,.F.);
#4875=ORIENTED_EDGE('',*,*,#3414,.F.);
#4876=ORIENTED_EDGE('',*,*,#3644,.T.);
#4877=ORIENTED_EDGE('',*,*,#3499,.F.);
#4878=ORIENTED_EDGE('',*,*,#3644,.F.);
#4879=ORIENTED_EDGE('',*,*,#3415,.F.);
#4880=ORIENTED_EDGE('',*,*,#3645,.T.);
#4881=ORIENTED_EDGE('',*,*,#3500,.F.);
#4882=ORIENTED_EDGE('',*,*,#3645,.F.);
#4883=ORIENTED_EDGE('',*,*,#3416,.F.);
#4884=ORIENTED_EDGE('',*,*,#3646,.T.);
#4885=ORIENTED_EDGE('',*,*,#3501,.F.);
#4886=ORIENTED_EDGE('',*,*,#3646,.F.);
#4887=ORIENTED_EDGE('',*,*,#3417,.F.);
#4888=ORIENTED_EDGE('',*,*,#3647,.T.);
#4889=ORIENTED_EDGE('',*,*,#3502,.F.);
#4890=ORIENTED_EDGE('',*,*,#3647,.F.);
#4891=ORIENTED_EDGE('',*,*,#3418,.F.);
#4892=ORIENTED_EDGE('',*,*,#3648,.T.);
#4893=ORIENTED_EDGE('',*,*,#3503,.F.);
#4894=ORIENTED_EDGE('',*,*,#3648,.F.);
#4895=ORIENTED_EDGE('',*,*,#3419,.F.);
#4896=ORIENTED_EDGE('',*,*,#3649,.T.);
#4897=ORIENTED_EDGE('',*,*,#3504,.F.);
#4898=ORIENTED_EDGE('',*,*,#3649,.F.);
#4899=ORIENTED_EDGE('',*,*,#3420,.F.);
#4900=ORIENTED_EDGE('',*,*,#3650,.T.);
#4901=ORIENTED_EDGE('',*,*,#3505,.F.);
#4902=ORIENTED_EDGE('',*,*,#3650,.F.);
#4903=ORIENTED_EDGE('',*,*,#3421,.F.);
#4904=ORIENTED_EDGE('',*,*,#3651,.T.);
#4905=ORIENTED_EDGE('',*,*,#3506,.F.);
#4906=ORIENTED_EDGE('',*,*,#3651,.F.);
#4907=ORIENTED_EDGE('',*,*,#3422,.F.);
#4908=ORIENTED_EDGE('',*,*,#3652,.T.);
#4909=ORIENTED_EDGE('',*,*,#3507,.F.);
#4910=ORIENTED_EDGE('',*,*,#3652,.F.);
#4911=ORIENTED_EDGE('',*,*,#3423,.F.);
#4912=ORIENTED_EDGE('',*,*,#3653,.T.);
#4913=ORIENTED_EDGE('',*,*,#3508,.F.);
#4914=ORIENTED_EDGE('',*,*,#3653,.F.);
#4915=ORIENTED_EDGE('',*,*,#3424,.F.);
#4916=ORIENTED_EDGE('',*,*,#3654,.T.);
#4917=ORIENTED_EDGE('',*,*,#3509,.F.);
#4918=ORIENTED_EDGE('',*,*,#3654,.F.);
#4919=ORIENTED_EDGE('',*,*,#3425,.F.);
#4920=ORIENTED_EDGE('',*,*,#3655,.T.);
#4921=ORIENTED_EDGE('',*,*,#3510,.F.);
#4922=ORIENTED_EDGE('',*,*,#3655,.F.);
#4923=ORIENTED_EDGE('',*,*,#3426,.F.);
#4924=ORIENTED_EDGE('',*,*,#3656,.T.);
#4925=ORIENTED_EDGE('',*,*,#3511,.F.);
#4926=ORIENTED_EDGE('',*,*,#3656,.F.);
#4927=ORIENTED_EDGE('',*,*,#3427,.F.);
#4928=ORIENTED_EDGE('',*,*,#3657,.T.);
#4929=ORIENTED_EDGE('',*,*,#3512,.F.);
#4930=ORIENTED_EDGE('',*,*,#3657,.F.);
#4931=ORIENTED_EDGE('',*,*,#3428,.F.);
#4932=ORIENTED_EDGE('',*,*,#3658,.T.);
#4933=ORIENTED_EDGE('',*,*,#3513,.F.);
#4934=ORIENTED_EDGE('',*,*,#3658,.F.);
#4935=ORIENTED_EDGE('',*,*,#3429,.F.);
#4936=ORIENTED_EDGE('',*,*,#3659,.T.);
#4937=ORIENTED_EDGE('',*,*,#3514,.F.);
#4938=ORIENTED_EDGE('',*,*,#3659,.F.);
#4939=ORIENTED_EDGE('',*,*,#3430,.F.);
#4940=ORIENTED_EDGE('',*,*,#3660,.T.);
#4941=ORIENTED_EDGE('',*,*,#3515,.F.);
#4942=ORIENTED_EDGE('',*,*,#3660,.F.);
#4943=ORIENTED_EDGE('',*,*,#3431,.F.);
#4944=ORIENTED_EDGE('',*,*,#3661,.T.);
#4945=ORIENTED_EDGE('',*,*,#3516,.F.);
#4946=ORIENTED_EDGE('',*,*,#3661,.F.);
#4947=ORIENTED_EDGE('',*,*,#3432,.F.);
#4948=ORIENTED_EDGE('',*,*,#3662,.T.);
#4949=ORIENTED_EDGE('',*,*,#3517,.F.);
#4950=ORIENTED_EDGE('',*,*,#3662,.F.);
#4951=ORIENTED_EDGE('',*,*,#3433,.F.);
#4952=ORIENTED_EDGE('',*,*,#3663,.T.);
#4953=ORIENTED_EDGE('',*,*,#3518,.F.);
#4954=ORIENTED_EDGE('',*,*,#3663,.F.);
#4955=ORIENTED_EDGE('',*,*,#3434,.F.);
#4956=ORIENTED_EDGE('',*,*,#3664,.T.);
#4957=ORIENTED_EDGE('',*,*,#3519,.F.);
#4958=ORIENTED_EDGE('',*,*,#3664,.F.);
#4959=ORIENTED_EDGE('',*,*,#3435,.F.);
#4960=ORIENTED_EDGE('',*,*,#3665,.T.);
#4961=ORIENTED_EDGE('',*,*,#3520,.F.);
#4962=ORIENTED_EDGE('',*,*,#3665,.F.);
#4963=ORIENTED_EDGE('',*,*,#3436,.F.);
#4964=ORIENTED_EDGE('',*,*,#3666,.T.);
#4965=ORIENTED_EDGE('',*,*,#3521,.F.);
#4966=ORIENTED_EDGE('',*,*,#3666,.F.);
#4967=ORIENTED_EDGE('',*,*,#3437,.F.);
#4968=ORIENTED_EDGE('',*,*,#3667,.T.);
#4969=ORIENTED_EDGE('',*,*,#3522,.F.);
#4970=ORIENTED_EDGE('',*,*,#3667,.F.);
#4971=ORIENTED_EDGE('',*,*,#3438,.F.);
#4972=ORIENTED_EDGE('',*,*,#3668,.T.);
#4973=ORIENTED_EDGE('',*,*,#3523,.F.);
#4974=ORIENTED_EDGE('',*,*,#3668,.F.);
#4975=ORIENTED_EDGE('',*,*,#3439,.F.);
#4976=ORIENTED_EDGE('',*,*,#3669,.T.);
#4977=ORIENTED_EDGE('',*,*,#3524,.F.);
#4978=ORIENTED_EDGE('',*,*,#3669,.F.);
#4979=ORIENTED_EDGE('',*,*,#3440,.F.);
#4980=ORIENTED_EDGE('',*,*,#3670,.T.);
#4981=ORIENTED_EDGE('',*,*,#3525,.F.);
#4982=ORIENTED_EDGE('',*,*,#3670,.F.);
#4983=ORIENTED_EDGE('',*,*,#3441,.F.);
#4984=ORIENTED_EDGE('',*,*,#3671,.T.);
#4985=ORIENTED_EDGE('',*,*,#3526,.F.);
#4986=ORIENTED_EDGE('',*,*,#3671,.F.);
#4987=ORIENTED_EDGE('',*,*,#3442,.F.);
#4988=ORIENTED_EDGE('',*,*,#3672,.T.);
#4989=ORIENTED_EDGE('',*,*,#3527,.F.);
#4990=ORIENTED_EDGE('',*,*,#3672,.F.);
#4991=ORIENTED_EDGE('',*,*,#3443,.F.);
#4992=ORIENTED_EDGE('',*,*,#3673,.T.);
#4993=ORIENTED_EDGE('',*,*,#3528,.F.);
#4994=ORIENTED_EDGE('',*,*,#3673,.F.);
#4995=ORIENTED_EDGE('',*,*,#3444,.F.);
#4996=ORIENTED_EDGE('',*,*,#3674,.T.);
#4997=ORIENTED_EDGE('',*,*,#3529,.F.);
#4998=ORIENTED_EDGE('',*,*,#3674,.F.);
#4999=ORIENTED_EDGE('',*,*,#3445,.F.);
#5000=ORIENTED_EDGE('',*,*,#3675,.T.);
#5001=ORIENTED_EDGE('',*,*,#3530,.F.);
#5002=ORIENTED_EDGE('',*,*,#3675,.F.);
#5003=ORIENTED_EDGE('',*,*,#3446,.F.);
#5004=ORIENTED_EDGE('',*,*,#3676,.T.);
#5005=ORIENTED_EDGE('',*,*,#3531,.F.);
#5006=ORIENTED_EDGE('',*,*,#3676,.F.);
#5007=ORIENTED_EDGE('',*,*,#3447,.F.);
#5008=ORIENTED_EDGE('',*,*,#3677,.T.);
#5009=ORIENTED_EDGE('',*,*,#3532,.F.);
#5010=ORIENTED_EDGE('',*,*,#3677,.F.);
#5011=ORIENTED_EDGE('',*,*,#3448,.F.);
#5012=ORIENTED_EDGE('',*,*,#3678,.T.);
#5013=ORIENTED_EDGE('',*,*,#3533,.F.);
#5014=ORIENTED_EDGE('',*,*,#3678,.F.);
#5015=ORIENTED_EDGE('',*,*,#3449,.F.);
#5016=ORIENTED_EDGE('',*,*,#3679,.T.);
#5017=ORIENTED_EDGE('',*,*,#3534,.F.);
#5018=ORIENTED_EDGE('',*,*,#3679,.F.);
#5019=ORIENTED_EDGE('',*,*,#3450,.F.);
#5020=ORIENTED_EDGE('',*,*,#3680,.T.);
#5021=ORIENTED_EDGE('',*,*,#3535,.F.);
#5022=ORIENTED_EDGE('',*,*,#3680,.F.);
#5023=ORIENTED_EDGE('',*,*,#3451,.F.);
#5024=ORIENTED_EDGE('',*,*,#3681,.T.);
#5025=ORIENTED_EDGE('',*,*,#3536,.F.);
#5026=ORIENTED_EDGE('',*,*,#3681,.F.);
#5027=ORIENTED_EDGE('',*,*,#3452,.F.);
#5028=ORIENTED_EDGE('',*,*,#3682,.T.);
#5029=ORIENTED_EDGE('',*,*,#3537,.F.);
#5030=ORIENTED_EDGE('',*,*,#3682,.F.);
#5031=ORIENTED_EDGE('',*,*,#3453,.F.);
#5032=ORIENTED_EDGE('',*,*,#3683,.T.);
#5033=ORIENTED_EDGE('',*,*,#3538,.F.);
#5034=ORIENTED_EDGE('',*,*,#3683,.F.);
#5035=ORIENTED_EDGE('',*,*,#3454,.F.);
#5036=ORIENTED_EDGE('',*,*,#3684,.T.);
#5037=ORIENTED_EDGE('',*,*,#3539,.F.);
#5038=ORIENTED_EDGE('',*,*,#3684,.F.);
#5039=ORIENTED_EDGE('',*,*,#3455,.F.);
#5040=ORIENTED_EDGE('',*,*,#3685,.T.);
#5041=ORIENTED_EDGE('',*,*,#3540,.F.);
#5042=ORIENTED_EDGE('',*,*,#3685,.F.);
#5043=ORIENTED_EDGE('',*,*,#3456,.F.);
#5044=ORIENTED_EDGE('',*,*,#3686,.T.);
#5045=ORIENTED_EDGE('',*,*,#3541,.F.);
#5046=ORIENTED_EDGE('',*,*,#3686,.F.);
#5047=ORIENTED_EDGE('',*,*,#3457,.F.);
#5048=ORIENTED_EDGE('',*,*,#3687,.T.);
#5049=ORIENTED_EDGE('',*,*,#3542,.F.);
#5050=ORIENTED_EDGE('',*,*,#3687,.F.);
#5051=ORIENTED_EDGE('',*,*,#3458,.F.);
#5052=ORIENTED_EDGE('',*,*,#3688,.T.);
#5053=ORIENTED_EDGE('',*,*,#3543,.F.);
#5054=ORIENTED_EDGE('',*,*,#3688,.F.);
#5055=ORIENTED_EDGE('',*,*,#3459,.F.);
#5056=ORIENTED_EDGE('',*,*,#3689,.T.);
#5057=ORIENTED_EDGE('',*,*,#3544,.F.);
#5058=ORIENTED_EDGE('',*,*,#3689,.F.);
#5059=ORIENTED_EDGE('',*,*,#3460,.F.);
#5060=ORIENTED_EDGE('',*,*,#3690,.T.);
#5061=ORIENTED_EDGE('',*,*,#3545,.F.);
#5062=ORIENTED_EDGE('',*,*,#3690,.F.);
#5063=ORIENTED_EDGE('',*,*,#3461,.F.);
#5064=ORIENTED_EDGE('',*,*,#3691,.T.);
#5065=ORIENTED_EDGE('',*,*,#3546,.F.);
#5066=ORIENTED_EDGE('',*,*,#3691,.F.);
#5067=ORIENTED_EDGE('',*,*,#3462,.F.);
#5068=ORIENTED_EDGE('',*,*,#3692,.T.);
#5069=ORIENTED_EDGE('',*,*,#3547,.F.);
#5070=ORIENTED_EDGE('',*,*,#3692,.F.);
#5071=ORIENTED_EDGE('',*,*,#3463,.F.);
#5072=ORIENTED_EDGE('',*,*,#3693,.T.);
#5073=ORIENTED_EDGE('',*,*,#3548,.F.);
#5074=ORIENTED_EDGE('',*,*,#3693,.F.);
#5075=ORIENTED_EDGE('',*,*,#3464,.F.);
#5076=ORIENTED_EDGE('',*,*,#3694,.T.);
#5077=ORIENTED_EDGE('',*,*,#3549,.F.);
#5078=ORIENTED_EDGE('',*,*,#3694,.F.);
#5079=ORIENTED_EDGE('',*,*,#3465,.F.);
#5080=ORIENTED_EDGE('',*,*,#3695,.T.);
#5081=ORIENTED_EDGE('',*,*,#3550,.F.);
#5082=ORIENTED_EDGE('',*,*,#3695,.F.);
#5083=ORIENTED_EDGE('',*,*,#3466,.F.);
#5084=ORIENTED_EDGE('',*,*,#3696,.T.);
#5085=ORIENTED_EDGE('',*,*,#3551,.F.);
#5086=ORIENTED_EDGE('',*,*,#3696,.F.);
#5087=ORIENTED_EDGE('',*,*,#3467,.F.);
#5088=ORIENTED_EDGE('',*,*,#3697,.T.);
#5089=ORIENTED_EDGE('',*,*,#3552,.F.);
#5090=ORIENTED_EDGE('',*,*,#3697,.F.);
#5091=ORIENTED_EDGE('',*,*,#3305,.F.);
#5092=ORIENTED_EDGE('',*,*,#3698,.T.);
#5093=ORIENTED_EDGE('',*,*,#3390,.F.);
#5094=ORIENTED_EDGE('',*,*,#3698,.F.);
#5095=PLANE('',#5367);
#5096=PLANE('',#5440);
#5097=PLANE('',#5441);
#5098=PLANE('',#5586);
#5099=PLANE('',#5587);
#5100=PLANE('',#5588);
#5101=PLANE('',#5665);
#5102=PLANE('',#5666);
#5103=PLANE('',#5668);
#5104=PLANE('',#5670);
#5105=PLANE('',#5672);
#5106=PLANE('',#5746);
#5107=PLANE('',#5823);
#5108=PLANE('',#5824);
#5109=PLANE('',#5825);
#5110=PLANE('',#5827);
#5111=PLANE('',#5829);
#5112=PLANE('',#5903);
#5113=ADVANCED_FACE('',(#1117,#237,#238,#239,#240,#241,#242,#243,#244,#245,
#246,#247,#248,#249,#250,#251,#252,#253,#254,#255,#256,#257,#258,#259,#260,
#261,#262,#263,#264,#265,#266,#267,#268,#269,#270,#271,#272,#273,#274,#275,
#276,#277,#278,#279,#280,#281,#282,#283,#284,#285,#286,#287,#288,#289,#290,
#291,#292,#293,#294,#295,#296,#297,#298,#299,#300,#301,#302,#303,#304,#305,
#306,#307,#308),#5095,.T.);
#5114=ADVANCED_FACE('',(#1118),#5096,.T.);
#5115=ADVANCED_FACE('',(#1119),#5097,.T.);
#5116=ADVANCED_FACE('',(#1120),#15,.F.);
#5117=ADVANCED_FACE('',(#1121),#16,.F.);
#5118=ADVANCED_FACE('',(#1122),#17,.F.);
#5119=ADVANCED_FACE('',(#1123),#18,.F.);
#5120=ADVANCED_FACE('',(#1124),#19,.F.);
#5121=ADVANCED_FACE('',(#1125),#20,.F.);
#5122=ADVANCED_FACE('',(#1126),#21,.F.);
#5123=ADVANCED_FACE('',(#1127),#22,.F.);
#5124=ADVANCED_FACE('',(#1128),#23,.F.);
#5125=ADVANCED_FACE('',(#1129),#24,.F.);
#5126=ADVANCED_FACE('',(#1130),#25,.F.);
#5127=ADVANCED_FACE('',(#1131),#26,.F.);
#5128=ADVANCED_FACE('',(#1132),#27,.F.);
#5129=ADVANCED_FACE('',(#1133),#28,.F.);
#5130=ADVANCED_FACE('',(#1134),#29,.F.);
#5131=ADVANCED_FACE('',(#1135),#30,.F.);
#5132=ADVANCED_FACE('',(#1136),#31,.F.);
#5133=ADVANCED_FACE('',(#1137),#32,.F.);
#5134=ADVANCED_FACE('',(#1138),#33,.F.);
#5135=ADVANCED_FACE('',(#1139),#34,.F.);
#5136=ADVANCED_FACE('',(#1140),#35,.F.);
#5137=ADVANCED_FACE('',(#1141),#36,.F.);
#5138=ADVANCED_FACE('',(#1142),#37,.F.);
#5139=ADVANCED_FACE('',(#1143),#38,.F.);
#5140=ADVANCED_FACE('',(#1144),#39,.F.);
#5141=ADVANCED_FACE('',(#1145),#40,.F.);
#5142=ADVANCED_FACE('',(#1146),#41,.F.);
#5143=ADVANCED_FACE('',(#1147),#42,.F.);
#5144=ADVANCED_FACE('',(#1148),#43,.F.);
#5145=ADVANCED_FACE('',(#1149),#44,.F.);
#5146=ADVANCED_FACE('',(#1150),#45,.F.);
#5147=ADVANCED_FACE('',(#1151),#46,.F.);
#5148=ADVANCED_FACE('',(#1152),#47,.F.);
#5149=ADVANCED_FACE('',(#1153),#48,.F.);
#5150=ADVANCED_FACE('',(#1154),#49,.F.);
#5151=ADVANCED_FACE('',(#1155),#50,.F.);
#5152=ADVANCED_FACE('',(#1156),#51,.F.);
#5153=ADVANCED_FACE('',(#1157),#52,.F.);
#5154=ADVANCED_FACE('',(#1158),#53,.F.);
#5155=ADVANCED_FACE('',(#1159),#54,.F.);
#5156=ADVANCED_FACE('',(#1160),#55,.F.);
#5157=ADVANCED_FACE('',(#1161),#56,.F.);
#5158=ADVANCED_FACE('',(#1162),#57,.F.);
#5159=ADVANCED_FACE('',(#1163),#58,.F.);
#5160=ADVANCED_FACE('',(#1164),#59,.F.);
#5161=ADVANCED_FACE('',(#1165),#60,.F.);
#5162=ADVANCED_FACE('',(#1166),#61,.F.);
#5163=ADVANCED_FACE('',(#1167),#62,.F.);
#5164=ADVANCED_FACE('',(#1168),#63,.F.);
#5165=ADVANCED_FACE('',(#1169),#64,.F.);
#5166=ADVANCED_FACE('',(#1170),#65,.F.);
#5167=ADVANCED_FACE('',(#1171),#66,.F.);
#5168=ADVANCED_FACE('',(#1172),#67,.F.);
#5169=ADVANCED_FACE('',(#1173),#68,.F.);
#5170=ADVANCED_FACE('',(#1174),#69,.F.);
#5171=ADVANCED_FACE('',(#1175),#70,.F.);
#5172=ADVANCED_FACE('',(#1176),#71,.F.);
#5173=ADVANCED_FACE('',(#1177),#72,.F.);
#5174=ADVANCED_FACE('',(#1178),#73,.F.);
#5175=ADVANCED_FACE('',(#1179),#74,.F.);
#5176=ADVANCED_FACE('',(#1180),#75,.F.);
#5177=ADVANCED_FACE('',(#1181),#76,.F.);
#5178=ADVANCED_FACE('',(#1182),#77,.F.);
#5179=ADVANCED_FACE('',(#1183),#78,.F.);
#5180=ADVANCED_FACE('',(#1184),#79,.F.);
#5181=ADVANCED_FACE('',(#1185),#80,.F.);
#5182=ADVANCED_FACE('',(#1186),#81,.F.);
#5183=ADVANCED_FACE('',(#1187),#82,.F.);
#5184=ADVANCED_FACE('',(#1188),#83,.F.);
#5185=ADVANCED_FACE('',(#1189),#84,.F.);
#5186=ADVANCED_FACE('',(#1190),#85,.F.);
#5187=ADVANCED_FACE('',(#1191),#86,.F.);
#5188=ADVANCED_FACE('',(#1192,#309,#310,#311,#312,#313,#314,#315,#316,#317,
#318,#319,#320,#321,#322,#323,#324,#325,#326,#327,#328,#329,#330,#331,#332,
#333,#334,#335,#336,#337,#338,#339,#340,#341,#342,#343,#344,#345,#346,#347,
#348,#349,#350,#351,#352,#353,#354,#355,#356,#357,#358,#359,#360,#361,#362,
#363,#364,#365,#366,#367,#368,#369,#370,#371,#372,#373,#374,#375,#376,#377,
#378,#379,#380),#5098,.F.);
#5189=ADVANCED_FACE('',(#1193),#5099,.T.);
#5190=ADVANCED_FACE('',(#1194,#381,#382,#383,#384,#385,#386,#387,#388,#389,
#390,#391,#392,#393,#394,#395,#396,#397,#398,#399,#400,#401,#402,#403,#404,
#405,#406,#407,#408,#409,#410,#411,#412,#413,#414,#415,#416,#417,#418,#419,
#420,#421,#422,#423,#424,#425,#426,#427,#428,#429,#430,#431,#432,#433,#434,
#435,#436,#437,#438,#439,#440,#441,#442,#443,#444,#445,#446,#447,#448,#449,
#450,#451,#452,#453),#5100,.T.);
#5191=ADVANCED_FACE('',(#1195),#87,.F.);
#5192=ADVANCED_FACE('',(#1196),#5101,.T.);
#5193=ADVANCED_FACE('',(#1197),#5102,.T.);
#5194=ADVANCED_FACE('',(#1198),#5103,.T.);
#5195=ADVANCED_FACE('',(#1199),#5104,.T.);
#5196=ADVANCED_FACE('',(#1200),#88,.T.);
#5197=ADVANCED_FACE('',(#1201,#454,#455,#456,#457,#458,#459,#460,#461,#462,
#463,#464,#465,#466,#467,#468,#469,#470,#471,#472,#473,#474,#475,#476,#477,
#478,#479,#480,#481,#482,#483,#484,#485,#486,#487,#488,#489,#490,#491,#492,
#493,#494,#495,#496,#497,#498,#499,#500,#501,#502,#503,#504,#505,#506,#507,
#508,#509,#510,#511,#512,#513,#514,#515,#516,#517,#518,#519,#520,#521,#522,
#523,#524,#525,#526),#5105,.T.);
#5198=ADVANCED_FACE('',(#1202,#527,#528,#529,#530,#531,#532,#533,#534,#535,
#536,#537,#538,#539,#540,#541,#542,#543,#544,#545,#546,#547,#548,#549,#550,
#551,#552,#553,#554,#555,#556,#557,#558,#559,#560,#561,#562,#563,#564,#565,
#566,#567,#568,#569,#570,#571,#572,#573,#574,#575,#576,#577,#578,#579,#580,
#581,#582,#583,#584,#585,#586,#587,#588,#589,#590,#591,#592,#593,#594,#595,
#596,#597,#598,#599),#5106,.T.);
#5199=ADVANCED_FACE('',(#1203),#89,.F.);
#5200=ADVANCED_FACE('',(#1204),#5107,.T.);
#5201=ADVANCED_FACE('',(#1205),#5108,.T.);
#5202=ADVANCED_FACE('',(#1206),#5109,.T.);
#5203=ADVANCED_FACE('',(#1207),#5110,.T.);
#5204=ADVANCED_FACE('',(#1208,#600,#601,#602,#603,#604,#605,#606,#607,#608,
#609,#610,#611,#612,#613,#614,#615,#616,#617,#618,#619,#620,#621,#622,#623,
#624,#625,#626,#627,#628,#629,#630,#631,#632,#633,#634,#635,#636,#637,#638,
#639,#640,#641,#642,#643,#644,#645,#646,#647,#648,#649,#650,#651,#652,#653,
#654,#655,#656,#657,#658,#659,#660,#661,#662,#663,#664,#665,#666,#667,#668,
#669,#670,#671,#672),#5111,.F.);
#5205=ADVANCED_FACE('',(#1209),#5112,.T.);
#5206=ADVANCED_FACE('',(#1210),#90,.T.);
#5207=ADVANCED_FACE('',(#1211),#91,.F.);
#5208=ADVANCED_FACE('',(#1212),#92,.F.);
#5209=ADVANCED_FACE('',(#1213),#93,.F.);
#5210=ADVANCED_FACE('',(#1214),#94,.F.);
#5211=ADVANCED_FACE('',(#1215),#95,.F.);
#5212=ADVANCED_FACE('',(#1216),#96,.F.);
#5213=ADVANCED_FACE('',(#1217),#97,.F.);
#5214=ADVANCED_FACE('',(#1218),#98,.F.);
#5215=ADVANCED_FACE('',(#1219),#99,.F.);
#5216=ADVANCED_FACE('',(#1220),#100,.F.);
#5217=ADVANCED_FACE('',(#1221),#101,.F.);
#5218=ADVANCED_FACE('',(#1222),#102,.F.);
#5219=ADVANCED_FACE('',(#1223),#103,.F.);
#5220=ADVANCED_FACE('',(#1224),#104,.F.);
#5221=ADVANCED_FACE('',(#1225),#105,.F.);
#5222=ADVANCED_FACE('',(#1226),#106,.F.);
#5223=ADVANCED_FACE('',(#1227),#107,.F.);
#5224=ADVANCED_FACE('',(#1228),#108,.F.);
#5225=ADVANCED_FACE('',(#1229),#109,.F.);
#5226=ADVANCED_FACE('',(#1230),#110,.F.);
#5227=ADVANCED_FACE('',(#1231),#111,.F.);
#5228=ADVANCED_FACE('',(#1232),#112,.F.);
#5229=ADVANCED_FACE('',(#1233),#113,.F.);
#5230=ADVANCED_FACE('',(#1234),#114,.F.);
#5231=ADVANCED_FACE('',(#1235),#115,.F.);
#5232=ADVANCED_FACE('',(#1236),#116,.F.);
#5233=ADVANCED_FACE('',(#1237),#117,.F.);
#5234=ADVANCED_FACE('',(#1238),#118,.F.);
#5235=ADVANCED_FACE('',(#1239),#119,.F.);
#5236=ADVANCED_FACE('',(#1240),#120,.F.);
#5237=ADVANCED_FACE('',(#1241),#121,.F.);
#5238=ADVANCED_FACE('',(#1242),#122,.F.);
#5239=ADVANCED_FACE('',(#1243),#123,.F.);
#5240=ADVANCED_FACE('',(#1244),#124,.F.);
#5241=ADVANCED_FACE('',(#1245),#125,.F.);
#5242=ADVANCED_FACE('',(#1246),#126,.F.);
#5243=ADVANCED_FACE('',(#1247),#127,.F.);
#5244=ADVANCED_FACE('',(#1248),#128,.F.);
#5245=ADVANCED_FACE('',(#1249),#129,.F.);
#5246=ADVANCED_FACE('',(#1250),#130,.F.);
#5247=ADVANCED_FACE('',(#1251),#131,.F.);
#5248=ADVANCED_FACE('',(#1252),#132,.F.);
#5249=ADVANCED_FACE('',(#1253),#133,.F.);
#5250=ADVANCED_FACE('',(#1254),#134,.F.);
#5251=ADVANCED_FACE('',(#1255),#135,.F.);
#5252=ADVANCED_FACE('',(#1256),#136,.F.);
#5253=ADVANCED_FACE('',(#1257),#137,.F.);
#5254=ADVANCED_FACE('',(#1258),#138,.F.);
#5255=ADVANCED_FACE('',(#1259),#139,.F.);
#5256=ADVANCED_FACE('',(#1260),#140,.F.);
#5257=ADVANCED_FACE('',(#1261),#141,.F.);
#5258=ADVANCED_FACE('',(#1262),#142,.F.);
#5259=ADVANCED_FACE('',(#1263),#143,.F.);
#5260=ADVANCED_FACE('',(#1264),#144,.F.);
#5261=ADVANCED_FACE('',(#1265),#145,.F.);
#5262=ADVANCED_FACE('',(#1266),#146,.F.);
#5263=ADVANCED_FACE('',(#1267),#147,.F.);
#5264=ADVANCED_FACE('',(#1268),#148,.F.);
#5265=ADVANCED_FACE('',(#1269),#149,.F.);
#5266=ADVANCED_FACE('',(#1270),#150,.F.);
#5267=ADVANCED_FACE('',(#1271),#151,.F.);
#5268=ADVANCED_FACE('',(#1272),#152,.F.);
#5269=ADVANCED_FACE('',(#1273),#153,.F.);
#5270=ADVANCED_FACE('',(#1274),#154,.F.);
#5271=ADVANCED_FACE('',(#1275),#155,.F.);
#5272=ADVANCED_FACE('',(#1276),#156,.F.);
#5273=ADVANCED_FACE('',(#1277),#157,.F.);
#5274=ADVANCED_FACE('',(#1278),#158,.F.);
#5275=ADVANCED_FACE('',(#1279),#159,.F.);
#5276=ADVANCED_FACE('',(#1280),#160,.F.);
#5277=ADVANCED_FACE('',(#1281),#161,.F.);
#5278=ADVANCED_FACE('',(#1282),#162,.F.);
#5279=ADVANCED_FACE('',(#1283),#163,.F.);
#5280=ADVANCED_FACE('',(#1284),#164,.F.);
#5281=ADVANCED_FACE('',(#1285),#165,.F.);
#5282=ADVANCED_FACE('',(#1286),#166,.F.);
#5283=ADVANCED_FACE('',(#1287),#167,.F.);
#5284=ADVANCED_FACE('',(#1288),#168,.F.);
#5285=ADVANCED_FACE('',(#1289),#169,.F.);
#5286=ADVANCED_FACE('',(#1290),#170,.F.);
#5287=ADVANCED_FACE('',(#1291),#171,.F.);
#5288=ADVANCED_FACE('',(#1292),#172,.F.);
#5289=ADVANCED_FACE('',(#1293),#173,.F.);
#5290=ADVANCED_FACE('',(#1294),#174,.F.);
#5291=ADVANCED_FACE('',(#1295),#175,.F.);
#5292=ADVANCED_FACE('',(#1296),#176,.F.);
#5293=ADVANCED_FACE('',(#1297),#177,.F.);
#5294=ADVANCED_FACE('',(#1298),#178,.F.);
#5295=ADVANCED_FACE('',(#1299),#179,.F.);
#5296=ADVANCED_FACE('',(#1300),#180,.F.);
#5297=ADVANCED_FACE('',(#1301),#181,.F.);
#5298=ADVANCED_FACE('',(#1302),#182,.F.);
#5299=ADVANCED_FACE('',(#1303),#183,.F.);
#5300=ADVANCED_FACE('',(#1304),#184,.F.);
#5301=ADVANCED_FACE('',(#1305),#185,.F.);
#5302=ADVANCED_FACE('',(#1306),#186,.F.);
#5303=ADVANCED_FACE('',(#1307),#187,.F.);
#5304=ADVANCED_FACE('',(#1308),#188,.F.);
#5305=ADVANCED_FACE('',(#1309),#189,.F.);
#5306=ADVANCED_FACE('',(#1310),#190,.F.);
#5307=ADVANCED_FACE('',(#1311),#191,.F.);
#5308=ADVANCED_FACE('',(#1312),#192,.F.);
#5309=ADVANCED_FACE('',(#1313),#193,.F.);
#5310=ADVANCED_FACE('',(#1314),#194,.F.);
#5311=ADVANCED_FACE('',(#1315),#195,.F.);
#5312=ADVANCED_FACE('',(#1316),#196,.F.);
#5313=ADVANCED_FACE('',(#1317),#197,.F.);
#5314=ADVANCED_FACE('',(#1318),#198,.F.);
#5315=ADVANCED_FACE('',(#1319),#199,.F.);
#5316=ADVANCED_FACE('',(#1320),#200,.F.);
#5317=ADVANCED_FACE('',(#1321),#201,.F.);
#5318=ADVANCED_FACE('',(#1322),#202,.F.);
#5319=ADVANCED_FACE('',(#1323),#203,.F.);
#5320=ADVANCED_FACE('',(#1324),#204,.F.);
#5321=ADVANCED_FACE('',(#1325),#205,.F.);
#5322=ADVANCED_FACE('',(#1326),#206,.F.);
#5323=ADVANCED_FACE('',(#1327),#207,.F.);
#5324=ADVANCED_FACE('',(#1328),#208,.F.);
#5325=ADVANCED_FACE('',(#1329),#209,.F.);
#5326=ADVANCED_FACE('',(#1330),#210,.F.);
#5327=ADVANCED_FACE('',(#1331),#211,.F.);
#5328=ADVANCED_FACE('',(#1332),#212,.F.);
#5329=ADVANCED_FACE('',(#1333),#213,.F.);
#5330=ADVANCED_FACE('',(#1334),#214,.F.);
#5331=ADVANCED_FACE('',(#1335),#215,.F.);
#5332=ADVANCED_FACE('',(#1336),#216,.F.);
#5333=ADVANCED_FACE('',(#1337),#217,.F.);
#5334=ADVANCED_FACE('',(#1338),#218,.F.);
#5335=ADVANCED_FACE('',(#1339),#219,.F.);
#5336=ADVANCED_FACE('',(#1340),#220,.F.);
#5337=ADVANCED_FACE('',(#1341),#221,.F.);
#5338=ADVANCED_FACE('',(#1342),#222,.F.);
#5339=ADVANCED_FACE('',(#1343),#223,.F.);
#5340=ADVANCED_FACE('',(#1344),#224,.F.);
#5341=ADVANCED_FACE('',(#1345),#225,.F.);
#5342=ADVANCED_FACE('',(#1346),#226,.F.);
#5343=ADVANCED_FACE('',(#1347),#227,.F.);
#5344=ADVANCED_FACE('',(#1348),#228,.F.);
#5345=ADVANCED_FACE('',(#1349),#229,.F.);
#5346=ADVANCED_FACE('',(#1350),#230,.F.);
#5347=ADVANCED_FACE('',(#1351),#231,.F.);
#5348=ADVANCED_FACE('',(#1352),#232,.F.);
#5349=ADVANCED_FACE('',(#1353),#233,.F.);
#5350=ADVANCED_FACE('',(#1354),#234,.F.);
#5351=ADVANCED_FACE('',(#1355),#235,.F.);
#5352=ADVANCED_FACE('',(#1356),#236,.F.);
#5353=CLOSED_SHELL('',(#5113,#5114,#5115,#5116,#5117,#5118,#5119,#5120,
#5121,#5122,#5123,#5124,#5125,#5126,#5127,#5128,#5129,#5130,#5131,#5132,
#5133,#5134,#5135,#5136,#5137,#5138,#5139,#5140,#5141,#5142,#5143,#5144,
#5145,#5146,#5147,#5148,#5149,#5150,#5151,#5152,#5153,#5154,#5155,#5156,
#5157,#5158,#5159,#5160,#5161,#5162,#5163,#5164,#5165,#5166,#5167,#5168,
#5169,#5170,#5171,#5172,#5173,#5174,#5175,#5176,#5177,#5178,#5179,#5180,
#5181,#5182,#5183,#5184,#5185,#5186,#5187,#5188,#5189,#5190,#5191,#5192,
#5193,#5194,#5195,#5196,#5197,#5198,#5199,#5200,#5201,#5202,#5203,#5204,
#5205,#5206,#5207,#5208,#5209,#5210,#5211,#5212,#5213,#5214,#5215,#5216,
#5217,#5218,#5219,#5220,#5221,#5222,#5223,#5224,#5225,#5226,#5227,#5228,
#5229,#5230,#5231,#5232,#5233,#5234,#5235,#5236,#5237,#5238,#5239,#5240,
#5241,#5242,#5243,#5244,#5245,#5246,#5247,#5248,#5249,#5250,#5251,#5252,
#5253,#5254,#5255,#5256,#5257,#5258,#5259,#5260,#5261,#5262,#5263,#5264,
#5265,#5266,#5267,#5268,#5269,#5270,#5271,#5272,#5273,#5274,#5275,#5276,
#5277,#5278,#5279,#5280,#5281,#5282,#5283,#5284,#5285,#5286,#5287,#5288,
#5289,#5290,#5291,#5292,#5293,#5294,#5295,#5296,#5297,#5298,#5299,#5300,
#5301,#5302,#5303,#5304,#5305,#5306,#5307,#5308,#5309,#5310,#5311,#5312,
#5313,#5314,#5315,#5316,#5317,#5318,#5319,#5320,#5321,#5322,#5323,#5324,
#5325,#5326,#5327,#5328,#5329,#5330,#5331,#5332,#5333,#5334,#5335,#5336,
#5337,#5338,#5339,#5340,#5341,#5342,#5343,#5344,#5345,#5346,#5347,#5348,
#5349,#5350,#5351,#5352));
#5354=DERIVED_UNIT_ELEMENT(#5356,1.);
#5355=DERIVED_UNIT_ELEMENT(#9079,-3.);
#5356=(
MASS_UNIT()
NAMED_UNIT(*)
SI_UNIT(.KILO.,.GRAM.)
);
#5357=DERIVED_UNIT((#5354,#5355));
#5358=MEASURE_REPRESENTATION_ITEM('density measure',
POSITIVE_RATIO_MEASURE(7850.),#5357);
#5359=PROPERTY_DEFINITION_REPRESENTATION(#5364,#5361);
#5360=PROPERTY_DEFINITION_REPRESENTATION(#5365,#5362);
#5361=REPRESENTATION('material name',(#5363),#9076);
#5362=REPRESENTATION('density',(#5358),#9076);
#5363=DESCRIPTIVE_REPRESENTATION_ITEM('Steel','Steel');
#5364=PROPERTY_DEFINITION('material property','material name',#9086);
#5365=PROPERTY_DEFINITION('material property','density of part',#9086);
#5366=AXIS2_PLACEMENT_3D('',#7675,#6051,#6052);
#5367=AXIS2_PLACEMENT_3D('',#7676,#6053,#6054);
#5368=AXIS2_PLACEMENT_3D('',#7686,#6059,#6060);
#5369=AXIS2_PLACEMENT_3D('',#7688,#6061,#6062);
#5370=AXIS2_PLACEMENT_3D('',#7690,#6063,#6064);
#5371=AXIS2_PLACEMENT_3D('',#7692,#6065,#6066);
#5372=AXIS2_PLACEMENT_3D('',#7694,#6067,#6068);
#5373=AXIS2_PLACEMENT_3D('',#7696,#6069,#6070);
#5374=AXIS2_PLACEMENT_3D('',#7698,#6071,#6072);
#5375=AXIS2_PLACEMENT_3D('',#7700,#6073,#6074);
#5376=AXIS2_PLACEMENT_3D('',#7702,#6075,#6076);
#5377=AXIS2_PLACEMENT_3D('',#7704,#6077,#6078);
#5378=AXIS2_PLACEMENT_3D('',#7706,#6079,#6080);
#5379=AXIS2_PLACEMENT_3D('',#7708,#6081,#6082);
#5380=AXIS2_PLACEMENT_3D('',#7710,#6083,#6084);
#5381=AXIS2_PLACEMENT_3D('',#7712,#6085,#6086);
#5382=AXIS2_PLACEMENT_3D('',#7714,#6087,#6088);
#5383=AXIS2_PLACEMENT_3D('',#7716,#6089,#6090);
#5384=AXIS2_PLACEMENT_3D('',#7718,#6091,#6092);
#5385=AXIS2_PLACEMENT_3D('',#7720,#6093,#6094);
#5386=AXIS2_PLACEMENT_3D('',#7722,#6095,#6096);
#5387=AXIS2_PLACEMENT_3D('',#7724,#6097,#6098);
#5388=AXIS2_PLACEMENT_3D('',#7726,#6099,#6100);
#5389=AXIS2_PLACEMENT_3D('',#7728,#6101,#6102);
#5390=AXIS2_PLACEMENT_3D('',#7730,#6103,#6104);
#5391=AXIS2_PLACEMENT_3D('',#7732,#6105,#6106);
#5392=AXIS2_PLACEMENT_3D('',#7734,#6107,#6108);
#5393=AXIS2_PLACEMENT_3D('',#7736,#6109,#6110);
#5394=AXIS2_PLACEMENT_3D('',#7738,#6111,#6112);
#5395=AXIS2_PLACEMENT_3D('',#7740,#6113,#6114);
#5396=AXIS2_PLACEMENT_3D('',#7742,#6115,#6116);
#5397=AXIS2_PLACEMENT_3D('',#7744,#6117,#6118);
#5398=AXIS2_PLACEMENT_3D('',#7746,#6119,#6120);
#5399=AXIS2_PLACEMENT_3D('',#7748,#6121,#6122);
#5400=AXIS2_PLACEMENT_3D('',#7750,#6123,#6124);
#5401=AXIS2_PLACEMENT_3D('',#7752,#6125,#6126);
#5402=AXIS2_PLACEMENT_3D('',#7754,#6127,#6128);
#5403=AXIS2_PLACEMENT_3D('',#7756,#6129,#6130);
#5404=AXIS2_PLACEMENT_3D('',#7758,#6131,#6132);
#5405=AXIS2_PLACEMENT_3D('',#7760,#6133,#6134);
#5406=AXIS2_PLACEMENT_3D('',#7762,#6135,#6136);
#5407=AXIS2_PLACEMENT_3D('',#7764,#6137,#6138);
#5408=AXIS2_PLACEMENT_3D('',#7766,#6139,#6140);
#5409=AXIS2_PLACEMENT_3D('',#7768,#6141,#6142);
#5410=AXIS2_PLACEMENT_3D('',#7770,#6143,#6144);
#5411=AXIS2_PLACEMENT_3D('',#7772,#6145,#6146);
#5412=AXIS2_PLACEMENT_3D('',#7774,#6147,#6148);
#5413=AXIS2_PLACEMENT_3D('',#7776,#6149,#6150);
#5414=AXIS2_PLACEMENT_3D('',#7778,#6151,#6152);
#5415=AXIS2_PLACEMENT_3D('',#7780,#6153,#6154);
#5416=AXIS2_PLACEMENT_3D('',#7782,#6155,#6156);
#5417=AXIS2_PLACEMENT_3D('',#7784,#6157,#6158);
#5418=AXIS2_PLACEMENT_3D('',#7786,#6159,#6160);
#5419=AXIS2_PLACEMENT_3D('',#7788,#6161,#6162);
#5420=AXIS2_PLACEMENT_3D('',#7790,#6163,#6164);
#5421=AXIS2_PLACEMENT_3D('',#7792,#6165,#6166);
#5422=AXIS2_PLACEMENT_3D('',#7794,#6167,#6168);
#5423=AXIS2_PLACEMENT_3D('',#7796,#6169,#6170);
#5424=AXIS2_PLACEMENT_3D('',#7798,#6171,#6172);
#5425=AXIS2_PLACEMENT_3D('',#7800,#6173,#6174);
#5426=AXIS2_PLACEMENT_3D('',#7802,#6175,#6176);
#5427=AXIS2_PLACEMENT_3D('',#7804,#6177,#6178);
#5428=AXIS2_PLACEMENT_3D('',#7806,#6179,#6180);
#5429=AXIS2_PLACEMENT_3D('',#7808,#6181,#6182);
#5430=AXIS2_PLACEMENT_3D('',#7810,#6183,#6184);
#5431=AXIS2_PLACEMENT_3D('',#7812,#6185,#6186);
#5432=AXIS2_PLACEMENT_3D('',#7814,#6187,#6188);
#5433=AXIS2_PLACEMENT_3D('',#7816,#6189,#6190);
#5434=AXIS2_PLACEMENT_3D('',#7818,#6191,#6192);
#5435=AXIS2_PLACEMENT_3D('',#7820,#6193,#6194);
#5436=AXIS2_PLACEMENT_3D('',#7822,#6195,#6196);
#5437=AXIS2_PLACEMENT_3D('',#7824,#6197,#6198);
#5438=AXIS2_PLACEMENT_3D('',#7826,#6199,#6200);
#5439=AXIS2_PLACEMENT_3D('',#7828,#6201,#6202);
#5440=AXIS2_PLACEMENT_3D('',#7829,#6203,#6204);
#5441=AXIS2_PLACEMENT_3D('',#7835,#6208,#6209);
#5442=AXIS2_PLACEMENT_3D('',#7839,#6212,#6213);
#5443=AXIS2_PLACEMENT_3D('',#7841,#6214,#6215);
#5444=AXIS2_PLACEMENT_3D('',#7843,#6217,#6218);
#5445=AXIS2_PLACEMENT_3D('',#7845,#6219,#6220);
#5446=AXIS2_PLACEMENT_3D('',#7847,#6222,#6223);
#5447=AXIS2_PLACEMENT_3D('',#7849,#6224,#6225);
#5448=AXIS2_PLACEMENT_3D('',#7851,#6227,#6228);
#5449=AXIS2_PLACEMENT_3D('',#7853,#6229,#6230);
#5450=AXIS2_PLACEMENT_3D('',#7855,#6232,#6233);
#5451=AXIS2_PLACEMENT_3D('',#7857,#6234,#6235);
#5452=AXIS2_PLACEMENT_3D('',#7859,#6237,#6238);
#5453=AXIS2_PLACEMENT_3D('',#7861,#6239,#6240);
#5454=AXIS2_PLACEMENT_3D('',#7863,#6242,#6243);
#5455=AXIS2_PLACEMENT_3D('',#7865,#6244,#6245);
#5456=AXIS2_PLACEMENT_3D('',#7867,#6247,#6248);
#5457=AXIS2_PLACEMENT_3D('',#7869,#6249,#6250);
#5458=AXIS2_PLACEMENT_3D('',#7871,#6252,#6253);
#5459=AXIS2_PLACEMENT_3D('',#7873,#6254,#6255);
#5460=AXIS2_PLACEMENT_3D('',#7875,#6257,#6258);
#5461=AXIS2_PLACEMENT_3D('',#7877,#6259,#6260);
#5462=AXIS2_PLACEMENT_3D('',#7879,#6262,#6263);
#5463=AXIS2_PLACEMENT_3D('',#7881,#6264,#6265);
#5464=AXIS2_PLACEMENT_3D('',#7883,#6267,#6268);
#5465=AXIS2_PLACEMENT_3D('',#7885,#6269,#6270);
#5466=AXIS2_PLACEMENT_3D('',#7887,#6272,#6273);
#5467=AXIS2_PLACEMENT_3D('',#7889,#6274,#6275);
#5468=AXIS2_PLACEMENT_3D('',#7891,#6277,#6278);
#5469=AXIS2_PLACEMENT_3D('',#7893,#6279,#6280);
#5470=AXIS2_PLACEMENT_3D('',#7895,#6282,#6283);
#5471=AXIS2_PLACEMENT_3D('',#7897,#6284,#6285);
#5472=AXIS2_PLACEMENT_3D('',#7899,#6287,#6288);
#5473=AXIS2_PLACEMENT_3D('',#7901,#6289,#6290);
#5474=AXIS2_PLACEMENT_3D('',#7903,#6292,#6293);
#5475=AXIS2_PLACEMENT_3D('',#7905,#6294,#6295);
#5476=AXIS2_PLACEMENT_3D('',#7907,#6297,#6298);
#5477=AXIS2_PLACEMENT_3D('',#7909,#6299,#6300);
#5478=AXIS2_PLACEMENT_3D('',#7911,#6302,#6303);
#5479=AXIS2_PLACEMENT_3D('',#7913,#6304,#6305);
#5480=AXIS2_PLACEMENT_3D('',#7915,#6307,#6308);
#5481=AXIS2_PLACEMENT_3D('',#7917,#6309,#6310);
#5482=AXIS2_PLACEMENT_3D('',#7919,#6312,#6313);
#5483=AXIS2_PLACEMENT_3D('',#7921,#6314,#6315);
#5484=AXIS2_PLACEMENT_3D('',#7923,#6317,#6318);
#5485=AXIS2_PLACEMENT_3D('',#7925,#6319,#6320);
#5486=AXIS2_PLACEMENT_3D('',#7927,#6322,#6323);
#5487=AXIS2_PLACEMENT_3D('',#7929,#6324,#6325);
#5488=AXIS2_PLACEMENT_3D('',#7931,#6327,#6328);
#5489=AXIS2_PLACEMENT_3D('',#7933,#6329,#6330);
#5490=AXIS2_PLACEMENT_3D('',#7935,#6332,#6333);
#5491=AXIS2_PLACEMENT_3D('',#7937,#6334,#6335);
#5492=AXIS2_PLACEMENT_3D('',#7939,#6337,#6338);
#5493=AXIS2_PLACEMENT_3D('',#7941,#6339,#6340);
#5494=AXIS2_PLACEMENT_3D('',#7943,#6342,#6343);
#5495=AXIS2_PLACEMENT_3D('',#7945,#6344,#6345);
#5496=AXIS2_PLACEMENT_3D('',#7947,#6347,#6348);
#5497=AXIS2_PLACEMENT_3D('',#7949,#6349,#6350);
#5498=AXIS2_PLACEMENT_3D('',#7951,#6352,#6353);
#5499=AXIS2_PLACEMENT_3D('',#7953,#6354,#6355);
#5500=AXIS2_PLACEMENT_3D('',#7955,#6357,#6358);
#5501=AXIS2_PLACEMENT_3D('',#7957,#6359,#6360);
#5502=AXIS2_PLACEMENT_3D('',#7959,#6362,#6363);
#5503=AXIS2_PLACEMENT_3D('',#7961,#6364,#6365);
#5504=AXIS2_PLACEMENT_3D('',#7963,#6367,#6368);
#5505=AXIS2_PLACEMENT_3D('',#7965,#6369,#6370);
#5506=AXIS2_PLACEMENT_3D('',#7967,#6372,#6373);
#5507=AXIS2_PLACEMENT_3D('',#7969,#6374,#6375);
#5508=AXIS2_PLACEMENT_3D('',#7971,#6377,#6378);
#5509=AXIS2_PLACEMENT_3D('',#7973,#6379,#6380);
#5510=AXIS2_PLACEMENT_3D('',#7975,#6382,#6383);
#5511=AXIS2_PLACEMENT_3D('',#7977,#6384,#6385);
#5512=AXIS2_PLACEMENT_3D('',#7979,#6387,#6388);
#5513=AXIS2_PLACEMENT_3D('',#7981,#6389,#6390);
#5514=AXIS2_PLACEMENT_3D('',#7983,#6392,#6393);
#5515=AXIS2_PLACEMENT_3D('',#7985,#6394,#6395);
#5516=AXIS2_PLACEMENT_3D('',#7987,#6397,#6398);
#5517=AXIS2_PLACEMENT_3D('',#7989,#6399,#6400);
#5518=AXIS2_PLACEMENT_3D('',#7991,#6402,#6403);
#5519=AXIS2_PLACEMENT_3D('',#7993,#6404,#6405);
#5520=AXIS2_PLACEMENT_3D('',#7995,#6407,#6408);
#5521=AXIS2_PLACEMENT_3D('',#7997,#6409,#6410);
#5522=AXIS2_PLACEMENT_3D('',#7999,#6412,#6413);
#5523=AXIS2_PLACEMENT_3D('',#8001,#6414,#6415);
#5524=AXIS2_PLACEMENT_3D('',#8003,#6417,#6418);
#5525=AXIS2_PLACEMENT_3D('',#8005,#6419,#6420);
#5526=AXIS2_PLACEMENT_3D('',#8007,#6422,#6423);
#5527=AXIS2_PLACEMENT_3D('',#8009,#6424,#6425);
#5528=AXIS2_PLACEMENT_3D('',#8011,#6427,#6428);
#5529=AXIS2_PLACEMENT_3D('',#8013,#6429,#6430);
#5530=AXIS2_PLACEMENT_3D('',#8015,#6432,#6433);
#5531=AXIS2_PLACEMENT_3D('',#8017,#6434,#6435);
#5532=AXIS2_PLACEMENT_3D('',#8019,#6437,#6438);
#5533=AXIS2_PLACEMENT_3D('',#8021,#6439,#6440);
#5534=AXIS2_PLACEMENT_3D('',#8023,#6442,#6443);
#5535=AXIS2_PLACEMENT_3D('',#8025,#6444,#6445);
#5536=AXIS2_PLACEMENT_3D('',#8027,#6447,#6448);
#5537=AXIS2_PLACEMENT_3D('',#8029,#6449,#6450);
#5538=AXIS2_PLACEMENT_3D('',#8031,#6452,#6453);
#5539=AXIS2_PLACEMENT_3D('',#8033,#6454,#6455);
#5540=AXIS2_PLACEMENT_3D('',#8035,#6457,#6458);
#5541=AXIS2_PLACEMENT_3D('',#8037,#6459,#6460);
#5542=AXIS2_PLACEMENT_3D('',#8039,#6462,#6463);
#5543=AXIS2_PLACEMENT_3D('',#8041,#6464,#6465);
#5544=AXIS2_PLACEMENT_3D('',#8043,#6467,#6468);
#5545=AXIS2_PLACEMENT_3D('',#8045,#6469,#6470);
#5546=AXIS2_PLACEMENT_3D('',#8047,#6472,#6473);
#5547=AXIS2_PLACEMENT_3D('',#8049,#6474,#6475);
#5548=AXIS2_PLACEMENT_3D('',#8051,#6477,#6478);
#5549=AXIS2_PLACEMENT_3D('',#8053,#6479,#6480);
#5550=AXIS2_PLACEMENT_3D('',#8055,#6482,#6483);
#5551=AXIS2_PLACEMENT_3D('',#8057,#6484,#6485);
#5552=AXIS2_PLACEMENT_3D('',#8059,#6487,#6488);
#5553=AXIS2_PLACEMENT_3D('',#8061,#6489,#6490);
#5554=AXIS2_PLACEMENT_3D('',#8063,#6492,#6493);
#5555=AXIS2_PLACEMENT_3D('',#8065,#6494,#6495);
#5556=AXIS2_PLACEMENT_3D('',#8067,#6497,#6498);
#5557=AXIS2_PLACEMENT_3D('',#8069,#6499,#6500);
#5558=AXIS2_PLACEMENT_3D('',#8071,#6502,#6503);
#5559=AXIS2_PLACEMENT_3D('',#8073,#6504,#6505);
#5560=AXIS2_PLACEMENT_3D('',#8075,#6507,#6508);
#5561=AXIS2_PLACEMENT_3D('',#8077,#6509,#6510);
#5562=AXIS2_PLACEMENT_3D('',#8079,#6512,#6513);
#5563=AXIS2_PLACEMENT_3D('',#8081,#6514,#6515);
#5564=AXIS2_PLACEMENT_3D('',#8083,#6517,#6518);
#5565=AXIS2_PLACEMENT_3D('',#8085,#6519,#6520);
#5566=AXIS2_PLACEMENT_3D('',#8087,#6522,#6523);
#5567=AXIS2_PLACEMENT_3D('',#8089,#6524,#6525);
#5568=AXIS2_PLACEMENT_3D('',#8091,#6527,#6528);
#5569=AXIS2_PLACEMENT_3D('',#8093,#6529,#6530);
#5570=AXIS2_PLACEMENT_3D('',#8095,#6532,#6533);
#5571=AXIS2_PLACEMENT_3D('',#8097,#6534,#6535);
#5572=AXIS2_PLACEMENT_3D('',#8099,#6537,#6538);
#5573=AXIS2_PLACEMENT_3D('',#8101,#6539,#6540);
#5574=AXIS2_PLACEMENT_3D('',#8103,#6542,#6543);
#5575=AXIS2_PLACEMENT_3D('',#8105,#6544,#6545);
#5576=AXIS2_PLACEMENT_3D('',#8107,#6547,#6548);
#5577=AXIS2_PLACEMENT_3D('',#8109,#6549,#6550);
#5578=AXIS2_PLACEMENT_3D('',#8111,#6552,#6553);
#5579=AXIS2_PLACEMENT_3D('',#8113,#6554,#6555);
#5580=AXIS2_PLACEMENT_3D('',#8115,#6557,#6558);
#5581=AXIS2_PLACEMENT_3D('',#8117,#6559,#6560);
#5582=AXIS2_PLACEMENT_3D('',#8119,#6562,#6563);
#5583=AXIS2_PLACEMENT_3D('',#8121,#6564,#6565);
#5584=AXIS2_PLACEMENT_3D('',#8123,#6567,#6568);
#5585=AXIS2_PLACEMENT_3D('',#8125,#6569,#6570);
#5586=AXIS2_PLACEMENT_3D('',#8127,#6572,#6573);
#5587=AXIS2_PLACEMENT_3D('',#8131,#6576,#6577);
#5588=AXIS2_PLACEMENT_3D('',#8133,#6579,#6580);
#5589=AXIS2_PLACEMENT_3D('',#8143,#6585,#6586);
#5590=AXIS2_PLACEMENT_3D('',#8145,#6587,#6588);
#5591=AXIS2_PLACEMENT_3D('',#8147,#6589,#6590);
#5592=AXIS2_PLACEMENT_3D('',#8149,#6591,#6592);
#5593=AXIS2_PLACEMENT_3D('',#8151,#6593,#6594);
#5594=AXIS2_PLACEMENT_3D('',#8153,#6595,#6596);
#5595=AXIS2_PLACEMENT_3D('',#8155,#6597,#6598);
#5596=AXIS2_PLACEMENT_3D('',#8157,#6599,#6600);
#5597=AXIS2_PLACEMENT_3D('',#8159,#6601,#6602);
#5598=AXIS2_PLACEMENT_3D('',#8161,#6603,#6604);
#5599=AXIS2_PLACEMENT_3D('',#8163,#6605,#6606);
#5600=AXIS2_PLACEMENT_3D('',#8165,#6607,#6608);
#5601=AXIS2_PLACEMENT_3D('',#8167,#6609,#6610);
#5602=AXIS2_PLACEMENT_3D('',#8169,#6611,#6612);
#5603=AXIS2_PLACEMENT_3D('',#8171,#6613,#6614);
#5604=AXIS2_PLACEMENT_3D('',#8173,#6615,#6616);
#5605=AXIS2_PLACEMENT_3D('',#8175,#6617,#6618);
#5606=AXIS2_PLACEMENT_3D('',#8177,#6619,#6620);
#5607=AXIS2_PLACEMENT_3D('',#8179,#6621,#6622);
#5608=AXIS2_PLACEMENT_3D('',#8181,#6623,#6624);
#5609=AXIS2_PLACEMENT_3D('',#8183,#6625,#6626);
#5610=AXIS2_PLACEMENT_3D('',#8185,#6627,#6628);
#5611=AXIS2_PLACEMENT_3D('',#8187,#6629,#6630);
#5612=AXIS2_PLACEMENT_3D('',#8189,#6631,#6632);
#5613=AXIS2_PLACEMENT_3D('',#8191,#6633,#6634);
#5614=AXIS2_PLACEMENT_3D('',#8193,#6635,#6636);
#5615=AXIS2_PLACEMENT_3D('',#8195,#6637,#6638);
#5616=AXIS2_PLACEMENT_3D('',#8197,#6639,#6640);
#5617=AXIS2_PLACEMENT_3D('',#8199,#6641,#6642);
#5618=AXIS2_PLACEMENT_3D('',#8201,#6643,#6644);
#5619=AXIS2_PLACEMENT_3D('',#8203,#6645,#6646);
#5620=AXIS2_PLACEMENT_3D('',#8205,#6647,#6648);
#5621=AXIS2_PLACEMENT_3D('',#8207,#6649,#6650);
#5622=AXIS2_PLACEMENT_3D('',#8209,#6651,#6652);
#5623=AXIS2_PLACEMENT_3D('',#8211,#6653,#6654);
#5624=AXIS2_PLACEMENT_3D('',#8213,#6655,#6656);
#5625=AXIS2_PLACEMENT_3D('',#8215,#6657,#6658);
#5626=AXIS2_PLACEMENT_3D('',#8217,#6659,#6660);
#5627=AXIS2_PLACEMENT_3D('',#8219,#6661,#6662);
#5628=AXIS2_PLACEMENT_3D('',#8221,#6663,#6664);
#5629=AXIS2_PLACEMENT_3D('',#8223,#6665,#6666);
#5630=AXIS2_PLACEMENT_3D('',#8225,#6667,#6668);
#5631=AXIS2_PLACEMENT_3D('',#8227,#6669,#6670);
#5632=AXIS2_PLACEMENT_3D('',#8229,#6671,#6672);
#5633=AXIS2_PLACEMENT_3D('',#8231,#6673,#6674);
#5634=AXIS2_PLACEMENT_3D('',#8233,#6675,#6676);
#5635=AXIS2_PLACEMENT_3D('',#8235,#6677,#6678);
#5636=AXIS2_PLACEMENT_3D('',#8237,#6679,#6680);
#5637=AXIS2_PLACEMENT_3D('',#8239,#6681,#6682);
#5638=AXIS2_PLACEMENT_3D('',#8241,#6683,#6684);
#5639=AXIS2_PLACEMENT_3D('',#8243,#6685,#6686);
#5640=AXIS2_PLACEMENT_3D('',#8245,#6687,#6688);
#5641=AXIS2_PLACEMENT_3D('',#8247,#6689,#6690);
#5642=AXIS2_PLACEMENT_3D('',#8249,#6691,#6692);
#5643=AXIS2_PLACEMENT_3D('',#8251,#6693,#6694);
#5644=AXIS2_PLACEMENT_3D('',#8253,#6695,#6696);
#5645=AXIS2_PLACEMENT_3D('',#8255,#6697,#6698);
#5646=AXIS2_PLACEMENT_3D('',#8257,#6699,#6700);
#5647=AXIS2_PLACEMENT_3D('',#8259,#6701,#6702);
#5648=AXIS2_PLACEMENT_3D('',#8261,#6703,#6704);
#5649=AXIS2_PLACEMENT_3D('',#8263,#6705,#6706);
#5650=AXIS2_PLACEMENT_3D('',#8265,#6707,#6708);
#5651=AXIS2_PLACEMENT_3D('',#8267,#6709,#6710);
#5652=AXIS2_PLACEMENT_3D('',#8269,#6711,#6712);
#5653=AXIS2_PLACEMENT_3D('',#8271,#6713,#6714);
#5654=AXIS2_PLACEMENT_3D('',#8273,#6715,#6716);
#5655=AXIS2_PLACEMENT_3D('',#8275,#6717,#6718);
#5656=AXIS2_PLACEMENT_3D('',#8277,#6719,#6720);
#5657=AXIS2_PLACEMENT_3D('',#8279,#6721,#6722);
#5658=AXIS2_PLACEMENT_3D('',#8281,#6723,#6724);
#5659=AXIS2_PLACEMENT_3D('',#8283,#6725,#6726);
#5660=AXIS2_PLACEMENT_3D('',#8285,#6727,#6728);
#5661=AXIS2_PLACEMENT_3D('',#8287,#6729,#6730);
#5662=AXIS2_PLACEMENT_3D('',#8288,#6731,#6732);
#5663=AXIS2_PLACEMENT_3D('',#8292,#6734,#6735);
#5664=AXIS2_PLACEMENT_3D('',#8293,#6736,#6737);
#5665=AXIS2_PLACEMENT_3D('',#8294,#6738,#6739);
#5666=AXIS2_PLACEMENT_3D('',#8299,#6743,#6744);
#5667=AXIS2_PLACEMENT_3D('',#8301,#6746,#6747);
#5668=AXIS2_PLACEMENT_3D('',#8302,#6748,#6749);
#5669=AXIS2_PLACEMENT_3D('',#8303,#6750,#6751);
#5670=AXIS2_PLACEMENT_3D('',#8304,#6752,#6753);
#5671=AXIS2_PLACEMENT_3D('',#8308,#6756,#6757);
#5672=AXIS2_PLACEMENT_3D('',#8309,#6758,#6759);
#5673=AXIS2_PLACEMENT_3D('',#8312,#6761,#6762);
#5674=AXIS2_PLACEMENT_3D('',#8314,#6763,#6764);
#5675=AXIS2_PLACEMENT_3D('',#8316,#6765,#6766);
#5676=AXIS2_PLACEMENT_3D('',#8318,#6767,#6768);
#5677=AXIS2_PLACEMENT_3D('',#8320,#6769,#6770);
#5678=AXIS2_PLACEMENT_3D('',#8322,#6771,#6772);
#5679=AXIS2_PLACEMENT_3D('',#8324,#6773,#6774);
#5680=AXIS2_PLACEMENT_3D('',#8326,#6775,#6776);
#5681=AXIS2_PLACEMENT_3D('',#8328,#6777,#6778);
#5682=AXIS2_PLACEMENT_3D('',#8330,#6779,#6780);
#5683=AXIS2_PLACEMENT_3D('',#8332,#6781,#6782);
#5684=AXIS2_PLACEMENT_3D('',#8334,#6783,#6784);
#5685=AXIS2_PLACEMENT_3D('',#8336,#6785,#6786);
#5686=AXIS2_PLACEMENT_3D('',#8338,#6787,#6788);
#5687=AXIS2_PLACEMENT_3D('',#8340,#6789,#6790);
#5688=AXIS2_PLACEMENT_3D('',#8342,#6791,#6792);
#5689=AXIS2_PLACEMENT_3D('',#8344,#6793,#6794);
#5690=AXIS2_PLACEMENT_3D('',#8346,#6795,#6796);
#5691=AXIS2_PLACEMENT_3D('',#8348,#6797,#6798);
#5692=AXIS2_PLACEMENT_3D('',#8350,#6799,#6800);
#5693=AXIS2_PLACEMENT_3D('',#8352,#6801,#6802);
#5694=AXIS2_PLACEMENT_3D('',#8354,#6803,#6804);
#5695=AXIS2_PLACEMENT_3D('',#8356,#6805,#6806);
#5696=AXIS2_PLACEMENT_3D('',#8358,#6807,#6808);
#5697=AXIS2_PLACEMENT_3D('',#8360,#6809,#6810);
#5698=AXIS2_PLACEMENT_3D('',#8362,#6811,#6812);
#5699=AXIS2_PLACEMENT_3D('',#8364,#6813,#6814);
#5700=AXIS2_PLACEMENT_3D('',#8366,#6815,#6816);
#5701=AXIS2_PLACEMENT_3D('',#8368,#6817,#6818);
#5702=AXIS2_PLACEMENT_3D('',#8370,#6819,#6820);
#5703=AXIS2_PLACEMENT_3D('',#8372,#6821,#6822);
#5704=AXIS2_PLACEMENT_3D('',#8374,#6823,#6824);
#5705=AXIS2_PLACEMENT_3D('',#8376,#6825,#6826);
#5706=AXIS2_PLACEMENT_3D('',#8378,#6827,#6828);
#5707=AXIS2_PLACEMENT_3D('',#8380,#6829,#6830);
#5708=AXIS2_PLACEMENT_3D('',#8382,#6831,#6832);
#5709=AXIS2_PLACEMENT_3D('',#8384,#6833,#6834);
#5710=AXIS2_PLACEMENT_3D('',#8386,#6835,#6836);
#5711=AXIS2_PLACEMENT_3D('',#8388,#6837,#6838);
#5712=AXIS2_PLACEMENT_3D('',#8390,#6839,#6840);
#5713=AXIS2_PLACEMENT_3D('',#8392,#6841,#6842);
#5714=AXIS2_PLACEMENT_3D('',#8394,#6843,#6844);
#5715=AXIS2_PLACEMENT_3D('',#8396,#6845,#6846);
#5716=AXIS2_PLACEMENT_3D('',#8398,#6847,#6848);
#5717=AXIS2_PLACEMENT_3D('',#8400,#6849,#6850);
#5718=AXIS2_PLACEMENT_3D('',#8402,#6851,#6852);
#5719=AXIS2_PLACEMENT_3D('',#8404,#6853,#6854);
#5720=AXIS2_PLACEMENT_3D('',#8406,#6855,#6856);
#5721=AXIS2_PLACEMENT_3D('',#8408,#6857,#6858);
#5722=AXIS2_PLACEMENT_3D('',#8410,#6859,#6860);
#5723=AXIS2_PLACEMENT_3D('',#8412,#6861,#6862);
#5724=AXIS2_PLACEMENT_3D('',#8414,#6863,#6864);
#5725=AXIS2_PLACEMENT_3D('',#8416,#6865,#6866);
#5726=AXIS2_PLACEMENT_3D('',#8418,#6867,#6868);
#5727=AXIS2_PLACEMENT_3D('',#8420,#6869,#6870);
#5728=AXIS2_PLACEMENT_3D('',#8422,#6871,#6872);
#5729=AXIS2_PLACEMENT_3D('',#8424,#6873,#6874);
#5730=AXIS2_PLACEMENT_3D('',#8426,#6875,#6876);
#5731=AXIS2_PLACEMENT_3D('',#8428,#6877,#6878);
#5732=AXIS2_PLACEMENT_3D('',#8430,#6879,#6880);
#5733=AXIS2_PLACEMENT_3D('',#8432,#6881,#6882);
#5734=AXIS2_PLACEMENT_3D('',#8434,#6883,#6884);
#5735=AXIS2_PLACEMENT_3D('',#8436,#6885,#6886);
#5736=AXIS2_PLACEMENT_3D('',#8438,#6887,#6888);
#5737=AXIS2_PLACEMENT_3D('',#8440,#6889,#6890);
#5738=AXIS2_PLACEMENT_3D('',#8442,#6891,#6892);
#5739=AXIS2_PLACEMENT_3D('',#8444,#6893,#6894);
#5740=AXIS2_PLACEMENT_3D('',#8446,#6895,#6896);
#5741=AXIS2_PLACEMENT_3D('',#8448,#6897,#6898);
#5742=AXIS2_PLACEMENT_3D('',#8450,#6899,#6900);
#5743=AXIS2_PLACEMENT_3D('',#8452,#6901,#6902);
#5744=AXIS2_PLACEMENT_3D('',#8454,#6903,#6904);
#5745=AXIS2_PLACEMENT_3D('',#8456,#6905,#6906);
#5746=AXIS2_PLACEMENT_3D('',#8457,#6907,#6908);
#5747=AXIS2_PLACEMENT_3D('',#8467,#6913,#6914);
#5748=AXIS2_PLACEMENT_3D('',#8469,#6915,#6916);
#5749=AXIS2_PLACEMENT_3D('',#8471,#6917,#6918);
#5750=AXIS2_PLACEMENT_3D('',#8473,#6919,#6920);
#5751=AXIS2_PLACEMENT_3D('',#8475,#6921,#6922);
#5752=AXIS2_PLACEMENT_3D('',#8477,#6923,#6924);
#5753=AXIS2_PLACEMENT_3D('',#8479,#6925,#6926);
#5754=AXIS2_PLACEMENT_3D('',#8481,#6927,#6928);
#5755=AXIS2_PLACEMENT_3D('',#8483,#6929,#6930);
#5756=AXIS2_PLACEMENT_3D('',#8485,#6931,#6932);
#5757=AXIS2_PLACEMENT_3D('',#8487,#6933,#6934);
#5758=AXIS2_PLACEMENT_3D('',#8489,#6935,#6936);
#5759=AXIS2_PLACEMENT_3D('',#8491,#6937,#6938);
#5760=AXIS2_PLACEMENT_3D('',#8493,#6939,#6940);
#5761=AXIS2_PLACEMENT_3D('',#8495,#6941,#6942);
#5762=AXIS2_PLACEMENT_3D('',#8497,#6943,#6944);
#5763=AXIS2_PLACEMENT_3D('',#8499,#6945,#6946);
#5764=AXIS2_PLACEMENT_3D('',#8501,#6947,#6948);
#5765=AXIS2_PLACEMENT_3D('',#8503,#6949,#6950);
#5766=AXIS2_PLACEMENT_3D('',#8505,#6951,#6952);
#5767=AXIS2_PLACEMENT_3D('',#8507,#6953,#6954);
#5768=AXIS2_PLACEMENT_3D('',#8509,#6955,#6956);
#5769=AXIS2_PLACEMENT_3D('',#8511,#6957,#6958);
#5770=AXIS2_PLACEMENT_3D('',#8513,#6959,#6960);
#5771=AXIS2_PLACEMENT_3D('',#8515,#6961,#6962);
#5772=AXIS2_PLACEMENT_3D('',#8517,#6963,#6964);
#5773=AXIS2_PLACEMENT_3D('',#8519,#6965,#6966);
#5774=AXIS2_PLACEMENT_3D('',#8521,#6967,#6968);
#5775=AXIS2_PLACEMENT_3D('',#8523,#6969,#6970);
#5776=AXIS2_PLACEMENT_3D('',#8525,#6971,#6972);
#5777=AXIS2_PLACEMENT_3D('',#8527,#6973,#6974);
#5778=AXIS2_PLACEMENT_3D('',#8529,#6975,#6976);
#5779=AXIS2_PLACEMENT_3D('',#8531,#6977,#6978);
#5780=AXIS2_PLACEMENT_3D('',#8533,#6979,#6980);
#5781=AXIS2_PLACEMENT_3D('',#8535,#6981,#6982);
#5782=AXIS2_PLACEMENT_3D('',#8537,#6983,#6984);
#5783=AXIS2_PLACEMENT_3D('',#8539,#6985,#6986);
#5784=AXIS2_PLACEMENT_3D('',#8541,#6987,#6988);
#5785=AXIS2_PLACEMENT_3D('',#8543,#6989,#6990);
#5786=AXIS2_PLACEMENT_3D('',#8545,#6991,#6992);
#5787=AXIS2_PLACEMENT_3D('',#8547,#6993,#6994);
#5788=AXIS2_PLACEMENT_3D('',#8549,#6995,#6996);
#5789=AXIS2_PLACEMENT_3D('',#8551,#6997,#6998);
#5790=AXIS2_PLACEMENT_3D('',#8553,#6999,#7000);
#5791=AXIS2_PLACEMENT_3D('',#8555,#7001,#7002);
#5792=AXIS2_PLACEMENT_3D('',#8557,#7003,#7004);
#5793=AXIS2_PLACEMENT_3D('',#8559,#7005,#7006);
#5794=AXIS2_PLACEMENT_3D('',#8561,#7007,#7008);
#5795=AXIS2_PLACEMENT_3D('',#8563,#7009,#7010);
#5796=AXIS2_PLACEMENT_3D('',#8565,#7011,#7012);
#5797=AXIS2_PLACEMENT_3D('',#8567,#7013,#7014);
#5798=AXIS2_PLACEMENT_3D('',#8569,#7015,#7016);
#5799=AXIS2_PLACEMENT_3D('',#8571,#7017,#7018);
#5800=AXIS2_PLACEMENT_3D('',#8573,#7019,#7020);
#5801=AXIS2_PLACEMENT_3D('',#8575,#7021,#7022);
#5802=AXIS2_PLACEMENT_3D('',#8577,#7023,#7024);
#5803=AXIS2_PLACEMENT_3D('',#8579,#7025,#7026);
#5804=AXIS2_PLACEMENT_3D('',#8581,#7027,#7028);
#5805=AXIS2_PLACEMENT_3D('',#8583,#7029,#7030);
#5806=AXIS2_PLACEMENT_3D('',#8585,#7031,#7032);
#5807=AXIS2_PLACEMENT_3D('',#8587,#7033,#7034);
#5808=AXIS2_PLACEMENT_3D('',#8589,#7035,#7036);
#5809=AXIS2_PLACEMENT_3D('',#8591,#7037,#7038);
#5810=AXIS2_PLACEMENT_3D('',#8593,#7039,#7040);
#5811=AXIS2_PLACEMENT_3D('',#8595,#7041,#7042);
#5812=AXIS2_PLACEMENT_3D('',#8597,#7043,#7044);
#5813=AXIS2_PLACEMENT_3D('',#8599,#7045,#7046);
#5814=AXIS2_PLACEMENT_3D('',#8601,#7047,#7048);
#5815=AXIS2_PLACEMENT_3D('',#8603,#7049,#7050);
#5816=AXIS2_PLACEMENT_3D('',#8605,#7051,#7052);
#5817=AXIS2_PLACEMENT_3D('',#8607,#7053,#7054);
#5818=AXIS2_PLACEMENT_3D('',#8609,#7055,#7056);
#5819=AXIS2_PLACEMENT_3D('',#8611,#7057,#7058);
#5820=AXIS2_PLACEMENT_3D('',#8612,#7059,#7060);
#5821=AXIS2_PLACEMENT_3D('',#8616,#7062,#7063);
#5822=AXIS2_PLACEMENT_3D('',#8617,#7064,#7065);
#5823=AXIS2_PLACEMENT_3D('',#8618,#7066,#7067);
#5824=AXIS2_PLACEMENT_3D('',#8624,#7071,#7072);
#5825=AXIS2_PLACEMENT_3D('',#8627,#7075,#7076);
#5826=AXIS2_PLACEMENT_3D('',#8629,#7078,#7079);
#5827=AXIS2_PLACEMENT_3D('',#8630,#7080,#7081);
#5828=AXIS2_PLACEMENT_3D('',#8631,#7082,#7083);
#5829=AXIS2_PLACEMENT_3D('',#8632,#7084,#7085);
#5830=AXIS2_PLACEMENT_3D('',#8635,#7087,#7088);
#5831=AXIS2_PLACEMENT_3D('',#8637,#7089,#7090);
#5832=AXIS2_PLACEMENT_3D('',#8639,#7091,#7092);
#5833=AXIS2_PLACEMENT_3D('',#8641,#7093,#7094);
#5834=AXIS2_PLACEMENT_3D('',#8643,#7095,#7096);
#5835=AXIS2_PLACEMENT_3D('',#8645,#7097,#7098);
#5836=AXIS2_PLACEMENT_3D('',#8647,#7099,#7100);
#5837=AXIS2_PLACEMENT_3D('',#8649,#7101,#7102);
#5838=AXIS2_PLACEMENT_3D('',#8651,#7103,#7104);
#5839=AXIS2_PLACEMENT_3D('',#8653,#7105,#7106);
#5840=AXIS2_PLACEMENT_3D('',#8655,#7107,#7108);
#5841=AXIS2_PLACEMENT_3D('',#8657,#7109,#7110);
#5842=AXIS2_PLACEMENT_3D('',#8659,#7111,#7112);
#5843=AXIS2_PLACEMENT_3D('',#8661,#7113,#7114);
#5844=AXIS2_PLACEMENT_3D('',#8663,#7115,#7116);
#5845=AXIS2_PLACEMENT_3D('',#8665,#7117,#7118);
#5846=AXIS2_PLACEMENT_3D('',#8667,#7119,#7120);
#5847=AXIS2_PLACEMENT_3D('',#8669,#7121,#7122);
#5848=AXIS2_PLACEMENT_3D('',#8671,#7123,#7124);
#5849=AXIS2_PLACEMENT_3D('',#8673,#7125,#7126);
#5850=AXIS2_PLACEMENT_3D('',#8675,#7127,#7128);
#5851=AXIS2_PLACEMENT_3D('',#8677,#7129,#7130);
#5852=AXIS2_PLACEMENT_3D('',#8679,#7131,#7132);
#5853=AXIS2_PLACEMENT_3D('',#8681,#7133,#7134);
#5854=AXIS2_PLACEMENT_3D('',#8683,#7135,#7136);
#5855=AXIS2_PLACEMENT_3D('',#8685,#7137,#7138);
#5856=AXIS2_PLACEMENT_3D('',#8687,#7139,#7140);
#5857=AXIS2_PLACEMENT_3D('',#8689,#7141,#7142);
#5858=AXIS2_PLACEMENT_3D('',#8691,#7143,#7144);
#5859=AXIS2_PLACEMENT_3D('',#8693,#7145,#7146);
#5860=AXIS2_PLACEMENT_3D('',#8695,#7147,#7148);
#5861=AXIS2_PLACEMENT_3D('',#8697,#7149,#7150);
#5862=AXIS2_PLACEMENT_3D('',#8699,#7151,#7152);
#5863=AXIS2_PLACEMENT_3D('',#8701,#7153,#7154);
#5864=AXIS2_PLACEMENT_3D('',#8703,#7155,#7156);
#5865=AXIS2_PLACEMENT_3D('',#8705,#7157,#7158);
#5866=AXIS2_PLACEMENT_3D('',#8707,#7159,#7160);
#5867=AXIS2_PLACEMENT_3D('',#8709,#7161,#7162);
#5868=AXIS2_PLACEMENT_3D('',#8711,#7163,#7164);
#5869=AXIS2_PLACEMENT_3D('',#8713,#7165,#7166);
#5870=AXIS2_PLACEMENT_3D('',#8715,#7167,#7168);
#5871=AXIS2_PLACEMENT_3D('',#8717,#7169,#7170);
#5872=AXIS2_PLACEMENT_3D('',#8719,#7171,#7172);
#5873=AXIS2_PLACEMENT_3D('',#8721,#7173,#7174);
#5874=AXIS2_PLACEMENT_3D('',#8723,#7175,#7176);
#5875=AXIS2_PLACEMENT_3D('',#8725,#7177,#7178);
#5876=AXIS2_PLACEMENT_3D('',#8727,#7179,#7180);
#5877=AXIS2_PLACEMENT_3D('',#8729,#7181,#7182);
#5878=AXIS2_PLACEMENT_3D('',#8731,#7183,#7184);
#5879=AXIS2_PLACEMENT_3D('',#8733,#7185,#7186);
#5880=AXIS2_PLACEMENT_3D('',#8735,#7187,#7188);
#5881=AXIS2_PLACEMENT_3D('',#8737,#7189,#7190);
#5882=AXIS2_PLACEMENT_3D('',#8739,#7191,#7192);
#5883=AXIS2_PLACEMENT_3D('',#8741,#7193,#7194);
#5884=AXIS2_PLACEMENT_3D('',#8743,#7195,#7196);
#5885=AXIS2_PLACEMENT_3D('',#8745,#7197,#7198);
#5886=AXIS2_PLACEMENT_3D('',#8747,#7199,#7200);
#5887=AXIS2_PLACEMENT_3D('',#8749,#7201,#7202);
#5888=AXIS2_PLACEMENT_3D('',#8751,#7203,#7204);
#5889=AXIS2_PLACEMENT_3D('',#8753,#7205,#7206);
#5890=AXIS2_PLACEMENT_3D('',#8755,#7207,#7208);
#5891=AXIS2_PLACEMENT_3D('',#8757,#7209,#7210);
#5892=AXIS2_PLACEMENT_3D('',#8759,#7211,#7212);
#5893=AXIS2_PLACEMENT_3D('',#8761,#7213,#7214);
#5894=AXIS2_PLACEMENT_3D('',#8763,#7215,#7216);
#5895=AXIS2_PLACEMENT_3D('',#8765,#7217,#7218);
#5896=AXIS2_PLACEMENT_3D('',#8767,#7219,#7220);
#5897=AXIS2_PLACEMENT_3D('',#8769,#7221,#7222);
#5898=AXIS2_PLACEMENT_3D('',#8771,#7223,#7224);
#5899=AXIS2_PLACEMENT_3D('',#8773,#7225,#7226);
#5900=AXIS2_PLACEMENT_3D('',#8775,#7227,#7228);
#5901=AXIS2_PLACEMENT_3D('',#8777,#7229,#7230);
#5902=AXIS2_PLACEMENT_3D('',#8779,#7231,#7232);
#5903=AXIS2_PLACEMENT_3D('',#8780,#7233,#7234);
#5904=AXIS2_PLACEMENT_3D('',#8781,#7235,#7236);
#5905=AXIS2_PLACEMENT_3D('',#8782,#7237,#7238);
#5906=AXIS2_PLACEMENT_3D('',#8784,#7240,#7241);
#5907=AXIS2_PLACEMENT_3D('',#8786,#7243,#7244);
#5908=AXIS2_PLACEMENT_3D('',#8788,#7246,#7247);
#5909=AXIS2_PLACEMENT_3D('',#8790,#7249,#7250);
#5910=AXIS2_PLACEMENT_3D('',#8792,#7252,#7253);
#5911=AXIS2_PLACEMENT_3D('',#8794,#7255,#7256);
#5912=AXIS2_PLACEMENT_3D('',#8796,#7258,#7259);
#5913=AXIS2_PLACEMENT_3D('',#8798,#7261,#7262);
#5914=AXIS2_PLACEMENT_3D('',#8800,#7264,#7265);
#5915=AXIS2_PLACEMENT_3D('',#8802,#7267,#7268);
#5916=AXIS2_PLACEMENT_3D('',#8804,#7270,#7271);
#5917=AXIS2_PLACEMENT_3D('',#8806,#7273,#7274);
#5918=AXIS2_PLACEMENT_3D('',#8808,#7276,#7277);
#5919=AXIS2_PLACEMENT_3D('',#8810,#7279,#7280);
#5920=AXIS2_PLACEMENT_3D('',#8812,#7282,#7283);
#5921=AXIS2_PLACEMENT_3D('',#8814,#7285,#7286);
#5922=AXIS2_PLACEMENT_3D('',#8816,#7288,#7289);
#5923=AXIS2_PLACEMENT_3D('',#8818,#7291,#7292);
#5924=AXIS2_PLACEMENT_3D('',#8820,#7294,#7295);
#5925=AXIS2_PLACEMENT_3D('',#8822,#7297,#7298);
#5926=AXIS2_PLACEMENT_3D('',#8824,#7300,#7301);
#5927=AXIS2_PLACEMENT_3D('',#8826,#7303,#7304);
#5928=AXIS2_PLACEMENT_3D('',#8828,#7306,#7307);
#5929=AXIS2_PLACEMENT_3D('',#8830,#7309,#7310);
#5930=AXIS2_PLACEMENT_3D('',#8832,#7312,#7313);
#5931=AXIS2_PLACEMENT_3D('',#8834,#7315,#7316);
#5932=AXIS2_PLACEMENT_3D('',#8836,#7318,#7319);
#5933=AXIS2_PLACEMENT_3D('',#8838,#7321,#7322);
#5934=AXIS2_PLACEMENT_3D('',#8840,#7324,#7325);
#5935=AXIS2_PLACEMENT_3D('',#8842,#7327,#7328);
#5936=AXIS2_PLACEMENT_3D('',#8844,#7330,#7331);
#5937=AXIS2_PLACEMENT_3D('',#8846,#7333,#7334);
#5938=AXIS2_PLACEMENT_3D('',#8848,#7336,#7337);
#5939=AXIS2_PLACEMENT_3D('',#8850,#7339,#7340);
#5940=AXIS2_PLACEMENT_3D('',#8852,#7342,#7343);
#5941=AXIS2_PLACEMENT_3D('',#8854,#7345,#7346);
#5942=AXIS2_PLACEMENT_3D('',#8856,#7348,#7349);
#5943=AXIS2_PLACEMENT_3D('',#8858,#7351,#7352);
#5944=AXIS2_PLACEMENT_3D('',#8860,#7354,#7355);
#5945=AXIS2_PLACEMENT_3D('',#8862,#7357,#7358);
#5946=AXIS2_PLACEMENT_3D('',#8864,#7360,#7361);
#5947=AXIS2_PLACEMENT_3D('',#8866,#7363,#7364);
#5948=AXIS2_PLACEMENT_3D('',#8868,#7366,#7367);
#5949=AXIS2_PLACEMENT_3D('',#8870,#7369,#7370);
#5950=AXIS2_PLACEMENT_3D('',#8872,#7372,#7373);
#5951=AXIS2_PLACEMENT_3D('',#8874,#7375,#7376);
#5952=AXIS2_PLACEMENT_3D('',#8876,#7378,#7379);
#5953=AXIS2_PLACEMENT_3D('',#8878,#7381,#7382);
#5954=AXIS2_PLACEMENT_3D('',#8880,#7384,#7385);
#5955=AXIS2_PLACEMENT_3D('',#8882,#7387,#7388);
#5956=AXIS2_PLACEMENT_3D('',#8884,#7390,#7391);
#5957=AXIS2_PLACEMENT_3D('',#8886,#7393,#7394);
#5958=AXIS2_PLACEMENT_3D('',#8888,#7396,#7397);
#5959=AXIS2_PLACEMENT_3D('',#8890,#7399,#7400);
#5960=AXIS2_PLACEMENT_3D('',#8892,#7402,#7403);
#5961=AXIS2_PLACEMENT_3D('',#8894,#7405,#7406);
#5962=AXIS2_PLACEMENT_3D('',#8896,#7408,#7409);
#5963=AXIS2_PLACEMENT_3D('',#8898,#7411,#7412);
#5964=AXIS2_PLACEMENT_3D('',#8900,#7414,#7415);
#5965=AXIS2_PLACEMENT_3D('',#8902,#7417,#7418);
#5966=AXIS2_PLACEMENT_3D('',#8904,#7420,#7421);
#5967=AXIS2_PLACEMENT_3D('',#8906,#7423,#7424);
#5968=AXIS2_PLACEMENT_3D('',#8908,#7426,#7427);
#5969=AXIS2_PLACEMENT_3D('',#8910,#7429,#7430);
#5970=AXIS2_PLACEMENT_3D('',#8912,#7432,#7433);
#5971=AXIS2_PLACEMENT_3D('',#8914,#7435,#7436);
#5972=AXIS2_PLACEMENT_3D('',#8916,#7438,#7439);
#5973=AXIS2_PLACEMENT_3D('',#8918,#7441,#7442);
#5974=AXIS2_PLACEMENT_3D('',#8920,#7444,#7445);
#5975=AXIS2_PLACEMENT_3D('',#8922,#7447,#7448);
#5976=AXIS2_PLACEMENT_3D('',#8924,#7450,#7451);
#5977=AXIS2_PLACEMENT_3D('',#8926,#7453,#7454);
#5978=AXIS2_PLACEMENT_3D('',#8928,#7456,#7457);
#5979=AXIS2_PLACEMENT_3D('',#8930,#7459,#7460);
#5980=AXIS2_PLACEMENT_3D('',#8932,#7462,#7463);
#5981=AXIS2_PLACEMENT_3D('',#8934,#7465,#7466);
#5982=AXIS2_PLACEMENT_3D('',#8936,#7468,#7469);
#5983=AXIS2_PLACEMENT_3D('',#8938,#7471,#7472);
#5984=AXIS2_PLACEMENT_3D('',#8940,#7474,#7475);
#5985=AXIS2_PLACEMENT_3D('',#8942,#7477,#7478);
#5986=AXIS2_PLACEMENT_3D('',#8944,#7480,#7481);
#5987=AXIS2_PLACEMENT_3D('',#8946,#7483,#7484);
#5988=AXIS2_PLACEMENT_3D('',#8948,#7486,#7487);
#5989=AXIS2_PLACEMENT_3D('',#8950,#7489,#7490);
#5990=AXIS2_PLACEMENT_3D('',#8952,#7492,#7493);
#5991=AXIS2_PLACEMENT_3D('',#8954,#7495,#7496);
#5992=AXIS2_PLACEMENT_3D('',#8956,#7498,#7499);
#5993=AXIS2_PLACEMENT_3D('',#8958,#7501,#7502);
#5994=AXIS2_PLACEMENT_3D('',#8960,#7504,#7505);
#5995=AXIS2_PLACEMENT_3D('',#8962,#7507,#7508);
#5996=AXIS2_PLACEMENT_3D('',#8964,#7510,#7511);
#5997=AXIS2_PLACEMENT_3D('',#8966,#7513,#7514);
#5998=AXIS2_PLACEMENT_3D('',#8968,#7516,#7517);
#5999=AXIS2_PLACEMENT_3D('',#8970,#7519,#7520);
#6000=AXIS2_PLACEMENT_3D('',#8972,#7522,#7523);
#6001=AXIS2_PLACEMENT_3D('',#8974,#7525,#7526);
#6002=AXIS2_PLACEMENT_3D('',#8976,#7528,#7529);
#6003=AXIS2_PLACEMENT_3D('',#8978,#7531,#7532);
#6004=AXIS2_PLACEMENT_3D('',#8980,#7534,#7535);
#6005=AXIS2_PLACEMENT_3D('',#8982,#7537,#7538);
#6006=AXIS2_PLACEMENT_3D('',#8984,#7540,#7541);
#6007=AXIS2_PLACEMENT_3D('',#8986,#7543,#7544);
#6008=AXIS2_PLACEMENT_3D('',#8988,#7546,#7547);
#6009=AXIS2_PLACEMENT_3D('',#8990,#7549,#7550);
#6010=AXIS2_PLACEMENT_3D('',#8992,#7552,#7553);
#6011=AXIS2_PLACEMENT_3D('',#8994,#7555,#7556);
#6012=AXIS2_PLACEMENT_3D('',#8996,#7558,#7559);
#6013=AXIS2_PLACEMENT_3D('',#8998,#7561,#7562);
#6014=AXIS2_PLACEMENT_3D('',#9000,#7564,#7565);
#6015=AXIS2_PLACEMENT_3D('',#9002,#7567,#7568);
#6016=AXIS2_PLACEMENT_3D('',#9004,#7570,#7571);
#6017=AXIS2_PLACEMENT_3D('',#9006,#7573,#7574);
#6018=AXIS2_PLACEMENT_3D('',#9008,#7576,#7577);
#6019=AXIS2_PLACEMENT_3D('',#9010,#7579,#7580);
#6020=AXIS2_PLACEMENT_3D('',#9012,#7582,#7583);
#6021=AXIS2_PLACEMENT_3D('',#9014,#7585,#7586);
#6022=AXIS2_PLACEMENT_3D('',#9016,#7588,#7589);
#6023=AXIS2_PLACEMENT_3D('',#9018,#7591,#7592);
#6024=AXIS2_PLACEMENT_3D('',#9020,#7594,#7595);
#6025=AXIS2_PLACEMENT_3D('',#9022,#7597,#7598);
#6026=AXIS2_PLACEMENT_3D('',#9024,#7600,#7601);
#6027=AXIS2_PLACEMENT_3D('',#9026,#7603,#7604);
#6028=AXIS2_PLACEMENT_3D('',#9028,#7606,#7607);
#6029=AXIS2_PLACEMENT_3D('',#9030,#7609,#7610);
#6030=AXIS2_PLACEMENT_3D('',#9032,#7612,#7613);
#6031=AXIS2_PLACEMENT_3D('',#9034,#7615,#7616);
#6032=AXIS2_PLACEMENT_3D('',#9036,#7618,#7619);
#6033=AXIS2_PLACEMENT_3D('',#9038,#7621,#7622);
#6034=AXIS2_PLACEMENT_3D('',#9040,#7624,#7625);
#6035=AXIS2_PLACEMENT_3D('',#9042,#7627,#7628);
#6036=AXIS2_PLACEMENT_3D('',#9044,#7630,#7631);
#6037=AXIS2_PLACEMENT_3D('',#9046,#7633,#7634);
#6038=AXIS2_PLACEMENT_3D('',#9048,#7636,#7637);
#6039=AXIS2_PLACEMENT_3D('',#9050,#7639,#7640);
#6040=AXIS2_PLACEMENT_3D('',#9052,#7642,#7643);
#6041=AXIS2_PLACEMENT_3D('',#9054,#7645,#7646);
#6042=AXIS2_PLACEMENT_3D('',#9056,#7648,#7649);
#6043=AXIS2_PLACEMENT_3D('',#9058,#7651,#7652);
#6044=AXIS2_PLACEMENT_3D('',#9060,#7654,#7655);
#6045=AXIS2_PLACEMENT_3D('',#9062,#7657,#7658);
#6046=AXIS2_PLACEMENT_3D('',#9064,#7660,#7661);
#6047=AXIS2_PLACEMENT_3D('',#9066,#7663,#7664);
#6048=AXIS2_PLACEMENT_3D('',#9068,#7666,#7667);
#6049=AXIS2_PLACEMENT_3D('',#9070,#7669,#7670);
#6050=AXIS2_PLACEMENT_3D('',#9072,#7672,#7673);
#6051=DIRECTION('axis',(0.,0.,1.));
#6052=DIRECTION('refdir',(1.,0.,0.));
#6053=DIRECTION('center_axis',(0.,0.,1.));
#6054=DIRECTION('ref_axis',(1.,0.,0.));
#6055=DIRECTION('',(-1.69617406539954E-16,-1.,0.));
#6056=DIRECTION('',(1.,-1.26882631385732E-15,0.));
#6057=DIRECTION('',(7.70988211545248E-18,1.,0.));
#6058=DIRECTION('',(-1.,0.,0.));
#6059=DIRECTION('center_axis',(0.,0.,-1.));
#6060=DIRECTION('ref_axis',(1.,0.,0.));
#6061=DIRECTION('center_axis',(0.,0.,-1.));
#6062=DIRECTION('ref_axis',(1.,0.,0.));
#6063=DIRECTION('center_axis',(0.,0.,-1.));
#6064=DIRECTION('ref_axis',(1.,0.,0.));
#6065=DIRECTION('center_axis',(0.,0.,-1.));
#6066=DIRECTION('ref_axis',(1.,0.,0.));
#6067=DIRECTION('center_axis',(0.,0.,-1.));
#6068=DIRECTION('ref_axis',(1.,0.,0.));
#6069=DIRECTION('center_axis',(0.,0.,-1.));
#6070=DIRECTION('ref_axis',(1.,0.,0.));
#6071=DIRECTION('center_axis',(0.,0.,-1.));
#6072=DIRECTION('ref_axis',(1.,0.,0.));
#6073=DIRECTION('center_axis',(0.,0.,-1.));
#6074=DIRECTION('ref_axis',(1.,0.,0.));
#6075=DIRECTION('center_axis',(0.,0.,-1.));
#6076=DIRECTION('ref_axis',(1.,0.,0.));
#6077=DIRECTION('center_axis',(0.,0.,-1.));
#6078=DIRECTION('ref_axis',(1.,0.,0.));
#6079=DIRECTION('center_axis',(0.,0.,-1.));
#6080=DIRECTION('ref_axis',(1.,0.,0.));
#6081=DIRECTION('center_axis',(0.,0.,-1.));
#6082=DIRECTION('ref_axis',(1.,0.,0.));
#6083=DIRECTION('center_axis',(0.,0.,-1.));
#6084=DIRECTION('ref_axis',(1.,0.,0.));
#6085=DIRECTION('center_axis',(0.,0.,-1.));
#6086=DIRECTION('ref_axis',(1.,0.,0.));
#6087=DIRECTION('center_axis',(0.,0.,-1.));
#6088=DIRECTION('ref_axis',(1.,0.,0.));
#6089=DIRECTION('center_axis',(0.,0.,-1.));
#6090=DIRECTION('ref_axis',(1.,0.,0.));
#6091=DIRECTION('center_axis',(0.,0.,-1.));
#6092=DIRECTION('ref_axis',(1.,0.,0.));
#6093=DIRECTION('center_axis',(0.,0.,-1.));
#6094=DIRECTION('ref_axis',(1.,0.,0.));
#6095=DIRECTION('center_axis',(0.,0.,-1.));
#6096=DIRECTION('ref_axis',(1.,0.,0.));
#6097=DIRECTION('center_axis',(0.,0.,-1.));
#6098=DIRECTION('ref_axis',(1.,0.,0.));
#6099=DIRECTION('center_axis',(0.,0.,-1.));
#6100=DIRECTION('ref_axis',(1.,0.,0.));
#6101=DIRECTION('center_axis',(0.,0.,-1.));
#6102=DIRECTION('ref_axis',(1.,0.,0.));
#6103=DIRECTION('center_axis',(0.,0.,-1.));
#6104=DIRECTION('ref_axis',(1.,0.,0.));
#6105=DIRECTION('center_axis',(0.,0.,-1.));
#6106=DIRECTION('ref_axis',(1.,0.,0.));
#6107=DIRECTION('center_axis',(0.,0.,-1.));
#6108=DIRECTION('ref_axis',(1.,0.,0.));
#6109=DIRECTION('center_axis',(0.,0.,-1.));
#6110=DIRECTION('ref_axis',(1.,0.,0.));
#6111=DIRECTION('center_axis',(0.,0.,-1.));
#6112=DIRECTION('ref_axis',(1.,0.,0.));
#6113=DIRECTION('center_axis',(0.,0.,-1.));
#6114=DIRECTION('ref_axis',(1.,0.,0.));
#6115=DIRECTION('center_axis',(0.,0.,-1.));
#6116=DIRECTION('ref_axis',(1.,0.,0.));
#6117=DIRECTION('center_axis',(0.,0.,-1.));
#6118=DIRECTION('ref_axis',(1.,0.,0.));
#6119=DIRECTION('center_axis',(0.,0.,-1.));
#6120=DIRECTION('ref_axis',(1.,0.,0.));
#6121=DIRECTION('center_axis',(0.,0.,-1.));
#6122=DIRECTION('ref_axis',(1.,0.,0.));
#6123=DIRECTION('center_axis',(0.,0.,-1.));
#6124=DIRECTION('ref_axis',(1.,0.,0.));
#6125=DIRECTION('center_axis',(0.,0.,-1.));
#6126=DIRECTION('ref_axis',(1.,0.,0.));
#6127=DIRECTION('center_axis',(0.,0.,-1.));
#6128=DIRECTION('ref_axis',(1.,0.,0.));
#6129=DIRECTION('center_axis',(0.,0.,-1.));
#6130=DIRECTION('ref_axis',(1.,0.,0.));
#6131=DIRECTION('center_axis',(0.,0.,-1.));
#6132=DIRECTION('ref_axis',(1.,0.,0.));
#6133=DIRECTION('center_axis',(0.,0.,-1.));
#6134=DIRECTION('ref_axis',(1.,0.,0.));
#6135=DIRECTION('center_axis',(0.,0.,-1.));
#6136=DIRECTION('ref_axis',(1.,0.,0.));
#6137=DIRECTION('center_axis',(0.,0.,-1.));
#6138=DIRECTION('ref_axis',(1.,0.,0.));
#6139=DIRECTION('center_axis',(0.,0.,-1.));
#6140=DIRECTION('ref_axis',(1.,0.,0.));
#6141=DIRECTION('center_axis',(0.,0.,-1.));
#6142=DIRECTION('ref_axis',(1.,0.,0.));
#6143=DIRECTION('center_axis',(0.,0.,-1.));
#6144=DIRECTION('ref_axis',(1.,0.,0.));
#6145=DIRECTION('center_axis',(0.,0.,-1.));
#6146=DIRECTION('ref_axis',(1.,0.,0.));
#6147=DIRECTION('center_axis',(0.,0.,-1.));
#6148=DIRECTION('ref_axis',(1.,0.,0.));
#6149=DIRECTION('center_axis',(0.,0.,-1.));
#6150=DIRECTION('ref_axis',(1.,0.,0.));
#6151=DIRECTION('center_axis',(0.,0.,-1.));
#6152=DIRECTION('ref_axis',(1.,0.,0.));
#6153=DIRECTION('center_axis',(0.,0.,-1.));
#6154=DIRECTION('ref_axis',(1.,0.,0.));
#6155=DIRECTION('center_axis',(0.,0.,-1.));
#6156=DIRECTION('ref_axis',(1.,0.,0.));
#6157=DIRECTION('center_axis',(0.,0.,-1.));
#6158=DIRECTION('ref_axis',(1.,0.,0.));
#6159=DIRECTION('center_axis',(0.,0.,-1.));
#6160=DIRECTION('ref_axis',(1.,0.,0.));
#6161=DIRECTION('center_axis',(0.,0.,-1.));
#6162=DIRECTION('ref_axis',(1.,0.,0.));
#6163=DIRECTION('center_axis',(0.,0.,-1.));
#6164=DIRECTION('ref_axis',(1.,0.,0.));
#6165=DIRECTION('center_axis',(0.,0.,-1.));
#6166=DIRECTION('ref_axis',(1.,0.,0.));
#6167=DIRECTION('center_axis',(0.,0.,-1.));
#6168=DIRECTION('ref_axis',(1.,0.,0.));
#6169=DIRECTION('center_axis',(0.,0.,-1.));
#6170=DIRECTION('ref_axis',(1.,0.,0.));
#6171=DIRECTION('center_axis',(0.,0.,-1.));
#6172=DIRECTION('ref_axis',(1.,0.,0.));
#6173=DIRECTION('center_axis',(0.,0.,-1.));
#6174=DIRECTION('ref_axis',(1.,0.,0.));
#6175=DIRECTION('center_axis',(0.,0.,-1.));
#6176=DIRECTION('ref_axis',(1.,0.,0.));
#6177=DIRECTION('center_axis',(0.,0.,-1.));
#6178=DIRECTION('ref_axis',(1.,0.,0.));
#6179=DIRECTION('center_axis',(0.,0.,-1.));
#6180=DIRECTION('ref_axis',(1.,0.,0.));
#6181=DIRECTION('center_axis',(0.,0.,-1.));
#6182=DIRECTION('ref_axis',(1.,0.,0.));
#6183=DIRECTION('center_axis',(0.,0.,-1.));
#6184=DIRECTION('ref_axis',(1.,0.,0.));
#6185=DIRECTION('center_axis',(0.,0.,-1.));
#6186=DIRECTION('ref_axis',(1.,0.,0.));
#6187=DIRECTION('center_axis',(0.,0.,-1.));
#6188=DIRECTION('ref_axis',(1.,0.,0.));
#6189=DIRECTION('center_axis',(0.,0.,-1.));
#6190=DIRECTION('ref_axis',(1.,0.,0.));
#6191=DIRECTION('center_axis',(0.,0.,-1.));
#6192=DIRECTION('ref_axis',(1.,0.,0.));
#6193=DIRECTION('center_axis',(0.,0.,-1.));
#6194=DIRECTION('ref_axis',(1.,0.,0.));
#6195=DIRECTION('center_axis',(0.,0.,-1.));
#6196=DIRECTION('ref_axis',(1.,0.,0.));
#6197=DIRECTION('center_axis',(0.,0.,-1.));
#6198=DIRECTION('ref_axis',(1.,0.,0.));
#6199=DIRECTION('center_axis',(0.,0.,-1.));
#6200=DIRECTION('ref_axis',(1.,0.,0.));
#6201=DIRECTION('center_axis',(0.,0.,-1.));
#6202=DIRECTION('ref_axis',(1.,0.,0.));
#6203=DIRECTION('center_axis',(1.,-7.70988211545247E-18,0.));
#6204=DIRECTION('ref_axis',(0.,0.,-1.));
#6205=DIRECTION('',(7.70988211545248E-18,1.,0.));
#6206=DIRECTION('',(0.,0.,1.));
#6207=DIRECTION('',(0.,0.,1.));
#6208=DIRECTION('center_axis',(0.,1.,0.));
#6209=DIRECTION('ref_axis',(0.,0.,1.));
#6210=DIRECTION('',(0.,0.,1.));
#6211=DIRECTION('',(-1.,0.,0.));
#6212=DIRECTION('center_axis',(0.,0.,1.));
#6213=DIRECTION('ref_axis',(1.,0.,0.));
#6214=DIRECTION('center_axis',(0.,0.,-1.));
#6215=DIRECTION('ref_axis',(1.,0.,0.));
#6216=DIRECTION('',(0.,0.,1.));
#6217=DIRECTION('center_axis',(0.,0.,1.));
#6218=DIRECTION('ref_axis',(1.,0.,0.));
#6219=DIRECTION('center_axis',(0.,0.,-1.));
#6220=DIRECTION('ref_axis',(1.,0.,0.));
#6221=DIRECTION('',(0.,0.,1.));
#6222=DIRECTION('center_axis',(0.,0.,1.));
#6223=DIRECTION('ref_axis',(1.,0.,0.));
#6224=DIRECTION('center_axis',(0.,0.,-1.));
#6225=DIRECTION('ref_axis',(1.,0.,0.));
#6226=DIRECTION('',(0.,0.,1.));
#6227=DIRECTION('center_axis',(0.,0.,1.));
#6228=DIRECTION('ref_axis',(1.,0.,0.));
#6229=DIRECTION('center_axis',(0.,0.,-1.));
#6230=DIRECTION('ref_axis',(1.,0.,0.));
#6231=DIRECTION('',(0.,0.,1.));
#6232=DIRECTION('center_axis',(0.,0.,1.));
#6233=DIRECTION('ref_axis',(1.,0.,0.));
#6234=DIRECTION('center_axis',(0.,0.,-1.));
#6235=DIRECTION('ref_axis',(1.,0.,0.));
#6236=DIRECTION('',(0.,0.,1.));
#6237=DIRECTION('center_axis',(0.,0.,1.));
#6238=DIRECTION('ref_axis',(1.,0.,0.));
#6239=DIRECTION('center_axis',(0.,0.,-1.));
#6240=DIRECTION('ref_axis',(1.,0.,0.));
#6241=DIRECTION('',(0.,0.,1.));
#6242=DIRECTION('center_axis',(0.,0.,1.));
#6243=DIRECTION('ref_axis',(1.,0.,0.));
#6244=DIRECTION('center_axis',(0.,0.,-1.));
#6245=DIRECTION('ref_axis',(1.,0.,0.));
#6246=DIRECTION('',(0.,0.,1.));
#6247=DIRECTION('center_axis',(0.,0.,1.));
#6248=DIRECTION('ref_axis',(1.,0.,0.));
#6249=DIRECTION('center_axis',(0.,0.,-1.));
#6250=DIRECTION('ref_axis',(1.,0.,0.));
#6251=DIRECTION('',(0.,0.,1.));
#6252=DIRECTION('center_axis',(0.,0.,1.));
#6253=DIRECTION('ref_axis',(1.,0.,0.));
#6254=DIRECTION('center_axis',(0.,0.,-1.));
#6255=DIRECTION('ref_axis',(1.,0.,0.));
#6256=DIRECTION('',(0.,0.,1.));
#6257=DIRECTION('center_axis',(0.,0.,1.));
#6258=DIRECTION('ref_axis',(1.,0.,0.));
#6259=DIRECTION('center_axis',(0.,0.,-1.));
#6260=DIRECTION('ref_axis',(1.,0.,0.));
#6261=DIRECTION('',(0.,0.,1.));
#6262=DIRECTION('center_axis',(0.,0.,1.));
#6263=DIRECTION('ref_axis',(1.,0.,0.));
#6264=DIRECTION('center_axis',(0.,0.,-1.));
#6265=DIRECTION('ref_axis',(1.,0.,0.));
#6266=DIRECTION('',(0.,0.,1.));
#6267=DIRECTION('center_axis',(0.,0.,1.));
#6268=DIRECTION('ref_axis',(1.,0.,0.));
#6269=DIRECTION('center_axis',(0.,0.,-1.));
#6270=DIRECTION('ref_axis',(1.,0.,0.));
#6271=DIRECTION('',(0.,0.,1.));
#6272=DIRECTION('center_axis',(0.,0.,1.));
#6273=DIRECTION('ref_axis',(1.,0.,0.));
#6274=DIRECTION('center_axis',(0.,0.,-1.));
#6275=DIRECTION('ref_axis',(1.,0.,0.));
#6276=DIRECTION('',(0.,0.,1.));
#6277=DIRECTION('center_axis',(0.,0.,1.));
#6278=DIRECTION('ref_axis',(1.,0.,0.));
#6279=DIRECTION('center_axis',(0.,0.,-1.));
#6280=DIRECTION('ref_axis',(1.,0.,0.));
#6281=DIRECTION('',(0.,0.,1.));
#6282=DIRECTION('center_axis',(0.,0.,1.));
#6283=DIRECTION('ref_axis',(1.,0.,0.));
#6284=DIRECTION('center_axis',(0.,0.,-1.));
#6285=DIRECTION('ref_axis',(1.,0.,0.));
#6286=DIRECTION('',(0.,0.,1.));
#6287=DIRECTION('center_axis',(0.,0.,1.));
#6288=DIRECTION('ref_axis',(1.,0.,0.));
#6289=DIRECTION('center_axis',(0.,0.,-1.));
#6290=DIRECTION('ref_axis',(1.,0.,0.));
#6291=DIRECTION('',(0.,0.,1.));
#6292=DIRECTION('center_axis',(0.,0.,1.));
#6293=DIRECTION('ref_axis',(1.,0.,0.));
#6294=DIRECTION('center_axis',(0.,0.,-1.));
#6295=DIRECTION('ref_axis',(1.,0.,0.));
#6296=DIRECTION('',(0.,0.,1.));
#6297=DIRECTION('center_axis',(0.,0.,1.));
#6298=DIRECTION('ref_axis',(1.,0.,0.));
#6299=DIRECTION('center_axis',(0.,0.,-1.));
#6300=DIRECTION('ref_axis',(1.,0.,0.));
#6301=DIRECTION('',(0.,0.,1.));
#6302=DIRECTION('center_axis',(0.,0.,1.));
#6303=DIRECTION('ref_axis',(1.,0.,0.));
#6304=DIRECTION('center_axis',(0.,0.,-1.));
#6305=DIRECTION('ref_axis',(1.,0.,0.));
#6306=DIRECTION('',(0.,0.,1.));
#6307=DIRECTION('center_axis',(0.,0.,1.));
#6308=DIRECTION('ref_axis',(1.,0.,0.));
#6309=DIRECTION('center_axis',(0.,0.,-1.));
#6310=DIRECTION('ref_axis',(1.,0.,0.));
#6311=DIRECTION('',(0.,0.,1.));
#6312=DIRECTION('center_axis',(0.,0.,1.));
#6313=DIRECTION('ref_axis',(1.,0.,0.));
#6314=DIRECTION('center_axis',(0.,0.,-1.));
#6315=DIRECTION('ref_axis',(1.,0.,0.));
#6316=DIRECTION('',(0.,0.,1.));
#6317=DIRECTION('center_axis',(0.,0.,1.));
#6318=DIRECTION('ref_axis',(1.,0.,0.));
#6319=DIRECTION('center_axis',(0.,0.,-1.));
#6320=DIRECTION('ref_axis',(1.,0.,0.));
#6321=DIRECTION('',(0.,0.,1.));
#6322=DIRECTION('center_axis',(0.,0.,1.));
#6323=DIRECTION('ref_axis',(1.,0.,0.));
#6324=DIRECTION('center_axis',(0.,0.,-1.));
#6325=DIRECTION('ref_axis',(1.,0.,0.));
#6326=DIRECTION('',(0.,0.,1.));
#6327=DIRECTION('center_axis',(0.,0.,1.));
#6328=DIRECTION('ref_axis',(1.,0.,0.));
#6329=DIRECTION('center_axis',(0.,0.,-1.));
#6330=DIRECTION('ref_axis',(1.,0.,0.));
#6331=DIRECTION('',(0.,0.,1.));
#6332=DIRECTION('center_axis',(0.,0.,1.));
#6333=DIRECTION('ref_axis',(1.,0.,0.));
#6334=DIRECTION('center_axis',(0.,0.,-1.));
#6335=DIRECTION('ref_axis',(1.,0.,0.));
#6336=DIRECTION('',(0.,0.,1.));
#6337=DIRECTION('center_axis',(0.,0.,1.));
#6338=DIRECTION('ref_axis',(1.,0.,0.));
#6339=DIRECTION('center_axis',(0.,0.,-1.));
#6340=DIRECTION('ref_axis',(1.,0.,0.));
#6341=DIRECTION('',(0.,0.,1.));
#6342=DIRECTION('center_axis',(0.,0.,1.));
#6343=DIRECTION('ref_axis',(1.,0.,0.));
#6344=DIRECTION('center_axis',(0.,0.,-1.));
#6345=DIRECTION('ref_axis',(1.,0.,0.));
#6346=DIRECTION('',(0.,0.,1.));
#6347=DIRECTION('center_axis',(0.,0.,1.));
#6348=DIRECTION('ref_axis',(1.,0.,0.));
#6349=DIRECTION('center_axis',(0.,0.,-1.));
#6350=DIRECTION('ref_axis',(1.,0.,0.));
#6351=DIRECTION('',(0.,0.,1.));
#6352=DIRECTION('center_axis',(0.,0.,1.));
#6353=DIRECTION('ref_axis',(1.,0.,0.));
#6354=DIRECTION('center_axis',(0.,0.,-1.));
#6355=DIRECTION('ref_axis',(1.,0.,0.));
#6356=DIRECTION('',(0.,0.,1.));
#6357=DIRECTION('center_axis',(0.,0.,1.));
#6358=DIRECTION('ref_axis',(1.,0.,0.));
#6359=DIRECTION('center_axis',(0.,0.,-1.));
#6360=DIRECTION('ref_axis',(1.,0.,0.));
#6361=DIRECTION('',(0.,0.,1.));
#6362=DIRECTION('center_axis',(0.,0.,1.));
#6363=DIRECTION('ref_axis',(1.,0.,0.));
#6364=DIRECTION('center_axis',(0.,0.,-1.));
#6365=DIRECTION('ref_axis',(1.,0.,0.));
#6366=DIRECTION('',(0.,0.,1.));
#6367=DIRECTION('center_axis',(0.,0.,1.));
#6368=DIRECTION('ref_axis',(1.,0.,0.));
#6369=DIRECTION('center_axis',(0.,0.,-1.));
#6370=DIRECTION('ref_axis',(1.,0.,0.));
#6371=DIRECTION('',(0.,0.,1.));
#6372=DIRECTION('center_axis',(0.,0.,1.));
#6373=DIRECTION('ref_axis',(1.,0.,0.));
#6374=DIRECTION('center_axis',(0.,0.,-1.));
#6375=DIRECTION('ref_axis',(1.,0.,0.));
#6376=DIRECTION('',(0.,0.,1.));
#6377=DIRECTION('center_axis',(0.,0.,1.));
#6378=DIRECTION('ref_axis',(1.,0.,0.));
#6379=DIRECTION('center_axis',(0.,0.,-1.));
#6380=DIRECTION('ref_axis',(1.,0.,0.));
#6381=DIRECTION('',(0.,0.,1.));
#6382=DIRECTION('center_axis',(0.,0.,1.));
#6383=DIRECTION('ref_axis',(1.,0.,0.));
#6384=DIRECTION('center_axis',(0.,0.,-1.));
#6385=DIRECTION('ref_axis',(1.,0.,0.));
#6386=DIRECTION('',(0.,0.,1.));
#6387=DIRECTION('center_axis',(0.,0.,1.));
#6388=DIRECTION('ref_axis',(1.,0.,0.));
#6389=DIRECTION('center_axis',(0.,0.,-1.));
#6390=DIRECTION('ref_axis',(1.,0.,0.));
#6391=DIRECTION('',(0.,0.,1.));
#6392=DIRECTION('center_axis',(0.,0.,1.));
#6393=DIRECTION('ref_axis',(1.,0.,0.));
#6394=DIRECTION('center_axis',(0.,0.,-1.));
#6395=DIRECTION('ref_axis',(1.,0.,0.));
#6396=DIRECTION('',(0.,0.,1.));
#6397=DIRECTION('center_axis',(0.,0.,1.));
#6398=DIRECTION('ref_axis',(1.,0.,0.));
#6399=DIRECTION('center_axis',(0.,0.,-1.));
#6400=DIRECTION('ref_axis',(1.,0.,0.));
#6401=DIRECTION('',(0.,0.,1.));
#6402=DIRECTION('center_axis',(0.,0.,1.));
#6403=DIRECTION('ref_axis',(1.,0.,0.));
#6404=DIRECTION('center_axis',(0.,0.,-1.));
#6405=DIRECTION('ref_axis',(1.,0.,0.));
#6406=DIRECTION('',(0.,0.,1.));
#6407=DIRECTION('center_axis',(0.,0.,1.));
#6408=DIRECTION('ref_axis',(1.,0.,0.));
#6409=DIRECTION('center_axis',(0.,0.,-1.));
#6410=DIRECTION('ref_axis',(1.,0.,0.));
#6411=DIRECTION('',(0.,0.,1.));
#6412=DIRECTION('center_axis',(0.,0.,1.));
#6413=DIRECTION('ref_axis',(1.,0.,0.));
#6414=DIRECTION('center_axis',(0.,0.,-1.));
#6415=DIRECTION('ref_axis',(1.,0.,0.));
#6416=DIRECTION('',(0.,0.,1.));
#6417=DIRECTION('center_axis',(0.,0.,1.));
#6418=DIRECTION('ref_axis',(1.,0.,0.));
#6419=DIRECTION('center_axis',(0.,0.,-1.));
#6420=DIRECTION('ref_axis',(1.,0.,0.));
#6421=DIRECTION('',(0.,0.,1.));
#6422=DIRECTION('center_axis',(0.,0.,1.));
#6423=DIRECTION('ref_axis',(1.,0.,0.));
#6424=DIRECTION('center_axis',(0.,0.,-1.));
#6425=DIRECTION('ref_axis',(1.,0.,0.));
#6426=DIRECTION('',(0.,0.,1.));
#6427=DIRECTION('center_axis',(0.,0.,1.));
#6428=DIRECTION('ref_axis',(1.,0.,0.));
#6429=DIRECTION('center_axis',(0.,0.,-1.));
#6430=DIRECTION('ref_axis',(1.,0.,0.));
#6431=DIRECTION('',(0.,0.,1.));
#6432=DIRECTION('center_axis',(0.,0.,1.));
#6433=DIRECTION('ref_axis',(1.,0.,0.));
#6434=DIRECTION('center_axis',(0.,0.,-1.));
#6435=DIRECTION('ref_axis',(1.,0.,0.));
#6436=DIRECTION('',(0.,0.,1.));
#6437=DIRECTION('center_axis',(0.,0.,1.));
#6438=DIRECTION('ref_axis',(1.,0.,0.));
#6439=DIRECTION('center_axis',(0.,0.,-1.));
#6440=DIRECTION('ref_axis',(1.,0.,0.));
#6441=DIRECTION('',(0.,0.,1.));
#6442=DIRECTION('center_axis',(0.,0.,1.));
#6443=DIRECTION('ref_axis',(1.,0.,0.));
#6444=DIRECTION('center_axis',(0.,0.,-1.));
#6445=DIRECTION('ref_axis',(1.,0.,0.));
#6446=DIRECTION('',(0.,0.,1.));
#6447=DIRECTION('center_axis',(0.,0.,1.));
#6448=DIRECTION('ref_axis',(1.,0.,0.));
#6449=DIRECTION('center_axis',(0.,0.,-1.));
#6450=DIRECTION('ref_axis',(1.,0.,0.));
#6451=DIRECTION('',(0.,0.,1.));
#6452=DIRECTION('center_axis',(0.,0.,1.));
#6453=DIRECTION('ref_axis',(1.,0.,0.));
#6454=DIRECTION('center_axis',(0.,0.,-1.));
#6455=DIRECTION('ref_axis',(1.,0.,0.));
#6456=DIRECTION('',(0.,0.,1.));
#6457=DIRECTION('center_axis',(0.,0.,1.));
#6458=DIRECTION('ref_axis',(1.,0.,0.));
#6459=DIRECTION('center_axis',(0.,0.,-1.));
#6460=DIRECTION('ref_axis',(1.,0.,0.));
#6461=DIRECTION('',(0.,0.,1.));
#6462=DIRECTION('center_axis',(0.,0.,1.));
#6463=DIRECTION('ref_axis',(1.,0.,0.));
#6464=DIRECTION('center_axis',(0.,0.,-1.));
#6465=DIRECTION('ref_axis',(1.,0.,0.));
#6466=DIRECTION('',(0.,0.,1.));
#6467=DIRECTION('center_axis',(0.,0.,1.));
#6468=DIRECTION('ref_axis',(1.,0.,0.));
#6469=DIRECTION('center_axis',(0.,0.,-1.));
#6470=DIRECTION('ref_axis',(1.,0.,0.));
#6471=DIRECTION('',(0.,0.,1.));
#6472=DIRECTION('center_axis',(0.,0.,1.));
#6473=DIRECTION('ref_axis',(1.,0.,0.));
#6474=DIRECTION('center_axis',(0.,0.,-1.));
#6475=DIRECTION('ref_axis',(1.,0.,0.));
#6476=DIRECTION('',(0.,0.,1.));
#6477=DIRECTION('center_axis',(0.,0.,1.));
#6478=DIRECTION('ref_axis',(1.,0.,0.));
#6479=DIRECTION('center_axis',(0.,0.,-1.));
#6480=DIRECTION('ref_axis',(1.,0.,0.));
#6481=DIRECTION('',(0.,0.,1.));
#6482=DIRECTION('center_axis',(0.,0.,1.));
#6483=DIRECTION('ref_axis',(1.,0.,0.));
#6484=DIRECTION('center_axis',(0.,0.,-1.));
#6485=DIRECTION('ref_axis',(1.,0.,0.));
#6486=DIRECTION('',(0.,0.,1.));
#6487=DIRECTION('center_axis',(0.,0.,1.));
#6488=DIRECTION('ref_axis',(1.,0.,0.));
#6489=DIRECTION('center_axis',(0.,0.,-1.));
#6490=DIRECTION('ref_axis',(1.,0.,0.));
#6491=DIRECTION('',(0.,0.,1.));
#6492=DIRECTION('center_axis',(0.,0.,1.));
#6493=DIRECTION('ref_axis',(1.,0.,0.));
#6494=DIRECTION('center_axis',(0.,0.,-1.));
#6495=DIRECTION('ref_axis',(1.,0.,0.));
#6496=DIRECTION('',(0.,0.,1.));
#6497=DIRECTION('center_axis',(0.,0.,1.));
#6498=DIRECTION('ref_axis',(1.,0.,0.));
#6499=DIRECTION('center_axis',(0.,0.,-1.));
#6500=DIRECTION('ref_axis',(1.,0.,0.));
#6501=DIRECTION('',(0.,0.,1.));
#6502=DIRECTION('center_axis',(0.,0.,1.));
#6503=DIRECTION('ref_axis',(1.,0.,0.));
#6504=DIRECTION('center_axis',(0.,0.,-1.));
#6505=DIRECTION('ref_axis',(1.,0.,0.));
#6506=DIRECTION('',(0.,0.,1.));
#6507=DIRECTION('center_axis',(0.,0.,1.));
#6508=DIRECTION('ref_axis',(1.,0.,0.));
#6509=DIRECTION('center_axis',(0.,0.,-1.));
#6510=DIRECTION('ref_axis',(1.,0.,0.));
#6511=DIRECTION('',(0.,0.,1.));
#6512=DIRECTION('center_axis',(0.,0.,1.));
#6513=DIRECTION('ref_axis',(1.,0.,0.));
#6514=DIRECTION('center_axis',(0.,0.,-1.));
#6515=DIRECTION('ref_axis',(1.,0.,0.));
#6516=DIRECTION('',(0.,0.,1.));
#6517=DIRECTION('center_axis',(0.,0.,1.));
#6518=DIRECTION('ref_axis',(1.,0.,0.));
#6519=DIRECTION('center_axis',(0.,0.,-1.));
#6520=DIRECTION('ref_axis',(1.,0.,0.));
#6521=DIRECTION('',(0.,0.,1.));
#6522=DIRECTION('center_axis',(0.,0.,1.));
#6523=DIRECTION('ref_axis',(1.,0.,0.));
#6524=DIRECTION('center_axis',(0.,0.,-1.));
#6525=DIRECTION('ref_axis',(1.,0.,0.));
#6526=DIRECTION('',(0.,0.,1.));
#6527=DIRECTION('center_axis',(0.,0.,1.));
#6528=DIRECTION('ref_axis',(1.,0.,0.));
#6529=DIRECTION('center_axis',(0.,0.,-1.));
#6530=DIRECTION('ref_axis',(1.,0.,0.));
#6531=DIRECTION('',(0.,0.,1.));
#6532=DIRECTION('center_axis',(0.,0.,1.));
#6533=DIRECTION('ref_axis',(1.,0.,0.));
#6534=DIRECTION('center_axis',(0.,0.,-1.));
#6535=DIRECTION('ref_axis',(1.,0.,0.));
#6536=DIRECTION('',(0.,0.,1.));
#6537=DIRECTION('center_axis',(0.,0.,1.));
#6538=DIRECTION('ref_axis',(1.,0.,0.));
#6539=DIRECTION('center_axis',(0.,0.,-1.));
#6540=DIRECTION('ref_axis',(1.,0.,0.));
#6541=DIRECTION('',(0.,0.,1.));
#6542=DIRECTION('center_axis',(0.,0.,1.));
#6543=DIRECTION('ref_axis',(1.,0.,0.));
#6544=DIRECTION('center_axis',(0.,0.,-1.));
#6545=DIRECTION('ref_axis',(1.,0.,0.));
#6546=DIRECTION('',(0.,0.,1.));
#6547=DIRECTION('center_axis',(0.,0.,1.));
#6548=DIRECTION('ref_axis',(1.,0.,0.));
#6549=DIRECTION('center_axis',(0.,0.,-1.));
#6550=DIRECTION('ref_axis',(1.,0.,0.));
#6551=DIRECTION('',(0.,0.,1.));
#6552=DIRECTION('center_axis',(0.,0.,1.));
#6553=DIRECTION('ref_axis',(1.,0.,0.));
#6554=DIRECTION('center_axis',(0.,0.,-1.));
#6555=DIRECTION('ref_axis',(1.,0.,0.));
#6556=DIRECTION('',(0.,0.,1.));
#6557=DIRECTION('center_axis',(0.,0.,1.));
#6558=DIRECTION('ref_axis',(1.,0.,0.));
#6559=DIRECTION('center_axis',(0.,0.,-1.));
#6560=DIRECTION('ref_axis',(1.,0.,0.));
#6561=DIRECTION('',(0.,0.,1.));
#6562=DIRECTION('center_axis',(0.,0.,1.));
#6563=DIRECTION('ref_axis',(1.,0.,0.));
#6564=DIRECTION('center_axis',(0.,0.,-1.));
#6565=DIRECTION('ref_axis',(1.,0.,0.));
#6566=DIRECTION('',(0.,0.,1.));
#6567=DIRECTION('center_axis',(0.,0.,1.));
#6568=DIRECTION('ref_axis',(1.,0.,0.));
#6569=DIRECTION('center_axis',(0.,0.,-1.));
#6570=DIRECTION('ref_axis',(1.,0.,0.));
#6571=DIRECTION('',(0.,0.,1.));
#6572=DIRECTION('center_axis',(0.,0.,1.));
#6573=DIRECTION('ref_axis',(1.,0.,0.));
#6574=DIRECTION('',(1.69617406539954E-16,1.,0.));
#6575=DIRECTION('',(1.,-1.26882631385732E-15,0.));
#6576=DIRECTION('center_axis',(-1.11022302462516E-15,-1.,0.));
#6577=DIRECTION('ref_axis',(0.,0.,-1.));
#6578=DIRECTION('',(0.,0.,-1.));
#6579=DIRECTION('center_axis',(-1.,1.69617406539954E-16,-9.49410759657493E-16));
#6580=DIRECTION('ref_axis',(-9.49410759657493E-16,0.,1.));
#6581=DIRECTION('',(1.77327288655407E-16,1.,-2.00456935001764E-16));
#6582=DIRECTION('',(1.01770443923973E-15,0.,-1.));
#6583=DIRECTION('',(-1.69617406539954E-16,-1.,0.));
#6584=DIRECTION('',(-8.32667268468867E-16,0.,1.));
#6585=DIRECTION('center_axis',(1.,0.,9.49410759657493E-16));
#6586=DIRECTION('ref_axis',(0.,-1.,0.));
#6587=DIRECTION('center_axis',(1.,0.,9.49410759657493E-16));
#6588=DIRECTION('ref_axis',(0.,-1.,0.));
#6589=DIRECTION('center_axis',(1.,0.,9.49410759657493E-16));
#6590=DIRECTION('ref_axis',(0.,-1.,0.));
#6591=DIRECTION('center_axis',(1.,0.,9.49410759657493E-16));
#6592=DIRECTION('ref_axis',(0.,-1.,0.));
#6593=DIRECTION('center_axis',(1.,0.,9.49410759657493E-16));
#6594=DIRECTION('ref_axis',(0.,-1.,0.));
#6595=DIRECTION('center_axis',(1.,0.,9.49410759657493E-16));
#6596=DIRECTION('ref_axis',(0.,-1.,0.));
#6597=DIRECTION('center_axis',(1.,0.,9.49410759657493E-16));
#6598=DIRECTION('ref_axis',(0.,-1.,0.));
#6599=DIRECTION('center_axis',(1.,0.,9.49410759657493E-16));
#6600=DIRECTION('ref_axis',(0.,-1.,0.));
#6601=DIRECTION('center_axis',(1.,0.,9.49410759657493E-16));
#6602=DIRECTION('ref_axis',(0.,-1.,0.));
#6603=DIRECTION('center_axis',(1.,0.,9.49410759657493E-16));
#6604=DIRECTION('ref_axis',(0.,-1.,0.));
#6605=DIRECTION('center_axis',(1.,0.,9.49410759657493E-16));
#6606=DIRECTION('ref_axis',(0.,-1.,0.));
#6607=DIRECTION('center_axis',(1.,0.,9.49410759657493E-16));
#6608=DIRECTION('ref_axis',(0.,-1.,0.));
#6609=DIRECTION('center_axis',(1.,0.,9.49410759657493E-16));
#6610=DIRECTION('ref_axis',(0.,-1.,0.));
#6611=DIRECTION('center_axis',(1.,0.,9.49410759657493E-16));
#6612=DIRECTION('ref_axis',(0.,-1.,0.));
#6613=DIRECTION('center_axis',(1.,0.,9.49410759657493E-16));
#6614=DIRECTION('ref_axis',(0.,-1.,0.));
#6615=DIRECTION('center_axis',(1.,0.,9.49410759657493E-16));
#6616=DIRECTION('ref_axis',(0.,-1.,0.));
#6617=DIRECTION('center_axis',(1.,0.,9.49410759657493E-16));
#6618=DIRECTION('ref_axis',(0.,-1.,0.));
#6619=DIRECTION('center_axis',(1.,0.,9.49410759657493E-16));
#6620=DIRECTION('ref_axis',(0.,-1.,0.));
#6621=DIRECTION('center_axis',(1.,0.,9.49410759657493E-16));
#6622=DIRECTION('ref_axis',(0.,-1.,0.));
#6623=DIRECTION('center_axis',(1.,0.,9.49410759657493E-16));
#6624=DIRECTION('ref_axis',(0.,-1.,0.));
#6625=DIRECTION('center_axis',(1.,0.,9.49410759657493E-16));
#6626=DIRECTION('ref_axis',(0.,-1.,0.));
#6627=DIRECTION('center_axis',(1.,0.,9.49410759657493E-16));
#6628=DIRECTION('ref_axis',(0.,-1.,0.));
#6629=DIRECTION('center_axis',(1.,0.,9.49410759657493E-16));
#6630=DIRECTION('ref_axis',(0.,-1.,0.));
#6631=DIRECTION('center_axis',(1.,0.,9.49410759657493E-16));
#6632=DIRECTION('ref_axis',(0.,-1.,0.));
#6633=DIRECTION('center_axis',(1.,0.,9.49410759657493E-16));
#6634=DIRECTION('ref_axis',(0.,-1.,0.));
#6635=DIRECTION('center_axis',(1.,0.,9.49410759657493E-16));
#6636=DIRECTION('ref_axis',(0.,-1.,0.));
#6637=DIRECTION('center_axis',(1.,0.,9.49410759657493E-16));
#6638=DIRECTION('ref_axis',(0.,-1.,0.));
#6639=DIRECTION('center_axis',(1.,0.,9.49410759657493E-16));
#6640=DIRECTION('ref_axis',(0.,-1.,0.));
#6641=DIRECTION('center_axis',(1.,0.,9.49410759657493E-16));
#6642=DIRECTION('ref_axis',(0.,-1.,0.));
#6643=DIRECTION('center_axis',(1.,0.,9.49410759657493E-16));
#6644=DIRECTION('ref_axis',(0.,-1.,0.));
#6645=DIRECTION('center_axis',(1.,0.,9.49410759657493E-16));
#6646=DIRECTION('ref_axis',(0.,-1.,0.));
#6647=DIRECTION('center_axis',(1.,0.,9.49410759657493E-16));
#6648=DIRECTION('ref_axis',(0.,-1.,0.));
#6649=DIRECTION('center_axis',(1.,0.,9.49410759657493E-16));
#6650=DIRECTION('ref_axis',(0.,-1.,0.));
#6651=DIRECTION('center_axis',(1.,0.,9.49410759657493E-16));
#6652=DIRECTION('ref_axis',(0.,-1.,0.));
#6653=DIRECTION('center_axis',(1.,0.,9.49410759657493E-16));
#6654=DIRECTION('ref_axis',(0.,-1.,0.));
#6655=DIRECTION('center_axis',(1.,0.,9.49410759657493E-16));
#6656=DIRECTION('ref_axis',(0.,-1.,0.));
#6657=DIRECTION('center_axis',(1.,0.,9.49410759657493E-16));
#6658=DIRECTION('ref_axis',(0.,-1.,0.));
#6659=DIRECTION('center_axis',(1.,0.,9.49410759657493E-16));
#6660=DIRECTION('ref_axis',(0.,-1.,0.));
#6661=DIRECTION('center_axis',(1.,0.,9.49410759657493E-16));
#6662=DIRECTION('ref_axis',(0.,-1.,0.));
#6663=DIRECTION('center_axis',(1.,0.,9.49410759657493E-16));
#6664=DIRECTION('ref_axis',(0.,-1.,0.));
#6665=DIRECTION('center_axis',(1.,0.,9.49410759657493E-16));
#6666=DIRECTION('ref_axis',(0.,-1.,0.));
#6667=DIRECTION('center_axis',(1.,0.,9.49410759657493E-16));
#6668=DIRECTION('ref_axis',(0.,-1.,0.));
#6669=DIRECTION('center_axis',(1.,0.,9.49410759657493E-16));
#6670=DIRECTION('ref_axis',(0.,-1.,0.));
#6671=DIRECTION('center_axis',(1.,0.,9.49410759657493E-16));
#6672=DIRECTION('ref_axis',(0.,-1.,0.));
#6673=DIRECTION('center_axis',(1.,0.,9.49410759657493E-16));
#6674=DIRECTION('ref_axis',(0.,-1.,0.));
#6675=DIRECTION('center_axis',(1.,0.,9.49410759657493E-16));
#6676=DIRECTION('ref_axis',(0.,-1.,0.));
#6677=DIRECTION('center_axis',(1.,0.,9.49410759657493E-16));
#6678=DIRECTION('ref_axis',(0.,-1.,0.));
#6679=DIRECTION('center_axis',(1.,0.,9.49410759657493E-16));
#6680=DIRECTION('ref_axis',(0.,-1.,0.));
#6681=DIRECTION('center_axis',(1.,0.,9.49410759657493E-16));
#6682=DIRECTION('ref_axis',(0.,-1.,0.));
#6683=DIRECTION('center_axis',(1.,0.,9.49410759657493E-16));
#6684=DIRECTION('ref_axis',(0.,-1.,0.));
#6685=DIRECTION('center_axis',(1.,0.,9.49410759657493E-16));
#6686=DIRECTION('ref_axis',(0.,-1.,0.));
#6687=DIRECTION('center_axis',(1.,0.,9.49410759657493E-16));
#6688=DIRECTION('ref_axis',(0.,-1.,0.));
#6689=DIRECTION('center_axis',(1.,0.,9.49410759657493E-16));
#6690=DIRECTION('ref_axis',(0.,-1.,0.));
#6691=DIRECTION('center_axis',(1.,0.,9.49410759657493E-16));
#6692=DIRECTION('ref_axis',(0.,-1.,0.));
#6693=DIRECTION('center_axis',(1.,0.,9.49410759657493E-16));
#6694=DIRECTION('ref_axis',(0.,-1.,0.));
#6695=DIRECTION('center_axis',(1.,0.,9.49410759657493E-16));
#6696=DIRECTION('ref_axis',(0.,-1.,0.));
#6697=DIRECTION('center_axis',(1.,0.,9.49410759657493E-16));
#6698=DIRECTION('ref_axis',(0.,-1.,0.));
#6699=DIRECTION('center_axis',(1.,0.,9.49410759657493E-16));
#6700=DIRECTION('ref_axis',(0.,-1.,0.));
#6701=DIRECTION('center_axis',(1.,0.,9.49410759657493E-16));
#6702=DIRECTION('ref_axis',(0.,-1.,0.));
#6703=DIRECTION('center_axis',(1.,0.,9.49410759657493E-16));
#6704=DIRECTION('ref_axis',(0.,-1.,0.));
#6705=DIRECTION('center_axis',(1.,0.,9.49410759657493E-16));
#6706=DIRECTION('ref_axis',(0.,-1.,0.));
#6707=DIRECTION('center_axis',(1.,0.,9.49410759657493E-16));
#6708=DIRECTION('ref_axis',(0.,-1.,0.));
#6709=DIRECTION('center_axis',(1.,0.,9.49410759657493E-16));
#6710=DIRECTION('ref_axis',(0.,-1.,0.));
#6711=DIRECTION('center_axis',(1.,0.,9.49410759657493E-16));
#6712=DIRECTION('ref_axis',(0.,-1.,0.));
#6713=DIRECTION('center_axis',(1.,0.,9.49410759657493E-16));
#6714=DIRECTION('ref_axis',(0.,-1.,0.));
#6715=DIRECTION('center_axis',(1.,0.,9.49410759657493E-16));
#6716=DIRECTION('ref_axis',(0.,-1.,0.));
#6717=DIRECTION('center_axis',(1.,0.,9.49410759657493E-16));
#6718=DIRECTION('ref_axis',(0.,-1.,0.));
#6719=DIRECTION('center_axis',(1.,0.,9.49410759657493E-16));
#6720=DIRECTION('ref_axis',(0.,-1.,0.));
#6721=DIRECTION('center_axis',(1.,0.,9.49410759657493E-16));
#6722=DIRECTION('ref_axis',(0.,-1.,0.));
#6723=DIRECTION('center_axis',(1.,0.,9.49410759657493E-16));
#6724=DIRECTION('ref_axis',(0.,-1.,0.));
#6725=DIRECTION('center_axis',(1.,0.,9.49410759657493E-16));
#6726=DIRECTION('ref_axis',(0.,-1.,0.));
#6727=DIRECTION('center_axis',(1.,0.,9.49410759657493E-16));
#6728=DIRECTION('ref_axis',(0.,-1.,0.));
#6729=DIRECTION('center_axis',(1.,0.,9.49410759657493E-16));
#6730=DIRECTION('ref_axis',(0.,-1.,0.));
#6731=DIRECTION('center_axis',(1.69617406539954E-16,1.,0.));
#6732=DIRECTION('ref_axis',(0.,0.,-1.));
#6733=DIRECTION('',(1.61907524424502E-16,1.,0.));
#6734=DIRECTION('center_axis',(-1.17601647244056E-46,-1.,1.41234862588397E-31));
#6735=DIRECTION('ref_axis',(-1.,0.,-8.32667268468868E-16));
#6736=DIRECTION('center_axis',(0.,-1.,0.));
#6737=DIRECTION('ref_axis',(-1.,0.,0.));
#6738=DIRECTION('center_axis',(1.69617406539954E-16,1.,2.46519032881566E-32));
#6739=DIRECTION('ref_axis',(0.,-2.46519032881566E-32,1.));
#6740=DIRECTION('',(1.,0.,0.));
#6741=DIRECTION('',(9.25185853854297E-16,0.,-1.));
#6742=DIRECTION('',(-1.,0.,-8.32667268468868E-16));
#6743=DIRECTION('center_axis',(-1.69617406539954E-16,-1.,0.));
#6744=DIRECTION('ref_axis',(0.,0.,-1.));
#6745=DIRECTION('',(1.,0.,8.32667268468868E-16));
#6746=DIRECTION('center_axis',(1.69617406539954E-16,1.,-2.82469725176795E-30));
#6747=DIRECTION('ref_axis',(-1.66533453693774E-14,0.,-1.));
#6748=DIRECTION('center_axis',(1.69617406539954E-16,1.,0.));
#6749=DIRECTION('ref_axis',(0.,0.,1.));
#6750=DIRECTION('center_axis',(0.,-1.,0.));
#6751=DIRECTION('ref_axis',(-1.,0.,0.));
#6752=DIRECTION('center_axis',(-1.69617406539955E-16,-1.,1.69617406539954E-16));
#6753=DIRECTION('ref_axis',(0.,-1.69617406539954E-16,-1.));
#6754=DIRECTION('',(-1.,0.,0.));
#6755=DIRECTION('',(9.25185853854297E-16,0.,-1.));
#6756=DIRECTION('center_axis',(1.69617406539954E-16,1.,0.));
#6757=DIRECTION('ref_axis',(0.,0.,-1.));
#6758=DIRECTION('center_axis',(1.,-1.69617406539954E-16,9.18794589678809E-16));
#6759=DIRECTION('ref_axis',(9.18794589678809E-16,0.,-1.));
#6760=DIRECTION('',(-1.69617406539954E-16,-1.,2.00456935001764E-16));
#6761=DIRECTION('center_axis',(-1.,0.,-9.18794589678809E-16));
#6762=DIRECTION('ref_axis',(0.,-1.,0.));
#6763=DIRECTION('center_axis',(-1.,0.,-9.18794589678809E-16));
#6764=DIRECTION('ref_axis',(0.,-1.,0.));
#6765=DIRECTION('center_axis',(-1.,0.,-9.18794589678809E-16));
#6766=DIRECTION('ref_axis',(0.,-1.,0.));
#6767=DIRECTION('center_axis',(-1.,0.,-9.18794589678809E-16));
#6768=DIRECTION('ref_axis',(0.,-1.,0.));
#6769=DIRECTION('center_axis',(-1.,0.,-9.18794589678809E-16));
#6770=DIRECTION('ref_axis',(0.,-1.,0.));
#6771=DIRECTION('center_axis',(-1.,0.,-9.18794589678809E-16));
#6772=DIRECTION('ref_axis',(0.,-1.,0.));
#6773=DIRECTION('center_axis',(-1.,0.,-9.18794589678809E-16));
#6774=DIRECTION('ref_axis',(0.,-1.,0.));
#6775=DIRECTION('center_axis',(-1.,0.,-9.18794589678809E-16));
#6776=DIRECTION('ref_axis',(0.,-1.,0.));
#6777=DIRECTION('center_axis',(-1.,0.,-9.18794589678809E-16));
#6778=DIRECTION('ref_axis',(0.,-1.,0.));
#6779=DIRECTION('center_axis',(-1.,0.,-9.18794589678809E-16));
#6780=DIRECTION('ref_axis',(0.,-1.,0.));
#6781=DIRECTION('center_axis',(-1.,0.,-9.18794589678809E-16));
#6782=DIRECTION('ref_axis',(0.,-1.,0.));
#6783=DIRECTION('center_axis',(-1.,0.,-9.18794589678809E-16));
#6784=DIRECTION('ref_axis',(0.,-1.,0.));
#6785=DIRECTION('center_axis',(-1.,0.,-9.18794589678809E-16));
#6786=DIRECTION('ref_axis',(0.,-1.,0.));
#6787=DIRECTION('center_axis',(-1.,0.,-9.18794589678809E-16));
#6788=DIRECTION('ref_axis',(0.,-1.,0.));
#6789=DIRECTION('center_axis',(-1.,0.,-9.18794589678809E-16));
#6790=DIRECTION('ref_axis',(0.,-1.,0.));
#6791=DIRECTION('center_axis',(-1.,0.,-9.18794589678809E-16));
#6792=DIRECTION('ref_axis',(0.,-1.,0.));
#6793=DIRECTION('center_axis',(-1.,0.,-9.18794589678809E-16));
#6794=DIRECTION('ref_axis',(0.,-1.,0.));
#6795=DIRECTION('center_axis',(-1.,0.,-9.18794589678809E-16));
#6796=DIRECTION('ref_axis',(0.,-1.,0.));
#6797=DIRECTION('center_axis',(-1.,0.,-9.18794589678809E-16));
#6798=DIRECTION('ref_axis',(0.,-1.,0.));
#6799=DIRECTION('center_axis',(-1.,0.,-9.18794589678809E-16));
#6800=DIRECTION('ref_axis',(0.,-1.,0.));
#6801=DIRECTION('center_axis',(-1.,0.,-9.18794589678809E-16));
#6802=DIRECTION('ref_axis',(0.,-1.,0.));
#6803=DIRECTION('center_axis',(-1.,0.,-9.18794589678809E-16));
#6804=DIRECTION('ref_axis',(0.,-1.,0.));
#6805=DIRECTION('center_axis',(-1.,0.,-9.18794589678809E-16));
#6806=DIRECTION('ref_axis',(0.,-1.,0.));
#6807=DIRECTION('center_axis',(-1.,0.,-9.18794589678809E-16));
#6808=DIRECTION('ref_axis',(0.,-1.,0.));
#6809=DIRECTION('center_axis',(-1.,0.,-9.18794589678809E-16));
#6810=DIRECTION('ref_axis',(0.,-1.,0.));
#6811=DIRECTION('center_axis',(-1.,0.,-9.18794589678809E-16));
#6812=DIRECTION('ref_axis',(0.,-1.,0.));
#6813=DIRECTION('center_axis',(-1.,0.,-9.18794589678809E-16));
#6814=DIRECTION('ref_axis',(0.,-1.,0.));
#6815=DIRECTION('center_axis',(-1.,0.,-9.18794589678809E-16));
#6816=DIRECTION('ref_axis',(0.,-1.,0.));
#6817=DIRECTION('center_axis',(-1.,0.,-9.18794589678809E-16));
#6818=DIRECTION('ref_axis',(0.,-1.,0.));
#6819=DIRECTION('center_axis',(-1.,0.,-9.18794589678809E-16));
#6820=DIRECTION('ref_axis',(0.,-1.,0.));
#6821=DIRECTION('center_axis',(-1.,0.,-9.18794589678809E-16));
#6822=DIRECTION('ref_axis',(0.,-1.,0.));
#6823=DIRECTION('center_axis',(-1.,0.,-9.18794589678809E-16));
#6824=DIRECTION('ref_axis',(0.,-1.,0.));
#6825=DIRECTION('center_axis',(-1.,0.,-9.18794589678809E-16));
#6826=DIRECTION('ref_axis',(0.,-1.,0.));
#6827=DIRECTION('center_axis',(-1.,0.,-9.18794589678809E-16));
#6828=DIRECTION('ref_axis',(0.,-1.,0.));
#6829=DIRECTION('center_axis',(-1.,0.,-9.18794589678809E-16));
#6830=DIRECTION('ref_axis',(0.,-1.,0.));
#6831=DIRECTION('center_axis',(-1.,0.,-9.18794589678809E-16));
#6832=DIRECTION('ref_axis',(0.,-1.,0.));
#6833=DIRECTION('center_axis',(-1.,0.,-9.18794589678809E-16));
#6834=DIRECTION('ref_axis',(0.,-1.,0.));
#6835=DIRECTION('center_axis',(-1.,0.,-9.18794589678809E-16));
#6836=DIRECTION('ref_axis',(0.,-1.,0.));
#6837=DIRECTION('center_axis',(-1.,0.,-9.18794589678809E-16));
#6838=DIRECTION('ref_axis',(0.,-1.,0.));
#6839=DIRECTION('center_axis',(-1.,0.,-9.18794589678809E-16));
#6840=DIRECTION('ref_axis',(0.,-1.,0.));
#6841=DIRECTION('center_axis',(-1.,0.,-9.18794589678809E-16));
#6842=DIRECTION('ref_axis',(0.,-1.,0.));
#6843=DIRECTION('center_axis',(-1.,0.,-9.18794589678809E-16));
#6844=DIRECTION('ref_axis',(0.,-1.,0.));
#6845=DIRECTION('center_axis',(-1.,0.,-9.18794589678809E-16));
#6846=DIRECTION('ref_axis',(0.,-1.,0.));
#6847=DIRECTION('center_axis',(-1.,0.,-9.18794589678809E-16));
#6848=DIRECTION('ref_axis',(0.,-1.,0.));
#6849=DIRECTION('center_axis',(-1.,0.,-9.18794589678809E-16));
#6850=DIRECTION('ref_axis',(0.,-1.,0.));
#6851=DIRECTION('center_axis',(-1.,0.,-9.18794589678809E-16));
#6852=DIRECTION('ref_axis',(0.,-1.,0.));
#6853=DIRECTION('center_axis',(-1.,0.,-9.18794589678809E-16));
#6854=DIRECTION('ref_axis',(0.,-1.,0.));
#6855=DIRECTION('center_axis',(-1.,0.,-9.18794589678809E-16));
#6856=DIRECTION('ref_axis',(0.,-1.,0.));
#6857=DIRECTION('center_axis',(-1.,0.,-9.18794589678809E-16));
#6858=DIRECTION('ref_axis',(0.,-1.,0.));
#6859=DIRECTION('center_axis',(-1.,0.,-9.18794589678809E-16));
#6860=DIRECTION('ref_axis',(0.,-1.,0.));
#6861=DIRECTION('center_axis',(-1.,0.,-9.18794589678809E-16));
#6862=DIRECTION('ref_axis',(0.,-1.,0.));
#6863=DIRECTION('center_axis',(-1.,0.,-9.18794589678809E-16));
#6864=DIRECTION('ref_axis',(0.,-1.,0.));
#6865=DIRECTION('center_axis',(-1.,0.,-9.18794589678809E-16));
#6866=DIRECTION('ref_axis',(0.,-1.,0.));
#6867=DIRECTION('center_axis',(-1.,0.,-9.18794589678809E-16));
#6868=DIRECTION('ref_axis',(0.,-1.,0.));
#6869=DIRECTION('center_axis',(-1.,0.,-9.18794589678809E-16));
#6870=DIRECTION('ref_axis',(0.,-1.,0.));
#6871=DIRECTION('center_axis',(-1.,0.,-9.18794589678809E-16));
#6872=DIRECTION('ref_axis',(0.,-1.,0.));
#6873=DIRECTION('center_axis',(-1.,0.,-9.18794589678809E-16));
#6874=DIRECTION('ref_axis',(0.,-1.,0.));
#6875=DIRECTION('center_axis',(-1.,0.,-9.18794589678809E-16));
#6876=DIRECTION('ref_axis',(0.,-1.,0.));
#6877=DIRECTION('center_axis',(-1.,0.,-9.18794589678809E-16));
#6878=DIRECTION('ref_axis',(0.,-1.,0.));
#6879=DIRECTION('center_axis',(-1.,0.,-9.18794589678809E-16));
#6880=DIRECTION('ref_axis',(0.,-1.,0.));
#6881=DIRECTION('center_axis',(-1.,0.,-9.18794589678809E-16));
#6882=DIRECTION('ref_axis',(0.,-1.,0.));
#6883=DIRECTION('center_axis',(-1.,0.,-9.18794589678809E-16));
#6884=DIRECTION('ref_axis',(0.,-1.,0.));
#6885=DIRECTION('center_axis',(-1.,0.,-9.18794589678809E-16));
#6886=DIRECTION('ref_axis',(0.,-1.,0.));
#6887=DIRECTION('center_axis',(-1.,0.,-9.18794589678809E-16));
#6888=DIRECTION('ref_axis',(0.,-1.,0.));
#6889=DIRECTION('center_axis',(-1.,0.,-9.18794589678809E-16));
#6890=DIRECTION('ref_axis',(0.,-1.,0.));
#6891=DIRECTION('center_axis',(-1.,0.,-9.18794589678809E-16));
#6892=DIRECTION('ref_axis',(0.,-1.,0.));
#6893=DIRECTION('center_axis',(-1.,0.,-9.18794589678809E-16));
#6894=DIRECTION('ref_axis',(0.,-1.,0.));
#6895=DIRECTION('center_axis',(-1.,0.,-9.18794589678809E-16));
#6896=DIRECTION('ref_axis',(0.,-1.,0.));
#6897=DIRECTION('center_axis',(-1.,0.,-9.18794589678809E-16));
#6898=DIRECTION('ref_axis',(0.,-1.,0.));
#6899=DIRECTION('center_axis',(-1.,0.,-9.18794589678809E-16));
#6900=DIRECTION('ref_axis',(0.,-1.,0.));
#6901=DIRECTION('center_axis',(-1.,0.,-9.18794589678809E-16));
#6902=DIRECTION('ref_axis',(0.,-1.,0.));
#6903=DIRECTION('center_axis',(-1.,0.,-9.18794589678809E-16));
#6904=DIRECTION('ref_axis',(0.,-1.,0.));
#6905=DIRECTION('center_axis',(-1.,0.,-9.18794589678809E-16));
#6906=DIRECTION('ref_axis',(0.,-1.,0.));
#6907=DIRECTION('center_axis',(-6.12323399573678E-17,-1.4791141972894E-31,
1.));
#6908=DIRECTION('ref_axis',(1.,0.,6.12323399573678E-17));
#6909=DIRECTION('',(-1.69617406539954E-16,-1.,0.));
#6910=DIRECTION('',(1.,0.,1.11022302462516E-15));
#6911=DIRECTION('',(3.39234813079909E-16,1.,-1.69617406539954E-16));
#6912=DIRECTION('',(-1.,0.,-6.34413156928661E-16));
#6913=DIRECTION('center_axis',(0.,1.4791141972894E-31,-1.));
#6914=DIRECTION('ref_axis',(-1.,0.,0.));
#6915=DIRECTION('center_axis',(0.,1.4791141972894E-31,-1.));
#6916=DIRECTION('ref_axis',(-1.,0.,0.));
#6917=DIRECTION('center_axis',(0.,1.4791141972894E-31,-1.));
#6918=DIRECTION('ref_axis',(-1.,0.,0.));
#6919=DIRECTION('center_axis',(0.,1.4791141972894E-31,-1.));
#6920=DIRECTION('ref_axis',(-1.,0.,0.));
#6921=DIRECTION('center_axis',(0.,1.4791141972894E-31,-1.));
#6922=DIRECTION('ref_axis',(-1.,0.,0.));
#6923=DIRECTION('center_axis',(0.,1.4791141972894E-31,-1.));
#6924=DIRECTION('ref_axis',(-1.,0.,0.));
#6925=DIRECTION('center_axis',(0.,1.4791141972894E-31,-1.));
#6926=DIRECTION('ref_axis',(-1.,0.,0.));
#6927=DIRECTION('center_axis',(0.,1.4791141972894E-31,-1.));
#6928=DIRECTION('ref_axis',(-1.,0.,0.));
#6929=DIRECTION('center_axis',(0.,1.4791141972894E-31,-1.));
#6930=DIRECTION('ref_axis',(-1.,0.,0.));
#6931=DIRECTION('center_axis',(0.,1.4791141972894E-31,-1.));
#6932=DIRECTION('ref_axis',(-1.,0.,0.));
#6933=DIRECTION('center_axis',(0.,1.4791141972894E-31,-1.));
#6934=DIRECTION('ref_axis',(-1.,0.,0.));
#6935=DIRECTION('center_axis',(0.,1.4791141972894E-31,-1.));
#6936=DIRECTION('ref_axis',(-1.,0.,0.));
#6937=DIRECTION('center_axis',(0.,1.4791141972894E-31,-1.));
#6938=DIRECTION('ref_axis',(-1.,0.,0.));
#6939=DIRECTION('center_axis',(0.,1.4791141972894E-31,-1.));
#6940=DIRECTION('ref_axis',(-1.,0.,0.));
#6941=DIRECTION('center_axis',(0.,1.4791141972894E-31,-1.));
#6942=DIRECTION('ref_axis',(-1.,0.,0.));
#6943=DIRECTION('center_axis',(0.,1.4791141972894E-31,-1.));
#6944=DIRECTION('ref_axis',(-1.,0.,0.));
#6945=DIRECTION('center_axis',(0.,1.4791141972894E-31,-1.));
#6946=DIRECTION('ref_axis',(-1.,0.,0.));
#6947=DIRECTION('center_axis',(0.,1.4791141972894E-31,-1.));
#6948=DIRECTION('ref_axis',(-1.,0.,0.));
#6949=DIRECTION('center_axis',(0.,1.4791141972894E-31,-1.));
#6950=DIRECTION('ref_axis',(-1.,0.,0.));
#6951=DIRECTION('center_axis',(0.,1.4791141972894E-31,-1.));
#6952=DIRECTION('ref_axis',(-1.,0.,0.));
#6953=DIRECTION('center_axis',(0.,1.4791141972894E-31,-1.));
#6954=DIRECTION('ref_axis',(-1.,0.,0.));
#6955=DIRECTION('center_axis',(0.,1.4791141972894E-31,-1.));
#6956=DIRECTION('ref_axis',(-1.,0.,0.));
#6957=DIRECTION('center_axis',(0.,1.4791141972894E-31,-1.));
#6958=DIRECTION('ref_axis',(-1.,0.,0.));
#6959=DIRECTION('center_axis',(0.,1.4791141972894E-31,-1.));
#6960=DIRECTION('ref_axis',(-1.,0.,0.));
#6961=DIRECTION('center_axis',(0.,1.4791141972894E-31,-1.));
#6962=DIRECTION('ref_axis',(-1.,0.,0.));
#6963=DIRECTION('center_axis',(0.,1.4791141972894E-31,-1.));
#6964=DIRECTION('ref_axis',(-1.,0.,0.));
#6965=DIRECTION('center_axis',(0.,1.4791141972894E-31,-1.));
#6966=DIRECTION('ref_axis',(-1.,0.,0.));
#6967=DIRECTION('center_axis',(0.,1.4791141972894E-31,-1.));
#6968=DIRECTION('ref_axis',(-1.,0.,0.));
#6969=DIRECTION('center_axis',(0.,1.4791141972894E-31,-1.));
#6970=DIRECTION('ref_axis',(-1.,0.,0.));
#6971=DIRECTION('center_axis',(0.,1.4791141972894E-31,-1.));
#6972=DIRECTION('ref_axis',(-1.,0.,0.));
#6973=DIRECTION('center_axis',(0.,1.4791141972894E-31,-1.));
#6974=DIRECTION('ref_axis',(-1.,0.,0.));
#6975=DIRECTION('center_axis',(0.,1.4791141972894E-31,-1.));
#6976=DIRECTION('ref_axis',(-1.,0.,0.));
#6977=DIRECTION('center_axis',(0.,1.4791141972894E-31,-1.));
#6978=DIRECTION('ref_axis',(-1.,0.,0.));
#6979=DIRECTION('center_axis',(0.,1.4791141972894E-31,-1.));
#6980=DIRECTION('ref_axis',(-1.,0.,0.));
#6981=DIRECTION('center_axis',(0.,1.4791141972894E-31,-1.));
#6982=DIRECTION('ref_axis',(-1.,0.,0.));
#6983=DIRECTION('center_axis',(0.,1.4791141972894E-31,-1.));
#6984=DIRECTION('ref_axis',(-1.,0.,0.));
#6985=DIRECTION('center_axis',(0.,1.4791141972894E-31,-1.));
#6986=DIRECTION('ref_axis',(-1.,0.,0.));
#6987=DIRECTION('center_axis',(0.,1.4791141972894E-31,-1.));
#6988=DIRECTION('ref_axis',(-1.,0.,0.));
#6989=DIRECTION('center_axis',(0.,1.4791141972894E-31,-1.));
#6990=DIRECTION('ref_axis',(-1.,0.,0.));
#6991=DIRECTION('center_axis',(0.,1.4791141972894E-31,-1.));
#6992=DIRECTION('ref_axis',(-1.,0.,0.));
#6993=DIRECTION('center_axis',(0.,1.4791141972894E-31,-1.));
#6994=DIRECTION('ref_axis',(-1.,0.,0.));
#6995=DIRECTION('center_axis',(0.,1.4791141972894E-31,-1.));
#6996=DIRECTION('ref_axis',(-1.,0.,0.));
#6997=DIRECTION('center_axis',(0.,1.4791141972894E-31,-1.));
#6998=DIRECTION('ref_axis',(-1.,0.,0.));
#6999=DIRECTION('center_axis',(0.,1.4791141972894E-31,-1.));
#7000=DIRECTION('ref_axis',(-1.,0.,0.));
#7001=DIRECTION('center_axis',(0.,1.4791141972894E-31,-1.));
#7002=DIRECTION('ref_axis',(-1.,0.,0.));
#7003=DIRECTION('center_axis',(0.,1.4791141972894E-31,-1.));
#7004=DIRECTION('ref_axis',(-1.,0.,0.));
#7005=DIRECTION('center_axis',(0.,1.4791141972894E-31,-1.));
#7006=DIRECTION('ref_axis',(-1.,0.,0.));
#7007=DIRECTION('center_axis',(0.,1.4791141972894E-31,-1.));
#7008=DIRECTION('ref_axis',(-1.,0.,0.));
#7009=DIRECTION('center_axis',(0.,1.4791141972894E-31,-1.));
#7010=DIRECTION('ref_axis',(-1.,0.,0.));
#7011=DIRECTION('center_axis',(0.,1.4791141972894E-31,-1.));
#7012=DIRECTION('ref_axis',(-1.,0.,0.));
#7013=DIRECTION('center_axis',(0.,1.4791141972894E-31,-1.));
#7014=DIRECTION('ref_axis',(-1.,0.,0.));
#7015=DIRECTION('center_axis',(0.,1.4791141972894E-31,-1.));
#7016=DIRECTION('ref_axis',(-1.,0.,0.));
#7017=DIRECTION('center_axis',(0.,1.4791141972894E-31,-1.));
#7018=DIRECTION('ref_axis',(-1.,0.,0.));
#7019=DIRECTION('center_axis',(0.,1.4791141972894E-31,-1.));
#7020=DIRECTION('ref_axis',(-1.,0.,0.));
#7021=DIRECTION('center_axis',(0.,1.4791141972894E-31,-1.));
#7022=DIRECTION('ref_axis',(-1.,0.,0.));
#7023=DIRECTION('center_axis',(0.,1.4791141972894E-31,-1.));
#7024=DIRECTION('ref_axis',(-1.,0.,0.));
#7025=DIRECTION('center_axis',(0.,1.4791141972894E-31,-1.));
#7026=DIRECTION('ref_axis',(-1.,0.,0.));
#7027=DIRECTION('center_axis',(0.,1.4791141972894E-31,-1.));
#7028=DIRECTION('ref_axis',(-1.,0.,0.));
#7029=DIRECTION('center_axis',(0.,1.4791141972894E-31,-1.));
#7030=DIRECTION('ref_axis',(-1.,0.,0.));
#7031=DIRECTION('center_axis',(0.,1.4791141972894E-31,-1.));
#7032=DIRECTION('ref_axis',(-1.,0.,0.));
#7033=DIRECTION('center_axis',(0.,1.4791141972894E-31,-1.));
#7034=DIRECTION('ref_axis',(-1.,0.,0.));
#7035=DIRECTION('center_axis',(0.,1.4791141972894E-31,-1.));
#7036=DIRECTION('ref_axis',(-1.,0.,0.));
#7037=DIRECTION('center_axis',(0.,1.4791141972894E-31,-1.));
#7038=DIRECTION('ref_axis',(-1.,0.,0.));
#7039=DIRECTION('center_axis',(0.,1.4791141972894E-31,-1.));
#7040=DIRECTION('ref_axis',(-1.,0.,0.));
#7041=DIRECTION('center_axis',(0.,1.4791141972894E-31,-1.));
#7042=DIRECTION('ref_axis',(-1.,0.,0.));
#7043=DIRECTION('center_axis',(0.,1.4791141972894E-31,-1.));
#7044=DIRECTION('ref_axis',(-1.,0.,0.));
#7045=DIRECTION('center_axis',(0.,1.4791141972894E-31,-1.));
#7046=DIRECTION('ref_axis',(-1.,0.,0.));
#7047=DIRECTION('center_axis',(0.,1.4791141972894E-31,-1.));
#7048=DIRECTION('ref_axis',(-1.,0.,0.));
#7049=DIRECTION('center_axis',(0.,1.4791141972894E-31,-1.));
#7050=DIRECTION('ref_axis',(-1.,0.,0.));
#7051=DIRECTION('center_axis',(0.,1.4791141972894E-31,-1.));
#7052=DIRECTION('ref_axis',(-1.,0.,0.));
#7053=DIRECTION('center_axis',(0.,1.4791141972894E-31,-1.));
#7054=DIRECTION('ref_axis',(-1.,0.,0.));
#7055=DIRECTION('center_axis',(0.,1.4791141972894E-31,-1.));
#7056=DIRECTION('ref_axis',(-1.,0.,0.));
#7057=DIRECTION('center_axis',(0.,1.4791141972894E-31,-1.));
#7058=DIRECTION('ref_axis',(-1.,0.,0.));
#7059=DIRECTION('center_axis',(1.69617406539954E-16,1.,-1.69617406539954E-16));
#7060=DIRECTION('ref_axis',(-1.,1.69617406539954E-16,-9.18794589678809E-16));
#7061=DIRECTION('',(1.69617406539954E-16,1.,-9.25185853854297E-17));
#7062=DIRECTION('center_axis',(-1.69617406539955E-16,-1.,-1.88313150117863E-31));
#7063=DIRECTION('ref_axis',(-1.11022302462515E-15,0.,1.));
#7064=DIRECTION('center_axis',(-1.69617406539955E-16,-1.,-1.8831315011786E-31));
#7065=DIRECTION('ref_axis',(-1.11022302462514E-15,0.,1.));
#7066=DIRECTION('center_axis',(1.,-3.39234813079909E-16,6.12323399573678E-17));
#7067=DIRECTION('ref_axis',(6.12323399573678E-17,0.,-1.));
#7068=DIRECTION('',(-3.39234813079909E-16,-1.,1.5419764230905E-16));
#7069=DIRECTION('',(0.,0.,1.));
#7070=DIRECTION('',(0.,0.,1.));
#7071=DIRECTION('center_axis',(1.69617406539954E-16,1.,1.86829155605311E-31));
#7072=DIRECTION('ref_axis',(0.,-1.86829155605311E-31,1.));
#7073=DIRECTION('',(-1.11022302462516E-15,0.,1.));
#7074=DIRECTION('',(-1.,0.,-2.53765262771464E-15));
#7075=DIRECTION('center_axis',(-1.69617406539955E-16,-1.,1.69617406539954E-16));
#7076=DIRECTION('ref_axis',(0.,-1.69617406539954E-16,-1.));
#7077=DIRECTION('',(1.11022302462516E-15,0.,-1.));
#7078=DIRECTION('center_axis',(1.88313150117861E-31,1.,-1.69617406539954E-16));
#7079=DIRECTION('ref_axis',(-1.,0.,-1.11022302462515E-15));
#7080=DIRECTION('center_axis',(1.69617406539955E-16,1.,-1.69617406539954E-16));
#7081=DIRECTION('ref_axis',(0.,1.69617406539954E-16,1.));
#7082=DIRECTION('center_axis',(-1.69617406539955E-16,-1.,-1.88313150117863E-31));
#7083=DIRECTION('ref_axis',(-1.11022302462515E-15,0.,1.));
#7084=DIRECTION('center_axis',(-1.33490486543012E-15,9.71445146547018E-17,
1.));
#7085=DIRECTION('ref_axis',(1.,0.,1.33490486543012E-15));
#7086=DIRECTION('',(-1.,0.,-1.11022302462516E-15));
#7087=DIRECTION('center_axis',(0.,9.71445146547018E-17,1.));
#7088=DIRECTION('ref_axis',(-1.,0.,0.));
#7089=DIRECTION('center_axis',(0.,9.71445146547018E-17,1.));
#7090=DIRECTION('ref_axis',(-1.,0.,0.));
#7091=DIRECTION('center_axis',(0.,9.71445146547018E-17,1.));
#7092=DIRECTION('ref_axis',(-1.,0.,0.));
#7093=DIRECTION('center_axis',(0.,9.71445146547018E-17,1.));
#7094=DIRECTION('ref_axis',(-1.,0.,0.));
#7095=DIRECTION('center_axis',(0.,9.71445146547018E-17,1.));
#7096=DIRECTION('ref_axis',(-1.,0.,0.));
#7097=DIRECTION('center_axis',(0.,9.71445146547018E-17,1.));
#7098=DIRECTION('ref_axis',(-1.,0.,0.));
#7099=DIRECTION('center_axis',(0.,9.71445146547018E-17,1.));
#7100=DIRECTION('ref_axis',(-1.,0.,0.));
#7101=DIRECTION('center_axis',(0.,9.71445146547018E-17,1.));
#7102=DIRECTION('ref_axis',(-1.,0.,0.));
#7103=DIRECTION('center_axis',(0.,9.71445146547018E-17,1.));
#7104=DIRECTION('ref_axis',(-1.,0.,0.));
#7105=DIRECTION('center_axis',(0.,9.71445146547018E-17,1.));
#7106=DIRECTION('ref_axis',(-1.,0.,0.));
#7107=DIRECTION('center_axis',(0.,9.71445146547018E-17,1.));
#7108=DIRECTION('ref_axis',(-1.,0.,0.));
#7109=DIRECTION('center_axis',(0.,9.71445146547018E-17,1.));
#7110=DIRECTION('ref_axis',(-1.,0.,0.));
#7111=DIRECTION('center_axis',(0.,9.71445146547018E-17,1.));
#7112=DIRECTION('ref_axis',(-1.,0.,0.));
#7113=DIRECTION('center_axis',(0.,9.71445146547018E-17,1.));
#7114=DIRECTION('ref_axis',(-1.,0.,0.));
#7115=DIRECTION('center_axis',(0.,9.71445146547018E-17,1.));
#7116=DIRECTION('ref_axis',(-1.,0.,0.));
#7117=DIRECTION('center_axis',(0.,9.71445146547018E-17,1.));
#7118=DIRECTION('ref_axis',(-1.,0.,0.));
#7119=DIRECTION('center_axis',(0.,9.71445146547018E-17,1.));
#7120=DIRECTION('ref_axis',(-1.,0.,0.));
#7121=DIRECTION('center_axis',(0.,9.71445146547018E-17,1.));
#7122=DIRECTION('ref_axis',(-1.,0.,0.));
#7123=DIRECTION('center_axis',(0.,9.71445146547018E-17,1.));
#7124=DIRECTION('ref_axis',(-1.,0.,0.));
#7125=DIRECTION('center_axis',(0.,9.71445146547018E-17,1.));
#7126=DIRECTION('ref_axis',(-1.,0.,0.));
#7127=DIRECTION('center_axis',(0.,9.71445146547018E-17,1.));
#7128=DIRECTION('ref_axis',(-1.,0.,0.));
#7129=DIRECTION('center_axis',(0.,9.71445146547018E-17,1.));
#7130=DIRECTION('ref_axis',(-1.,0.,0.));
#7131=DIRECTION('center_axis',(0.,9.71445146547018E-17,1.));
#7132=DIRECTION('ref_axis',(-1.,0.,0.));
#7133=DIRECTION('center_axis',(0.,9.71445146547018E-17,1.));
#7134=DIRECTION('ref_axis',(-1.,0.,0.));
#7135=DIRECTION('center_axis',(0.,9.71445146547018E-17,1.));
#7136=DIRECTION('ref_axis',(-1.,0.,0.));
#7137=DIRECTION('center_axis',(0.,9.71445146547018E-17,1.));
#7138=DIRECTION('ref_axis',(-1.,0.,0.));
#7139=DIRECTION('center_axis',(0.,9.71445146547018E-17,1.));
#7140=DIRECTION('ref_axis',(-1.,0.,0.));
#7141=DIRECTION('center_axis',(0.,9.71445146547018E-17,1.));
#7142=DIRECTION('ref_axis',(-1.,0.,0.));
#7143=DIRECTION('center_axis',(0.,9.71445146547018E-17,1.));
#7144=DIRECTION('ref_axis',(-1.,0.,0.));
#7145=DIRECTION('center_axis',(0.,9.71445146547018E-17,1.));
#7146=DIRECTION('ref_axis',(-1.,0.,0.));
#7147=DIRECTION('center_axis',(0.,9.71445146547018E-17,1.));
#7148=DIRECTION('ref_axis',(-1.,0.,0.));
#7149=DIRECTION('center_axis',(0.,9.71445146547018E-17,1.));
#7150=DIRECTION('ref_axis',(-1.,0.,0.));
#7151=DIRECTION('center_axis',(0.,9.71445146547018E-17,1.));
#7152=DIRECTION('ref_axis',(-1.,0.,0.));
#7153=DIRECTION('center_axis',(0.,9.71445146547018E-17,1.));
#7154=DIRECTION('ref_axis',(-1.,0.,0.));
#7155=DIRECTION('center_axis',(0.,9.71445146547018E-17,1.));
#7156=DIRECTION('ref_axis',(-1.,0.,0.));
#7157=DIRECTION('center_axis',(0.,9.71445146547018E-17,1.));
#7158=DIRECTION('ref_axis',(-1.,0.,0.));
#7159=DIRECTION('center_axis',(0.,9.71445146547018E-17,1.));
#7160=DIRECTION('ref_axis',(-1.,0.,0.));
#7161=DIRECTION('center_axis',(0.,9.71445146547018E-17,1.));
#7162=DIRECTION('ref_axis',(-1.,0.,0.));
#7163=DIRECTION('center_axis',(0.,9.71445146547018E-17,1.));
#7164=DIRECTION('ref_axis',(-1.,0.,0.));
#7165=DIRECTION('center_axis',(0.,9.71445146547018E-17,1.));
#7166=DIRECTION('ref_axis',(-1.,0.,0.));
#7167=DIRECTION('center_axis',(0.,9.71445146547018E-17,1.));
#7168=DIRECTION('ref_axis',(-1.,0.,0.));
#7169=DIRECTION('center_axis',(0.,9.71445146547018E-17,1.));
#7170=DIRECTION('ref_axis',(-1.,0.,0.));
#7171=DIRECTION('center_axis',(0.,9.71445146547018E-17,1.));
#7172=DIRECTION('ref_axis',(-1.,0.,0.));
#7173=DIRECTION('center_axis',(0.,9.71445146547018E-17,1.));
#7174=DIRECTION('ref_axis',(-1.,0.,0.));
#7175=DIRECTION('center_axis',(0.,9.71445146547018E-17,1.));
#7176=DIRECTION('ref_axis',(-1.,0.,0.));
#7177=DIRECTION('center_axis',(0.,9.71445146547018E-17,1.));
#7178=DIRECTION('ref_axis',(-1.,0.,0.));
#7179=DIRECTION('center_axis',(0.,9.71445146547018E-17,1.));
#7180=DIRECTION('ref_axis',(-1.,0.,0.));
#7181=DIRECTION('center_axis',(0.,9.71445146547018E-17,1.));
#7182=DIRECTION('ref_axis',(-1.,0.,0.));
#7183=DIRECTION('center_axis',(0.,9.71445146547018E-17,1.));
#7184=DIRECTION('ref_axis',(-1.,0.,0.));
#7185=DIRECTION('center_axis',(0.,9.71445146547018E-17,1.));
#7186=DIRECTION('ref_axis',(-1.,0.,0.));
#7187=DIRECTION('center_axis',(0.,9.71445146547018E-17,1.));
#7188=DIRECTION('ref_axis',(-1.,0.,0.));
#7189=DIRECTION('center_axis',(0.,9.71445146547018E-17,1.));
#7190=DIRECTION('ref_axis',(-1.,0.,0.));
#7191=DIRECTION('center_axis',(0.,9.71445146547018E-17,1.));
#7192=DIRECTION('ref_axis',(-1.,0.,0.));
#7193=DIRECTION('center_axis',(0.,9.71445146547018E-17,1.));
#7194=DIRECTION('ref_axis',(-1.,0.,0.));
#7195=DIRECTION('center_axis',(0.,9.71445146547018E-17,1.));
#7196=DIRECTION('ref_axis',(-1.,0.,0.));
#7197=DIRECTION('center_axis',(0.,9.71445146547018E-17,1.));
#7198=DIRECTION('ref_axis',(-1.,0.,0.));
#7199=DIRECTION('center_axis',(0.,9.71445146547018E-17,1.));
#7200=DIRECTION('ref_axis',(-1.,0.,0.));
#7201=DIRECTION('center_axis',(0.,9.71445146547018E-17,1.));
#7202=DIRECTION('ref_axis',(-1.,0.,0.));
#7203=DIRECTION('center_axis',(0.,9.71445146547018E-17,1.));
#7204=DIRECTION('ref_axis',(-1.,0.,0.));
#7205=DIRECTION('center_axis',(0.,9.71445146547018E-17,1.));
#7206=DIRECTION('ref_axis',(-1.,0.,0.));
#7207=DIRECTION('center_axis',(0.,9.71445146547018E-17,1.));
#7208=DIRECTION('ref_axis',(-1.,0.,0.));
#7209=DIRECTION('center_axis',(0.,9.71445146547018E-17,1.));
#7210=DIRECTION('ref_axis',(-1.,0.,0.));
#7211=DIRECTION('center_axis',(0.,9.71445146547018E-17,1.));
#7212=DIRECTION('ref_axis',(-1.,0.,0.));
#7213=DIRECTION('center_axis',(0.,9.71445146547018E-17,1.));
#7214=DIRECTION('ref_axis',(-1.,0.,0.));
#7215=DIRECTION('center_axis',(0.,9.71445146547018E-17,1.));
#7216=DIRECTION('ref_axis',(-1.,0.,0.));
#7217=DIRECTION('center_axis',(0.,9.71445146547018E-17,1.));
#7218=DIRECTION('ref_axis',(-1.,0.,0.));
#7219=DIRECTION('center_axis',(0.,9.71445146547018E-17,1.));
#7220=DIRECTION('ref_axis',(-1.,0.,0.));
#7221=DIRECTION('center_axis',(0.,9.71445146547018E-17,1.));
#7222=DIRECTION('ref_axis',(-1.,0.,0.));
#7223=DIRECTION('center_axis',(0.,9.71445146547018E-17,1.));
#7224=DIRECTION('ref_axis',(-1.,0.,0.));
#7225=DIRECTION('center_axis',(0.,9.71445146547018E-17,1.));
#7226=DIRECTION('ref_axis',(-1.,0.,0.));
#7227=DIRECTION('center_axis',(0.,9.71445146547018E-17,1.));
#7228=DIRECTION('ref_axis',(-1.,0.,0.));
#7229=DIRECTION('center_axis',(0.,9.71445146547018E-17,1.));
#7230=DIRECTION('ref_axis',(-1.,0.,0.));
#7231=DIRECTION('center_axis',(0.,9.71445146547018E-17,1.));
#7232=DIRECTION('ref_axis',(-1.,0.,0.));
#7233=DIRECTION('center_axis',(-1.69617406539954E-16,-1.,-1.86829155605311E-31));
#7234=DIRECTION('ref_axis',(0.,1.86829155605311E-31,-1.));
#7235=DIRECTION('center_axis',(1.69617406539954E-16,1.,-1.69617406539954E-16));
#7236=DIRECTION('ref_axis',(-1.,1.69617406539954E-16,-9.18794589678809E-16));
#7237=DIRECTION('center_axis',(1.,0.,0.));
#7238=DIRECTION('ref_axis',(0.,-1.,0.));
#7239=DIRECTION('',(1.,0.,0.));
#7240=DIRECTION('center_axis',(1.,0.,0.));
#7241=DIRECTION('ref_axis',(0.,-1.,0.));
#7242=DIRECTION('',(1.,0.,0.));
#7243=DIRECTION('center_axis',(1.,0.,0.));
#7244=DIRECTION('ref_axis',(0.,-1.,0.));
#7245=DIRECTION('',(1.,0.,0.));
#7246=DIRECTION('center_axis',(1.,0.,0.));
#7247=DIRECTION('ref_axis',(0.,-1.,0.));
#7248=DIRECTION('',(1.,0.,0.));
#7249=DIRECTION('center_axis',(1.,0.,0.));
#7250=DIRECTION('ref_axis',(0.,-1.,0.));
#7251=DIRECTION('',(1.,0.,0.));
#7252=DIRECTION('center_axis',(1.,0.,0.));
#7253=DIRECTION('ref_axis',(0.,-1.,0.));
#7254=DIRECTION('',(1.,0.,0.));
#7255=DIRECTION('center_axis',(1.,0.,0.));
#7256=DIRECTION('ref_axis',(0.,-1.,0.));
#7257=DIRECTION('',(1.,0.,0.));
#7258=DIRECTION('center_axis',(1.,0.,0.));
#7259=DIRECTION('ref_axis',(0.,-1.,0.));
#7260=DIRECTION('',(1.,0.,0.));
#7261=DIRECTION('center_axis',(1.,0.,0.));
#7262=DIRECTION('ref_axis',(0.,-1.,0.));
#7263=DIRECTION('',(1.,0.,0.));
#7264=DIRECTION('center_axis',(1.,0.,0.));
#7265=DIRECTION('ref_axis',(0.,-1.,0.));
#7266=DIRECTION('',(1.,0.,0.));
#7267=DIRECTION('center_axis',(1.,0.,0.));
#7268=DIRECTION('ref_axis',(0.,-1.,0.));
#7269=DIRECTION('',(1.,0.,0.));
#7270=DIRECTION('center_axis',(1.,0.,0.));
#7271=DIRECTION('ref_axis',(0.,-1.,0.));
#7272=DIRECTION('',(1.,0.,0.));
#7273=DIRECTION('center_axis',(1.,0.,0.));
#7274=DIRECTION('ref_axis',(0.,-1.,0.));
#7275=DIRECTION('',(1.,0.,0.));
#7276=DIRECTION('center_axis',(1.,0.,0.));
#7277=DIRECTION('ref_axis',(0.,-1.,0.));
#7278=DIRECTION('',(1.,0.,0.));
#7279=DIRECTION('center_axis',(1.,0.,0.));
#7280=DIRECTION('ref_axis',(0.,-1.,0.));
#7281=DIRECTION('',(1.,0.,0.));
#7282=DIRECTION('center_axis',(1.,0.,0.));
#7283=DIRECTION('ref_axis',(0.,-1.,0.));
#7284=DIRECTION('',(1.,0.,0.));
#7285=DIRECTION('center_axis',(1.,0.,0.));
#7286=DIRECTION('ref_axis',(0.,-1.,0.));
#7287=DIRECTION('',(1.,0.,0.));
#7288=DIRECTION('center_axis',(1.,0.,0.));
#7289=DIRECTION('ref_axis',(0.,-1.,0.));
#7290=DIRECTION('',(1.,0.,0.));
#7291=DIRECTION('center_axis',(1.,0.,0.));
#7292=DIRECTION('ref_axis',(0.,-1.,0.));
#7293=DIRECTION('',(1.,0.,0.));
#7294=DIRECTION('center_axis',(1.,0.,0.));
#7295=DIRECTION('ref_axis',(0.,-1.,0.));
#7296=DIRECTION('',(1.,0.,0.));
#7297=DIRECTION('center_axis',(1.,0.,0.));
#7298=DIRECTION('ref_axis',(0.,-1.,0.));
#7299=DIRECTION('',(1.,0.,0.));
#7300=DIRECTION('center_axis',(1.,0.,0.));
#7301=DIRECTION('ref_axis',(0.,-1.,0.));
#7302=DIRECTION('',(1.,0.,0.));
#7303=DIRECTION('center_axis',(1.,0.,0.));
#7304=DIRECTION('ref_axis',(0.,-1.,0.));
#7305=DIRECTION('',(1.,0.,0.));
#7306=DIRECTION('center_axis',(1.,0.,0.));
#7307=DIRECTION('ref_axis',(0.,-1.,0.));
#7308=DIRECTION('',(1.,0.,0.));
#7309=DIRECTION('center_axis',(1.,0.,0.));
#7310=DIRECTION('ref_axis',(0.,-1.,0.));
#7311=DIRECTION('',(1.,0.,0.));
#7312=DIRECTION('center_axis',(1.,0.,0.));
#7313=DIRECTION('ref_axis',(0.,-1.,0.));
#7314=DIRECTION('',(1.,0.,0.));
#7315=DIRECTION('center_axis',(1.,0.,0.));
#7316=DIRECTION('ref_axis',(0.,-1.,0.));
#7317=DIRECTION('',(1.,0.,0.));
#7318=DIRECTION('center_axis',(1.,0.,0.));
#7319=DIRECTION('ref_axis',(0.,-1.,0.));
#7320=DIRECTION('',(1.,0.,0.));
#7321=DIRECTION('center_axis',(1.,0.,0.));
#7322=DIRECTION('ref_axis',(0.,-1.,0.));
#7323=DIRECTION('',(1.,0.,0.));
#7324=DIRECTION('center_axis',(1.,0.,0.));
#7325=DIRECTION('ref_axis',(0.,-1.,0.));
#7326=DIRECTION('',(1.,0.,0.));
#7327=DIRECTION('center_axis',(1.,0.,0.));
#7328=DIRECTION('ref_axis',(0.,-1.,0.));
#7329=DIRECTION('',(1.,0.,0.));
#7330=DIRECTION('center_axis',(1.,0.,0.));
#7331=DIRECTION('ref_axis',(0.,-1.,0.));
#7332=DIRECTION('',(1.,0.,0.));
#7333=DIRECTION('center_axis',(1.,0.,0.));
#7334=DIRECTION('ref_axis',(0.,-1.,0.));
#7335=DIRECTION('',(1.,0.,0.));
#7336=DIRECTION('center_axis',(1.,0.,0.));
#7337=DIRECTION('ref_axis',(0.,-1.,0.));
#7338=DIRECTION('',(1.,0.,0.));
#7339=DIRECTION('center_axis',(1.,0.,0.));
#7340=DIRECTION('ref_axis',(0.,-1.,0.));
#7341=DIRECTION('',(1.,0.,0.));
#7342=DIRECTION('center_axis',(1.,0.,0.));
#7343=DIRECTION('ref_axis',(0.,-1.,0.));
#7344=DIRECTION('',(1.,0.,0.));
#7345=DIRECTION('center_axis',(1.,0.,0.));
#7346=DIRECTION('ref_axis',(0.,-1.,0.));
#7347=DIRECTION('',(1.,0.,0.));
#7348=DIRECTION('center_axis',(1.,0.,0.));
#7349=DIRECTION('ref_axis',(0.,-1.,0.));
#7350=DIRECTION('',(1.,0.,0.));
#7351=DIRECTION('center_axis',(1.,0.,0.));
#7352=DIRECTION('ref_axis',(0.,-1.,0.));
#7353=DIRECTION('',(1.,0.,0.));
#7354=DIRECTION('center_axis',(1.,0.,0.));
#7355=DIRECTION('ref_axis',(0.,-1.,0.));
#7356=DIRECTION('',(1.,0.,0.));
#7357=DIRECTION('center_axis',(1.,0.,0.));
#7358=DIRECTION('ref_axis',(0.,-1.,0.));
#7359=DIRECTION('',(1.,0.,0.));
#7360=DIRECTION('center_axis',(1.,0.,0.));
#7361=DIRECTION('ref_axis',(0.,-1.,0.));
#7362=DIRECTION('',(1.,0.,0.));
#7363=DIRECTION('center_axis',(1.,0.,0.));
#7364=DIRECTION('ref_axis',(0.,-1.,0.));
#7365=DIRECTION('',(1.,0.,0.));
#7366=DIRECTION('center_axis',(1.,0.,0.));
#7367=DIRECTION('ref_axis',(0.,-1.,0.));
#7368=DIRECTION('',(1.,0.,0.));
#7369=DIRECTION('center_axis',(1.,0.,0.));
#7370=DIRECTION('ref_axis',(0.,-1.,0.));
#7371=DIRECTION('',(1.,0.,0.));
#7372=DIRECTION('center_axis',(1.,0.,0.));
#7373=DIRECTION('ref_axis',(0.,-1.,0.));
#7374=DIRECTION('',(1.,0.,0.));
#7375=DIRECTION('center_axis',(1.,0.,0.));
#7376=DIRECTION('ref_axis',(0.,-1.,0.));
#7377=DIRECTION('',(1.,0.,0.));
#7378=DIRECTION('center_axis',(1.,0.,0.));
#7379=DIRECTION('ref_axis',(0.,-1.,0.));
#7380=DIRECTION('',(1.,0.,0.));
#7381=DIRECTION('center_axis',(1.,0.,0.));
#7382=DIRECTION('ref_axis',(0.,-1.,0.));
#7383=DIRECTION('',(1.,0.,0.));
#7384=DIRECTION('center_axis',(1.,0.,0.));
#7385=DIRECTION('ref_axis',(0.,-1.,0.));
#7386=DIRECTION('',(1.,0.,0.));
#7387=DIRECTION('center_axis',(1.,0.,0.));
#7388=DIRECTION('ref_axis',(0.,-1.,0.));
#7389=DIRECTION('',(1.,0.,0.));
#7390=DIRECTION('center_axis',(1.,0.,0.));
#7391=DIRECTION('ref_axis',(0.,-1.,0.));
#7392=DIRECTION('',(1.,0.,0.));
#7393=DIRECTION('center_axis',(1.,0.,0.));
#7394=DIRECTION('ref_axis',(0.,-1.,0.));
#7395=DIRECTION('',(1.,0.,0.));
#7396=DIRECTION('center_axis',(1.,0.,0.));
#7397=DIRECTION('ref_axis',(0.,-1.,0.));
#7398=DIRECTION('',(1.,0.,0.));
#7399=DIRECTION('center_axis',(1.,0.,0.));
#7400=DIRECTION('ref_axis',(0.,-1.,0.));
#7401=DIRECTION('',(1.,0.,0.));
#7402=DIRECTION('center_axis',(1.,0.,0.));
#7403=DIRECTION('ref_axis',(0.,-1.,0.));
#7404=DIRECTION('',(1.,0.,0.));
#7405=DIRECTION('center_axis',(1.,0.,0.));
#7406=DIRECTION('ref_axis',(0.,-1.,0.));
#7407=DIRECTION('',(1.,0.,0.));
#7408=DIRECTION('center_axis',(1.,0.,0.));
#7409=DIRECTION('ref_axis',(0.,-1.,0.));
#7410=DIRECTION('',(1.,0.,0.));
#7411=DIRECTION('center_axis',(1.,0.,0.));
#7412=DIRECTION('ref_axis',(0.,-1.,0.));
#7413=DIRECTION('',(1.,0.,0.));
#7414=DIRECTION('center_axis',(1.,0.,0.));
#7415=DIRECTION('ref_axis',(0.,-1.,0.));
#7416=DIRECTION('',(1.,0.,0.));
#7417=DIRECTION('center_axis',(1.,0.,0.));
#7418=DIRECTION('ref_axis',(0.,-1.,0.));
#7419=DIRECTION('',(1.,0.,0.));
#7420=DIRECTION('center_axis',(1.,0.,0.));
#7421=DIRECTION('ref_axis',(0.,-1.,0.));
#7422=DIRECTION('',(1.,0.,0.));
#7423=DIRECTION('center_axis',(1.,0.,0.));
#7424=DIRECTION('ref_axis',(0.,-1.,0.));
#7425=DIRECTION('',(1.,0.,0.));
#7426=DIRECTION('center_axis',(1.,0.,0.));
#7427=DIRECTION('ref_axis',(0.,-1.,0.));
#7428=DIRECTION('',(1.,0.,0.));
#7429=DIRECTION('center_axis',(1.,0.,0.));
#7430=DIRECTION('ref_axis',(0.,-1.,0.));
#7431=DIRECTION('',(1.,0.,0.));
#7432=DIRECTION('center_axis',(1.,0.,0.));
#7433=DIRECTION('ref_axis',(0.,-1.,0.));
#7434=DIRECTION('',(1.,0.,0.));
#7435=DIRECTION('center_axis',(1.,0.,0.));
#7436=DIRECTION('ref_axis',(0.,-1.,0.));
#7437=DIRECTION('',(1.,0.,0.));
#7438=DIRECTION('center_axis',(1.,0.,0.));
#7439=DIRECTION('ref_axis',(0.,-1.,0.));
#7440=DIRECTION('',(1.,0.,0.));
#7441=DIRECTION('center_axis',(1.,0.,0.));
#7442=DIRECTION('ref_axis',(0.,-1.,0.));
#7443=DIRECTION('',(1.,0.,0.));
#7444=DIRECTION('center_axis',(1.,0.,0.));
#7445=DIRECTION('ref_axis',(0.,-1.,0.));
#7446=DIRECTION('',(1.,0.,0.));
#7447=DIRECTION('center_axis',(1.,0.,0.));
#7448=DIRECTION('ref_axis',(0.,-1.,0.));
#7449=DIRECTION('',(1.,0.,0.));
#7450=DIRECTION('center_axis',(1.,0.,0.));
#7451=DIRECTION('ref_axis',(0.,-1.,0.));
#7452=DIRECTION('',(1.,0.,0.));
#7453=DIRECTION('center_axis',(0.,0.,-1.));
#7454=DIRECTION('ref_axis',(-1.,0.,0.));
#7455=DIRECTION('',(0.,0.,-1.));
#7456=DIRECTION('center_axis',(0.,0.,-1.));
#7457=DIRECTION('ref_axis',(-1.,0.,0.));
#7458=DIRECTION('',(0.,0.,-1.));
#7459=DIRECTION('center_axis',(0.,0.,-1.));
#7460=DIRECTION('ref_axis',(-1.,0.,0.));
#7461=DIRECTION('',(0.,0.,-1.));
#7462=DIRECTION('center_axis',(0.,0.,-1.));
#7463=DIRECTION('ref_axis',(-1.,0.,0.));
#7464=DIRECTION('',(0.,0.,-1.));
#7465=DIRECTION('center_axis',(0.,0.,-1.));
#7466=DIRECTION('ref_axis',(-1.,0.,0.));
#7467=DIRECTION('',(0.,0.,-1.));
#7468=DIRECTION('center_axis',(0.,0.,-1.));
#7469=DIRECTION('ref_axis',(-1.,0.,0.));
#7470=DIRECTION('',(0.,0.,-1.));
#7471=DIRECTION('center_axis',(0.,0.,-1.));
#7472=DIRECTION('ref_axis',(-1.,0.,0.));
#7473=DIRECTION('',(0.,0.,-1.));
#7474=DIRECTION('center_axis',(0.,0.,-1.));
#7475=DIRECTION('ref_axis',(-1.,0.,0.));
#7476=DIRECTION('',(0.,0.,-1.));
#7477=DIRECTION('center_axis',(0.,0.,-1.));
#7478=DIRECTION('ref_axis',(-1.,0.,0.));
#7479=DIRECTION('',(0.,0.,-1.));
#7480=DIRECTION('center_axis',(0.,0.,-1.));
#7481=DIRECTION('ref_axis',(-1.,0.,0.));
#7482=DIRECTION('',(0.,0.,-1.));
#7483=DIRECTION('center_axis',(0.,0.,-1.));
#7484=DIRECTION('ref_axis',(-1.,0.,0.));
#7485=DIRECTION('',(0.,0.,-1.));
#7486=DIRECTION('center_axis',(0.,0.,-1.));
#7487=DIRECTION('ref_axis',(-1.,0.,0.));
#7488=DIRECTION('',(0.,0.,-1.));
#7489=DIRECTION('center_axis',(0.,0.,-1.));
#7490=DIRECTION('ref_axis',(-1.,0.,0.));
#7491=DIRECTION('',(0.,0.,-1.));
#7492=DIRECTION('center_axis',(0.,0.,-1.));
#7493=DIRECTION('ref_axis',(-1.,0.,0.));
#7494=DIRECTION('',(0.,0.,-1.));
#7495=DIRECTION('center_axis',(0.,0.,-1.));
#7496=DIRECTION('ref_axis',(-1.,0.,0.));
#7497=DIRECTION('',(0.,0.,-1.));
#7498=DIRECTION('center_axis',(0.,0.,-1.));
#7499=DIRECTION('ref_axis',(-1.,0.,0.));
#7500=DIRECTION('',(0.,0.,-1.));
#7501=DIRECTION('center_axis',(0.,0.,-1.));
#7502=DIRECTION('ref_axis',(-1.,0.,0.));
#7503=DIRECTION('',(0.,0.,-1.));
#7504=DIRECTION('center_axis',(0.,0.,-1.));
#7505=DIRECTION('ref_axis',(-1.,0.,0.));
#7506=DIRECTION('',(0.,0.,-1.));
#7507=DIRECTION('center_axis',(0.,0.,-1.));
#7508=DIRECTION('ref_axis',(-1.,0.,0.));
#7509=DIRECTION('',(0.,0.,-1.));
#7510=DIRECTION('center_axis',(0.,0.,-1.));
#7511=DIRECTION('ref_axis',(-1.,0.,0.));
#7512=DIRECTION('',(0.,0.,-1.));
#7513=DIRECTION('center_axis',(0.,0.,-1.));
#7514=DIRECTION('ref_axis',(-1.,0.,0.));
#7515=DIRECTION('',(0.,0.,-1.));
#7516=DIRECTION('center_axis',(0.,0.,-1.));
#7517=DIRECTION('ref_axis',(-1.,0.,0.));
#7518=DIRECTION('',(0.,0.,-1.));
#7519=DIRECTION('center_axis',(0.,0.,-1.));
#7520=DIRECTION('ref_axis',(-1.,0.,0.));
#7521=DIRECTION('',(0.,0.,-1.));
#7522=DIRECTION('center_axis',(0.,0.,-1.));
#7523=DIRECTION('ref_axis',(-1.,0.,0.));
#7524=DIRECTION('',(0.,0.,-1.));
#7525=DIRECTION('center_axis',(0.,0.,-1.));
#7526=DIRECTION('ref_axis',(-1.,0.,0.));
#7527=DIRECTION('',(0.,0.,-1.));
#7528=DIRECTION('center_axis',(0.,0.,-1.));
#7529=DIRECTION('ref_axis',(-1.,0.,0.));
#7530=DIRECTION('',(0.,0.,-1.));
#7531=DIRECTION('center_axis',(0.,0.,-1.));
#7532=DIRECTION('ref_axis',(-1.,0.,0.));
#7533=DIRECTION('',(0.,0.,-1.));
#7534=DIRECTION('center_axis',(0.,0.,-1.));
#7535=DIRECTION('ref_axis',(-1.,0.,0.));
#7536=DIRECTION('',(0.,0.,-1.));
#7537=DIRECTION('center_axis',(0.,0.,-1.));
#7538=DIRECTION('ref_axis',(-1.,0.,0.));
#7539=DIRECTION('',(0.,0.,-1.));
#7540=DIRECTION('center_axis',(0.,0.,-1.));
#7541=DIRECTION('ref_axis',(-1.,0.,0.));
#7542=DIRECTION('',(0.,0.,-1.));
#7543=DIRECTION('center_axis',(0.,0.,-1.));
#7544=DIRECTION('ref_axis',(-1.,0.,0.));
#7545=DIRECTION('',(0.,0.,-1.));
#7546=DIRECTION('center_axis',(0.,0.,-1.));
#7547=DIRECTION('ref_axis',(-1.,0.,0.));
#7548=DIRECTION('',(0.,0.,-1.));
#7549=DIRECTION('center_axis',(0.,0.,-1.));
#7550=DIRECTION('ref_axis',(-1.,0.,0.));
#7551=DIRECTION('',(0.,0.,-1.));
#7552=DIRECTION('center_axis',(0.,0.,-1.));
#7553=DIRECTION('ref_axis',(-1.,0.,0.));
#7554=DIRECTION('',(0.,0.,-1.));
#7555=DIRECTION('center_axis',(0.,0.,-1.));
#7556=DIRECTION('ref_axis',(-1.,0.,0.));
#7557=DIRECTION('',(0.,0.,-1.));
#7558=DIRECTION('center_axis',(0.,0.,-1.));
#7559=DIRECTION('ref_axis',(-1.,0.,0.));
#7560=DIRECTION('',(0.,0.,-1.));
#7561=DIRECTION('center_axis',(0.,0.,-1.));
#7562=DIRECTION('ref_axis',(-1.,0.,0.));
#7563=DIRECTION('',(0.,0.,-1.));
#7564=DIRECTION('center_axis',(0.,0.,-1.));
#7565=DIRECTION('ref_axis',(-1.,0.,0.));
#7566=DIRECTION('',(0.,0.,-1.));
#7567=DIRECTION('center_axis',(0.,0.,-1.));
#7568=DIRECTION('ref_axis',(-1.,0.,0.));
#7569=DIRECTION('',(0.,0.,-1.));
#7570=DIRECTION('center_axis',(0.,0.,-1.));
#7571=DIRECTION('ref_axis',(-1.,0.,0.));
#7572=DIRECTION('',(0.,0.,-1.));
#7573=DIRECTION('center_axis',(0.,0.,-1.));
#7574=DIRECTION('ref_axis',(-1.,0.,0.));
#7575=DIRECTION('',(0.,0.,-1.));
#7576=DIRECTION('center_axis',(0.,0.,-1.));
#7577=DIRECTION('ref_axis',(-1.,0.,0.));
#7578=DIRECTION('',(0.,0.,-1.));
#7579=DIRECTION('center_axis',(0.,0.,-1.));
#7580=DIRECTION('ref_axis',(-1.,0.,0.));
#7581=DIRECTION('',(0.,0.,-1.));
#7582=DIRECTION('center_axis',(0.,0.,-1.));
#7583=DIRECTION('ref_axis',(-1.,0.,0.));
#7584=DIRECTION('',(0.,0.,-1.));
#7585=DIRECTION('center_axis',(0.,0.,-1.));
#7586=DIRECTION('ref_axis',(-1.,0.,0.));
#7587=DIRECTION('',(0.,0.,-1.));
#7588=DIRECTION('center_axis',(0.,0.,-1.));
#7589=DIRECTION('ref_axis',(-1.,0.,0.));
#7590=DIRECTION('',(0.,0.,-1.));
#7591=DIRECTION('center_axis',(0.,0.,-1.));
#7592=DIRECTION('ref_axis',(-1.,0.,0.));
#7593=DIRECTION('',(0.,0.,-1.));
#7594=DIRECTION('center_axis',(0.,0.,-1.));
#7595=DIRECTION('ref_axis',(-1.,0.,0.));
#7596=DIRECTION('',(0.,0.,-1.));
#7597=DIRECTION('center_axis',(0.,0.,-1.));
#7598=DIRECTION('ref_axis',(-1.,0.,0.));
#7599=DIRECTION('',(0.,0.,-1.));
#7600=DIRECTION('center_axis',(0.,0.,-1.));
#7601=DIRECTION('ref_axis',(-1.,0.,0.));
#7602=DIRECTION('',(0.,0.,-1.));
#7603=DIRECTION('center_axis',(0.,0.,-1.));
#7604=DIRECTION('ref_axis',(-1.,0.,0.));
#7605=DIRECTION('',(0.,0.,-1.));
#7606=DIRECTION('center_axis',(0.,0.,-1.));
#7607=DIRECTION('ref_axis',(-1.,0.,0.));
#7608=DIRECTION('',(0.,0.,-1.));
#7609=DIRECTION('center_axis',(0.,0.,-1.));
#7610=DIRECTION('ref_axis',(-1.,0.,0.));
#7611=DIRECTION('',(0.,0.,-1.));
#7612=DIRECTION('center_axis',(0.,0.,-1.));
#7613=DIRECTION('ref_axis',(-1.,0.,0.));
#7614=DIRECTION('',(0.,0.,-1.));
#7615=DIRECTION('center_axis',(0.,0.,-1.));
#7616=DIRECTION('ref_axis',(-1.,0.,0.));
#7617=DIRECTION('',(0.,0.,-1.));
#7618=DIRECTION('center_axis',(0.,0.,-1.));
#7619=DIRECTION('ref_axis',(-1.,0.,0.));
#7620=DIRECTION('',(0.,0.,-1.));
#7621=DIRECTION('center_axis',(0.,0.,-1.));
#7622=DIRECTION('ref_axis',(-1.,0.,0.));
#7623=DIRECTION('',(0.,0.,-1.));
#7624=DIRECTION('center_axis',(0.,0.,-1.));
#7625=DIRECTION('ref_axis',(-1.,0.,0.));
#7626=DIRECTION('',(0.,0.,-1.));
#7627=DIRECTION('center_axis',(0.,0.,-1.));
#7628=DIRECTION('ref_axis',(-1.,0.,0.));
#7629=DIRECTION('',(0.,0.,-1.));
#7630=DIRECTION('center_axis',(0.,0.,-1.));
#7631=DIRECTION('ref_axis',(-1.,0.,0.));
#7632=DIRECTION('',(0.,0.,-1.));
#7633=DIRECTION('center_axis',(0.,0.,-1.));
#7634=DIRECTION('ref_axis',(-1.,0.,0.));
#7635=DIRECTION('',(0.,0.,-1.));
#7636=DIRECTION('center_axis',(0.,0.,-1.));
#7637=DIRECTION('ref_axis',(-1.,0.,0.));
#7638=DIRECTION('',(0.,0.,-1.));
#7639=DIRECTION('center_axis',(0.,0.,-1.));
#7640=DIRECTION('ref_axis',(-1.,0.,0.));
#7641=DIRECTION('',(0.,0.,-1.));
#7642=DIRECTION('center_axis',(0.,0.,-1.));
#7643=DIRECTION('ref_axis',(-1.,0.,0.));
#7644=DIRECTION('',(0.,0.,-1.));
#7645=DIRECTION('center_axis',(0.,0.,-1.));
#7646=DIRECTION('ref_axis',(-1.,0.,0.));
#7647=DIRECTION('',(0.,0.,-1.));
#7648=DIRECTION('center_axis',(0.,0.,-1.));
#7649=DIRECTION('ref_axis',(-1.,0.,0.));
#7650=DIRECTION('',(0.,0.,-1.));
#7651=DIRECTION('center_axis',(0.,0.,-1.));
#7652=DIRECTION('ref_axis',(-1.,0.,0.));
#7653=DIRECTION('',(0.,0.,-1.));
#7654=DIRECTION('center_axis',(0.,0.,-1.));
#7655=DIRECTION('ref_axis',(-1.,0.,0.));
#7656=DIRECTION('',(0.,0.,-1.));
#7657=DIRECTION('center_axis',(0.,0.,-1.));
#7658=DIRECTION('ref_axis',(-1.,0.,0.));
#7659=DIRECTION('',(0.,0.,-1.));
#7660=DIRECTION('center_axis',(0.,0.,-1.));
#7661=DIRECTION('ref_axis',(-1.,0.,0.));
#7662=DIRECTION('',(0.,0.,-1.));
#7663=DIRECTION('center_axis',(0.,0.,-1.));
#7664=DIRECTION('ref_axis',(-1.,0.,0.));
#7665=DIRECTION('',(0.,0.,-1.));
#7666=DIRECTION('center_axis',(0.,0.,-1.));
#7667=DIRECTION('ref_axis',(-1.,0.,0.));
#7668=DIRECTION('',(0.,0.,-1.));
#7669=DIRECTION('center_axis',(0.,0.,-1.));
#7670=DIRECTION('ref_axis',(-1.,0.,0.));
#7671=DIRECTION('',(0.,0.,-1.));
#7672=DIRECTION('center_axis',(1.,0.,0.));
#7673=DIRECTION('ref_axis',(0.,-1.,0.));
#7674=DIRECTION('',(1.,0.,0.));
#7675=CARTESIAN_POINT('',(0.,0.,0.));
#7676=CARTESIAN_POINT('Origin',(-6.66133814775094E-15,-7.105427357601E-14,
2.));
#7677=CARTESIAN_POINT('',(-12.,144.,2.));
#7678=CARTESIAN_POINT('',(-12.,-144.,2.));
#7679=CARTESIAN_POINT('',(-12.,144.,2.));
#7680=CARTESIAN_POINT('',(16.,-144.,2.));
#7681=CARTESIAN_POINT('',(-12.,-144.,2.));
#7682=CARTESIAN_POINT('',(16.,144.,2.));
#7683=CARTESIAN_POINT('',(16.,-144.,2.));
#7684=CARTESIAN_POINT('',(16.,144.,2.));
#7685=CARTESIAN_POINT('',(-3.9,79.,2.));
#7686=CARTESIAN_POINT('Origin',(0.,79.,2.));
#7687=CARTESIAN_POINT('',(-3.89999999999933,-94.8,2.));
#7688=CARTESIAN_POINT('Origin',(6.73594513500575E-13,-94.8,2.));
#7689=CARTESIAN_POINT('',(-7.38614357137373,57.6138564286263,2.));
#7690=CARTESIAN_POINT('Origin',(-5.58614357137373,57.6138564286263,2.));
#7691=CARTESIAN_POINT('',(-7.38614357137373,131.986143571374,2.));
#7692=CARTESIAN_POINT('Origin',(-5.58614357137373,131.986143571374,2.));
#7693=CARTESIAN_POINT('',(-9.69999999999933,-94.8,2.));
#7694=CARTESIAN_POINT('Origin',(-7.89999999999933,-94.8,2.));
#7695=CARTESIAN_POINT('',(-1.8,102.7,2.));
#7696=CARTESIAN_POINT('Origin',(-9.67470971326409E-16,102.7,2.));
#7697=CARTESIAN_POINT('',(-3.8999999999991,-126.4,2.));
#7698=CARTESIAN_POINT('Origin',(8.98126018000767E-13,-126.4,2.));
#7699=CARTESIAN_POINT('',(-7.38614357137373,120.813856428626,2.));
#7700=CARTESIAN_POINT('Origin',(-5.58614357137373,120.813856428626,2.));
#7701=CARTESIAN_POINT('',(-9.7,63.2,2.));
#7702=CARTESIAN_POINT('Origin',(-7.9,63.2,2.));
#7703=CARTESIAN_POINT('',(6.1,94.8,2.));
#7704=CARTESIAN_POINT('Origin',(7.9,94.8,2.));
#7705=CARTESIAN_POINT('',(-1.80000000000006,7.9,2.));
#7706=CARTESIAN_POINT('Origin',(-5.71003470963744E-14,7.9,2.));
#7707=CARTESIAN_POINT('',(-3.9,110.6,2.));
#7708=CARTESIAN_POINT('Origin',(0.,110.6,2.));
#7709=CARTESIAN_POINT('',(6.1,63.2,2.));
#7710=CARTESIAN_POINT('Origin',(7.9,63.2,2.));
#7711=CARTESIAN_POINT('',(6.1,31.6,2.));
#7712=CARTESIAN_POINT('Origin',(7.9,31.6,2.));
#7713=CARTESIAN_POINT('',(-3.89999999999944,-79.,2.));
#7714=CARTESIAN_POINT('Origin',(5.61328761250479E-13,-79.,2.));
#7715=CARTESIAN_POINT('',(-9.7,126.4,2.));
#7716=CARTESIAN_POINT('Origin',(-7.9,126.4,2.));
#7717=CARTESIAN_POINT('',(-1.8,23.7,2.));
#7718=CARTESIAN_POINT('Origin',(-9.67470971326409E-16,23.7,2.));
#7719=CARTESIAN_POINT('',(-3.9,0.,2.));
#7720=CARTESIAN_POINT('Origin',(0.,0.,2.));
#7721=CARTESIAN_POINT('',(-9.7,94.8,2.));
#7722=CARTESIAN_POINT('Origin',(-7.9,94.8,2.));
#7723=CARTESIAN_POINT('',(3.78614357137458,-120.813856428626,2.));
#7724=CARTESIAN_POINT('Origin',(5.58614357137458,-120.813856428626,2.));
#7725=CARTESIAN_POINT('',(-3.9,126.4,2.));
#7726=CARTESIAN_POINT('Origin',(0.,126.4,2.));
#7727=CARTESIAN_POINT('',(-1.8,86.9,2.));
#7728=CARTESIAN_POINT('Origin',(-9.67470971326409E-16,86.9,2.));
#7729=CARTESIAN_POINT('',(-1.79999999999994,-7.9,2.));
#7730=CARTESIAN_POINT('Origin',(5.61328761250479E-14,-7.9,2.));
#7731=CARTESIAN_POINT('',(-3.89999999999955,-63.2,2.));
#7732=CARTESIAN_POINT('Origin',(4.49063009000384E-13,-63.2,2.));
#7733=CARTESIAN_POINT('',(-1.79999999999972,-39.5,2.));
#7734=CARTESIAN_POINT('Origin',(2.8066438062524E-13,-39.5,2.));
#7735=CARTESIAN_POINT('',(3.78614357137373,68.7861435713737,2.));
#7736=CARTESIAN_POINT('Origin',(5.58614357137373,68.7861435713737,2.));
#7737=CARTESIAN_POINT('',(-9.7,31.6,2.));
#7738=CARTESIAN_POINT('Origin',(-7.9,31.6,2.));
#7739=CARTESIAN_POINT('',(-7.38614357137279,-131.986143571374,2.));
#7740=CARTESIAN_POINT('Origin',(-5.58614357137279,-131.986143571374,2.));
#7741=CARTESIAN_POINT('',(-1.79999999999905,-134.3,2.));
#7742=CARTESIAN_POINT('Origin',(9.54258894125815E-13,-134.3,2.));
#7743=CARTESIAN_POINT('',(-9.69999999999955,-63.2,2.));
#7744=CARTESIAN_POINT('Origin',(-7.89999999999955,-63.2,2.));
#7745=CARTESIAN_POINT('',(3.78614357137368,5.58614357137376,2.));
#7746=CARTESIAN_POINT('Origin',(5.58614357137369,5.58614357137377,2.));
#7747=CARTESIAN_POINT('',(3.78614357137377,-5.58614357137369,2.));
#7748=CARTESIAN_POINT('Origin',(5.58614357137377,-5.58614357137368,2.));
#7749=CARTESIAN_POINT('',(-1.7999999999995,-71.1,2.));
#7750=CARTESIAN_POINT('Origin',(5.05195885125431E-13,-71.1,2.));
#7751=CARTESIAN_POINT('',(-3.9,94.8,2.));
#7752=CARTESIAN_POINT('Origin',(0.,94.8,2.));
#7753=CARTESIAN_POINT('',(-1.79999999999927,-102.7,2.));
#7754=CARTESIAN_POINT('Origin',(7.29727389625623E-13,-102.7,2.));
#7755=CARTESIAN_POINT('',(-3.9,31.6,2.));
#7756=CARTESIAN_POINT('Origin',(0.,31.6,2.));
#7757=CARTESIAN_POINT('',(-7.38614357137287,-120.813856428626,2.));
#7758=CARTESIAN_POINT('Origin',(-5.58614357137287,-120.813856428626,2.));
#7759=CARTESIAN_POINT('',(-1.8,118.5,2.));
#7760=CARTESIAN_POINT('Origin',(-9.67470971326409E-16,118.5,2.));
#7761=CARTESIAN_POINT('',(3.78614357137372,120.813856428626,2.));
#7762=CARTESIAN_POINT('Origin',(5.58614357137373,120.813856428626,2.));
#7763=CARTESIAN_POINT('',(-3.89999999999966,-47.4,2.));
#7764=CARTESIAN_POINT('Origin',(3.36797256750288E-13,-47.4,2.));
#7765=CARTESIAN_POINT('',(-7.38614357137369,-5.58614357137376,2.));
#7766=CARTESIAN_POINT('Origin',(-5.58614357137369,-5.58614357137377,2.));
#7767=CARTESIAN_POINT('',(-1.8,134.3,2.));
#7768=CARTESIAN_POINT('Origin',(0.,134.3,2.));
#7769=CARTESIAN_POINT('',(6.1000000000009,-126.4,2.));
#7770=CARTESIAN_POINT('Origin',(7.9000000000009,-126.4,2.));
#7771=CARTESIAN_POINT('',(-9.7,0.,2.));
#7772=CARTESIAN_POINT('Origin',(-7.9,-1.75415237890775E-15,2.));
#7773=CARTESIAN_POINT('',(3.78614357137372,57.6138564286263,2.));
#7774=CARTESIAN_POINT('Origin',(5.58614357137373,57.6138564286263,2.));
#7775=CARTESIAN_POINT('',(-1.79999999999916,-118.5,2.));
#7776=CARTESIAN_POINT('Origin',(8.41025670904393E-13,-118.5,2.));
#7777=CARTESIAN_POINT('',(-1.8,55.3,2.));
#7778=CARTESIAN_POINT('Origin',(-9.67470971326409E-16,55.3,2.));
#7779=CARTESIAN_POINT('',(-7.38614357137324,-68.7861435713738,2.));
#7780=CARTESIAN_POINT('Origin',(-5.58614357137324,-68.7861435713738,2.));
#7781=CARTESIAN_POINT('',(-1.8,39.5,2.));
#7782=CARTESIAN_POINT('Origin',(-9.67470971326409E-16,39.5,2.));
#7783=CARTESIAN_POINT('',(6.10000000000022,-31.6,2.));
#7784=CARTESIAN_POINT('Origin',(7.90000000000022,-31.6,2.));
#7785=CARTESIAN_POINT('',(-3.9,15.8,2.));
#7786=CARTESIAN_POINT('Origin',(0.,15.8,2.));
#7787=CARTESIAN_POINT('',(-3.89999999999921,-110.6,2.));
#7788=CARTESIAN_POINT('Origin',(7.85860265750671E-13,-110.6,2.));
#7789=CARTESIAN_POINT('',(-1.79999999999983,-23.7,2.));
#7790=CARTESIAN_POINT('Origin',(1.68398628375144E-13,-23.7,2.));
#7791=CARTESIAN_POINT('',(-1.8,71.1,2.));
#7792=CARTESIAN_POINT('Origin',(-9.67470971326409E-16,71.1,2.));
#7793=CARTESIAN_POINT('',(6.1,5.32907051820075E-14,2.));
#7794=CARTESIAN_POINT('Origin',(7.9,5.78870285039557E-14,2.));
#7795=CARTESIAN_POINT('',(-3.89999999999989,-15.8,2.));
#7796=CARTESIAN_POINT('Origin',(1.12265752250096E-13,-15.8,2.));
#7797=CARTESIAN_POINT('',(-1.79999999999961,-55.3,2.));
#7798=CARTESIAN_POINT('Origin',(3.92930132875336E-13,-55.3,2.));
#7799=CARTESIAN_POINT('',(3.78614357137466,-131.986143571374,2.));
#7800=CARTESIAN_POINT('Origin',(5.58614357137467,-131.986143571374,2.));
#7801=CARTESIAN_POINT('',(6.1,126.4,2.));
#7802=CARTESIAN_POINT('Origin',(7.9,126.4,2.));
#7803=CARTESIAN_POINT('',(6.10000000000045,-63.2,2.));
#7804=CARTESIAN_POINT('Origin',(7.90000000000045,-63.2,2.));
#7805=CARTESIAN_POINT('',(-3.89999999999977,-31.6,2.));
#7806=CARTESIAN_POINT('Origin',(2.24531504500192E-13,-31.6,2.));
#7807=CARTESIAN_POINT('',(-1.79999999999938,-86.9,2.));
#7808=CARTESIAN_POINT('Origin',(6.16494166404201E-13,-86.9,2.));
#7809=CARTESIAN_POINT('',(3.78614357137413,-57.6138564286262,2.));
#7810=CARTESIAN_POINT('Origin',(5.58614357137413,-57.6138564286262,2.));
#7811=CARTESIAN_POINT('',(-7.38614357137332,-57.6138564286263,2.));
#7812=CARTESIAN_POINT('Origin',(-5.58614357137332,-57.6138564286263,2.));
#7813=CARTESIAN_POINT('',(3.78614357137373,131.986143571374,2.));
#7814=CARTESIAN_POINT('Origin',(5.58614357137373,131.986143571374,2.));
#7815=CARTESIAN_POINT('',(-3.9,63.2,2.));
#7816=CARTESIAN_POINT('Origin',(0.,63.2,2.));
#7817=CARTESIAN_POINT('',(-7.38614357137373,68.7861435713737,2.));
#7818=CARTESIAN_POINT('Origin',(-5.58614357137373,68.7861435713737,2.));
#7819=CARTESIAN_POINT('',(-9.69999999999978,-31.6,2.));
#7820=CARTESIAN_POINT('Origin',(-7.89999999999978,-31.6,2.));
#7821=CARTESIAN_POINT('',(-3.9,47.4,2.));
#7822=CARTESIAN_POINT('Origin',(0.,47.4,2.));
#7823=CARTESIAN_POINT('',(-7.38614357137377,5.58614357137369,2.));
#7824=CARTESIAN_POINT('Origin',(-5.58614357137377,5.58614357137369,2.));
#7825=CARTESIAN_POINT('',(3.78614357137422,-68.7861435713737,2.));
#7826=CARTESIAN_POINT('Origin',(5.58614357137422,-68.7861435713737,2.));
#7827=CARTESIAN_POINT('',(6.10000000000067,-94.8,2.));
#7828=CARTESIAN_POINT('Origin',(7.90000000000067,-94.8,2.));
#7829=CARTESIAN_POINT('Origin',(16.,-144.,0.));
#7830=CARTESIAN_POINT('',(16.,-144.,0.));
#7831=CARTESIAN_POINT('',(16.,144.,0.));
#7832=CARTESIAN_POINT('',(16.,-144.,0.));
#7833=CARTESIAN_POINT('',(16.,144.,0.));
#7834=CARTESIAN_POINT('',(16.,-144.,0.));
#7835=CARTESIAN_POINT('Origin',(16.,144.,0.));
#7836=CARTESIAN_POINT('',(-12.,144.,0.));
#7837=CARTESIAN_POINT('',(-12.,144.,0.));
#7838=CARTESIAN_POINT('',(16.,144.,0.));
#7839=CARTESIAN_POINT('Origin',(7.90000000000067,-94.8,0.));
#7840=CARTESIAN_POINT('',(6.10000000000067,-94.8,0.));
#7841=CARTESIAN_POINT('Origin',(7.90000000000067,-94.8,0.));
#7842=CARTESIAN_POINT('',(6.10000000000067,-94.8,0.));
#7843=CARTESIAN_POINT('Origin',(5.58614357137422,-68.7861435713737,0.));
#7844=CARTESIAN_POINT('',(3.78614357137422,-68.7861435713737,0.));
#7845=CARTESIAN_POINT('Origin',(5.58614357137422,-68.7861435713737,0.));
#7846=CARTESIAN_POINT('',(3.78614357137422,-68.7861435713737,0.));
#7847=CARTESIAN_POINT('Origin',(-5.58614357137377,5.58614357137369,0.));
#7848=CARTESIAN_POINT('',(-7.38614357137377,5.58614357137369,0.));
#7849=CARTESIAN_POINT('Origin',(-5.58614357137377,5.58614357137369,0.));
#7850=CARTESIAN_POINT('',(-7.38614357137377,5.58614357137369,0.));
#7851=CARTESIAN_POINT('Origin',(0.,47.4,0.));
#7852=CARTESIAN_POINT('',(-3.9,47.4,0.));
#7853=CARTESIAN_POINT('Origin',(0.,47.4,0.));
#7854=CARTESIAN_POINT('',(-3.9,47.4,0.));
#7855=CARTESIAN_POINT('Origin',(-7.89999999999978,-31.6,0.));
#7856=CARTESIAN_POINT('',(-9.69999999999978,-31.6,0.));
#7857=CARTESIAN_POINT('Origin',(-7.89999999999978,-31.6,0.));
#7858=CARTESIAN_POINT('',(-9.69999999999978,-31.6,0.));
#7859=CARTESIAN_POINT('Origin',(-5.58614357137373,68.7861435713737,0.));
#7860=CARTESIAN_POINT('',(-7.38614357137373,68.7861435713737,0.));
#7861=CARTESIAN_POINT('Origin',(-5.58614357137373,68.7861435713737,0.));
#7862=CARTESIAN_POINT('',(-7.38614357137373,68.7861435713737,0.));
#7863=CARTESIAN_POINT('Origin',(0.,63.2,0.));
#7864=CARTESIAN_POINT('',(-3.9,63.2,0.));
#7865=CARTESIAN_POINT('Origin',(0.,63.2,0.));
#7866=CARTESIAN_POINT('',(-3.9,63.2,0.));
#7867=CARTESIAN_POINT('Origin',(5.58614357137373,131.986143571374,0.));
#7868=CARTESIAN_POINT('',(3.78614357137373,131.986143571374,0.));
#7869=CARTESIAN_POINT('Origin',(5.58614357137373,131.986143571374,0.));
#7870=CARTESIAN_POINT('',(3.78614357137373,131.986143571374,0.));
#7871=CARTESIAN_POINT('Origin',(-5.58614357137332,-57.6138564286263,0.));
#7872=CARTESIAN_POINT('',(-7.38614357137332,-57.6138564286263,0.));
#7873=CARTESIAN_POINT('Origin',(-5.58614357137332,-57.6138564286263,0.));
#7874=CARTESIAN_POINT('',(-7.38614357137332,-57.6138564286263,0.));
#7875=CARTESIAN_POINT('Origin',(5.58614357137413,-57.6138564286262,0.));
#7876=CARTESIAN_POINT('',(3.78614357137413,-57.6138564286262,0.));
#7877=CARTESIAN_POINT('Origin',(5.58614357137413,-57.6138564286262,0.));
#7878=CARTESIAN_POINT('',(3.78614357137413,-57.6138564286262,0.));
#7879=CARTESIAN_POINT('Origin',(6.16494166404201E-13,-86.9,0.));
#7880=CARTESIAN_POINT('',(-1.79999999999938,-86.9,0.));
#7881=CARTESIAN_POINT('Origin',(6.16494166404201E-13,-86.9,0.));
#7882=CARTESIAN_POINT('',(-1.79999999999938,-86.9,0.));
#7883=CARTESIAN_POINT('Origin',(2.24531504500192E-13,-31.6,0.));
#7884=CARTESIAN_POINT('',(-3.89999999999978,-31.6,0.));
#7885=CARTESIAN_POINT('Origin',(2.24531504500192E-13,-31.6,0.));
#7886=CARTESIAN_POINT('',(-3.89999999999978,-31.6,0.));
#7887=CARTESIAN_POINT('Origin',(7.90000000000045,-63.2,0.));
#7888=CARTESIAN_POINT('',(6.10000000000045,-63.2,0.));
#7889=CARTESIAN_POINT('Origin',(7.90000000000045,-63.2,0.));
#7890=CARTESIAN_POINT('',(6.10000000000045,-63.2,0.));
#7891=CARTESIAN_POINT('Origin',(7.9,126.4,0.));
#7892=CARTESIAN_POINT('',(6.1,126.4,0.));
#7893=CARTESIAN_POINT('Origin',(7.9,126.4,0.));
#7894=CARTESIAN_POINT('',(6.1,126.4,0.));
#7895=CARTESIAN_POINT('Origin',(5.58614357137467,-131.986143571374,0.));
#7896=CARTESIAN_POINT('',(3.78614357137466,-131.986143571374,0.));
#7897=CARTESIAN_POINT('Origin',(5.58614357137467,-131.986143571374,0.));
#7898=CARTESIAN_POINT('',(3.78614357137467,-131.986143571374,0.));
#7899=CARTESIAN_POINT('Origin',(3.92930132875336E-13,-55.3,0.));
#7900=CARTESIAN_POINT('',(-1.79999999999961,-55.3,0.));
#7901=CARTESIAN_POINT('Origin',(3.92930132875336E-13,-55.3,0.));
#7902=CARTESIAN_POINT('',(-1.79999999999961,-55.3,0.));
#7903=CARTESIAN_POINT('Origin',(1.12265752250096E-13,-15.8,0.));
#7904=CARTESIAN_POINT('',(-3.89999999999989,-15.8,0.));
#7905=CARTESIAN_POINT('Origin',(1.12265752250096E-13,-15.8,0.));
#7906=CARTESIAN_POINT('',(-3.89999999999989,-15.8,0.));
#7907=CARTESIAN_POINT('Origin',(7.9,5.78870285039557E-14,0.));
#7908=CARTESIAN_POINT('',(6.1,5.76665920801092E-14,0.));
#7909=CARTESIAN_POINT('Origin',(7.9,5.78870285039557E-14,0.));
#7910=CARTESIAN_POINT('',(6.1,5.76665920801092E-14,0.));
#7911=CARTESIAN_POINT('Origin',(-9.67470971326409E-16,71.1,0.));
#7912=CARTESIAN_POINT('',(-1.8,71.1,0.));
#7913=CARTESIAN_POINT('Origin',(-9.67470971326409E-16,71.1,0.));
#7914=CARTESIAN_POINT('',(-1.8,71.1,0.));
#7915=CARTESIAN_POINT('Origin',(1.68398628375144E-13,-23.7,0.));
#7916=CARTESIAN_POINT('',(-1.79999999999983,-23.7,0.));
#7917=CARTESIAN_POINT('Origin',(1.68398628375144E-13,-23.7,0.));
#7918=CARTESIAN_POINT('',(-1.79999999999983,-23.7,0.));
#7919=CARTESIAN_POINT('Origin',(7.85860265750671E-13,-110.6,0.));
#7920=CARTESIAN_POINT('',(-3.89999999999921,-110.6,0.));
#7921=CARTESIAN_POINT('Origin',(7.85860265750671E-13,-110.6,0.));
#7922=CARTESIAN_POINT('',(-3.89999999999921,-110.6,0.));
#7923=CARTESIAN_POINT('Origin',(0.,15.8,0.));
#7924=CARTESIAN_POINT('',(-3.9,15.8,0.));
#7925=CARTESIAN_POINT('Origin',(0.,15.8,0.));
#7926=CARTESIAN_POINT('',(-3.9,15.8,0.));
#7927=CARTESIAN_POINT('Origin',(7.90000000000022,-31.6,0.));
#7928=CARTESIAN_POINT('',(6.10000000000022,-31.6,0.));
#7929=CARTESIAN_POINT('Origin',(7.90000000000022,-31.6,0.));
#7930=CARTESIAN_POINT('',(6.10000000000022,-31.6,0.));
#7931=CARTESIAN_POINT('Origin',(-9.67470971326409E-16,39.5,0.));
#7932=CARTESIAN_POINT('',(-1.8,39.5,0.));
#7933=CARTESIAN_POINT('Origin',(-9.67470971326409E-16,39.5,0.));
#7934=CARTESIAN_POINT('',(-1.8,39.5,0.));
#7935=CARTESIAN_POINT('Origin',(-5.58614357137324,-68.7861435713738,0.));
#7936=CARTESIAN_POINT('',(-7.38614357137324,-68.7861435713738,0.));
#7937=CARTESIAN_POINT('Origin',(-5.58614357137324,-68.7861435713738,0.));
#7938=CARTESIAN_POINT('',(-7.38614357137324,-68.7861435713738,0.));
#7939=CARTESIAN_POINT('Origin',(-9.67470971326409E-16,55.3,0.));
#7940=CARTESIAN_POINT('',(-1.8,55.3,0.));
#7941=CARTESIAN_POINT('Origin',(-9.67470971326409E-16,55.3,0.));
#7942=CARTESIAN_POINT('',(-1.8,55.3,0.));
#7943=CARTESIAN_POINT('Origin',(8.41025670904393E-13,-118.5,0.));
#7944=CARTESIAN_POINT('',(-1.79999999999916,-118.5,0.));
#7945=CARTESIAN_POINT('Origin',(8.41025670904393E-13,-118.5,0.));
#7946=CARTESIAN_POINT('',(-1.79999999999916,-118.5,0.));
#7947=CARTESIAN_POINT('Origin',(5.58614357137373,57.6138564286263,0.));
#7948=CARTESIAN_POINT('',(3.78614357137372,57.6138564286263,0.));
#7949=CARTESIAN_POINT('Origin',(5.58614357137373,57.6138564286263,0.));
#7950=CARTESIAN_POINT('',(3.78614357137373,57.6138564286263,0.));
#7951=CARTESIAN_POINT('Origin',(-7.9,-1.75415237890775E-15,0.));
#7952=CARTESIAN_POINT('',(-9.7,-1.97458880275427E-15,0.));
#7953=CARTESIAN_POINT('Origin',(-7.9,-1.75415237890775E-15,0.));
#7954=CARTESIAN_POINT('',(-9.7,-1.97458880275427E-15,0.));
#7955=CARTESIAN_POINT('Origin',(7.9000000000009,-126.4,0.));
#7956=CARTESIAN_POINT('',(6.1000000000009,-126.4,0.));
#7957=CARTESIAN_POINT('Origin',(7.9000000000009,-126.4,0.));
#7958=CARTESIAN_POINT('',(6.1000000000009,-126.4,0.));
#7959=CARTESIAN_POINT('Origin',(0.,134.3,0.));
#7960=CARTESIAN_POINT('',(-1.8,134.3,0.));
#7961=CARTESIAN_POINT('Origin',(0.,134.3,0.));
#7962=CARTESIAN_POINT('',(-1.8,134.3,0.));
#7963=CARTESIAN_POINT('Origin',(-5.58614357137369,-5.58614357137377,0.));
#7964=CARTESIAN_POINT('',(-7.38614357137369,-5.58614357137377,0.));
#7965=CARTESIAN_POINT('Origin',(-5.58614357137369,-5.58614357137377,0.));
#7966=CARTESIAN_POINT('',(-7.38614357137369,-5.58614357137377,0.));
#7967=CARTESIAN_POINT('Origin',(3.36797256750288E-13,-47.4,0.));
#7968=CARTESIAN_POINT('',(-3.89999999999966,-47.4,0.));
#7969=CARTESIAN_POINT('Origin',(3.36797256750288E-13,-47.4,0.));
#7970=CARTESIAN_POINT('',(-3.89999999999966,-47.4,0.));
#7971=CARTESIAN_POINT('Origin',(5.58614357137373,120.813856428626,0.));
#7972=CARTESIAN_POINT('',(3.78614357137372,120.813856428626,0.));
#7973=CARTESIAN_POINT('Origin',(5.58614357137373,120.813856428626,0.));
#7974=CARTESIAN_POINT('',(3.78614357137373,120.813856428626,0.));
#7975=CARTESIAN_POINT('Origin',(-9.67470971326409E-16,118.5,0.));
#7976=CARTESIAN_POINT('',(-1.8,118.5,0.));
#7977=CARTESIAN_POINT('Origin',(-9.67470971326409E-16,118.5,0.));
#7978=CARTESIAN_POINT('',(-1.8,118.5,0.));
#7979=CARTESIAN_POINT('Origin',(-5.58614357137287,-120.813856428626,0.));
#7980=CARTESIAN_POINT('',(-7.38614357137287,-120.813856428626,0.));
#7981=CARTESIAN_POINT('Origin',(-5.58614357137287,-120.813856428626,0.));
#7982=CARTESIAN_POINT('',(-7.38614357137287,-120.813856428626,0.));
#7983=CARTESIAN_POINT('Origin',(0.,31.6,0.));
#7984=CARTESIAN_POINT('',(-3.9,31.6,0.));
#7985=CARTESIAN_POINT('Origin',(0.,31.6,0.));
#7986=CARTESIAN_POINT('',(-3.9,31.6,0.));
#7987=CARTESIAN_POINT('Origin',(7.29727389625623E-13,-102.7,0.));
#7988=CARTESIAN_POINT('',(-1.79999999999927,-102.7,0.));
#7989=CARTESIAN_POINT('Origin',(7.29727389625623E-13,-102.7,0.));
#7990=CARTESIAN_POINT('',(-1.79999999999927,-102.7,0.));
#7991=CARTESIAN_POINT('Origin',(0.,94.8,0.));
#7992=CARTESIAN_POINT('',(-3.9,94.8,0.));
#7993=CARTESIAN_POINT('Origin',(0.,94.8,0.));
#7994=CARTESIAN_POINT('',(-3.9,94.8,0.));
#7995=CARTESIAN_POINT('Origin',(5.05195885125431E-13,-71.1,0.));
#7996=CARTESIAN_POINT('',(-1.7999999999995,-71.1,0.));
#7997=CARTESIAN_POINT('Origin',(5.05195885125431E-13,-71.1,0.));
#7998=CARTESIAN_POINT('',(-1.79999999999949,-71.1,0.));
#7999=CARTESIAN_POINT('Origin',(5.58614357137377,-5.58614357137368,0.));
#8000=CARTESIAN_POINT('',(3.78614357137377,-5.58614357137368,0.));
#8001=CARTESIAN_POINT('Origin',(5.58614357137377,-5.58614357137368,0.));
#8002=CARTESIAN_POINT('',(3.78614357137377,-5.58614357137368,0.));
#8003=CARTESIAN_POINT('Origin',(5.58614357137369,5.58614357137377,0.));
#8004=CARTESIAN_POINT('',(3.78614357137368,5.58614357137377,0.));
#8005=CARTESIAN_POINT('Origin',(5.58614357137369,5.58614357137377,0.));
#8006=CARTESIAN_POINT('',(3.78614357137369,5.58614357137377,0.));
#8007=CARTESIAN_POINT('Origin',(-7.89999999999955,-63.2,0.));
#8008=CARTESIAN_POINT('',(-9.69999999999956,-63.2,0.));
#8009=CARTESIAN_POINT('Origin',(-7.89999999999955,-63.2,0.));
#8010=CARTESIAN_POINT('',(-9.69999999999955,-63.2,0.));
#8011=CARTESIAN_POINT('Origin',(9.54258894125815E-13,-134.3,0.));
#8012=CARTESIAN_POINT('',(-1.79999999999905,-134.3,0.));
#8013=CARTESIAN_POINT('Origin',(9.54258894125815E-13,-134.3,0.));
#8014=CARTESIAN_POINT('',(-1.79999999999905,-134.3,0.));
#8015=CARTESIAN_POINT('Origin',(-5.58614357137279,-131.986143571374,0.));
#8016=CARTESIAN_POINT('',(-7.38614357137279,-131.986143571374,0.));
#8017=CARTESIAN_POINT('Origin',(-5.58614357137279,-131.986143571374,0.));
#8018=CARTESIAN_POINT('',(-7.38614357137279,-131.986143571374,0.));
#8019=CARTESIAN_POINT('Origin',(-7.9,31.6,0.));
#8020=CARTESIAN_POINT('',(-9.7,31.6,0.));
#8021=CARTESIAN_POINT('Origin',(-7.9,31.6,0.));
#8022=CARTESIAN_POINT('',(-9.7,31.6,0.));
#8023=CARTESIAN_POINT('Origin',(5.58614357137373,68.7861435713737,0.));
#8024=CARTESIAN_POINT('',(3.78614357137373,68.7861435713737,0.));
#8025=CARTESIAN_POINT('Origin',(5.58614357137373,68.7861435713737,0.));
#8026=CARTESIAN_POINT('',(3.78614357137373,68.7861435713737,0.));
#8027=CARTESIAN_POINT('Origin',(2.8066438062524E-13,-39.5,0.));
#8028=CARTESIAN_POINT('',(-1.79999999999972,-39.5,0.));
#8029=CARTESIAN_POINT('Origin',(2.8066438062524E-13,-39.5,0.));
#8030=CARTESIAN_POINT('',(-1.79999999999972,-39.5,0.));
#8031=CARTESIAN_POINT('Origin',(4.49063009000384E-13,-63.2,0.));
#8032=CARTESIAN_POINT('',(-3.89999999999955,-63.2,0.));
#8033=CARTESIAN_POINT('Origin',(4.49063009000384E-13,-63.2,0.));
#8034=CARTESIAN_POINT('',(-3.89999999999955,-63.2,0.));
#8035=CARTESIAN_POINT('Origin',(5.61328761250479E-14,-7.9,0.));
#8036=CARTESIAN_POINT('',(-1.79999999999994,-7.9,0.));
#8037=CARTESIAN_POINT('Origin',(5.61328761250479E-14,-7.9,0.));
#8038=CARTESIAN_POINT('',(-1.79999999999994,-7.9,0.));
#8039=CARTESIAN_POINT('Origin',(-9.67470971326409E-16,86.9,0.));
#8040=CARTESIAN_POINT('',(-1.8,86.9,0.));
#8041=CARTESIAN_POINT('Origin',(-9.67470971326409E-16,86.9,0.));
#8042=CARTESIAN_POINT('',(-1.8,86.9,0.));
#8043=CARTESIAN_POINT('Origin',(0.,126.4,0.));
#8044=CARTESIAN_POINT('',(-3.9,126.4,0.));
#8045=CARTESIAN_POINT('Origin',(0.,126.4,0.));
#8046=CARTESIAN_POINT('',(-3.9,126.4,0.));
#8047=CARTESIAN_POINT('Origin',(5.58614357137458,-120.813856428626,0.));
#8048=CARTESIAN_POINT('',(3.78614357137458,-120.813856428626,0.));
#8049=CARTESIAN_POINT('Origin',(5.58614357137458,-120.813856428626,0.));
#8050=CARTESIAN_POINT('',(3.78614357137458,-120.813856428626,0.));
#8051=CARTESIAN_POINT('Origin',(-7.9,94.8,0.));
#8052=CARTESIAN_POINT('',(-9.7,94.8,0.));
#8053=CARTESIAN_POINT('Origin',(-7.9,94.8,0.));
#8054=CARTESIAN_POINT('',(-9.7,94.8,0.));
#8055=CARTESIAN_POINT('Origin',(0.,0.,0.));
#8056=CARTESIAN_POINT('',(-3.9,-4.77612251667468E-16,0.));
#8057=CARTESIAN_POINT('Origin',(0.,0.,0.));
#8058=CARTESIAN_POINT('',(-3.9,-4.77612251667468E-16,0.));
#8059=CARTESIAN_POINT('Origin',(-9.67470971326409E-16,23.7,0.));
#8060=CARTESIAN_POINT('',(-1.8,23.7,0.));
#8061=CARTESIAN_POINT('Origin',(-9.67470971326409E-16,23.7,0.));
#8062=CARTESIAN_POINT('',(-1.8,23.7,0.));
#8063=CARTESIAN_POINT('Origin',(-7.9,126.4,0.));
#8064=CARTESIAN_POINT('',(-9.7,126.4,0.));
#8065=CARTESIAN_POINT('Origin',(-7.9,126.4,0.));
#8066=CARTESIAN_POINT('',(-9.7,126.4,0.));
#8067=CARTESIAN_POINT('Origin',(5.61328761250479E-13,-79.,0.));
#8068=CARTESIAN_POINT('',(-3.89999999999944,-79.,0.));
#8069=CARTESIAN_POINT('Origin',(5.61328761250479E-13,-79.,0.));
#8070=CARTESIAN_POINT('',(-3.89999999999944,-79.,0.));
#8071=CARTESIAN_POINT('Origin',(7.9,31.6,0.));
#8072=CARTESIAN_POINT('',(6.1,31.6,0.));
#8073=CARTESIAN_POINT('Origin',(7.9,31.6,0.));
#8074=CARTESIAN_POINT('',(6.1,31.6,0.));
#8075=CARTESIAN_POINT('Origin',(7.9,63.2,0.));
#8076=CARTESIAN_POINT('',(6.1,63.2,0.));
#8077=CARTESIAN_POINT('Origin',(7.9,63.2,0.));
#8078=CARTESIAN_POINT('',(6.1,63.2,0.));
#8079=CARTESIAN_POINT('Origin',(0.,110.6,0.));
#8080=CARTESIAN_POINT('',(-3.9,110.6,0.));
#8081=CARTESIAN_POINT('Origin',(0.,110.6,0.));
#8082=CARTESIAN_POINT('',(-3.9,110.6,0.));
#8083=CARTESIAN_POINT('Origin',(-5.71003470963744E-14,7.9,0.));
#8084=CARTESIAN_POINT('',(-1.80000000000006,7.9,0.));
#8085=CARTESIAN_POINT('Origin',(-5.71003470963744E-14,7.9,0.));
#8086=CARTESIAN_POINT('',(-1.80000000000006,7.9,0.));
#8087=CARTESIAN_POINT('Origin',(7.9,94.8,0.));
#8088=CARTESIAN_POINT('',(6.1,94.8,0.));
#8089=CARTESIAN_POINT('Origin',(7.9,94.8,0.));
#8090=CARTESIAN_POINT('',(6.1,94.8,0.));
#8091=CARTESIAN_POINT('Origin',(-7.9,63.2,0.));
#8092=CARTESIAN_POINT('',(-9.7,63.2,0.));
#8093=CARTESIAN_POINT('Origin',(-7.9,63.2,0.));
#8094=CARTESIAN_POINT('',(-9.7,63.2,0.));
#8095=CARTESIAN_POINT('Origin',(-5.58614357137373,120.813856428626,0.));
#8096=CARTESIAN_POINT('',(-7.38614357137373,120.813856428626,0.));
#8097=CARTESIAN_POINT('Origin',(-5.58614357137373,120.813856428626,0.));
#8098=CARTESIAN_POINT('',(-7.38614357137373,120.813856428626,0.));
#8099=CARTESIAN_POINT('Origin',(8.98126018000767E-13,-126.4,0.));
#8100=CARTESIAN_POINT('',(-3.8999999999991,-126.4,0.));
#8101=CARTESIAN_POINT('Origin',(8.98126018000767E-13,-126.4,0.));
#8102=CARTESIAN_POINT('',(-3.8999999999991,-126.4,0.));
#8103=CARTESIAN_POINT('Origin',(-9.67470971326409E-16,102.7,0.));
#8104=CARTESIAN_POINT('',(-1.8,102.7,0.));
#8105=CARTESIAN_POINT('Origin',(-9.67470971326409E-16,102.7,0.));
#8106=CARTESIAN_POINT('',(-1.8,102.7,0.));
#8107=CARTESIAN_POINT('Origin',(-7.89999999999933,-94.8,0.));
#8108=CARTESIAN_POINT('',(-9.69999999999933,-94.8,0.));
#8109=CARTESIAN_POINT('Origin',(-7.89999999999933,-94.8,0.));
#8110=CARTESIAN_POINT('',(-9.69999999999933,-94.8,0.));
#8111=CARTESIAN_POINT('Origin',(-5.58614357137373,131.986143571374,0.));
#8112=CARTESIAN_POINT('',(-7.38614357137373,131.986143571374,0.));
#8113=CARTESIAN_POINT('Origin',(-5.58614357137373,131.986143571374,0.));
#8114=CARTESIAN_POINT('',(-7.38614357137373,131.986143571374,0.));
#8115=CARTESIAN_POINT('Origin',(-5.58614357137373,57.6138564286263,0.));
#8116=CARTESIAN_POINT('',(-7.38614357137373,57.6138564286263,0.));
#8117=CARTESIAN_POINT('Origin',(-5.58614357137373,57.6138564286263,0.));
#8118=CARTESIAN_POINT('',(-7.38614357137373,57.6138564286263,0.));
#8119=CARTESIAN_POINT('Origin',(6.73594513500575E-13,-94.8,0.));
#8120=CARTESIAN_POINT('',(-3.89999999999933,-94.8,0.));
#8121=CARTESIAN_POINT('Origin',(6.73594513500575E-13,-94.8,0.));
#8122=CARTESIAN_POINT('',(-3.89999999999933,-94.8,0.));
#8123=CARTESIAN_POINT('Origin',(0.,79.,0.));
#8124=CARTESIAN_POINT('',(-3.9,79.,0.));
#8125=CARTESIAN_POINT('Origin',(0.,79.,0.));
#8126=CARTESIAN_POINT('',(-3.9,79.,0.));
#8127=CARTESIAN_POINT('Origin',(-6.66133814775094E-15,-7.105427357601E-14,
0.));
#8128=CARTESIAN_POINT('',(-12.,-144.,0.));
#8129=CARTESIAN_POINT('',(-12.,-144.,0.));
#8130=CARTESIAN_POINT('',(-12.,-144.,0.));
#8131=CARTESIAN_POINT('Origin',(-16.,-144.,0.));
#8132=CARTESIAN_POINT('',(-12.,-144.,2.));
#8133=CARTESIAN_POINT('Origin',(-16.,-3.76069763881855E-14,15.7380532894154));
#8134=CARTESIAN_POINT('',(-16.,-144.,28.));
#8135=CARTESIAN_POINT('',(-16.,144.,28.));
#8136=CARTESIAN_POINT('',(-16.,-144.,28.));
#8137=CARTESIAN_POINT('',(-16.,144.,4.));
#8138=CARTESIAN_POINT('',(-16.,144.,28.));
#8139=CARTESIAN_POINT('',(-16.,-144.,4.));
#8140=CARTESIAN_POINT('',(-16.,144.,4.));
#8141=CARTESIAN_POINT('',(-16.,-144.,4.));
#8142=CARTESIAN_POINT('',(-16.,-119.013856428626,10.4138564286263));
#8143=CARTESIAN_POINT('Origin',(-16.,-120.813856428626,10.4138564286263));
#8144=CARTESIAN_POINT('',(-16.,-130.186143571374,21.5861435713737));
#8145=CARTESIAN_POINT('Origin',(-16.,-131.986143571374,21.5861435713737));
#8146=CARTESIAN_POINT('',(-16.,-106.7,16.));
#8147=CARTESIAN_POINT('Origin',(-16.,-110.6,16.));
#8148=CARTESIAN_POINT('',(-16.,-90.9,16.));
#8149=CARTESIAN_POINT('Origin',(-16.,-94.8,16.));
#8150=CARTESIAN_POINT('',(-16.,-55.8138564286263,10.4138564286263));
#8151=CARTESIAN_POINT('Origin',(-16.,-57.6138564286263,10.4138564286263));
#8152=CARTESIAN_POINT('',(-16.,-66.9861435713737,21.5861435713737));
#8153=CARTESIAN_POINT('Origin',(-16.,-68.7861435713737,21.5861435713737));
#8154=CARTESIAN_POINT('',(-16.,-43.5,16.));
#8155=CARTESIAN_POINT('Origin',(-16.,-47.4,16.));
#8156=CARTESIAN_POINT('',(-16.,-27.7,16.));
#8157=CARTESIAN_POINT('Origin',(-16.,-31.6,16.));
#8158=CARTESIAN_POINT('',(-16.,-6.1,16.));
#8159=CARTESIAN_POINT('Origin',(-16.,-7.9,16.));
#8160=CARTESIAN_POINT('',(-16.,7.38614357137373,21.5861435713737));
#8161=CARTESIAN_POINT('Origin',(-16.,5.58614357137373,21.5861435713737));
#8162=CARTESIAN_POINT('',(-16.,19.7,16.));
#8163=CARTESIAN_POINT('Origin',(-16.,15.8,16.));
#8164=CARTESIAN_POINT('',(-16.,35.5,16.));
#8165=CARTESIAN_POINT('Origin',(-16.,31.6,16.));
#8166=CARTESIAN_POINT('',(-16.,70.5861435713737,10.4138564286263));
#8167=CARTESIAN_POINT('Origin',(-16.,68.7861435713737,10.4138564286263));
#8168=CARTESIAN_POINT('',(-16.,59.4138564286263,21.5861435713737));
#8169=CARTESIAN_POINT('Origin',(-16.,57.6138564286263,21.5861435713737));
#8170=CARTESIAN_POINT('',(-16.,82.9,16.));
#8171=CARTESIAN_POINT('Origin',(-16.,79.,16.));
#8172=CARTESIAN_POINT('',(-16.,98.7,16.));
#8173=CARTESIAN_POINT('Origin',(-16.,94.8,16.));
#8174=CARTESIAN_POINT('',(-16.,136.1,16.));
#8175=CARTESIAN_POINT('Origin',(-16.,134.3,16.));
#8176=CARTESIAN_POINT('',(-16.,120.3,16.));
#8177=CARTESIAN_POINT('Origin',(-16.,118.5,16.));
#8178=CARTESIAN_POINT('',(-16.,130.3,16.));
#8179=CARTESIAN_POINT('Origin',(-16.,126.4,16.));
#8180=CARTESIAN_POINT('',(-16.,122.613856428626,10.4138564286262));
#8181=CARTESIAN_POINT('Origin',(-16.,120.813856428626,10.4138564286262));
#8182=CARTESIAN_POINT('',(-16.,133.786143571374,21.5861435713737));
#8183=CARTESIAN_POINT('Origin',(-16.,131.986143571374,21.5861435713737));
#8184=CARTESIAN_POINT('',(-16.,96.6,23.9));
#8185=CARTESIAN_POINT('Origin',(-16.,94.8,23.9));
#8186=CARTESIAN_POINT('',(-16.,72.9,16.));
#8187=CARTESIAN_POINT('Origin',(-16.,71.1,16.));
#8188=CARTESIAN_POINT('',(-16.,51.3,16.));
#8189=CARTESIAN_POINT('Origin',(-16.,47.4,16.));
#8190=CARTESIAN_POINT('',(-16.,65.,8.1));
#8191=CARTESIAN_POINT('Origin',(-16.,63.2,8.1));
#8192=CARTESIAN_POINT('',(-16.,25.5,16.));
#8193=CARTESIAN_POINT('Origin',(-16.,23.7,16.));
#8194=CARTESIAN_POINT('',(-16.,9.7,16.));
#8195=CARTESIAN_POINT('Origin',(-16.,7.9,16.));
#8196=CARTESIAN_POINT('',(-16.,7.38614357137373,10.4138564286263));
#8197=CARTESIAN_POINT('Origin',(-16.,5.58614357137373,10.4138564286263));
#8198=CARTESIAN_POINT('',(-16.,-3.78614357137372,21.5861435713737));
#8199=CARTESIAN_POINT('Origin',(-16.,-5.58614357137372,21.5861435713737));
#8200=CARTESIAN_POINT('',(-16.,-37.7,16.));
#8201=CARTESIAN_POINT('Origin',(-16.,-39.5,16.));
#8202=CARTESIAN_POINT('',(-16.,-53.5,16.));
#8203=CARTESIAN_POINT('Origin',(-16.,-55.3,16.));
#8204=CARTESIAN_POINT('',(-16.,-69.3,16.));
#8205=CARTESIAN_POINT('Origin',(-16.,-71.1,16.));
#8206=CARTESIAN_POINT('',(-16.,-59.3,16.));
#8207=CARTESIAN_POINT('Origin',(-16.,-63.2,16.));
#8208=CARTESIAN_POINT('',(-16.,-93.,23.9));
#8209=CARTESIAN_POINT('Origin',(-16.,-94.8,23.9));
#8210=CARTESIAN_POINT('',(-16.,-116.7,16.));
#8211=CARTESIAN_POINT('Origin',(-16.,-118.5,16.));
#8212=CARTESIAN_POINT('',(-16.,-132.5,16.));
#8213=CARTESIAN_POINT('Origin',(-16.,-134.3,16.));
#8214=CARTESIAN_POINT('',(-16.,-124.6,8.1));
#8215=CARTESIAN_POINT('Origin',(-16.,-126.4,8.1));
#8216=CARTESIAN_POINT('',(-16.,-124.6,23.9));
#8217=CARTESIAN_POINT('Origin',(-16.,-126.4,23.9));
#8218=CARTESIAN_POINT('',(-16.,-93.,8.1));
#8219=CARTESIAN_POINT('Origin',(-16.,-94.8,8.1));
#8220=CARTESIAN_POINT('',(-16.,-85.1,16.));
#8221=CARTESIAN_POINT('Origin',(-16.,-86.9,16.));
#8222=CARTESIAN_POINT('',(-16.,-61.4,8.1));
#8223=CARTESIAN_POINT('Origin',(-16.,-63.2,8.1));
#8224=CARTESIAN_POINT('',(-16.,-61.4,23.9));
#8225=CARTESIAN_POINT('Origin',(-16.,-63.2,23.9));
#8226=CARTESIAN_POINT('',(-16.,-29.8,8.1));
#8227=CARTESIAN_POINT('Origin',(-16.,-31.6,8.1));
#8228=CARTESIAN_POINT('',(-16.,-21.9,16.));
#8229=CARTESIAN_POINT('Origin',(-16.,-23.7,16.));
#8230=CARTESIAN_POINT('',(-16.,-3.78614357137373,10.4138564286263));
#8231=CARTESIAN_POINT('Origin',(-16.,-5.58614357137373,10.4138564286263));
#8232=CARTESIAN_POINT('',(-16.,1.8,23.9));
#8233=CARTESIAN_POINT('Origin',(-16.,2.92975520387194E-15,23.9));
#8234=CARTESIAN_POINT('',(-16.,33.4,8.1));
#8235=CARTESIAN_POINT('Origin',(-16.,31.6,8.1));
#8236=CARTESIAN_POINT('',(-16.,41.3,16.));
#8237=CARTESIAN_POINT('Origin',(-16.,39.5,16.));
#8238=CARTESIAN_POINT('',(-16.,70.5861435713737,21.5861435713737));
#8239=CARTESIAN_POINT('Origin',(-16.,68.7861435713737,21.5861435713737));
#8240=CARTESIAN_POINT('',(-16.,57.1,16.));
#8241=CARTESIAN_POINT('Origin',(-16.,55.3,16.));
#8242=CARTESIAN_POINT('',(-16.,88.7,16.));
#8243=CARTESIAN_POINT('Origin',(-16.,86.9,16.));
#8244=CARTESIAN_POINT('',(-16.,104.5,16.));
#8245=CARTESIAN_POINT('Origin',(-16.,102.7,16.));
#8246=CARTESIAN_POINT('',(-16.,133.786143571374,10.4138564286262));
#8247=CARTESIAN_POINT('Origin',(-16.,131.986143571374,10.4138564286262));
#8248=CARTESIAN_POINT('',(-16.,122.613856428626,21.5861435713737));
#8249=CARTESIAN_POINT('Origin',(-16.,120.813856428626,21.5861435713737));
#8250=CARTESIAN_POINT('',(-16.,128.2,23.9));
#8251=CARTESIAN_POINT('Origin',(-16.,126.4,23.9));
#8252=CARTESIAN_POINT('',(-16.,128.2,8.1));
#8253=CARTESIAN_POINT('Origin',(-16.,126.4,8.1));
#8254=CARTESIAN_POINT('',(-16.,114.5,16.));
#8255=CARTESIAN_POINT('Origin',(-16.,110.6,16.));
#8256=CARTESIAN_POINT('',(-16.,96.6,8.1));
#8257=CARTESIAN_POINT('Origin',(-16.,94.8,8.1));
#8258=CARTESIAN_POINT('',(-16.,67.1,16.));
#8259=CARTESIAN_POINT('Origin',(-16.,63.2,16.));
#8260=CARTESIAN_POINT('',(-16.,65.,23.9));
#8261=CARTESIAN_POINT('Origin',(-16.,63.2,23.9));
#8262=CARTESIAN_POINT('',(-16.,59.4138564286263,10.4138564286263));
#8263=CARTESIAN_POINT('Origin',(-16.,57.6138564286263,10.4138564286263));
#8264=CARTESIAN_POINT('',(-16.,33.4,23.9));
#8265=CARTESIAN_POINT('Origin',(-16.,31.6,23.9));
#8266=CARTESIAN_POINT('',(-16.,3.9,16.));
#8267=CARTESIAN_POINT('Origin',(-16.,2.46716227694479E-15,16.));
#8268=CARTESIAN_POINT('',(-16.,1.8,8.1));
#8269=CARTESIAN_POINT('Origin',(-16.,-1.94289029309402E-15,8.1));
#8270=CARTESIAN_POINT('',(-16.,-11.9,16.));
#8271=CARTESIAN_POINT('Origin',(-16.,-15.8,16.));
#8272=CARTESIAN_POINT('',(-16.,-29.8,23.9));
#8273=CARTESIAN_POINT('Origin',(-16.,-31.6,23.9));
#8274=CARTESIAN_POINT('',(-16.,-55.8138564286263,21.5861435713737));
#8275=CARTESIAN_POINT('Origin',(-16.,-57.6138564286263,21.5861435713737));
#8276=CARTESIAN_POINT('',(-16.,-66.9861435713737,10.4138564286263));
#8277=CARTESIAN_POINT('Origin',(-16.,-68.7861435713737,10.4138564286263));
#8278=CARTESIAN_POINT('',(-16.,-75.1,16.));
#8279=CARTESIAN_POINT('Origin',(-16.,-79.,16.));
#8280=CARTESIAN_POINT('',(-16.,-100.9,16.));
#8281=CARTESIAN_POINT('Origin',(-16.,-102.7,16.));
#8282=CARTESIAN_POINT('',(-16.,-119.013856428626,21.5861435713737));
#8283=CARTESIAN_POINT('Origin',(-16.,-120.813856428626,21.5861435713737));
#8284=CARTESIAN_POINT('',(-16.,-130.186143571374,10.4138564286263));
#8285=CARTESIAN_POINT('Origin',(-16.,-131.986143571374,10.4138564286263));
#8286=CARTESIAN_POINT('',(-16.,-122.5,16.));
#8287=CARTESIAN_POINT('Origin',(-16.,-126.4,16.));
#8288=CARTESIAN_POINT('Origin',(-12.,0.,4.));
#8289=CARTESIAN_POINT('',(-14.,-144.,4.));
#8290=CARTESIAN_POINT('',(-14.,144.,4.));
#8291=CARTESIAN_POINT('',(-14.,-144.,4.));
#8292=CARTESIAN_POINT('Origin',(-12.,-144.,4.));
#8293=CARTESIAN_POINT('Origin',(-12.,144.,4.));
#8294=CARTESIAN_POINT('Origin',(-14.,144.,32.));
#8295=CARTESIAN_POINT('',(-14.,144.,28.));
#8296=CARTESIAN_POINT('',(-16.,144.,28.));
#8297=CARTESIAN_POINT('',(-14.,144.,28.));
#8298=CARTESIAN_POINT('',(-14.,144.,4.));
#8299=CARTESIAN_POINT('Origin',(-16.,-144.,4.));
#8300=CARTESIAN_POINT('',(-16.,-144.,4.));
#8301=CARTESIAN_POINT('Origin',(-12.,-144.,4.));
#8302=CARTESIAN_POINT('Origin',(-14.,144.,4.));
#8303=CARTESIAN_POINT('Origin',(-12.,144.,4.));
#8304=CARTESIAN_POINT('Origin',(-14.,-144.,-0.523893421169253));
#8305=CARTESIAN_POINT('',(-14.,-144.,28.));
#8306=CARTESIAN_POINT('',(-14.,-144.,28.));
#8307=CARTESIAN_POINT('',(-14.,-144.,28.));
#8308=CARTESIAN_POINT('Origin',(-12.,0.,4.));
#8309=CARTESIAN_POINT('Origin',(-14.,-3.06834879777031E-14,15.7380532894154));
#8310=CARTESIAN_POINT('',(-14.,144.,28.));
#8311=CARTESIAN_POINT('',(-14.,-119.013856428626,10.4138564286263));
#8312=CARTESIAN_POINT('Origin',(-14.,-120.813856428626,10.4138564286263));
#8313=CARTESIAN_POINT('',(-14.,-130.186143571374,21.5861435713737));
#8314=CARTESIAN_POINT('Origin',(-14.,-131.986143571374,21.5861435713737));
#8315=CARTESIAN_POINT('',(-14.,-106.7,16.));
#8316=CARTESIAN_POINT('Origin',(-14.,-110.6,16.));
#8317=CARTESIAN_POINT('',(-14.,-90.9,16.));
#8318=CARTESIAN_POINT('Origin',(-14.,-94.8,16.));
#8319=CARTESIAN_POINT('',(-14.,-55.8138564286263,10.4138564286263));
#8320=CARTESIAN_POINT('Origin',(-14.,-57.6138564286263,10.4138564286263));
#8321=CARTESIAN_POINT('',(-14.,-66.9861435713737,21.5861435713737));
#8322=CARTESIAN_POINT('Origin',(-14.,-68.7861435713737,21.5861435713737));
#8323=CARTESIAN_POINT('',(-14.,-43.5,16.));
#8324=CARTESIAN_POINT('Origin',(-14.,-47.4,16.));
#8325=CARTESIAN_POINT('',(-14.,-27.7,16.));
#8326=CARTESIAN_POINT('Origin',(-14.,-31.6,16.));
#8327=CARTESIAN_POINT('',(-14.,-6.1,16.));
#8328=CARTESIAN_POINT('Origin',(-14.,-7.9,16.));
#8329=CARTESIAN_POINT('',(-14.,7.38614357137373,21.5861435713737));
#8330=CARTESIAN_POINT('Origin',(-14.,5.58614357137373,21.5861435713737));
#8331=CARTESIAN_POINT('',(-14.,19.7,16.));
#8332=CARTESIAN_POINT('Origin',(-14.,15.8,16.));
#8333=CARTESIAN_POINT('',(-14.,35.5,16.));
#8334=CARTESIAN_POINT('Origin',(-14.,31.6,16.));
#8335=CARTESIAN_POINT('',(-14.,70.5861435713737,10.4138564286263));
#8336=CARTESIAN_POINT('Origin',(-14.,68.7861435713737,10.4138564286263));
#8337=CARTESIAN_POINT('',(-14.,59.4138564286263,21.5861435713737));
#8338=CARTESIAN_POINT('Origin',(-14.,57.6138564286263,21.5861435713737));
#8339=CARTESIAN_POINT('',(-14.,82.9,16.));
#8340=CARTESIAN_POINT('Origin',(-14.,79.,16.));
#8341=CARTESIAN_POINT('',(-14.,98.7,16.));
#8342=CARTESIAN_POINT('Origin',(-14.,94.8,16.));
#8343=CARTESIAN_POINT('',(-14.,136.1,16.));
#8344=CARTESIAN_POINT('Origin',(-14.,134.3,16.));
#8345=CARTESIAN_POINT('',(-14.,120.3,16.));
#8346=CARTESIAN_POINT('Origin',(-14.,118.5,16.));
#8347=CARTESIAN_POINT('',(-14.,130.3,16.));
#8348=CARTESIAN_POINT('Origin',(-14.,126.4,16.));
#8349=CARTESIAN_POINT('',(-14.,122.613856428626,10.4138564286262));
#8350=CARTESIAN_POINT('Origin',(-14.,120.813856428626,10.4138564286262));
#8351=CARTESIAN_POINT('',(-14.,133.786143571374,21.5861435713737));
#8352=CARTESIAN_POINT('Origin',(-14.,131.986143571374,21.5861435713737));
#8353=CARTESIAN_POINT('',(-14.,96.6,23.9));
#8354=CARTESIAN_POINT('Origin',(-14.,94.8,23.9));
#8355=CARTESIAN_POINT('',(-14.,72.9,16.));
#8356=CARTESIAN_POINT('Origin',(-14.,71.1,16.));
#8357=CARTESIAN_POINT('',(-14.,51.3,16.));
#8358=CARTESIAN_POINT('Origin',(-14.,47.4,16.));
#8359=CARTESIAN_POINT('',(-14.,65.,8.1));
#8360=CARTESIAN_POINT('Origin',(-14.,63.2,8.1));
#8361=CARTESIAN_POINT('',(-14.,25.5,16.));
#8362=CARTESIAN_POINT('Origin',(-14.,23.7,16.));
#8363=CARTESIAN_POINT('',(-14.,9.7,16.));
#8364=CARTESIAN_POINT('Origin',(-14.,7.9,16.));
#8365=CARTESIAN_POINT('',(-14.,7.38614357137373,10.4138564286263));
#8366=CARTESIAN_POINT('Origin',(-14.,5.58614357137373,10.4138564286263));
#8367=CARTESIAN_POINT('',(-14.,-3.78614357137372,21.5861435713737));
#8368=CARTESIAN_POINT('Origin',(-14.,-5.58614357137372,21.5861435713737));
#8369=CARTESIAN_POINT('',(-14.,-37.7,16.));
#8370=CARTESIAN_POINT('Origin',(-14.,-39.5,16.));
#8371=CARTESIAN_POINT('',(-14.,-53.5,16.));
#8372=CARTESIAN_POINT('Origin',(-14.,-55.3,16.));
#8373=CARTESIAN_POINT('',(-14.,-69.3,16.));
#8374=CARTESIAN_POINT('Origin',(-14.,-71.1,16.));
#8375=CARTESIAN_POINT('',(-14.,-59.3,16.));
#8376=CARTESIAN_POINT('Origin',(-14.,-63.2,16.));
#8377=CARTESIAN_POINT('',(-14.,-93.,23.9));
#8378=CARTESIAN_POINT('Origin',(-14.,-94.8,23.9));
#8379=CARTESIAN_POINT('',(-14.,-116.7,16.));
#8380=CARTESIAN_POINT('Origin',(-14.,-118.5,16.));
#8381=CARTESIAN_POINT('',(-14.,-132.5,16.));
#8382=CARTESIAN_POINT('Origin',(-14.,-134.3,16.));
#8383=CARTESIAN_POINT('',(-14.,-124.6,8.1));
#8384=CARTESIAN_POINT('Origin',(-14.,-126.4,8.1));
#8385=CARTESIAN_POINT('',(-14.,-124.6,23.9));
#8386=CARTESIAN_POINT('Origin',(-14.,-126.4,23.9));
#8387=CARTESIAN_POINT('',(-14.,-93.,8.1));
#8388=CARTESIAN_POINT('Origin',(-14.,-94.8,8.1));
#8389=CARTESIAN_POINT('',(-14.,-85.1,16.));
#8390=CARTESIAN_POINT('Origin',(-14.,-86.9,16.));
#8391=CARTESIAN_POINT('',(-14.,-61.4,8.1));
#8392=CARTESIAN_POINT('Origin',(-14.,-63.2,8.1));
#8393=CARTESIAN_POINT('',(-14.,-61.4,23.9));
#8394=CARTESIAN_POINT('Origin',(-14.,-63.2,23.9));
#8395=CARTESIAN_POINT('',(-14.,-29.8,8.1));
#8396=CARTESIAN_POINT('Origin',(-14.,-31.6,8.1));
#8397=CARTESIAN_POINT('',(-14.,-21.9,16.));
#8398=CARTESIAN_POINT('Origin',(-14.,-23.7,16.));
#8399=CARTESIAN_POINT('',(-14.,-3.78614357137373,10.4138564286263));
#8400=CARTESIAN_POINT('Origin',(-14.,-5.58614357137373,10.4138564286263));
#8401=CARTESIAN_POINT('',(-14.,1.8,23.9));
#8402=CARTESIAN_POINT('Origin',(-14.,2.92975520387194E-15,23.9));
#8403=CARTESIAN_POINT('',(-14.,33.4,8.1));
#8404=CARTESIAN_POINT('Origin',(-14.,31.6,8.1));
#8405=CARTESIAN_POINT('',(-14.,41.3,16.));
#8406=CARTESIAN_POINT('Origin',(-14.,39.5,16.));
#8407=CARTESIAN_POINT('',(-14.,70.5861435713737,21.5861435713737));
#8408=CARTESIAN_POINT('Origin',(-14.,68.7861435713737,21.5861435713737));
#8409=CARTESIAN_POINT('',(-14.,57.1,16.));
#8410=CARTESIAN_POINT('Origin',(-14.,55.3,16.));
#8411=CARTESIAN_POINT('',(-14.,88.7,16.));
#8412=CARTESIAN_POINT('Origin',(-14.,86.9,16.));
#8413=CARTESIAN_POINT('',(-14.,104.5,16.));
#8414=CARTESIAN_POINT('Origin',(-14.,102.7,16.));
#8415=CARTESIAN_POINT('',(-14.,133.786143571374,10.4138564286262));
#8416=CARTESIAN_POINT('Origin',(-14.,131.986143571374,10.4138564286262));
#8417=CARTESIAN_POINT('',(-14.,122.613856428626,21.5861435713737));
#8418=CARTESIAN_POINT('Origin',(-14.,120.813856428626,21.5861435713737));
#8419=CARTESIAN_POINT('',(-14.,128.2,23.9));
#8420=CARTESIAN_POINT('Origin',(-14.,126.4,23.9));
#8421=CARTESIAN_POINT('',(-14.,128.2,8.1));
#8422=CARTESIAN_POINT('Origin',(-14.,126.4,8.1));
#8423=CARTESIAN_POINT('',(-14.,114.5,16.));
#8424=CARTESIAN_POINT('Origin',(-14.,110.6,16.));
#8425=CARTESIAN_POINT('',(-14.,96.6,8.1));
#8426=CARTESIAN_POINT('Origin',(-14.,94.8,8.1));
#8427=CARTESIAN_POINT('',(-14.,67.1,16.));
#8428=CARTESIAN_POINT('Origin',(-14.,63.2,16.));
#8429=CARTESIAN_POINT('',(-14.,65.,23.9));
#8430=CARTESIAN_POINT('Origin',(-14.,63.2,23.9));
#8431=CARTESIAN_POINT('',(-14.,59.4138564286263,10.4138564286263));
#8432=CARTESIAN_POINT('Origin',(-14.,57.6138564286263,10.4138564286263));
#8433=CARTESIAN_POINT('',(-14.,33.4,23.9));
#8434=CARTESIAN_POINT('Origin',(-14.,31.6,23.9));
#8435=CARTESIAN_POINT('',(-14.,3.9,16.));
#8436=CARTESIAN_POINT('Origin',(-14.,2.46716227694479E-15,16.));
#8437=CARTESIAN_POINT('',(-14.,1.8,8.1));
#8438=CARTESIAN_POINT('Origin',(-14.,-1.94289029309402E-15,8.1));
#8439=CARTESIAN_POINT('',(-14.,-11.9,16.));
#8440=CARTESIAN_POINT('Origin',(-14.,-15.8,16.));
#8441=CARTESIAN_POINT('',(-14.,-29.8,23.9));
#8442=CARTESIAN_POINT('Origin',(-14.,-31.6,23.9));
#8443=CARTESIAN_POINT('',(-14.,-55.8138564286263,21.5861435713737));
#8444=CARTESIAN_POINT('Origin',(-14.,-57.6138564286263,21.5861435713737));
#8445=CARTESIAN_POINT('',(-14.,-66.9861435713737,10.4138564286263));
#8446=CARTESIAN_POINT('Origin',(-14.,-68.7861435713737,10.4138564286263));
#8447=CARTESIAN_POINT('',(-14.,-75.1,16.));
#8448=CARTESIAN_POINT('Origin',(-14.,-79.,16.));
#8449=CARTESIAN_POINT('',(-14.,-100.9,16.));
#8450=CARTESIAN_POINT('Origin',(-14.,-102.7,16.));
#8451=CARTESIAN_POINT('',(-14.,-119.013856428626,21.5861435713737));
#8452=CARTESIAN_POINT('Origin',(-14.,-120.813856428626,21.5861435713737));
#8453=CARTESIAN_POINT('',(-14.,-130.186143571374,10.4138564286263));
#8454=CARTESIAN_POINT('Origin',(-14.,-131.986143571374,10.4138564286263));
#8455=CARTESIAN_POINT('',(-14.,-122.5,16.));
#8456=CARTESIAN_POINT('Origin',(-14.,-126.4,16.));
#8457=CARTESIAN_POINT('Origin',(-0.261946710584624,-4.02764241711237E-14,
32.));
#8458=CARTESIAN_POINT('',(-12.,144.,32.));
#8459=CARTESIAN_POINT('',(-12.,-144.,32.));
#8460=CARTESIAN_POINT('',(-12.,144.,32.));
#8461=CARTESIAN_POINT('',(16.,-144.,32.));
#8462=CARTESIAN_POINT('',(-12.,-144.,32.));
#8463=CARTESIAN_POINT('',(16.,144.,32.));
#8464=CARTESIAN_POINT('',(15.9999999999999,-144.,32.));
#8465=CARTESIAN_POINT('',(16.,144.,32.));
#8466=CARTESIAN_POINT('',(-3.78614357137372,-120.813856428626,32.));
#8467=CARTESIAN_POINT('Origin',(-5.58614357137373,-120.813856428626,32.));
#8468=CARTESIAN_POINT('',(7.38614357137373,-131.986143571374,32.));
#8469=CARTESIAN_POINT('Origin',(5.58614357137373,-131.986143571374,32.));
#8470=CARTESIAN_POINT('',(1.8,-118.5,32.));
#8471=CARTESIAN_POINT('Origin',(9.67470971326409E-16,-118.5,32.));
#8472=CARTESIAN_POINT('',(-6.1,-94.8,32.));
#8473=CARTESIAN_POINT('Origin',(-7.9,-94.8,32.));
#8474=CARTESIAN_POINT('',(7.38614357137373,-57.6138564286263,32.));
#8475=CARTESIAN_POINT('Origin',(5.58614357137373,-57.6138564286263,32.));
#8476=CARTESIAN_POINT('',(-3.78614357137373,-68.7861435713737,32.));
#8477=CARTESIAN_POINT('Origin',(-5.58614357137373,-68.7861435713737,32.));
#8478=CARTESIAN_POINT('',(1.8,-55.3,32.));
#8479=CARTESIAN_POINT('Origin',(9.67470971326409E-16,-55.3,32.));
#8480=CARTESIAN_POINT('',(1.8,-23.7,32.));
#8481=CARTESIAN_POINT('Origin',(0.,-23.7,32.));
#8482=CARTESIAN_POINT('',(-3.78614357137377,5.58614357137368,32.));
#8483=CARTESIAN_POINT('Origin',(-5.58614357137377,5.58614357137368,32.));
#8484=CARTESIAN_POINT('',(1.80000000000006,-7.9,32.));
#8485=CARTESIAN_POINT('Origin',(5.71003470963744E-14,-7.9,32.));
#8486=CARTESIAN_POINT('',(1.79999999999994,7.9,32.));
#8487=CARTESIAN_POINT('Origin',(-5.51654051537215E-14,7.9,32.));
#8488=CARTESIAN_POINT('',(9.69999999999978,31.6,32.));
#8489=CARTESIAN_POINT('Origin',(7.89999999999978,31.6,32.));
#8490=CARTESIAN_POINT('',(-3.78614357137422,68.7861435713737,32.));
#8491=CARTESIAN_POINT('Origin',(-5.58614357137422,68.7861435713737,32.));
#8492=CARTESIAN_POINT('',(7.38614357137332,57.6138564286263,32.));
#8493=CARTESIAN_POINT('Origin',(5.58614357137332,57.6138564286263,32.));
#8494=CARTESIAN_POINT('',(1.7999999999995,71.1,32.));
#8495=CARTESIAN_POINT('Origin',(-5.04228414154105E-13,71.1,32.));
#8496=CARTESIAN_POINT('',(9.69999999999933,94.8,32.));
#8497=CARTESIAN_POINT('Origin',(7.89999999999933,94.8,32.));
#8498=CARTESIAN_POINT('',(7.38614357137279,131.986143571374,32.));
#8499=CARTESIAN_POINT('Origin',(5.58614357137279,131.986143571374,32.));
#8500=CARTESIAN_POINT('',(-6.1000000000009,126.4,32.));
#8501=CARTESIAN_POINT('Origin',(-7.9000000000009,126.4,32.));
#8502=CARTESIAN_POINT('',(9.6999999999991,126.4,32.));
#8503=CARTESIAN_POINT('Origin',(7.8999999999991,126.4,32.));
#8504=CARTESIAN_POINT('',(-3.78614357137458,120.813856428626,32.));
#8505=CARTESIAN_POINT('Origin',(-5.58614357137458,120.813856428626,32.));
#8506=CARTESIAN_POINT('',(1.79999999999905,134.3,32.));
#8507=CARTESIAN_POINT('Origin',(-9.54258894125815E-13,134.3,32.));
#8508=CARTESIAN_POINT('',(3.89999999999933,94.8,32.));
#8509=CARTESIAN_POINT('Origin',(-6.73594513500575E-13,94.8,32.));
#8510=CARTESIAN_POINT('',(3.89999999999944,79.,32.));
#8511=CARTESIAN_POINT('Origin',(-5.61328761250479E-13,79.,32.));
#8512=CARTESIAN_POINT('',(9.69999999999956,63.2,32.));
#8513=CARTESIAN_POINT('Origin',(7.89999999999955,63.2,32.));
#8514=CARTESIAN_POINT('',(-6.10000000000045,63.2,32.));
#8515=CARTESIAN_POINT('Origin',(-7.90000000000045,63.2,32.));
#8516=CARTESIAN_POINT('',(3.89999999999978,31.6,32.));
#8517=CARTESIAN_POINT('Origin',(-2.24531504500192E-13,31.6,32.));
#8518=CARTESIAN_POINT('',(3.89999999999989,15.8,32.));
#8519=CARTESIAN_POINT('Origin',(-1.12265752250096E-13,15.8,32.));
#8520=CARTESIAN_POINT('',(7.38614357137373,-5.58614357137373,32.));
#8521=CARTESIAN_POINT('Origin',(5.58614357137373,-5.58614357137373,32.));
#8522=CARTESIAN_POINT('',(-6.1,-5.76665920801092E-14,32.));
#8523=CARTESIAN_POINT('Origin',(-7.9,-5.78870285039557E-14,32.));
#8524=CARTESIAN_POINT('',(9.7,-31.6,32.));
#8525=CARTESIAN_POINT('Origin',(7.9,-31.6,32.));
#8526=CARTESIAN_POINT('',(3.9,-47.4,32.));
#8527=CARTESIAN_POINT('Origin',(0.,-47.4,32.));
#8528=CARTESIAN_POINT('',(-6.1,-63.2,32.));
#8529=CARTESIAN_POINT('Origin',(-7.9,-63.2,32.));
#8530=CARTESIAN_POINT('',(9.7,-63.2,32.));
#8531=CARTESIAN_POINT('Origin',(7.9,-63.2,32.));
#8532=CARTESIAN_POINT('',(3.9,-94.8,32.));
#8533=CARTESIAN_POINT('Origin',(0.,-94.8,32.));
#8534=CARTESIAN_POINT('',(3.9,-110.6,32.));
#8535=CARTESIAN_POINT('Origin',(0.,-110.6,32.));
#8536=CARTESIAN_POINT('',(9.7,-126.4,32.));
#8537=CARTESIAN_POINT('Origin',(7.9,-126.4,32.));
#8538=CARTESIAN_POINT('',(-6.1,-126.4,32.));
#8539=CARTESIAN_POINT('Origin',(-7.9,-126.4,32.));
#8540=CARTESIAN_POINT('',(1.8,-134.3,32.));
#8541=CARTESIAN_POINT('Origin',(0.,-134.3,32.));
#8542=CARTESIAN_POINT('',(3.9,-126.4,32.));
#8543=CARTESIAN_POINT('Origin',(0.,-126.4,32.));
#8544=CARTESIAN_POINT('',(1.8,-102.7,32.));
#8545=CARTESIAN_POINT('Origin',(0.,-102.7,32.));
#8546=CARTESIAN_POINT('',(3.9,-79.,32.));
#8547=CARTESIAN_POINT('Origin',(0.,-79.,32.));
#8548=CARTESIAN_POINT('',(1.8,-71.1,32.));
#8549=CARTESIAN_POINT('Origin',(0.,-71.1,32.));
#8550=CARTESIAN_POINT('',(3.9,-63.2,32.));
#8551=CARTESIAN_POINT('Origin',(0.,-63.2,32.));
#8552=CARTESIAN_POINT('',(1.8,-39.5,32.));
#8553=CARTESIAN_POINT('Origin',(9.67470971326409E-16,-39.5,32.));
#8554=CARTESIAN_POINT('',(3.9,-15.8,32.));
#8555=CARTESIAN_POINT('Origin',(0.,-15.8,32.));
#8556=CARTESIAN_POINT('',(3.9,4.77612251667468E-16,32.));
#8557=CARTESIAN_POINT('Origin',(0.,0.,32.));
#8558=CARTESIAN_POINT('',(7.38614357137373,5.58614357137373,32.));
#8559=CARTESIAN_POINT('Origin',(5.58614357137373,5.58614357137373,32.));
#8560=CARTESIAN_POINT('',(-6.10000000000022,31.6,32.));
#8561=CARTESIAN_POINT('Origin',(-7.90000000000022,31.6,32.));
#8562=CARTESIAN_POINT('',(3.89999999999966,47.4,32.));
#8563=CARTESIAN_POINT('Origin',(-3.36797256750288E-13,47.4,32.));
#8564=CARTESIAN_POINT('',(1.79999999999961,55.3,32.));
#8565=CARTESIAN_POINT('Origin',(-3.92930132875336E-13,55.3,32.));
#8566=CARTESIAN_POINT('',(7.38614357137324,68.7861435713738,32.));
#8567=CARTESIAN_POINT('Origin',(5.58614357137324,68.7861435713738,32.));
#8568=CARTESIAN_POINT('',(-6.10000000000067,94.8,32.));
#8569=CARTESIAN_POINT('Origin',(-7.90000000000067,94.8,32.));
#8570=CARTESIAN_POINT('',(3.89999999999921,110.6,32.));
#8571=CARTESIAN_POINT('Origin',(-7.85860265750671E-13,110.6,32.));
#8572=CARTESIAN_POINT('',(3.8999999999991,126.4,32.));
#8573=CARTESIAN_POINT('Origin',(-8.98126018000767E-13,126.4,32.));
#8574=CARTESIAN_POINT('',(7.38614357137287,120.813856428626,32.));
#8575=CARTESIAN_POINT('Origin',(5.58614357137287,120.813856428626,32.));
#8576=CARTESIAN_POINT('',(1.79999999999916,118.5,32.));
#8577=CARTESIAN_POINT('Origin',(-8.41025670904393E-13,118.5,32.));
#8578=CARTESIAN_POINT('',(-3.78614357137466,131.986143571374,32.));
#8579=CARTESIAN_POINT('Origin',(-5.58614357137467,131.986143571374,32.));
#8580=CARTESIAN_POINT('',(1.79999999999927,102.7,32.));
#8581=CARTESIAN_POINT('Origin',(-7.28759918654297E-13,102.7,32.));
#8582=CARTESIAN_POINT('',(1.79999999999938,86.9,32.));
#8583=CARTESIAN_POINT('Origin',(-6.16494166404201E-13,86.9,32.));
#8584=CARTESIAN_POINT('',(3.89999999999955,63.2,32.));
#8585=CARTESIAN_POINT('Origin',(-4.49063009000384E-13,63.2,32.));
#8586=CARTESIAN_POINT('',(-3.78614357137413,57.6138564286262,32.));
#8587=CARTESIAN_POINT('Origin',(-5.58614357137413,57.6138564286262,32.));
#8588=CARTESIAN_POINT('',(1.79999999999972,39.5,32.));
#8589=CARTESIAN_POINT('Origin',(-2.8066438062524E-13,39.5,32.));
#8590=CARTESIAN_POINT('',(1.79999999999983,23.7,32.));
#8591=CARTESIAN_POINT('Origin',(-1.67431157403817E-13,23.7,32.));
#8592=CARTESIAN_POINT('',(9.7,1.97458880275427E-15,32.));
#8593=CARTESIAN_POINT('Origin',(7.9,1.75415237890775E-15,32.));
#8594=CARTESIAN_POINT('',(-3.78614357137368,-5.58614357137377,32.));
#8595=CARTESIAN_POINT('Origin',(-5.58614357137369,-5.58614357137377,32.));
#8596=CARTESIAN_POINT('',(3.9,-31.6,32.));
#8597=CARTESIAN_POINT('Origin',(0.,-31.6,32.));
#8598=CARTESIAN_POINT('',(-6.1,-31.6,32.));
#8599=CARTESIAN_POINT('Origin',(-7.9,-31.6,32.));
#8600=CARTESIAN_POINT('',(-3.78614357137372,-57.6138564286263,32.));
#8601=CARTESIAN_POINT('Origin',(-5.58614357137373,-57.6138564286263,32.));
#8602=CARTESIAN_POINT('',(7.38614357137373,-68.7861435713737,32.));
#8603=CARTESIAN_POINT('Origin',(5.58614357137373,-68.7861435713737,32.));
#8604=CARTESIAN_POINT('',(1.8,-86.9,32.));
#8605=CARTESIAN_POINT('Origin',(0.,-86.9,32.));
#8606=CARTESIAN_POINT('',(9.7,-94.8,32.));
#8607=CARTESIAN_POINT('Origin',(7.9,-94.8,32.));
#8608=CARTESIAN_POINT('',(7.38614357137373,-120.813856428626,32.));
#8609=CARTESIAN_POINT('Origin',(5.58614357137373,-120.813856428626,32.));
#8610=CARTESIAN_POINT('',(-3.78614357137373,-131.986143571374,32.));
#8611=CARTESIAN_POINT('Origin',(-5.58614357137373,-131.986143571374,32.));
#8612=CARTESIAN_POINT('Origin',(-12.,-4.88498130835068E-16,28.));
#8613=CARTESIAN_POINT('',(-12.,-144.,30.));
#8614=CARTESIAN_POINT('',(-12.,144.,30.));
#8615=CARTESIAN_POINT('',(-12.,-144.,30.));
#8616=CARTESIAN_POINT('Origin',(-12.,-144.,28.));
#8617=CARTESIAN_POINT('Origin',(-12.,144.,28.));
#8618=CARTESIAN_POINT('Origin',(16.,-144.,30.));
#8619=CARTESIAN_POINT('',(16.,144.,30.));
#8620=CARTESIAN_POINT('',(16.,-144.,30.));
#8621=CARTESIAN_POINT('',(16.,144.,30.));
#8622=CARTESIAN_POINT('',(16.,144.,30.));
#8623=CARTESIAN_POINT('',(16.,-144.,30.));
#8624=CARTESIAN_POINT('Origin',(16.,144.,30.));
#8625=CARTESIAN_POINT('',(-12.,144.,30.));
#8626=CARTESIAN_POINT('',(16.,144.,30.0000000000001));
#8627=CARTESIAN_POINT('Origin',(-12.,-144.,32.));
#8628=CARTESIAN_POINT('',(-12.,-144.,32.));
#8629=CARTESIAN_POINT('Origin',(-12.,-144.,28.));
#8630=CARTESIAN_POINT('Origin',(-12.,144.,30.));
#8631=CARTESIAN_POINT('Origin',(-12.,144.,28.));
#8632=CARTESIAN_POINT('Origin',(-0.261946710584624,-3.30137009475614E-14,
30.));
#8633=CARTESIAN_POINT('',(16.,-144.,30.));
#8634=CARTESIAN_POINT('',(-3.78614357137372,-120.813856428626,30.));
#8635=CARTESIAN_POINT('Origin',(-5.58614357137373,-120.813856428626,30.));
#8636=CARTESIAN_POINT('',(7.38614357137373,-131.986143571374,30.));
#8637=CARTESIAN_POINT('Origin',(5.58614357137373,-131.986143571374,30.));
#8638=CARTESIAN_POINT('',(1.8,-118.5,30.));
#8639=CARTESIAN_POINT('Origin',(9.67470971326409E-16,-118.5,30.));
#8640=CARTESIAN_POINT('',(-6.1,-94.8,30.));
#8641=CARTESIAN_POINT('Origin',(-7.9,-94.8,30.));
#8642=CARTESIAN_POINT('',(7.38614357137373,-57.6138564286263,30.));
#8643=CARTESIAN_POINT('Origin',(5.58614357137373,-57.6138564286263,30.));
#8644=CARTESIAN_POINT('',(-3.78614357137373,-68.7861435713737,30.));
#8645=CARTESIAN_POINT('Origin',(-5.58614357137373,-68.7861435713737,30.));
#8646=CARTESIAN_POINT('',(1.8,-55.3,30.));
#8647=CARTESIAN_POINT('Origin',(9.67470971326409E-16,-55.3,30.));
#8648=CARTESIAN_POINT('',(1.8,-23.7,30.));
#8649=CARTESIAN_POINT('Origin',(0.,-23.7,30.));
#8650=CARTESIAN_POINT('',(-3.78614357137377,5.58614357137368,30.));
#8651=CARTESIAN_POINT('Origin',(-5.58614357137377,5.58614357137368,30.));
#8652=CARTESIAN_POINT('',(1.80000000000006,-7.9,30.));
#8653=CARTESIAN_POINT('Origin',(5.71003470963744E-14,-7.9,30.));
#8654=CARTESIAN_POINT('',(1.79999999999994,7.9,30.));
#8655=CARTESIAN_POINT('Origin',(-5.51654051537215E-14,7.9,30.));
#8656=CARTESIAN_POINT('',(9.69999999999978,31.6,30.));
#8657=CARTESIAN_POINT('Origin',(7.89999999999978,31.6,30.));
#8658=CARTESIAN_POINT('',(-3.78614357137422,68.7861435713737,30.));
#8659=CARTESIAN_POINT('Origin',(-5.58614357137422,68.7861435713737,30.));
#8660=CARTESIAN_POINT('',(7.38614357137332,57.6138564286263,30.));
#8661=CARTESIAN_POINT('Origin',(5.58614357137332,57.6138564286263,30.));
#8662=CARTESIAN_POINT('',(1.7999999999995,71.1,30.));
#8663=CARTESIAN_POINT('Origin',(-5.04228414154105E-13,71.1,30.));
#8664=CARTESIAN_POINT('',(9.69999999999933,94.8,30.));
#8665=CARTESIAN_POINT('Origin',(7.89999999999933,94.8,30.));
#8666=CARTESIAN_POINT('',(7.38614357137279,131.986143571374,30.));
#8667=CARTESIAN_POINT('Origin',(5.58614357137279,131.986143571374,30.));
#8668=CARTESIAN_POINT('',(-6.1000000000009,126.4,30.));
#8669=CARTESIAN_POINT('Origin',(-7.9000000000009,126.4,30.));
#8670=CARTESIAN_POINT('',(9.6999999999991,126.4,30.));
#8671=CARTESIAN_POINT('Origin',(7.8999999999991,126.4,30.));
#8672=CARTESIAN_POINT('',(-3.78614357137458,120.813856428626,30.));
#8673=CARTESIAN_POINT('Origin',(-5.58614357137458,120.813856428626,30.));
#8674=CARTESIAN_POINT('',(1.79999999999905,134.3,30.));
#8675=CARTESIAN_POINT('Origin',(-9.54258894125815E-13,134.3,30.));
#8676=CARTESIAN_POINT('',(3.89999999999933,94.8,30.));
#8677=CARTESIAN_POINT('Origin',(-6.73594513500575E-13,94.8,30.));
#8678=CARTESIAN_POINT('',(3.89999999999944,79.,30.));
#8679=CARTESIAN_POINT('Origin',(-5.61328761250479E-13,79.,30.));
#8680=CARTESIAN_POINT('',(9.69999999999956,63.2,30.));
#8681=CARTESIAN_POINT('Origin',(7.89999999999955,63.2,30.));
#8682=CARTESIAN_POINT('',(-6.10000000000045,63.2,30.));
#8683=CARTESIAN_POINT('Origin',(-7.90000000000045,63.2,30.));
#8684=CARTESIAN_POINT('',(3.89999999999978,31.6,30.));
#8685=CARTESIAN_POINT('Origin',(-2.24531504500192E-13,31.6,30.));
#8686=CARTESIAN_POINT('',(3.89999999999989,15.8,30.));
#8687=CARTESIAN_POINT('Origin',(-1.12265752250096E-13,15.8,30.));
#8688=CARTESIAN_POINT('',(7.38614357137373,-5.58614357137373,30.));
#8689=CARTESIAN_POINT('Origin',(5.58614357137373,-5.58614357137373,30.));
#8690=CARTESIAN_POINT('',(-6.1,-5.76665920801092E-14,30.));
#8691=CARTESIAN_POINT('Origin',(-7.9,-5.78870285039557E-14,30.));
#8692=CARTESIAN_POINT('',(9.7,-31.6,30.));
#8693=CARTESIAN_POINT('Origin',(7.9,-31.6,30.));
#8694=CARTESIAN_POINT('',(3.9,-47.4,30.));
#8695=CARTESIAN_POINT('Origin',(0.,-47.4,30.));
#8696=CARTESIAN_POINT('',(-6.1,-63.2,30.));
#8697=CARTESIAN_POINT('Origin',(-7.9,-63.2,30.));
#8698=CARTESIAN_POINT('',(9.7,-63.2,30.));
#8699=CARTESIAN_POINT('Origin',(7.9,-63.2,30.));
#8700=CARTESIAN_POINT('',(3.9,-94.8,30.));
#8701=CARTESIAN_POINT('Origin',(0.,-94.8,30.));
#8702=CARTESIAN_POINT('',(3.9,-110.6,30.));
#8703=CARTESIAN_POINT('Origin',(0.,-110.6,30.));
#8704=CARTESIAN_POINT('',(9.7,-126.4,30.));
#8705=CARTESIAN_POINT('Origin',(7.9,-126.4,30.));
#8706=CARTESIAN_POINT('',(-6.1,-126.4,30.));
#8707=CARTESIAN_POINT('Origin',(-7.9,-126.4,30.));
#8708=CARTESIAN_POINT('',(1.8,-134.3,30.));
#8709=CARTESIAN_POINT('Origin',(0.,-134.3,30.));
#8710=CARTESIAN_POINT('',(3.9,-126.4,30.));
#8711=CARTESIAN_POINT('Origin',(0.,-126.4,30.));
#8712=CARTESIAN_POINT('',(1.8,-102.7,30.));
#8713=CARTESIAN_POINT('Origin',(0.,-102.7,30.));
#8714=CARTESIAN_POINT('',(3.9,-79.,30.));
#8715=CARTESIAN_POINT('Origin',(0.,-79.,30.));
#8716=CARTESIAN_POINT('',(1.8,-71.1,30.));
#8717=CARTESIAN_POINT('Origin',(0.,-71.1,30.));
#8718=CARTESIAN_POINT('',(3.9,-63.2,30.));
#8719=CARTESIAN_POINT('Origin',(0.,-63.2,30.));
#8720=CARTESIAN_POINT('',(1.8,-39.5,30.));
#8721=CARTESIAN_POINT('Origin',(9.67470971326409E-16,-39.5,30.));
#8722=CARTESIAN_POINT('',(3.9,-15.8,30.));
#8723=CARTESIAN_POINT('Origin',(0.,-15.8,30.));
#8724=CARTESIAN_POINT('',(3.9,4.77612251667468E-16,30.));
#8725=CARTESIAN_POINT('Origin',(0.,0.,30.));
#8726=CARTESIAN_POINT('',(7.38614357137373,5.58614357137373,30.));
#8727=CARTESIAN_POINT('Origin',(5.58614357137373,5.58614357137373,30.));
#8728=CARTESIAN_POINT('',(-6.10000000000022,31.6,30.));
#8729=CARTESIAN_POINT('Origin',(-7.90000000000022,31.6,30.));
#8730=CARTESIAN_POINT('',(3.89999999999966,47.4,30.));
#8731=CARTESIAN_POINT('Origin',(-3.36797256750288E-13,47.4,30.));
#8732=CARTESIAN_POINT('',(1.79999999999961,55.3,30.));
#8733=CARTESIAN_POINT('Origin',(-3.92930132875336E-13,55.3,30.));
#8734=CARTESIAN_POINT('',(7.38614357137324,68.7861435713738,30.));
#8735=CARTESIAN_POINT('Origin',(5.58614357137324,68.7861435713738,30.));
#8736=CARTESIAN_POINT('',(-6.10000000000067,94.8,30.));
#8737=CARTESIAN_POINT('Origin',(-7.90000000000067,94.8,30.));
#8738=CARTESIAN_POINT('',(3.89999999999921,110.6,30.));
#8739=CARTESIAN_POINT('Origin',(-7.85860265750671E-13,110.6,30.));
#8740=CARTESIAN_POINT('',(3.8999999999991,126.4,30.));
#8741=CARTESIAN_POINT('Origin',(-8.98126018000767E-13,126.4,30.));
#8742=CARTESIAN_POINT('',(7.38614357137287,120.813856428626,30.));
#8743=CARTESIAN_POINT('Origin',(5.58614357137287,120.813856428626,30.));
#8744=CARTESIAN_POINT('',(1.79999999999916,118.5,30.));
#8745=CARTESIAN_POINT('Origin',(-8.41025670904393E-13,118.5,30.));
#8746=CARTESIAN_POINT('',(-3.78614357137466,131.986143571374,30.));
#8747=CARTESIAN_POINT('Origin',(-5.58614357137467,131.986143571374,30.));
#8748=CARTESIAN_POINT('',(1.79999999999927,102.7,30.));
#8749=CARTESIAN_POINT('Origin',(-7.28759918654297E-13,102.7,30.));
#8750=CARTESIAN_POINT('',(1.79999999999938,86.9,30.));
#8751=CARTESIAN_POINT('Origin',(-6.16494166404201E-13,86.9,30.));
#8752=CARTESIAN_POINT('',(3.89999999999955,63.2,30.));
#8753=CARTESIAN_POINT('Origin',(-4.49063009000384E-13,63.2,30.));
#8754=CARTESIAN_POINT('',(-3.78614357137413,57.6138564286262,30.));
#8755=CARTESIAN_POINT('Origin',(-5.58614357137413,57.6138564286262,30.));
#8756=CARTESIAN_POINT('',(1.79999999999972,39.5,30.));
#8757=CARTESIAN_POINT('Origin',(-2.8066438062524E-13,39.5,30.));
#8758=CARTESIAN_POINT('',(1.79999999999983,23.7,30.));
#8759=CARTESIAN_POINT('Origin',(-1.67431157403817E-13,23.7,30.));
#8760=CARTESIAN_POINT('',(9.7,1.97458880275427E-15,30.));
#8761=CARTESIAN_POINT('Origin',(7.9,1.75415237890775E-15,30.));
#8762=CARTESIAN_POINT('',(-3.78614357137368,-5.58614357137377,30.));
#8763=CARTESIAN_POINT('Origin',(-5.58614357137369,-5.58614357137377,30.));
#8764=CARTESIAN_POINT('',(3.9,-31.6,30.));
#8765=CARTESIAN_POINT('Origin',(0.,-31.6,30.));
#8766=CARTESIAN_POINT('',(-6.1,-31.6,30.));
#8767=CARTESIAN_POINT('Origin',(-7.9,-31.6,30.));
#8768=CARTESIAN_POINT('',(-3.78614357137372,-57.6138564286263,30.));
#8769=CARTESIAN_POINT('Origin',(-5.58614357137373,-57.6138564286263,30.));
#8770=CARTESIAN_POINT('',(7.38614357137373,-68.7861435713737,30.));
#8771=CARTESIAN_POINT('Origin',(5.58614357137373,-68.7861435713737,30.));
#8772=CARTESIAN_POINT('',(1.8,-86.9,30.));
#8773=CARTESIAN_POINT('Origin',(0.,-86.9,30.));
#8774=CARTESIAN_POINT('',(9.7,-94.8,30.));
#8775=CARTESIAN_POINT('Origin',(7.9,-94.8,30.));
#8776=CARTESIAN_POINT('',(7.38614357137373,-120.813856428626,30.));
#8777=CARTESIAN_POINT('Origin',(5.58614357137373,-120.813856428626,30.));
#8778=CARTESIAN_POINT('',(-3.78614357137373,-131.986143571374,30.));
#8779=CARTESIAN_POINT('Origin',(-5.58614357137373,-131.986143571374,30.));
#8780=CARTESIAN_POINT('Origin',(-16.5238934211693,-144.,30.));
#8781=CARTESIAN_POINT('Origin',(-12.,-4.88498130835068E-16,28.));
#8782=CARTESIAN_POINT('Origin',(-16.,-120.813856428626,10.4138564286263));
#8783=CARTESIAN_POINT('',(-16.,-119.013856428626,10.4138564286263));
#8784=CARTESIAN_POINT('Origin',(-16.,-131.986143571374,21.5861435713737));
#8785=CARTESIAN_POINT('',(-16.,-130.186143571374,21.5861435713737));
#8786=CARTESIAN_POINT('Origin',(-16.,-110.6,16.));
#8787=CARTESIAN_POINT('',(-16.,-106.7,16.));
#8788=CARTESIAN_POINT('Origin',(-16.,-94.8,16.));
#8789=CARTESIAN_POINT('',(-16.,-90.9,16.));
#8790=CARTESIAN_POINT('Origin',(-16.,-57.6138564286263,10.4138564286263));
#8791=CARTESIAN_POINT('',(-16.,-55.8138564286263,10.4138564286263));
#8792=CARTESIAN_POINT('Origin',(-16.,-68.7861435713737,21.5861435713737));
#8793=CARTESIAN_POINT('',(-16.,-66.9861435713737,21.5861435713737));
#8794=CARTESIAN_POINT('Origin',(-16.,-47.4,16.));
#8795=CARTESIAN_POINT('',(-16.,-43.5,16.));
#8796=CARTESIAN_POINT('Origin',(-16.,-31.6,16.));
#8797=CARTESIAN_POINT('',(-16.,-27.7,16.));
#8798=CARTESIAN_POINT('Origin',(-16.,-7.9,16.));
#8799=CARTESIAN_POINT('',(-16.,-6.1,16.));
#8800=CARTESIAN_POINT('Origin',(-16.,5.58614357137373,21.5861435713737));
#8801=CARTESIAN_POINT('',(-16.,7.38614357137373,21.5861435713737));
#8802=CARTESIAN_POINT('Origin',(-16.,15.8,16.));
#8803=CARTESIAN_POINT('',(-16.,19.7,16.));
#8804=CARTESIAN_POINT('Origin',(-16.,31.6,16.));
#8805=CARTESIAN_POINT('',(-16.,35.5,16.));
#8806=CARTESIAN_POINT('Origin',(-16.,68.7861435713737,10.4138564286263));
#8807=CARTESIAN_POINT('',(-16.,70.5861435713737,10.4138564286263));
#8808=CARTESIAN_POINT('Origin',(-16.,57.6138564286263,21.5861435713737));
#8809=CARTESIAN_POINT('',(-16.,59.4138564286263,21.5861435713737));
#8810=CARTESIAN_POINT('Origin',(-16.,79.,16.));
#8811=CARTESIAN_POINT('',(-16.,82.9,16.));
#8812=CARTESIAN_POINT('Origin',(-16.,94.8,16.));
#8813=CARTESIAN_POINT('',(-16.,98.7,16.));
#8814=CARTESIAN_POINT('Origin',(-16.,134.3,16.));
#8815=CARTESIAN_POINT('',(-16.,136.1,16.));
#8816=CARTESIAN_POINT('Origin',(-16.,118.5,16.));
#8817=CARTESIAN_POINT('',(-16.,120.3,16.));
#8818=CARTESIAN_POINT('Origin',(-16.,126.4,16.));
#8819=CARTESIAN_POINT('',(-16.,130.3,16.));
#8820=CARTESIAN_POINT('Origin',(-16.,120.813856428626,10.4138564286262));
#8821=CARTESIAN_POINT('',(-16.,122.613856428626,10.4138564286262));
#8822=CARTESIAN_POINT('Origin',(-16.,131.986143571374,21.5861435713737));
#8823=CARTESIAN_POINT('',(-16.,133.786143571374,21.5861435713737));
#8824=CARTESIAN_POINT('Origin',(-16.,94.8,23.9));
#8825=CARTESIAN_POINT('',(-16.,96.6,23.9));
#8826=CARTESIAN_POINT('Origin',(-16.,71.1,16.));
#8827=CARTESIAN_POINT('',(-16.,72.9,16.));
#8828=CARTESIAN_POINT('Origin',(-16.,47.4,16.));
#8829=CARTESIAN_POINT('',(-16.,51.3,16.));
#8830=CARTESIAN_POINT('Origin',(-16.,63.2,8.1));
#8831=CARTESIAN_POINT('',(-16.,65.,8.1));
#8832=CARTESIAN_POINT('Origin',(-16.,23.7,16.));
#8833=CARTESIAN_POINT('',(-16.,25.5,16.));
#8834=CARTESIAN_POINT('Origin',(-16.,7.9,16.));
#8835=CARTESIAN_POINT('',(-16.,9.7,16.));
#8836=CARTESIAN_POINT('Origin',(-16.,5.58614357137373,10.4138564286263));
#8837=CARTESIAN_POINT('',(-16.,7.38614357137373,10.4138564286263));
#8838=CARTESIAN_POINT('Origin',(-16.,-5.58614357137372,21.5861435713737));
#8839=CARTESIAN_POINT('',(-16.,-3.78614357137372,21.5861435713737));
#8840=CARTESIAN_POINT('Origin',(-16.,-39.5,16.));
#8841=CARTESIAN_POINT('',(-16.,-37.7,16.));
#8842=CARTESIAN_POINT('Origin',(-16.,-55.3,16.));
#8843=CARTESIAN_POINT('',(-16.,-53.5,16.));
#8844=CARTESIAN_POINT('Origin',(-16.,-71.1,16.));
#8845=CARTESIAN_POINT('',(-16.,-69.3,16.));
#8846=CARTESIAN_POINT('Origin',(-16.,-63.2,16.));
#8847=CARTESIAN_POINT('',(-16.,-59.3,16.));
#8848=CARTESIAN_POINT('Origin',(-16.,-94.8,23.9));
#8849=CARTESIAN_POINT('',(-16.,-93.,23.9));
#8850=CARTESIAN_POINT('Origin',(-16.,-118.5,16.));
#8851=CARTESIAN_POINT('',(-16.,-116.7,16.));
#8852=CARTESIAN_POINT('Origin',(-16.,-134.3,16.));
#8853=CARTESIAN_POINT('',(-16.,-132.5,16.));
#8854=CARTESIAN_POINT('Origin',(-16.,-126.4,8.1));
#8855=CARTESIAN_POINT('',(-16.,-124.6,8.1));
#8856=CARTESIAN_POINT('Origin',(-16.,-126.4,23.9));
#8857=CARTESIAN_POINT('',(-16.,-124.6,23.9));
#8858=CARTESIAN_POINT('Origin',(-16.,-94.8,8.1));
#8859=CARTESIAN_POINT('',(-16.,-93.,8.1));
#8860=CARTESIAN_POINT('Origin',(-16.,-86.9,16.));
#8861=CARTESIAN_POINT('',(-16.,-85.1,16.));
#8862=CARTESIAN_POINT('Origin',(-16.,-63.2,8.1));
#8863=CARTESIAN_POINT('',(-16.,-61.4,8.1));
#8864=CARTESIAN_POINT('Origin',(-16.,-63.2,23.9));
#8865=CARTESIAN_POINT('',(-16.,-61.4,23.9));
#8866=CARTESIAN_POINT('Origin',(-16.,-31.6,8.1));
#8867=CARTESIAN_POINT('',(-16.,-29.8,8.1));
#8868=CARTESIAN_POINT('Origin',(-16.,-23.7,16.));
#8869=CARTESIAN_POINT('',(-16.,-21.9,16.));
#8870=CARTESIAN_POINT('Origin',(-16.,-5.58614357137373,10.4138564286263));
#8871=CARTESIAN_POINT('',(-16.,-3.78614357137373,10.4138564286263));
#8872=CARTESIAN_POINT('Origin',(-16.,2.92975520387194E-15,23.9));
#8873=CARTESIAN_POINT('',(-16.,1.8,23.9));
#8874=CARTESIAN_POINT('Origin',(-16.,31.6,8.1));
#8875=CARTESIAN_POINT('',(-16.,33.4,8.1));
#8876=CARTESIAN_POINT('Origin',(-16.,39.5,16.));
#8877=CARTESIAN_POINT('',(-16.,41.3,16.));
#8878=CARTESIAN_POINT('Origin',(-16.,68.7861435713737,21.5861435713737));
#8879=CARTESIAN_POINT('',(-16.,70.5861435713737,21.5861435713737));
#8880=CARTESIAN_POINT('Origin',(-16.,55.3,16.));
#8881=CARTESIAN_POINT('',(-16.,57.1,16.));
#8882=CARTESIAN_POINT('Origin',(-16.,86.9,16.));
#8883=CARTESIAN_POINT('',(-16.,88.7,16.));
#8884=CARTESIAN_POINT('Origin',(-16.,102.7,16.));
#8885=CARTESIAN_POINT('',(-16.,104.5,16.));
#8886=CARTESIAN_POINT('Origin',(-16.,131.986143571374,10.4138564286262));
#8887=CARTESIAN_POINT('',(-16.,133.786143571374,10.4138564286262));
#8888=CARTESIAN_POINT('Origin',(-16.,120.813856428626,21.5861435713737));
#8889=CARTESIAN_POINT('',(-16.,122.613856428626,21.5861435713737));
#8890=CARTESIAN_POINT('Origin',(-16.,126.4,23.9));
#8891=CARTESIAN_POINT('',(-16.,128.2,23.9));
#8892=CARTESIAN_POINT('Origin',(-16.,126.4,8.1));
#8893=CARTESIAN_POINT('',(-16.,128.2,8.1));
#8894=CARTESIAN_POINT('Origin',(-16.,110.6,16.));
#8895=CARTESIAN_POINT('',(-16.,114.5,16.));
#8896=CARTESIAN_POINT('Origin',(-16.,94.8,8.1));
#8897=CARTESIAN_POINT('',(-16.,96.6,8.1));
#8898=CARTESIAN_POINT('Origin',(-16.,63.2,16.));
#8899=CARTESIAN_POINT('',(-16.,67.1,16.));
#8900=CARTESIAN_POINT('Origin',(-16.,63.2,23.9));
#8901=CARTESIAN_POINT('',(-16.,65.,23.9));
#8902=CARTESIAN_POINT('Origin',(-16.,57.6138564286263,10.4138564286263));
#8903=CARTESIAN_POINT('',(-16.,59.4138564286263,10.4138564286263));
#8904=CARTESIAN_POINT('Origin',(-16.,31.6,23.9));
#8905=CARTESIAN_POINT('',(-16.,33.4,23.9));
#8906=CARTESIAN_POINT('Origin',(-16.,2.46716227694479E-15,16.));
#8907=CARTESIAN_POINT('',(-16.,3.9,16.));
#8908=CARTESIAN_POINT('Origin',(-16.,-1.94289029309402E-15,8.1));
#8909=CARTESIAN_POINT('',(-16.,1.8,8.1));
#8910=CARTESIAN_POINT('Origin',(-16.,-15.8,16.));
#8911=CARTESIAN_POINT('',(-16.,-11.9,16.));
#8912=CARTESIAN_POINT('Origin',(-16.,-31.6,23.9));
#8913=CARTESIAN_POINT('',(-16.,-29.8,23.9));
#8914=CARTESIAN_POINT('Origin',(-16.,-57.6138564286263,21.5861435713737));
#8915=CARTESIAN_POINT('',(-16.,-55.8138564286263,21.5861435713737));
#8916=CARTESIAN_POINT('Origin',(-16.,-68.7861435713737,10.4138564286263));
#8917=CARTESIAN_POINT('',(-16.,-66.9861435713737,10.4138564286263));
#8918=CARTESIAN_POINT('Origin',(-16.,-79.,16.));
#8919=CARTESIAN_POINT('',(-16.,-75.1,16.));
#8920=CARTESIAN_POINT('Origin',(-16.,-102.7,16.));
#8921=CARTESIAN_POINT('',(-16.,-100.9,16.));
#8922=CARTESIAN_POINT('Origin',(-16.,-120.813856428626,21.5861435713737));
#8923=CARTESIAN_POINT('',(-16.,-119.013856428626,21.5861435713737));
#8924=CARTESIAN_POINT('Origin',(-16.,-131.986143571374,10.4138564286263));
#8925=CARTESIAN_POINT('',(-16.,-130.186143571374,10.4138564286263));
#8926=CARTESIAN_POINT('Origin',(-5.58614357137373,-120.813856428626,32.));
#8927=CARTESIAN_POINT('',(-3.78614357137373,-120.813856428626,32.));
#8928=CARTESIAN_POINT('Origin',(5.58614357137373,-131.986143571374,32.));
#8929=CARTESIAN_POINT('',(7.38614357137373,-131.986143571374,32.));
#8930=CARTESIAN_POINT('Origin',(9.67470971326409E-16,-118.5,32.));
#8931=CARTESIAN_POINT('',(1.8,-118.5,32.));
#8932=CARTESIAN_POINT('Origin',(-7.9,-94.8,32.));
#8933=CARTESIAN_POINT('',(-6.1,-94.8,32.));
#8934=CARTESIAN_POINT('Origin',(5.58614357137373,-57.6138564286263,32.));
#8935=CARTESIAN_POINT('',(7.38614357137373,-57.6138564286263,32.));
#8936=CARTESIAN_POINT('Origin',(-5.58614357137373,-68.7861435713737,32.));
#8937=CARTESIAN_POINT('',(-3.78614357137373,-68.7861435713737,32.));
#8938=CARTESIAN_POINT('Origin',(9.67470971326409E-16,-55.3,32.));
#8939=CARTESIAN_POINT('',(1.8,-55.3,32.));
#8940=CARTESIAN_POINT('Origin',(0.,-23.7,32.));
#8941=CARTESIAN_POINT('',(1.8,-23.7,32.));
#8942=CARTESIAN_POINT('Origin',(-5.58614357137377,5.58614357137368,32.));
#8943=CARTESIAN_POINT('',(-3.78614357137377,5.58614357137368,32.));
#8944=CARTESIAN_POINT('Origin',(5.71003470963744E-14,-7.9,32.));
#8945=CARTESIAN_POINT('',(1.80000000000006,-7.9,32.));
#8946=CARTESIAN_POINT('Origin',(-5.51654051537215E-14,7.9,32.));
#8947=CARTESIAN_POINT('',(1.79999999999994,7.9,32.));
#8948=CARTESIAN_POINT('Origin',(7.89999999999978,31.6,32.));
#8949=CARTESIAN_POINT('',(9.69999999999978,31.6,32.));
#8950=CARTESIAN_POINT('Origin',(-5.58614357137422,68.7861435713737,32.));
#8951=CARTESIAN_POINT('',(-3.78614357137422,68.7861435713737,32.));
#8952=CARTESIAN_POINT('Origin',(5.58614357137332,57.6138564286263,32.));
#8953=CARTESIAN_POINT('',(7.38614357137332,57.6138564286263,32.));
#8954=CARTESIAN_POINT('Origin',(-5.04228414154105E-13,71.1,32.));
#8955=CARTESIAN_POINT('',(1.7999999999995,71.1,32.));
#8956=CARTESIAN_POINT('Origin',(7.89999999999933,94.8,32.));
#8957=CARTESIAN_POINT('',(9.69999999999933,94.8,32.));
#8958=CARTESIAN_POINT('Origin',(5.58614357137279,131.986143571374,32.));
#8959=CARTESIAN_POINT('',(7.38614357137279,131.986143571374,32.));
#8960=CARTESIAN_POINT('Origin',(-7.9000000000009,126.4,32.));
#8961=CARTESIAN_POINT('',(-6.1000000000009,126.4,32.));
#8962=CARTESIAN_POINT('Origin',(7.8999999999991,126.4,32.));
#8963=CARTESIAN_POINT('',(9.6999999999991,126.4,32.));
#8964=CARTESIAN_POINT('Origin',(-5.58614357137458,120.813856428626,32.));
#8965=CARTESIAN_POINT('',(-3.78614357137458,120.813856428626,32.));
#8966=CARTESIAN_POINT('Origin',(-9.54258894125815E-13,134.3,32.));
#8967=CARTESIAN_POINT('',(1.79999999999905,134.3,32.));
#8968=CARTESIAN_POINT('Origin',(-6.73594513500575E-13,94.8,32.));
#8969=CARTESIAN_POINT('',(3.89999999999933,94.8,32.));
#8970=CARTESIAN_POINT('Origin',(-5.61328761250479E-13,79.,32.));
#8971=CARTESIAN_POINT('',(3.89999999999944,79.,32.));
#8972=CARTESIAN_POINT('Origin',(7.89999999999955,63.2,32.));
#8973=CARTESIAN_POINT('',(9.69999999999955,63.2,32.));
#8974=CARTESIAN_POINT('Origin',(-7.90000000000045,63.2,32.));
#8975=CARTESIAN_POINT('',(-6.10000000000045,63.2,32.));
#8976=CARTESIAN_POINT('Origin',(-2.24531504500192E-13,31.6,32.));
#8977=CARTESIAN_POINT('',(3.89999999999978,31.6,32.));
#8978=CARTESIAN_POINT('Origin',(-1.12265752250096E-13,15.8,32.));
#8979=CARTESIAN_POINT('',(3.89999999999989,15.8,32.));
#8980=CARTESIAN_POINT('Origin',(5.58614357137373,-5.58614357137373,32.));
#8981=CARTESIAN_POINT('',(7.38614357137373,-5.58614357137373,32.));
#8982=CARTESIAN_POINT('Origin',(-7.9,-5.78870285039557E-14,32.));
#8983=CARTESIAN_POINT('',(-6.1,-5.81074649278022E-14,32.));
#8984=CARTESIAN_POINT('Origin',(7.9,-31.6,32.));
#8985=CARTESIAN_POINT('',(9.7,-31.6,32.));
#8986=CARTESIAN_POINT('Origin',(0.,-47.4,32.));
#8987=CARTESIAN_POINT('',(3.9,-47.4,32.));
#8988=CARTESIAN_POINT('Origin',(-7.9,-63.2,32.));
#8989=CARTESIAN_POINT('',(-6.1,-63.2,32.));
#8990=CARTESIAN_POINT('Origin',(7.9,-63.2,32.));
#8991=CARTESIAN_POINT('',(9.7,-63.2,32.));
#8992=CARTESIAN_POINT('Origin',(0.,-94.8,32.));
#8993=CARTESIAN_POINT('',(3.9,-94.8,32.));
#8994=CARTESIAN_POINT('Origin',(0.,-110.6,32.));
#8995=CARTESIAN_POINT('',(3.9,-110.6,32.));
#8996=CARTESIAN_POINT('Origin',(7.9,-126.4,32.));
#8997=CARTESIAN_POINT('',(9.7,-126.4,32.));
#8998=CARTESIAN_POINT('Origin',(-7.9,-126.4,32.));
#8999=CARTESIAN_POINT('',(-6.1,-126.4,32.));
#9000=CARTESIAN_POINT('Origin',(0.,-134.3,32.));
#9001=CARTESIAN_POINT('',(1.8,-134.3,32.));
#9002=CARTESIAN_POINT('Origin',(0.,-126.4,32.));
#9003=CARTESIAN_POINT('',(3.9,-126.4,32.));
#9004=CARTESIAN_POINT('Origin',(0.,-102.7,32.));
#9005=CARTESIAN_POINT('',(1.8,-102.7,32.));
#9006=CARTESIAN_POINT('Origin',(0.,-79.,32.));
#9007=CARTESIAN_POINT('',(3.9,-79.,32.));
#9008=CARTESIAN_POINT('Origin',(0.,-71.1,32.));
#9009=CARTESIAN_POINT('',(1.8,-71.1,32.));
#9010=CARTESIAN_POINT('Origin',(0.,-63.2,32.));
#9011=CARTESIAN_POINT('',(3.9,-63.2,32.));
#9012=CARTESIAN_POINT('Origin',(9.67470971326409E-16,-39.5,32.));
#9013=CARTESIAN_POINT('',(1.8,-39.5,32.));
#9014=CARTESIAN_POINT('Origin',(0.,-15.8,32.));
#9015=CARTESIAN_POINT('',(3.9,-15.8,32.));
#9016=CARTESIAN_POINT('Origin',(0.,0.,32.));
#9017=CARTESIAN_POINT('',(3.9,-4.77612251667468E-16,32.));
#9018=CARTESIAN_POINT('Origin',(5.58614357137373,5.58614357137373,32.));
#9019=CARTESIAN_POINT('',(7.38614357137373,5.58614357137373,32.));
#9020=CARTESIAN_POINT('Origin',(-7.90000000000022,31.6,32.));
#9021=CARTESIAN_POINT('',(-6.10000000000022,31.6,32.));
#9022=CARTESIAN_POINT('Origin',(-3.36797256750288E-13,47.4,32.));
#9023=CARTESIAN_POINT('',(3.89999999999966,47.4,32.));
#9024=CARTESIAN_POINT('Origin',(-3.92930132875336E-13,55.3,32.));
#9025=CARTESIAN_POINT('',(1.79999999999961,55.3,32.));
#9026=CARTESIAN_POINT('Origin',(5.58614357137324,68.7861435713738,32.));
#9027=CARTESIAN_POINT('',(7.38614357137324,68.7861435713738,32.));
#9028=CARTESIAN_POINT('Origin',(-7.90000000000067,94.8,32.));
#9029=CARTESIAN_POINT('',(-6.10000000000067,94.8,32.));
#9030=CARTESIAN_POINT('Origin',(-7.85860265750671E-13,110.6,32.));
#9031=CARTESIAN_POINT('',(3.89999999999921,110.6,32.));
#9032=CARTESIAN_POINT('Origin',(-8.98126018000767E-13,126.4,32.));
#9033=CARTESIAN_POINT('',(3.8999999999991,126.4,32.));
#9034=CARTESIAN_POINT('Origin',(5.58614357137287,120.813856428626,32.));
#9035=CARTESIAN_POINT('',(7.38614357137287,120.813856428626,32.));
#9036=CARTESIAN_POINT('Origin',(-8.41025670904393E-13,118.5,32.));
#9037=CARTESIAN_POINT('',(1.79999999999916,118.5,32.));
#9038=CARTESIAN_POINT('Origin',(-5.58614357137467,131.986143571374,32.));
#9039=CARTESIAN_POINT('',(-3.78614357137467,131.986143571374,32.));
#9040=CARTESIAN_POINT('Origin',(-7.28759918654297E-13,102.7,32.));
#9041=CARTESIAN_POINT('',(1.79999999999927,102.7,32.));
#9042=CARTESIAN_POINT('Origin',(-6.16494166404201E-13,86.9,32.));
#9043=CARTESIAN_POINT('',(1.79999999999938,86.9,32.));
#9044=CARTESIAN_POINT('Origin',(-4.49063009000384E-13,63.2,32.));
#9045=CARTESIAN_POINT('',(3.89999999999955,63.2,32.));
#9046=CARTESIAN_POINT('Origin',(-5.58614357137413,57.6138564286262,32.));
#9047=CARTESIAN_POINT('',(-3.78614357137413,57.6138564286262,32.));
#9048=CARTESIAN_POINT('Origin',(-2.8066438062524E-13,39.5,32.));
#9049=CARTESIAN_POINT('',(1.79999999999972,39.5,32.));
#9050=CARTESIAN_POINT('Origin',(-1.67431157403817E-13,23.7,32.));
#9051=CARTESIAN_POINT('',(1.79999999999983,23.7,32.));
#9052=CARTESIAN_POINT('Origin',(7.9,1.75415237890775E-15,32.));
#9053=CARTESIAN_POINT('',(9.7,1.53371595506123E-15,32.));
#9054=CARTESIAN_POINT('Origin',(-5.58614357137369,-5.58614357137377,32.));
#9055=CARTESIAN_POINT('',(-3.78614357137369,-5.58614357137377,32.));
#9056=CARTESIAN_POINT('Origin',(0.,-31.6,32.));
#9057=CARTESIAN_POINT('',(3.9,-31.6,32.));
#9058=CARTESIAN_POINT('Origin',(-7.9,-31.6,32.));
#9059=CARTESIAN_POINT('',(-6.1,-31.6,32.));
#9060=CARTESIAN_POINT('Origin',(-5.58614357137373,-57.6138564286263,32.));
#9061=CARTESIAN_POINT('',(-3.78614357137373,-57.6138564286263,32.));
#9062=CARTESIAN_POINT('Origin',(5.58614357137373,-68.7861435713737,32.));
#9063=CARTESIAN_POINT('',(7.38614357137373,-68.7861435713737,32.));
#9064=CARTESIAN_POINT('Origin',(0.,-86.9,32.));
#9065=CARTESIAN_POINT('',(1.8,-86.9,32.));
#9066=CARTESIAN_POINT('Origin',(7.9,-94.8,32.));
#9067=CARTESIAN_POINT('',(9.7,-94.8,32.));
#9068=CARTESIAN_POINT('Origin',(5.58614357137373,-120.813856428626,32.));
#9069=CARTESIAN_POINT('',(7.38614357137373,-120.813856428626,32.));
#9070=CARTESIAN_POINT('Origin',(-5.58614357137373,-131.986143571374,32.));
#9071=CARTESIAN_POINT('',(-3.78614357137373,-131.986143571374,32.));
#9072=CARTESIAN_POINT('Origin',(-16.,-126.4,16.));
#9073=CARTESIAN_POINT('',(-16.,-122.5,16.));
#9074=UNCERTAINTY_MEASURE_WITH_UNIT(LENGTH_MEASURE(0.01),#9078,
'DISTANCE_ACCURACY_VALUE',
'Maximum model space distance between geometric entities at asserted c
onnectivities');
#9075=UNCERTAINTY_MEASURE_WITH_UNIT(LENGTH_MEASURE(0.01),#9078,
'DISTANCE_ACCURACY_VALUE',
'Maximum model space distance between geometric entities at asserted c
onnectivities');
#9076=(
GEOMETRIC_REPRESENTATION_CONTEXT(3)
GLOBAL_UNCERTAINTY_ASSIGNED_CONTEXT((#9074))
GLOBAL_UNIT_ASSIGNED_CONTEXT((#9078,#9080,#9081))
REPRESENTATION_CONTEXT('','3D')
);
#9077=(
GEOMETRIC_REPRESENTATION_CONTEXT(3)
GLOBAL_UNCERTAINTY_ASSIGNED_CONTEXT((#9075))
GLOBAL_UNIT_ASSIGNED_CONTEXT((#9078,#9080,#9081))
REPRESENTATION_CONTEXT('','3D')
);
#9078=(
LENGTH_UNIT()
NAMED_UNIT(*)
SI_UNIT(.MILLI.,.METRE.)
);
#9079=(
LENGTH_UNIT()
NAMED_UNIT(*)
SI_UNIT($,.METRE.)
);
#9080=(
NAMED_UNIT(*)
PLANE_ANGLE_UNIT()
SI_UNIT($,.RADIAN.)
);
#9081=(
NAMED_UNIT(*)
SI_UNIT($,.STERADIAN.)
SOLID_ANGLE_UNIT()
);
#9082=SHAPE_DEFINITION_REPRESENTATION(#9083,#9084);
#9083=PRODUCT_DEFINITION_SHAPE('',$,#9086);
#9084=SHAPE_REPRESENTATION('',(#5366),#9076);
#9085=PRODUCT_DEFINITION_CONTEXT('part definition',#9090,'design');
#9086=PRODUCT_DEFINITION('AL 28.8L Extrude.step',
'AL 28.8L Extrude.step',#9087,#9085);
#9087=PRODUCT_DEFINITION_FORMATION('',$,#9092);
#9088=PRODUCT_RELATED_PRODUCT_CATEGORY('AL 28.8L Extrude.step',
'AL 28.8L Extrude.step',(#9092));
#9089=APPLICATION_PROTOCOL_DEFINITION('international standard',
'automotive_design',2009,#9090);
#9090=APPLICATION_CONTEXT(
'Core Data for Automotive Mechanical Design Process');
#9091=PRODUCT_CONTEXT('part definition',#9090,'mechanical');
#9092=PRODUCT('AL 28.8L Extrude.step','AL 28.8L Extrude.step',$,(#9091));
#9093=PRESENTATION_STYLE_ASSIGNMENT((#9094));
#9094=SURFACE_STYLE_USAGE(.BOTH.,#9095);
#9095=SURFACE_SIDE_STYLE('',(#9096));
#9096=SURFACE_STYLE_FILL_AREA(#9097);
#9097=FILL_AREA_STYLE('Steel - Satin',(#9098));
#9098=FILL_AREA_STYLE_COLOUR('Steel - Satin',#9099);
#9099=COLOUR_RGB('Steel - Satin',0.627450980392157,0.627450980392157,0.627450980392157);
ENDSEC;
END-ISO-10303-21;
