ISO-10303-21;
HEADER;
/* Generated by software containing ST-Developer
 * from STEP Tools, Inc. (www.steptools.com) 
 */

FILE_DESCRIPTION(
/* description */ (''),
/* implementation_level */ '2;1');

FILE_NAME(
/* name */ 'Assem1 final prj_Support Structure Base Back Right v2.step',

/* time_stamp */ '2026-03-01T00:19:22+05:30',
/* author */ (''),
/* organization */ (''),
/* preprocessor_version */ 'ST-DEVELOPER v20.1',
/* originating_system */ 'Autodesk Translation Framework v14.24.0.0',
/* authorisation */ '');

FILE_SCHEMA (('AUTOMOTIVE_DESIGN { 1 0 10303 214 3 1 1 }'));
ENDSEC;

DATA;
#10=MECHANICAL_DESIGN_GEOMETRIC_PRESENTATION_REPRESENTATION('',(#13),#3572);
#11=SHAPE_REPRESENTATION_RELATIONSHIP('SRR','None',#3579,#12);
#12=ADVANCED_BREP_SHAPE_REPRESENTATION('',(#14),#3571);
#13=STYLED_ITEM('',(#3588),#14);
#14=MANIFOLD_SOLID_BREP('Back Support Structure Base',#1227);
#15=SPHERICAL_SURFACE('',#1330,1.99999999999999);
#16=SPHERICAL_SURFACE('',#1336,1.99999999999999);
#17=CONICAL_SURFACE('',#1264,7.90000000000001,0.174532925199433);
#18=FACE_BOUND('',#400,.T.);
#19=FACE_BOUND('',#406,.T.);
#20=FACE_BOUND('',#407,.T.);
#21=FACE_BOUND('',#415,.T.);
#22=FACE_BOUND('',#416,.T.);
#23=FACE_BOUND('',#417,.T.);
#24=FACE_BOUND('',#418,.T.);
#25=FACE_BOUND('',#420,.T.);
#26=FACE_BOUND('',#423,.T.);
#27=FACE_BOUND('',#424,.T.);
#28=FACE_BOUND('',#425,.T.);
#29=FACE_BOUND('',#426,.T.);
#30=FACE_BOUND('',#427,.T.);
#31=FACE_BOUND('',#428,.T.);
#32=FACE_BOUND('',#429,.T.);
#33=FACE_BOUND('',#430,.T.);
#34=FACE_BOUND('',#431,.T.);
#35=FACE_BOUND('',#451,.T.);
#36=FACE_BOUND('',#452,.T.);
#37=FACE_BOUND('',#464,.T.);
#38=FACE_BOUND('',#465,.T.);
#39=PLANE('',#1251);
#40=PLANE('',#1252);
#41=PLANE('',#1253);
#42=PLANE('',#1268);
#43=PLANE('',#1274);
#44=PLANE('',#1327);
#45=PLANE('',#1347);
#46=PLANE('',#1348);
#47=PLANE('',#1351);
#48=PLANE('',#1352);
#49=PLANE('',#1353);
#50=PLANE('',#1354);
#51=PLANE('',#1355);
#52=PLANE('',#1356);
#53=PLANE('',#1357);
#54=PLANE('',#1358);
#55=PLANE('',#1359);
#56=PLANE('',#1360);
#57=PLANE('',#1361);
#58=PLANE('',#1362);
#59=PLANE('',#1363);
#60=PLANE('',#1364);
#61=PLANE('',#1365);
#62=PLANE('',#1368);
#63=PLANE('',#1369);
#64=PLANE('',#1370);
#65=PLANE('',#1371);
#66=TOROIDAL_SURFACE('',#1245,1.2,0.8);
#67=TOROIDAL_SURFACE('',#1260,8.45000000000001,0.8);
#68=TOROIDAL_SURFACE('',#1270,2.2,0.4);
#69=TOROIDAL_SURFACE('',#1285,2.2,0.4);
#70=TOROIDAL_SURFACE('',#1290,2.2,0.4);
#71=TOROIDAL_SURFACE('',#1295,2.2,0.4);
#72=TOROIDAL_SURFACE('',#1300,2.2,0.4);
#73=TOROIDAL_SURFACE('',#1305,2.2,0.4);
#74=TOROIDAL_SURFACE('',#1310,2.2,0.4);
#75=TOROIDAL_SURFACE('',#1315,4.30000000000001,0.4);
#76=TOROIDAL_SURFACE('',#1320,2.2,0.4);
#77=ELLIPSE('',#1243,1.13137084989835,0.8);
#78=ELLIPSE('',#1250,1.1313708498986,0.8);
#79=ELLIPSE('',#1335,2.7831812400145,2.);
#80=ELLIPSE('',#1341,2.7831812400145,2.);
#81=CYLINDRICAL_SURFACE('',#1242,0.8);
#82=CYLINDRICAL_SURFACE('',#1249,0.8);
#83=CYLINDRICAL_SURFACE('',#1255,1.99999999999999);
#84=CYLINDRICAL_SURFACE('',#1256,1.99999999999999);
#85=CYLINDRICAL_SURFACE('',#1258,1.99999999999999);
#86=CYLINDRICAL_SURFACE('',#1259,1.99999999999999);
#87=CYLINDRICAL_SURFACE('',#1266,7.65000000000001);
#88=CYLINDRICAL_SURFACE('',#1283,1.8);
#89=CYLINDRICAL_SURFACE('',#1288,1.8);
#90=CYLINDRICAL_SURFACE('',#1293,1.8);
#91=CYLINDRICAL_SURFACE('',#1298,1.8);
#92=CYLINDRICAL_SURFACE('',#1303,1.8);
#93=CYLINDRICAL_SURFACE('',#1308,1.8);
#94=CYLINDRICAL_SURFACE('',#1313,1.8);
#95=CYLINDRICAL_SURFACE('',#1318,3.90000000000001);
#96=CYLINDRICAL_SURFACE('',#1323,1.8);
#97=CYLINDRICAL_SURFACE('',#1325,2.);
#98=CYLINDRICAL_SURFACE('',#1334,2.);
#99=CYLINDRICAL_SURFACE('',#1340,2.);
#100=CYLINDRICAL_SURFACE('',#1342,2.);
#101=CYLINDRICAL_SURFACE('',#1344,2.);
#102=CYLINDRICAL_SURFACE('',#1345,2.);
#103=CYLINDRICAL_SURFACE('',#1366,1.8);
#104=CYLINDRICAL_SURFACE('',#1367,1.8);
#105=CIRCLE('',#1241,11.65);
#106=CIRCLE('',#1244,0.799999999999983);
#107=CIRCLE('',#1246,0.799999999999983);
#108=CIRCLE('',#1247,2.);
#109=CIRCLE('',#1248,1.2);
#110=CIRCLE('',#1254,11.65);
#111=CIRCLE('',#1257,11.65);
#112=CIRCLE('',#1261,7.66215379759025);
#113=CIRCLE('',#1262,0.8);
#114=CIRCLE('',#1263,7.65000000000001);
#115=CIRCLE('',#1265,8.15000000000001);
#116=CIRCLE('',#1267,7.65000000000001);
#117=CIRCLE('',#1269,11.65);
#118=CIRCLE('',#1271,2.2);
#119=CIRCLE('',#1272,0.4);
#120=CIRCLE('',#1273,1.8);
#121=CIRCLE('',#1275,2.2);
#122=CIRCLE('',#1276,2.2);
#123=CIRCLE('',#1277,2.2);
#124=CIRCLE('',#1278,4.30000000000001);
#125=CIRCLE('',#1279,2.2);
#126=CIRCLE('',#1280,2.2);
#127=CIRCLE('',#1281,2.2);
#128=CIRCLE('',#1282,2.2);
#129=CIRCLE('',#1284,1.8);
#130=CIRCLE('',#1286,0.4);
#131=CIRCLE('',#1287,1.8);
#132=CIRCLE('',#1289,1.8);
#133=CIRCLE('',#1291,0.4);
#134=CIRCLE('',#1292,1.8);
#135=CIRCLE('',#1294,1.8);
#136=CIRCLE('',#1296,0.4);
#137=CIRCLE('',#1297,1.8);
#138=CIRCLE('',#1299,1.8);
#139=CIRCLE('',#1301,0.4);
#140=CIRCLE('',#1302,1.8);
#141=CIRCLE('',#1304,1.8);
#142=CIRCLE('',#1306,0.4);
#143=CIRCLE('',#1307,1.8);
#144=CIRCLE('',#1309,1.8);
#145=CIRCLE('',#1311,0.4);
#146=CIRCLE('',#1312,1.8);
#147=CIRCLE('',#1314,1.8);
#148=CIRCLE('',#1316,0.4);
#149=CIRCLE('',#1317,3.90000000000001);
#150=CIRCLE('',#1319,3.90000000000001);
#151=CIRCLE('',#1321,0.4);
#152=CIRCLE('',#1322,1.8);
#153=CIRCLE('',#1324,1.8);
#154=CIRCLE('',#1326,2.);
#155=CIRCLE('',#1328,1.8);
#156=CIRCLE('',#1329,1.8);
#157=CIRCLE('',#1331,1.99999999999999);
#158=CIRCLE('',#1332,1.99999999999999);
#159=CIRCLE('',#1333,2.);
#160=CIRCLE('',#1337,1.99999999999999);
#161=CIRCLE('',#1338,1.99999999999999);
#162=CIRCLE('',#1339,2.);
#163=CIRCLE('',#1343,1.99999999999999);
#164=CIRCLE('',#1346,2.);
#165=CIRCLE('',#1349,1.8);
#166=CIRCLE('',#1350,1.8);
#167=LINE('',#1854,#240);
#168=LINE('',#1857,#241);
#169=LINE('',#1863,#242);
#170=LINE('',#1866,#243);
#171=LINE('',#1877,#244);
#172=LINE('',#1878,#245);
#173=LINE('',#1880,#246);
#174=LINE('',#1883,#247);
#175=LINE('',#1885,#248);
#176=LINE('',#1886,#249);
#177=LINE('',#1889,#250);
#178=LINE('',#1891,#251);
#179=LINE('',#1893,#252);
#180=LINE('',#1895,#253);
#181=LINE('',#1896,#254);
#182=LINE('',#2085,#255);
#183=LINE('',#2168,#256);
#184=LINE('',#2214,#257);
#185=LINE('',#2394,#258);
#186=LINE('',#2438,#259);
#187=LINE('',#2599,#260);
#188=LINE('',#2696,#261);
#189=LINE('',#2699,#262);
#190=LINE('',#2777,#263);
#191=LINE('',#2939,#264);
#192=LINE('',#3021,#265);
#193=LINE('',#3095,#266);
#194=LINE('',#3098,#267);
#195=LINE('',#3110,#268);
#196=LINE('',#3112,#269);
#197=LINE('',#3113,#270);
#198=LINE('',#3133,#271);
#199=LINE('',#3141,#272);
#200=LINE('',#3149,#273);
#201=LINE('',#3157,#274);
#202=LINE('',#3165,#275);
#203=LINE('',#3173,#276);
#204=LINE('',#3181,#277);
#205=LINE('',#3189,#278);
#206=LINE('',#3197,#279);
#207=LINE('',#3200,#280);
#208=LINE('',#3204,#281);
#209=LINE('',#3205,#282);
#210=LINE('',#3221,#283);
#211=LINE('',#3222,#284);
#212=LINE('',#3234,#285);
#213=LINE('',#3235,#286);
#214=LINE('',#3240,#287);
#215=LINE('',#3241,#288);
#216=LINE('',#3243,#289);
#217=LINE('',#3244,#290);
#218=LINE('',#3249,#291);
#219=LINE('',#3250,#292);
#220=LINE('',#3374,#293);
#221=LINE('',#3484,#294);
#222=LINE('',#3494,#295);
#223=LINE('',#3496,#296);
#224=LINE('',#3502,#297);
#225=LINE('',#3532,#298);
#226=LINE('',#3534,#299);
#227=LINE('',#3536,#300);
#228=LINE('',#3539,#301);
#229=LINE('',#3541,#302);
#230=LINE('',#3542,#303);
#231=LINE('',#3543,#304);
#232=LINE('',#3545,#305);
#233=LINE('',#3546,#306);
#234=LINE('',#3557,#307);
#235=LINE('',#3559,#308);
#236=LINE('',#3561,#309);
#237=LINE('',#3564,#310);
#238=LINE('',#3565,#311);
#239=LINE('',#3567,#312);
#240=VECTOR('',#1374,51.7233197150194);
#241=VECTOR('',#1377,51.7233197150194);
#242=VECTOR('',#1382,10.);
#243=VECTOR('',#1385,10.);
#244=VECTOR('',#1398,10.);
#245=VECTOR('',#1399,10.);
#246=VECTOR('',#1402,10.);
#247=VECTOR('',#1405,10.);
#248=VECTOR('',#1406,10.);
#249=VECTOR('',#1407,10.);
#250=VECTOR('',#1410,10.);
#251=VECTOR('',#1411,10.);
#252=VECTOR('',#1412,10.);
#253=VECTOR('',#1413,10.);
#254=VECTOR('',#1414,10.);
#255=VECTOR('',#1415,10.);
#256=VECTOR('',#1416,51.7233197150194);
#257=VECTOR('',#1421,1.99999999999999);
#258=VECTOR('',#1422,10.);
#259=VECTOR('',#1425,1.99999999999999);
#260=VECTOR('',#1426,10.);
#261=VECTOR('',#1427,10.);
#262=VECTOR('',#1430,51.7233197150194);
#263=VECTOR('',#1433,1.99999999999999);
#264=VECTOR('',#1434,10.);
#265=VECTOR('',#1437,1.99999999999999);
#266=VECTOR('',#1450,7.90000000000001);
#267=VECTOR('',#1453,7.65000000000001);
#268=VECTOR('',#1470,10.);
#269=VECTOR('',#1471,10.);
#270=VECTOR('',#1472,10.);
#271=VECTOR('',#1493,1.8);
#272=VECTOR('',#1504,1.8);
#273=VECTOR('',#1515,1.8);
#274=VECTOR('',#1526,1.8);
#275=VECTOR('',#1537,1.8);
#276=VECTOR('',#1548,1.8);
#277=VECTOR('',#1559,1.8);
#278=VECTOR('',#1570,3.90000000000001);
#279=VECTOR('',#1581,1.8);
#280=VECTOR('',#1584,10.);
#281=VECTOR('',#1589,10.);
#282=VECTOR('',#1590,10.);
#283=VECTOR('',#1607,10.);
#284=VECTOR('',#1608,10.);
#285=VECTOR('',#1621,10.);
#286=VECTOR('',#1622,10.);
#287=VECTOR('',#1627,10.);
#288=VECTOR('',#1628,10.);
#289=VECTOR('',#1631,10.);
#290=VECTOR('',#1632,10.);
#291=VECTOR('',#1637,10.);
#292=VECTOR('',#1638,10.);
#293=VECTOR('',#1639,10.);
#294=VECTOR('',#1640,10.);
#295=VECTOR('',#1643,10.);
#296=VECTOR('',#1646,10.);
#297=VECTOR('',#1653,10.);
#298=VECTOR('',#1656,10.);
#299=VECTOR('',#1659,10.);
#300=VECTOR('',#1662,10.);
#301=VECTOR('',#1665,10.);
#302=VECTOR('',#1666,10.);
#303=VECTOR('',#1667,10.);
#304=VECTOR('',#1668,10.);
#305=VECTOR('',#1671,10.);
#306=VECTOR('',#1672,10.);
#307=VECTOR('',#1693,1.8);
#308=VECTOR('',#1696,1.8);
#309=VECTOR('',#1699,10.);
#310=VECTOR('',#1702,10.);
#311=VECTOR('',#1703,10.);
#312=VECTOR('',#1706,10.);
#313=FACE_OUTER_BOUND('',#390,.T.);
#314=FACE_OUTER_BOUND('',#391,.T.);
#315=FACE_OUTER_BOUND('',#392,.T.);
#316=FACE_OUTER_BOUND('',#393,.T.);
#317=FACE_OUTER_BOUND('',#394,.T.);
#318=FACE_OUTER_BOUND('',#395,.T.);
#319=FACE_OUTER_BOUND('',#396,.T.);
#320=FACE_OUTER_BOUND('',#397,.T.);
#321=FACE_OUTER_BOUND('',#398,.T.);
#322=FACE_OUTER_BOUND('',#399,.T.);
#323=FACE_OUTER_BOUND('',#401,.T.);
#324=FACE_OUTER_BOUND('',#402,.T.);
#325=FACE_OUTER_BOUND('',#403,.T.);
#326=FACE_OUTER_BOUND('',#404,.T.);
#327=FACE_OUTER_BOUND('',#405,.T.);
#328=FACE_OUTER_BOUND('',#408,.T.);
#329=FACE_OUTER_BOUND('',#409,.T.);
#330=FACE_OUTER_BOUND('',#410,.T.);
#331=FACE_OUTER_BOUND('',#411,.T.);
#332=FACE_OUTER_BOUND('',#412,.T.);
#333=FACE_OUTER_BOUND('',#413,.T.);
#334=FACE_OUTER_BOUND('',#414,.T.);
#335=FACE_OUTER_BOUND('',#419,.T.);
#336=FACE_OUTER_BOUND('',#421,.T.);
#337=FACE_OUTER_BOUND('',#422,.T.);
#338=FACE_OUTER_BOUND('',#432,.T.);
#339=FACE_OUTER_BOUND('',#433,.T.);
#340=FACE_OUTER_BOUND('',#434,.T.);
#341=FACE_OUTER_BOUND('',#435,.T.);
#342=FACE_OUTER_BOUND('',#436,.T.);
#343=FACE_OUTER_BOUND('',#437,.T.);
#344=FACE_OUTER_BOUND('',#438,.T.);
#345=FACE_OUTER_BOUND('',#439,.T.);
#346=FACE_OUTER_BOUND('',#440,.T.);
#347=FACE_OUTER_BOUND('',#441,.T.);
#348=FACE_OUTER_BOUND('',#442,.T.);
#349=FACE_OUTER_BOUND('',#443,.T.);
#350=FACE_OUTER_BOUND('',#444,.T.);
#351=FACE_OUTER_BOUND('',#445,.T.);
#352=FACE_OUTER_BOUND('',#446,.T.);
#353=FACE_OUTER_BOUND('',#447,.T.);
#354=FACE_OUTER_BOUND('',#448,.T.);
#355=FACE_OUTER_BOUND('',#449,.T.);
#356=FACE_OUTER_BOUND('',#450,.T.);
#357=FACE_OUTER_BOUND('',#453,.T.);
#358=FACE_OUTER_BOUND('',#454,.T.);
#359=FACE_OUTER_BOUND('',#455,.T.);
#360=FACE_OUTER_BOUND('',#456,.T.);
#361=FACE_OUTER_BOUND('',#457,.T.);
#362=FACE_OUTER_BOUND('',#458,.T.);
#363=FACE_OUTER_BOUND('',#459,.T.);
#364=FACE_OUTER_BOUND('',#460,.T.);
#365=FACE_OUTER_BOUND('',#461,.T.);
#366=FACE_OUTER_BOUND('',#462,.T.);
#367=FACE_OUTER_BOUND('',#463,.T.);
#368=FACE_OUTER_BOUND('',#466,.T.);
#369=FACE_OUTER_BOUND('',#467,.T.);
#370=FACE_OUTER_BOUND('',#468,.T.);
#371=FACE_OUTER_BOUND('',#469,.T.);
#372=FACE_OUTER_BOUND('',#470,.T.);
#373=FACE_OUTER_BOUND('',#471,.T.);
#374=FACE_OUTER_BOUND('',#472,.T.);
#375=FACE_OUTER_BOUND('',#473,.T.);
#376=FACE_OUTER_BOUND('',#474,.T.);
#377=FACE_OUTER_BOUND('',#475,.T.);
#378=FACE_OUTER_BOUND('',#476,.T.);
#379=FACE_OUTER_BOUND('',#477,.T.);
#380=FACE_OUTER_BOUND('',#478,.T.);
#381=FACE_OUTER_BOUND('',#479,.T.);
#382=FACE_OUTER_BOUND('',#480,.T.);
#383=FACE_OUTER_BOUND('',#481,.T.);
#384=FACE_OUTER_BOUND('',#482,.T.);
#385=FACE_OUTER_BOUND('',#483,.T.);
#386=FACE_OUTER_BOUND('',#484,.T.);
#387=FACE_OUTER_BOUND('',#485,.T.);
#388=FACE_OUTER_BOUND('',#486,.T.);
#389=FACE_OUTER_BOUND('',#487,.T.);
#390=EDGE_LOOP('',(#796,#797,#798,#799));
#391=EDGE_LOOP('',(#800,#801,#802,#803,#804));
#392=EDGE_LOOP('',(#805,#806,#807,#808));
#393=EDGE_LOOP('',(#809,#810,#811,#812));
#394=EDGE_LOOP('',(#813,#814,#815,#816));
#395=EDGE_LOOP('',(#817,#818,#819,#820));
#396=EDGE_LOOP('',(#821,#822,#823,#824,#825,#826));
#397=EDGE_LOOP('',(#827,#828,#829,#830,#831,#832));
#398=EDGE_LOOP('',(#833,#834,#835,#836,#837,#838,#839));
#399=EDGE_LOOP('',(#840,#841,#842,#843,#844,#845));
#400=EDGE_LOOP('',(#846));
#401=EDGE_LOOP('',(#847,#848,#849,#850,#851));
#402=EDGE_LOOP('',(#852,#853,#854,#855,#856));
#403=EDGE_LOOP('',(#857,#858,#859,#860,#861));
#404=EDGE_LOOP('',(#862,#863,#864,#865,#866));
#405=EDGE_LOOP('',(#867,#868,#869,#870,#871));
#406=EDGE_LOOP('',(#872));
#407=EDGE_LOOP('',(#873));
#408=EDGE_LOOP('',(#874,#875,#876,#877,#878));
#409=EDGE_LOOP('',(#879,#880,#881,#882,#883));
#410=EDGE_LOOP('',(#884,#885,#886,#887,#888));
#411=EDGE_LOOP('',(#889,#890,#891,#892,#893,#894,#895,#896,#897));
#412=EDGE_LOOP('',(#898,#899,#900,#901));
#413=EDGE_LOOP('',(#902,#903,#904,#905));
#414=EDGE_LOOP('',(#906,#907,#908,#909));
#415=EDGE_LOOP('',(#910));
#416=EDGE_LOOP('',(#911));
#417=EDGE_LOOP('',(#912));
#418=EDGE_LOOP('',(#913));
#419=EDGE_LOOP('',(#914,#915,#916,#917));
#420=EDGE_LOOP('',(#918));
#421=EDGE_LOOP('',(#919,#920,#921,#922));
#422=EDGE_LOOP('',(#923,#924,#925,#926));
#423=EDGE_LOOP('',(#927));
#424=EDGE_LOOP('',(#928));
#425=EDGE_LOOP('',(#929));
#426=EDGE_LOOP('',(#930));
#427=EDGE_LOOP('',(#931));
#428=EDGE_LOOP('',(#932));
#429=EDGE_LOOP('',(#933));
#430=EDGE_LOOP('',(#934));
#431=EDGE_LOOP('',(#935));
#432=EDGE_LOOP('',(#936,#937,#938,#939));
#433=EDGE_LOOP('',(#940,#941,#942,#943));
#434=EDGE_LOOP('',(#944,#945,#946,#947));
#435=EDGE_LOOP('',(#948,#949,#950,#951));
#436=EDGE_LOOP('',(#952,#953,#954,#955));
#437=EDGE_LOOP('',(#956,#957,#958,#959));
#438=EDGE_LOOP('',(#960,#961,#962,#963));
#439=EDGE_LOOP('',(#964,#965,#966,#967));
#440=EDGE_LOOP('',(#968,#969,#970,#971));
#441=EDGE_LOOP('',(#972,#973,#974,#975));
#442=EDGE_LOOP('',(#976,#977,#978,#979));
#443=EDGE_LOOP('',(#980,#981,#982,#983));
#444=EDGE_LOOP('',(#984,#985,#986,#987));
#445=EDGE_LOOP('',(#988,#989,#990,#991));
#446=EDGE_LOOP('',(#992,#993,#994,#995));
#447=EDGE_LOOP('',(#996,#997,#998,#999));
#448=EDGE_LOOP('',(#1000,#1001,#1002,#1003));
#449=EDGE_LOOP('',(#1004,#1005,#1006,#1007));
#450=EDGE_LOOP('',(#1008,#1009,#1010,#1011));
#451=EDGE_LOOP('',(#1012));
#452=EDGE_LOOP('',(#1013));
#453=EDGE_LOOP('',(#1014,#1015,#1016));
#454=EDGE_LOOP('',(#1017,#1018,#1019,#1020));
#455=EDGE_LOOP('',(#1021,#1022,#1023));
#456=EDGE_LOOP('',(#1024,#1025,#1026,#1027));
#457=EDGE_LOOP('',(#1028,#1029,#1030,#1031));
#458=EDGE_LOOP('',(#1032,#1033,#1034,#1035));
#459=EDGE_LOOP('',(#1036,#1037,#1038,#1039));
#460=EDGE_LOOP('',(#1040,#1041,#1042,#1043));
#461=EDGE_LOOP('',(#1044,#1045,#1046,#1047));
#462=EDGE_LOOP('',(#1048,#1049,#1050));
#463=EDGE_LOOP('',(#1051,#1052,#1053,#1054,#1055,#1056));
#464=EDGE_LOOP('',(#1057));
#465=EDGE_LOOP('',(#1058));
#466=EDGE_LOOP('',(#1059,#1060,#1061,#1062));
#467=EDGE_LOOP('',(#1063));
#468=EDGE_LOOP('',(#1064,#1065,#1066,#1067,#1068));
#469=EDGE_LOOP('',(#1069,#1070,#1071));
#470=EDGE_LOOP('',(#1072,#1073,#1074,#1075));
#471=EDGE_LOOP('',(#1076,#1077,#1078,#1079,#1080,#1081,#1082,#1083,#1084,
#1085,#1086,#1087));
#472=EDGE_LOOP('',(#1088,#1089,#1090,#1091,#1092,#1093,#1094));
#473=EDGE_LOOP('',(#1095));
#474=EDGE_LOOP('',(#1096));
#475=EDGE_LOOP('',(#1097));
#476=EDGE_LOOP('',(#1098));
#477=EDGE_LOOP('',(#1099));
#478=EDGE_LOOP('',(#1100));
#479=EDGE_LOOP('',(#1101));
#480=EDGE_LOOP('',(#1102));
#481=EDGE_LOOP('',(#1103));
#482=EDGE_LOOP('',(#1104,#1105,#1106,#1107));
#483=EDGE_LOOP('',(#1108,#1109,#1110,#1111));
#484=EDGE_LOOP('',(#1112,#1113,#1114,#1115,#1116));
#485=EDGE_LOOP('',(#1117,#1118,#1119,#1120,#1121));
#486=EDGE_LOOP('',(#1122,#1123,#1124,#1125,#1126,#1127,#1128,#1129,#1130));
#487=EDGE_LOOP('',(#1131,#1132,#1133,#1134,#1135,#1136,#1137));
#488=B_SPLINE_CURVE_WITH_KNOTS('',3,(#1742,#1743,#1744,#1745,#1746,#1747,
#1748,#1749,#1750,#1751,#1752,#1753),.UNSPECIFIED.,.F.,.F.,(4,2,2,2,2,4),
(-0.418188963861429,-0.367772276011288,-0.315608351847875,-0.224091570811068,
-0.117062110281809,0.),.UNSPECIFIED.);
#489=B_SPLINE_CURVE_WITH_KNOTS('',3,(#1755,#1756,#1757,#1758,#1759,#1760),
 .UNSPECIFIED.,.F.,.F.,(4,1,1,4),(-4.875561726342,-3.46894909358308,-2.06160429883801,
0.0494128932795964),.UNSPECIFIED.);
#490=B_SPLINE_CURVE_WITH_KNOTS('',3,(#1762,#1763,#1764,#1765,#1766,#1767,
#1768,#1769,#1770,#1771,#1772,#1773,#1774,#1775,#1776,#1777,#1778,#1779,
#1780,#1781,#1782,#1783,#1784,#1785,#1786,#1787,#1788,#1789,#1790,#1791,
#1792,#1793,#1794,#1795,#1796,#1797,#1798,#1799,#1800,#1801,#1802,#1803,
#1804,#1805,#1806,#1807),.UNSPECIFIED.,.F.,.F.,(4,3,3,3,3,3,3,3,3,3,3,3,
3,3,3,4),(-0.0019216067164662,0.,0.0758902671064851,0.151939422490398,0.226872891690032,
0.298588209628204,0.368173773978044,0.434534681884271,0.478233893289522,
0.541722555089361,0.616445665273852,0.692396947495181,0.767655437991063,
0.84118239860106,0.911155989129289,0.961720767872186),.UNSPECIFIED.);
#491=B_SPLINE_CURVE_WITH_KNOTS('',3,(#1808,#1809,#1810,#1811,#1812,#1813),
 .UNSPECIFIED.,.F.,.F.,(4,1,1,4),(0.780567108174709,2.06160429883801,3.46894909358308,
4.83535231826143),.UNSPECIFIED.);
#492=B_SPLINE_CURVE_WITH_KNOTS('',3,(#1843,#1844,#1845,#1846,#1847,#1848,
#1849,#1850,#1851,#1852),.UNSPECIFIED.,.F.,.F.,(4,2,2,2,4),(-2.4000168170532,
-2.14050405134594,-1.85746187203575,-1.31803498411597,-0.909267362122528),
 .UNSPECIFIED.);
#493=B_SPLINE_CURVE_WITH_KNOTS('',3,(#2043,#2044,#2045,#2046,#2047,#2048,
#2049,#2050,#2051,#2052),.UNSPECIFIED.,.F.,.F.,(4,3,3,4),(0.257815823785643,
0.278316171456529,0.328107223462805,0.37789827546908),.UNSPECIFIED.);
#494=B_SPLINE_CURVE_WITH_KNOTS('',3,(#2054,#2055,#2056,#2057,#2058,#2059,
#2060,#2061,#2062,#2063,#2064,#2065,#2066,#2067,#2068,#2069,#2070,#2071,
#2072,#2073,#2074,#2075,#2076,#2077,#2078,#2079,#2080,#2081,#2082,#2083),
 .UNSPECIFIED.,.F.,.F.,(4,2,2,2,2,2,2,2,2,2,2,2,2,2,4),(0.342297414901574,
0.369993716308602,0.443036641716034,0.523364342610043,0.601491317618248,
0.684754621273857,0.772022661353527,0.851539800655098,0.915751287917104,
0.974402111951393,1.03834108780134,1.11968146106894,1.20129376222705,1.24599765222639,
1.29081912182828),.UNSPECIFIED.);
#495=B_SPLINE_CURVE_WITH_KNOTS('',3,(#2087,#2088,#2089,#2090,#2091,#2092,
#2093,#2094,#2095,#2096,#2097,#2098,#2099,#2100,#2101,#2102,#2103,#2104,
#2105,#2106,#2107,#2108,#2109,#2110,#2111,#2112,#2113,#2114,#2115,#2116,
#2117,#2118,#2119,#2120,#2121,#2122),.UNSPECIFIED.,.F.,.F.,(4,2,2,2,2,2,
2,2,2,2,2,2,2,2,2,2,2,4),(-1.29081912182828,-1.24599765222639,-1.20129376222705,
-1.11968146106894,-1.03834108780134,-0.974402111951393,-0.915751287917104,
-0.851539800655098,-0.772022661353527,-0.684754621273857,-0.601491317618248,
-0.523364342610043,-0.443036641716034,-0.369993716308602,-0.235491690210869,
-0.162567646144508,-0.082686350601732,-0.010130886994799),.UNSPECIFIED.);
#496=B_SPLINE_CURVE_WITH_KNOTS('',3,(#2123,#2124,#2125,#2126),
 .UNSPECIFIED.,.F.,.F.,(4,4),(-0.010130886994799,0.),.UNSPECIFIED.);
#497=B_SPLINE_CURVE_WITH_KNOTS('',3,(#2127,#2128,#2129,#2130,#2131,#2132,
#2133,#2134,#2135,#2136),.UNSPECIFIED.,.F.,.F.,(4,2,2,2,4),(0.,0.082686350601732,
0.162567646144508,0.235491690210869,0.262239913300278),.UNSPECIFIED.);
#498=B_SPLINE_CURVE_WITH_KNOTS('',3,(#2162,#2163,#2164,#2165,#2166),
 .UNSPECIFIED.,.F.,.F.,(4,1,4),(1.44501331163883E-5,1.5239809599492,1.64557853450111),
 .UNSPECIFIED.);
#499=B_SPLINE_CURVE_WITH_KNOTS('',3,(#2170,#2171,#2172,#2173,#2174),
 .UNSPECIFIED.,.F.,.F.,(4,1,4),(1.78528165092218,2.61242970221717,3.43082606006705),
 .UNSPECIFIED.);
#500=B_SPLINE_CURVE_WITH_KNOTS('',3,(#2176,#2177,#2178,#2179,#2180,#2181,
#2182,#2183,#2184,#2185,#2186,#2187,#2188,#2189,#2190,#2191,#2192,#2193,
#2194,#2195,#2196,#2197,#2198,#2199,#2200,#2201,#2202,#2203,#2204,#2205,
#2206,#2207,#2208,#2209,#2210,#2211),.UNSPECIFIED.,.T.,.F.,(4,2,2,2,2,2,
2,2,2,2,2,2,2,2,2,2,2,4),(0.,0.0798975404813792,0.15073744944542,0.225877190904405,
0.305270509143709,0.455139258366265,0.500401775476327,0.537126136075173,
0.576197437487815,0.711675864195827,0.784484898759884,0.938072745592013,
1.01732840852547,1.09687999852977,1.14581714376916,1.1833526076707,1.22103514649909,
1.2650544959001),.UNSPECIFIED.);
#501=B_SPLINE_CURVE_WITH_KNOTS('',3,(#2215,#2216,#2217,#2218,#2219,#2220,
#2221,#2222,#2223,#2224,#2225,#2226,#2227,#2228,#2229,#2230,#2231,#2232,
#2233,#2234,#2235,#2236,#2237,#2238,#2239,#2240,#2241,#2242,#2243,#2244,
#2245,#2246,#2247,#2248),.UNSPECIFIED.,.T.,.F.,(4,2,2,2,2,2,2,2,2,2,2,2,
2,2,2,2,4),(0.,0.0757243328268216,0.151448665653643,0.227160263462016,0.302871861270388,
0.37858345907876,0.454295056887132,0.530019389713953,0.605743722540774,
0.681468055367596,0.757192388194417,0.832903986002789,0.908615583811161,
0.984327181619533,1.06003877942791,1.13576311225473,1.21148744508155),
 .UNSPECIFIED.);
#502=B_SPLINE_CURVE_WITH_KNOTS('',3,(#2396,#2397,#2398,#2399,#2400,#2401),
 .UNSPECIFIED.,.F.,.F.,(4,2,4),(-1.2650544959001,-1.22103514649909,-1.18461286516933),
 .UNSPECIFIED.);
#503=B_SPLINE_CURVE_WITH_KNOTS('',3,(#2402,#2403,#2404,#2405,#2406,#2407,
#2408,#2409,#2410,#2411,#2412,#2413,#2414,#2415,#2416,#2417,#2418,#2419,
#2420,#2421,#2422,#2423,#2424,#2425,#2426,#2427,#2428,#2429,#2430,#2431,
#2432,#2433,#2434,#2435),.UNSPECIFIED.,.F.,.F.,(4,2,2,2,2,2,2,2,2,2,2,2,
2,2,2,2,4),(-1.18461286516933,-1.1833526076707,-1.14581714376916,-1.09687999852977,
-1.01732840852547,-0.938072745592013,-0.784484898759884,-0.711675864195827,
-0.576197437487815,-0.537126136075173,-0.500401775476327,-0.455139258366265,
-0.305270509143709,-0.225877190904405,-0.15073744944542,-0.0798975404813792,
0.),.UNSPECIFIED.);
#504=B_SPLINE_CURVE_WITH_KNOTS('',3,(#2439,#2440,#2441,#2442,#2443,#2444,
#2445,#2446,#2447,#2448,#2449,#2450,#2451,#2452,#2453,#2454,#2455,#2456,
#2457,#2458,#2459,#2460,#2461,#2462,#2463,#2464,#2465,#2466,#2467,#2468,
#2469,#2470,#2471,#2472),.UNSPECIFIED.,.T.,.F.,(4,2,2,2,2,2,2,2,2,2,2,2,
2,2,2,2,4),(0.,0.0757243328268216,0.151448665653643,0.227160263462016,0.302871861270388,
0.37858345907876,0.454295056887132,0.530019389713953,0.605743722540774,
0.681468055367596,0.757192388194417,0.832903986002789,0.908615583811161,
0.984327181619533,1.06003877942791,1.13576311225473,1.21148744508155),
 .UNSPECIFIED.);
#505=B_SPLINE_CURVE_WITH_KNOTS('',3,(#2601,#2602,#2603,#2604,#2605,#2606,
#2607,#2608,#2609,#2610,#2611,#2612,#2613,#2614,#2615,#2616,#2617,#2618,
#2619,#2620,#2621,#2622,#2623,#2624,#2625,#2626,#2627,#2628,#2629),
 .UNSPECIFIED.,.F.,.F.,(4,2,1,2,2,2,2,2,2,2,2,2,2,2,4),(-1.26447908824135,
-1.08032843109145,-0.965195303568884,-0.850062176046317,-0.790909793404213,
-0.740331362699567,-0.687372254576093,-0.620448475687341,-0.540931523018012,
-0.461852530654942,-0.384640540163826,-0.229858079241153,-0.162479487933311,
-0.1093523748512,-0.0960751442515159),.UNSPECIFIED.);
#506=B_SPLINE_CURVE_WITH_KNOTS('',3,(#2630,#2631,#2632,#2633,#2634,#2635),
 .UNSPECIFIED.,.F.,.F.,(4,2,4),(-0.0960751442515159,-0.0588301498748948,
0.),.UNSPECIFIED.);
#507=B_SPLINE_CURVE_WITH_KNOTS('',3,(#2636,#2637,#2638,#2639,#2640,#2641,
#2642,#2643,#2644,#2645,#2646,#2647,#2648,#2649,#2650,#2651,#2652,#2653,
#2654,#2655,#2656,#2657,#2658,#2659,#2660,#2661,#2662,#2663,#2664,#2665,
#2666),.UNSPECIFIED.,.T.,.F.,(4,2,2,2,2,2,2,2,2,2,2,2,2,1,2,4),(0.,0.0588301498748948,
0.1093523748512,0.162479487933311,0.229858079241153,0.384640540163826,0.461852530654942,
0.540931523018012,0.620448475687341,0.687372254576093,0.740331362699567,
0.790909793404213,0.850062176046317,0.965195303568884,1.08032843109145,
1.26447908824135),.UNSPECIFIED.);
#508=B_SPLINE_CURVE_WITH_KNOTS('',3,(#2701,#2702,#2703,#2704,#2705,#2706,
#2707,#2708,#2709,#2710,#2711,#2712,#2713,#2714,#2715,#2716,#2717,#2718,
#2719,#2720,#2721,#2722,#2723,#2724,#2725,#2726,#2727,#2728,#2729,#2730,
#2731,#2732,#2733,#2734,#2735,#2736,#2737,#2738,#2739,#2740),
 .UNSPECIFIED.,.T.,.F.,(4,2,2,2,2,2,2,2,2,2,2,2,2,2,2,2,2,2,2,4),(0.,0.0479088427692957,
0.0851449016032484,0.123191562967068,0.174114063349445,0.255046382010283,
0.327528745590624,0.402286520612067,0.480154997690251,0.559294905112214,
0.639868693667624,0.692379033554742,0.730862917237278,0.767831807603768,
0.814459367913443,0.893710600811382,0.964282827840067,1.03910319586569,
1.19746545996414,1.26497641796197),.UNSPECIFIED.);
#509=B_SPLINE_CURVE_WITH_KNOTS('',3,(#2743,#2744,#2745,#2746,#2747,#2748,
#2749,#2750,#2751,#2752,#2753,#2754,#2755,#2756,#2757,#2758,#2759,#2760,
#2761,#2762,#2763,#2764,#2765,#2766,#2767,#2768,#2769,#2770,#2771,#2772,
#2773,#2774,#2775,#2776),.UNSPECIFIED.,.T.,.F.,(4,2,2,2,2,2,2,2,2,2,2,2,
2,2,2,2,4),(0.,0.0757243328268216,0.151448665653643,0.227160263462016,0.302871861270388,
0.37858345907876,0.454295056887132,0.530019389713953,0.605743722540774,
0.681468055367596,0.757192388194417,0.832903986002789,0.908615583811161,
0.984327181619533,1.06003877942791,1.13576311225473,1.21148744508155),
 .UNSPECIFIED.);
#510=B_SPLINE_CURVE_WITH_KNOTS('',3,(#2941,#2942,#2943,#2944,#2945,#2946,
#2947,#2948,#2949,#2950,#2951,#2952,#2953,#2954,#2955,#2956,#2957,#2958,
#2959,#2960,#2961,#2962,#2963,#2964,#2965,#2966,#2967,#2968,#2969,#2970,
#2971,#2972,#2973,#2974,#2975,#2976,#2977,#2978),.UNSPECIFIED.,.F.,.F.,
(4,2,2,2,2,2,2,2,2,2,2,2,2,2,2,2,2,2,4),(-1.26497641796197,-1.19746545996414,
-1.03910319586569,-0.964282827840067,-0.893710600811382,-0.814459367913443,
-0.767831807603768,-0.730862917237278,-0.692379033554742,-0.639868693667624,
-0.559294905112214,-0.480154997690251,-0.402286520612067,-0.327528745590624,
-0.255046382010283,-0.174114063349445,-0.123191562967068,-0.0851449016032484,
-0.080452531661865),.UNSPECIFIED.);
#511=B_SPLINE_CURVE_WITH_KNOTS('',3,(#2979,#2980,#2981,#2982,#2983,#2984),
 .UNSPECIFIED.,.F.,.F.,(4,2,4),(-0.080452531661865,-0.0479088427692957,
0.),.UNSPECIFIED.);
#512=B_SPLINE_CURVE_WITH_KNOTS('',3,(#2987,#2988,#2989,#2990,#2991,#2992,
#2993,#2994,#2995,#2996,#2997,#2998,#2999,#3000,#3001,#3002,#3003,#3004,
#3005,#3006,#3007,#3008,#3009,#3010,#3011,#3012,#3013,#3014,#3015,#3016,
#3017,#3018,#3019,#3020),.UNSPECIFIED.,.T.,.F.,(4,2,2,2,2,2,2,2,2,2,2,2,
2,2,2,2,4),(0.,0.0757243328268216,0.151448665653643,0.227160263462016,0.302871861270388,
0.37858345907876,0.454295056887132,0.530019389713953,0.605743722540774,
0.681468055367596,0.757192388194417,0.832903986002789,0.908615583811161,
0.984327181619533,1.06003877942791,1.13576311225473,1.21148744508155),
 .UNSPECIFIED.);
#513=B_SPLINE_CURVE_WITH_KNOTS('',3,(#3065,#3066,#3067,#3068),
 .UNSPECIFIED.,.F.,.F.,(4,4),(3.48080080149009,3.70087844448514),
 .UNSPECIFIED.);
#514=B_SPLINE_CURVE_WITH_KNOTS('',3,(#3070,#3071,#3072,#3073,#3074,#3075),
 .UNSPECIFIED.,.F.,.F.,(4,1,1,4),(-3.4808008014901,-2.61242970221717,-1.5239809599492,
0.0498807663381275),.UNSPECIFIED.);
#515=B_SPLINE_CURVE_WITH_KNOTS('',3,(#3076,#3077,#3078,#3079,#3080,#3081,
#3082,#3083,#3084,#3085),.UNSPECIFIED.,.F.,.F.,(4,2,2,2,4),(-2.40203393578767,
-1.71984369449388,-1.07667771298234,-0.498624073105223,0.),
 .UNSPECIFIED.);
#516=B_SPLINE_CURVE_WITH_KNOTS('',3,(#3308,#3309,#3310,#3311,#3312,#3313,
#3314,#3315,#3316,#3317,#3318,#3319,#3320,#3321,#3322,#3323,#3324,#3325,
#3326,#3327,#3328,#3329,#3330,#3331,#3332,#3333,#3334,#3335,#3336,#3337,
#3338,#3339,#3340,#3341,#3342,#3343,#3344,#3345,#3346,#3347,#3348,#3349,
#3350,#3351,#3352,#3353,#3354,#3355,#3356,#3357,#3358,#3359,#3360,#3361,
#3362,#3363,#3364,#3365),.UNSPECIFIED.,.F.,.F.,(4,3,3,3,3,3,3,3,3,3,3,3,
3,3,3,3,3,3,3,4),(0.,0.022143999482814,0.0446207426823182,0.0670772265006795,
0.0781162180608905,0.100640966871803,0.122961190073247,0.134946575221839,
0.156227209914315,0.158035272367467,0.180334860977084,0.202931343572321,
0.22549147438607,0.233261554818887,0.234342256148723,0.256925258418629,
0.258482780041815,0.274428755454112,0.296662977862703,0.31452371806293),
 .UNSPECIFIED.);
#517=B_SPLINE_CURVE_WITH_KNOTS('',3,(#3366,#3367,#3368,#3369,#3370,#3371,
#3372,#3373),.UNSPECIFIED.,.F.,.F.,(4,1,1,1,1,4),(0.209833922721827,0.209848308391133,
0.210098621702126,0.210161200029874,0.210223778357622,0.21028635668537),
 .UNSPECIFIED.);
#518=B_SPLINE_CURVE_WITH_KNOTS('',3,(#3432,#3433,#3434,#3435,#3436,#3437,
#3438,#3439,#3440,#3441,#3442,#3443,#3444,#3445,#3446,#3447,#3448,#3449,
#3450,#3451,#3452,#3453,#3454,#3455,#3456,#3457,#3458,#3459,#3460,#3461,
#3462,#3463,#3464,#3465,#3466,#3467,#3468,#3469,#3470,#3471,#3472,#3473,
#3474,#3475,#3476,#3477,#3478,#3479,#3480,#3481,#3482,#3483),
 .UNSPECIFIED.,.F.,.F.,(4,3,3,3,3,3,3,3,3,3,3,3,3,3,3,3,3,4),(0.,0.0219624172917343,
0.0443717487436962,0.0670455414175163,0.0781070569773917,0.0814429635250554,
0.104064895613001,0.121178949301193,0.143424185853584,0.156243394325309,
0.179764126118748,0.192389690454259,0.214920236100837,0.234390826843419,
0.256870237533933,0.27445378730811,0.296791053014702,0.314524048181642),
 .UNSPECIFIED.);
#519=B_SPLINE_CURVE_WITH_KNOTS('',3,(#3485,#3486,#3487,#3488,#3489,#3490,
#3491,#3492),.UNSPECIFIED.,.F.,.F.,(4,1,1,1,1,4),(0.977662990612266,0.97769427977614,
0.977725568940014,0.97785072559551,0.978101038906503,0.978115424575808),
 .UNSPECIFIED.);
#520=VERTEX_POINT('',#1740);
#521=VERTEX_POINT('',#1741);
#522=VERTEX_POINT('',#1754);
#523=VERTEX_POINT('',#1761);
#524=VERTEX_POINT('',#1842);
#525=VERTEX_POINT('',#1853);
#526=VERTEX_POINT('',#1855);
#527=VERTEX_POINT('',#1859);
#528=VERTEX_POINT('',#1860);
#529=VERTEX_POINT('',#1862);
#530=VERTEX_POINT('',#1864);
#531=VERTEX_POINT('',#1868);
#532=VERTEX_POINT('',#1869);
#533=VERTEX_POINT('',#1874);
#534=VERTEX_POINT('',#1875);
#535=VERTEX_POINT('',#1882);
#536=VERTEX_POINT('',#1884);
#537=VERTEX_POINT('',#1888);
#538=VERTEX_POINT('',#1890);
#539=VERTEX_POINT('',#1892);
#540=VERTEX_POINT('',#1894);
#541=VERTEX_POINT('',#2041);
#542=VERTEX_POINT('',#2042);
#543=VERTEX_POINT('',#2053);
#544=VERTEX_POINT('',#2084);
#545=VERTEX_POINT('',#2086);
#546=VERTEX_POINT('',#2161);
#547=VERTEX_POINT('',#2167);
#548=VERTEX_POINT('',#2175);
#549=VERTEX_POINT('',#2213);
#550=VERTEX_POINT('',#2393);
#551=VERTEX_POINT('',#2395);
#552=VERTEX_POINT('',#2437);
#553=VERTEX_POINT('',#2597);
#554=VERTEX_POINT('',#2598);
#555=VERTEX_POINT('',#2600);
#556=VERTEX_POINT('',#2695);
#557=VERTEX_POINT('',#2697);
#558=VERTEX_POINT('',#2700);
#559=VERTEX_POINT('',#2742);
#560=VERTEX_POINT('',#2938);
#561=VERTEX_POINT('',#2940);
#562=VERTEX_POINT('',#2986);
#563=VERTEX_POINT('',#3064);
#564=VERTEX_POINT('',#3069);
#565=VERTEX_POINT('',#3087);
#566=VERTEX_POINT('',#3089);
#567=VERTEX_POINT('',#3093);
#568=VERTEX_POINT('',#3097);
#569=VERTEX_POINT('',#3103);
#570=VERTEX_POINT('',#3105);
#571=VERTEX_POINT('',#3109);
#572=VERTEX_POINT('',#3111);
#573=VERTEX_POINT('',#3114);
#574=VERTEX_POINT('',#3116);
#575=VERTEX_POINT('',#3118);
#576=VERTEX_POINT('',#3120);
#577=VERTEX_POINT('',#3122);
#578=VERTEX_POINT('',#3124);
#579=VERTEX_POINT('',#3126);
#580=VERTEX_POINT('',#3128);
#581=VERTEX_POINT('',#3131);
#582=VERTEX_POINT('',#3135);
#583=VERTEX_POINT('',#3139);
#584=VERTEX_POINT('',#3143);
#585=VERTEX_POINT('',#3147);
#586=VERTEX_POINT('',#3151);
#587=VERTEX_POINT('',#3155);
#588=VERTEX_POINT('',#3159);
#589=VERTEX_POINT('',#3163);
#590=VERTEX_POINT('',#3167);
#591=VERTEX_POINT('',#3171);
#592=VERTEX_POINT('',#3175);
#593=VERTEX_POINT('',#3179);
#594=VERTEX_POINT('',#3183);
#595=VERTEX_POINT('',#3187);
#596=VERTEX_POINT('',#3191);
#597=VERTEX_POINT('',#3195);
#598=VERTEX_POINT('',#3199);
#599=VERTEX_POINT('',#3203);
#600=VERTEX_POINT('',#3206);
#601=VERTEX_POINT('',#3208);
#602=VERTEX_POINT('',#3211);
#603=VERTEX_POINT('',#3212);
#604=VERTEX_POINT('',#3214);
#605=VERTEX_POINT('',#3218);
#606=VERTEX_POINT('',#3219);
#607=VERTEX_POINT('',#3224);
#608=VERTEX_POINT('',#3225);
#609=VERTEX_POINT('',#3227);
#610=VERTEX_POINT('',#3231);
#611=VERTEX_POINT('',#3232);
#612=VERTEX_POINT('',#3237);
#613=VERTEX_POINT('',#3238);
#614=VERTEX_POINT('',#3246);
#615=VERTEX_POINT('',#3247);
#616=VERTEX_POINT('',#3306);
#617=VERTEX_POINT('',#3307);
#618=VERTEX_POINT('',#3430);
#619=VERTEX_POINT('',#3431);
#620=VERTEX_POINT('',#3497);
#621=VERTEX_POINT('',#3499);
#622=VERTEX_POINT('',#3538);
#623=VERTEX_POINT('',#3540);
#624=VERTEX_POINT('',#3563);
#625=EDGE_CURVE('',#520,#521,#488,.F.);
#626=EDGE_CURVE('',#520,#522,#489,.T.);
#627=EDGE_CURVE('',#522,#523,#490,.T.);
#628=EDGE_CURVE('',#523,#521,#491,.T.);
#629=EDGE_CURVE('',#523,#524,#492,.F.);
#630=EDGE_CURVE('',#524,#525,#167,.T.);
#631=EDGE_CURVE('',#526,#525,#105,.T.);
#632=EDGE_CURVE('',#521,#526,#168,.T.);
#633=EDGE_CURVE('',#527,#528,#77,.T.);
#634=EDGE_CURVE('',#528,#529,#169,.T.);
#635=EDGE_CURVE('',#529,#530,#106,.T.);
#636=EDGE_CURVE('',#530,#527,#170,.T.);
#637=EDGE_CURVE('',#531,#532,#107,.T.);
#638=EDGE_CURVE('',#532,#530,#108,.T.);
#639=EDGE_CURVE('',#529,#531,#109,.T.);
#640=EDGE_CURVE('',#533,#534,#78,.F.);
#641=EDGE_CURVE('',#533,#532,#171,.T.);
#642=EDGE_CURVE('',#531,#534,#172,.T.);
#643=EDGE_CURVE('',#534,#528,#173,.T.);
#644=EDGE_CURVE('',#527,#535,#174,.T.);
#645=EDGE_CURVE('',#536,#535,#175,.T.);
#646=EDGE_CURVE('',#533,#536,#176,.T.);
#647=EDGE_CURVE('',#537,#536,#177,.T.);
#648=EDGE_CURVE('',#535,#538,#178,.T.);
#649=EDGE_CURVE('',#538,#539,#179,.T.);
#650=EDGE_CURVE('',#539,#540,#180,.T.);
#651=EDGE_CURVE('',#540,#537,#181,.T.);
#652=EDGE_CURVE('',#541,#542,#493,.T.);
#653=EDGE_CURVE('',#542,#543,#494,.T.);
#654=EDGE_CURVE('',#543,#544,#182,.T.);
#655=EDGE_CURVE('',#544,#545,#495,.T.);
#656=EDGE_CURVE('',#545,#544,#496,.T.);
#657=EDGE_CURVE('',#543,#541,#497,.T.);
#658=EDGE_CURVE('',#546,#541,#498,.T.);
#659=EDGE_CURVE('',#546,#547,#183,.T.);
#660=EDGE_CURVE('',#525,#547,#110,.T.);
#661=EDGE_CURVE('',#542,#524,#499,.T.);
#662=EDGE_CURVE('',#548,#548,#500,.T.);
#663=EDGE_CURVE('',#545,#549,#184,.T.);
#664=EDGE_CURVE('',#549,#549,#501,.T.);
#665=EDGE_CURVE('',#548,#550,#185,.T.);
#666=EDGE_CURVE('',#550,#551,#502,.T.);
#667=EDGE_CURVE('',#551,#550,#503,.T.);
#668=EDGE_CURVE('',#551,#552,#186,.T.);
#669=EDGE_CURVE('',#552,#552,#504,.T.);
#670=EDGE_CURVE('',#553,#554,#187,.T.);
#671=EDGE_CURVE('',#554,#555,#505,.T.);
#672=EDGE_CURVE('',#555,#554,#506,.T.);
#673=EDGE_CURVE('',#553,#553,#507,.T.);
#674=EDGE_CURVE('',#556,#520,#188,.T.);
#675=EDGE_CURVE('',#557,#526,#111,.T.);
#676=EDGE_CURVE('',#556,#557,#189,.T.);
#677=EDGE_CURVE('',#558,#558,#508,.T.);
#678=EDGE_CURVE('',#559,#559,#509,.T.);
#679=EDGE_CURVE('',#559,#555,#190,.T.);
#680=EDGE_CURVE('',#558,#560,#191,.T.);
#681=EDGE_CURVE('',#560,#561,#510,.T.);
#682=EDGE_CURVE('',#561,#560,#511,.T.);
#683=EDGE_CURVE('',#562,#562,#512,.T.);
#684=EDGE_CURVE('',#562,#561,#192,.T.);
#685=EDGE_CURVE('',#563,#522,#513,.T.);
#686=EDGE_CURVE('',#563,#564,#514,.T.);
#687=EDGE_CURVE('',#564,#546,#515,.T.);
#688=EDGE_CURVE('',#565,#565,#112,.T.);
#689=EDGE_CURVE('',#565,#566,#113,.T.);
#690=EDGE_CURVE('',#566,#566,#114,.T.);
#691=EDGE_CURVE('',#567,#567,#115,.T.);
#692=EDGE_CURVE('',#567,#565,#193,.T.);
#693=EDGE_CURVE('',#566,#568,#194,.T.);
#694=EDGE_CURVE('',#568,#568,#116,.T.);
#695=EDGE_CURVE('',#547,#557,#117,.T.);
#696=EDGE_CURVE('',#569,#569,#118,.T.);
#697=EDGE_CURVE('',#569,#570,#119,.T.);
#698=EDGE_CURVE('',#570,#570,#120,.T.);
#699=EDGE_CURVE('',#571,#530,#195,.T.);
#700=EDGE_CURVE('',#572,#571,#196,.T.);
#701=EDGE_CURVE('',#527,#572,#197,.T.);
#702=EDGE_CURVE('',#573,#573,#121,.T.);
#703=EDGE_CURVE('',#574,#574,#122,.T.);
#704=EDGE_CURVE('',#575,#575,#123,.T.);
#705=EDGE_CURVE('',#576,#576,#124,.T.);
#706=EDGE_CURVE('',#577,#577,#125,.T.);
#707=EDGE_CURVE('',#578,#578,#126,.T.);
#708=EDGE_CURVE('',#579,#579,#127,.T.);
#709=EDGE_CURVE('',#580,#580,#128,.T.);
#710=EDGE_CURVE('',#581,#581,#129,.T.);
#711=EDGE_CURVE('',#581,#570,#198,.T.);
#712=EDGE_CURVE('',#573,#582,#130,.T.);
#713=EDGE_CURVE('',#582,#582,#131,.T.);
#714=EDGE_CURVE('',#583,#583,#132,.T.);
#715=EDGE_CURVE('',#583,#582,#199,.T.);
#716=EDGE_CURVE('',#580,#584,#133,.T.);
#717=EDGE_CURVE('',#584,#584,#134,.T.);
#718=EDGE_CURVE('',#585,#585,#135,.T.);
#719=EDGE_CURVE('',#585,#584,#200,.T.);
#720=EDGE_CURVE('',#574,#586,#136,.T.);
#721=EDGE_CURVE('',#586,#586,#137,.T.);
#722=EDGE_CURVE('',#587,#587,#138,.T.);
#723=EDGE_CURVE('',#587,#586,#201,.T.);
#724=EDGE_CURVE('',#579,#588,#139,.T.);
#725=EDGE_CURVE('',#588,#588,#140,.T.);
#726=EDGE_CURVE('',#589,#589,#141,.T.);
#727=EDGE_CURVE('',#589,#588,#202,.T.);
#728=EDGE_CURVE('',#575,#590,#142,.T.);
#729=EDGE_CURVE('',#590,#590,#143,.T.);
#730=EDGE_CURVE('',#591,#591,#144,.T.);
#731=EDGE_CURVE('',#591,#590,#203,.T.);
#732=EDGE_CURVE('',#578,#592,#145,.T.);
#733=EDGE_CURVE('',#592,#592,#146,.T.);
#734=EDGE_CURVE('',#593,#593,#147,.T.);
#735=EDGE_CURVE('',#593,#592,#204,.T.);
#736=EDGE_CURVE('',#576,#594,#148,.T.);
#737=EDGE_CURVE('',#594,#594,#149,.T.);
#738=EDGE_CURVE('',#595,#595,#150,.T.);
#739=EDGE_CURVE('',#595,#594,#205,.T.);
#740=EDGE_CURVE('',#577,#596,#151,.T.);
#741=EDGE_CURVE('',#596,#596,#152,.T.);
#742=EDGE_CURVE('',#597,#597,#153,.T.);
#743=EDGE_CURVE('',#597,#596,#206,.T.);
#744=EDGE_CURVE('',#532,#598,#207,.T.);
#745=EDGE_CURVE('',#598,#571,#154,.T.);
#746=EDGE_CURVE('',#599,#533,#208,.T.);
#747=EDGE_CURVE('',#598,#599,#209,.T.);
#748=EDGE_CURVE('',#600,#600,#155,.T.);
#749=EDGE_CURVE('',#601,#601,#156,.T.);
#750=EDGE_CURVE('',#602,#603,#157,.F.);
#751=EDGE_CURVE('',#604,#602,#158,.F.);
#752=EDGE_CURVE('',#603,#604,#159,.F.);
#753=EDGE_CURVE('',#605,#606,#79,.F.);
#754=EDGE_CURVE('',#605,#604,#210,.T.);
#755=EDGE_CURVE('',#602,#606,#211,.T.);
#756=EDGE_CURVE('',#607,#608,#160,.F.);
#757=EDGE_CURVE('',#609,#607,#161,.F.);
#758=EDGE_CURVE('',#608,#609,#162,.F.);
#759=EDGE_CURVE('',#610,#611,#80,.T.);
#760=EDGE_CURVE('',#611,#609,#212,.T.);
#761=EDGE_CURVE('',#607,#610,#213,.T.);
#762=EDGE_CURVE('',#612,#613,#163,.T.);
#763=EDGE_CURVE('',#613,#608,#214,.T.);
#764=EDGE_CURVE('',#609,#612,#215,.T.);
#765=EDGE_CURVE('',#604,#607,#216,.T.);
#766=EDGE_CURVE('',#608,#603,#217,.T.);
#767=EDGE_CURVE('',#614,#615,#164,.T.);
#768=EDGE_CURVE('',#615,#602,#218,.T.);
#769=EDGE_CURVE('',#603,#614,#219,.T.);
#770=EDGE_CURVE('',#616,#617,#516,.T.);
#771=EDGE_CURVE('',#616,#613,#517,.T.);
#772=EDGE_CURVE('',#617,#612,#220,.T.);
#773=EDGE_CURVE('',#618,#619,#518,.T.);
#774=EDGE_CURVE('',#615,#618,#221,.T.);
#775=EDGE_CURVE('',#614,#619,#519,.T.);
#776=EDGE_CURVE('',#606,#615,#222,.T.);
#777=EDGE_CURVE('',#619,#616,#223,.T.);
#778=EDGE_CURVE('',#620,#620,#165,.T.);
#779=EDGE_CURVE('',#621,#621,#166,.T.);
#780=EDGE_CURVE('',#618,#617,#224,.T.);
#781=EDGE_CURVE('',#564,#556,#225,.T.);
#782=EDGE_CURVE('',#612,#611,#226,.T.);
#783=EDGE_CURVE('',#610,#605,#227,.T.);
#784=EDGE_CURVE('',#622,#610,#228,.T.);
#785=EDGE_CURVE('',#623,#622,#229,.T.);
#786=EDGE_CURVE('',#537,#623,#230,.T.);
#787=EDGE_CURVE('',#605,#540,#231,.T.);
#788=EDGE_CURVE('',#520,#539,#232,.T.);
#789=EDGE_CURVE('',#556,#622,#233,.T.);
#790=EDGE_CURVE('',#621,#601,#234,.T.);
#791=EDGE_CURVE('',#620,#600,#235,.T.);
#792=EDGE_CURVE('',#623,#599,#236,.T.);
#793=EDGE_CURVE('',#572,#624,#237,.T.);
#794=EDGE_CURVE('',#624,#538,#238,.T.);
#795=EDGE_CURVE('',#624,#564,#239,.T.);
#796=ORIENTED_EDGE('',*,*,#625,.F.);
#797=ORIENTED_EDGE('',*,*,#626,.T.);
#798=ORIENTED_EDGE('',*,*,#627,.T.);
#799=ORIENTED_EDGE('',*,*,#628,.T.);
#800=ORIENTED_EDGE('',*,*,#628,.F.);
#801=ORIENTED_EDGE('',*,*,#629,.T.);
#802=ORIENTED_EDGE('',*,*,#630,.T.);
#803=ORIENTED_EDGE('',*,*,#631,.F.);
#804=ORIENTED_EDGE('',*,*,#632,.F.);
#805=ORIENTED_EDGE('',*,*,#633,.T.);
#806=ORIENTED_EDGE('',*,*,#634,.T.);
#807=ORIENTED_EDGE('',*,*,#635,.T.);
#808=ORIENTED_EDGE('',*,*,#636,.T.);
#809=ORIENTED_EDGE('',*,*,#637,.T.);
#810=ORIENTED_EDGE('',*,*,#638,.T.);
#811=ORIENTED_EDGE('',*,*,#635,.F.);
#812=ORIENTED_EDGE('',*,*,#639,.T.);
#813=ORIENTED_EDGE('',*,*,#640,.F.);
#814=ORIENTED_EDGE('',*,*,#641,.T.);
#815=ORIENTED_EDGE('',*,*,#637,.F.);
#816=ORIENTED_EDGE('',*,*,#642,.T.);
#817=ORIENTED_EDGE('',*,*,#642,.F.);
#818=ORIENTED_EDGE('',*,*,#639,.F.);
#819=ORIENTED_EDGE('',*,*,#634,.F.);
#820=ORIENTED_EDGE('',*,*,#643,.F.);
#821=ORIENTED_EDGE('',*,*,#643,.T.);
#822=ORIENTED_EDGE('',*,*,#633,.F.);
#823=ORIENTED_EDGE('',*,*,#644,.T.);
#824=ORIENTED_EDGE('',*,*,#645,.F.);
#825=ORIENTED_EDGE('',*,*,#646,.F.);
#826=ORIENTED_EDGE('',*,*,#640,.T.);
#827=ORIENTED_EDGE('',*,*,#647,.T.);
#828=ORIENTED_EDGE('',*,*,#645,.T.);
#829=ORIENTED_EDGE('',*,*,#648,.T.);
#830=ORIENTED_EDGE('',*,*,#649,.T.);
#831=ORIENTED_EDGE('',*,*,#650,.T.);
#832=ORIENTED_EDGE('',*,*,#651,.T.);
#833=ORIENTED_EDGE('',*,*,#652,.T.);
#834=ORIENTED_EDGE('',*,*,#653,.T.);
#835=ORIENTED_EDGE('',*,*,#654,.T.);
#836=ORIENTED_EDGE('',*,*,#655,.T.);
#837=ORIENTED_EDGE('',*,*,#656,.T.);
#838=ORIENTED_EDGE('',*,*,#654,.F.);
#839=ORIENTED_EDGE('',*,*,#657,.T.);
#840=ORIENTED_EDGE('',*,*,#652,.F.);
#841=ORIENTED_EDGE('',*,*,#658,.F.);
#842=ORIENTED_EDGE('',*,*,#659,.T.);
#843=ORIENTED_EDGE('',*,*,#660,.F.);
#844=ORIENTED_EDGE('',*,*,#630,.F.);
#845=ORIENTED_EDGE('',*,*,#661,.F.);
#846=ORIENTED_EDGE('',*,*,#662,.F.);
#847=ORIENTED_EDGE('',*,*,#655,.F.);
#848=ORIENTED_EDGE('',*,*,#656,.F.);
#849=ORIENTED_EDGE('',*,*,#663,.T.);
#850=ORIENTED_EDGE('',*,*,#664,.F.);
#851=ORIENTED_EDGE('',*,*,#663,.F.);
#852=ORIENTED_EDGE('',*,*,#665,.T.);
#853=ORIENTED_EDGE('',*,*,#666,.T.);
#854=ORIENTED_EDGE('',*,*,#667,.T.);
#855=ORIENTED_EDGE('',*,*,#665,.F.);
#856=ORIENTED_EDGE('',*,*,#662,.T.);
#857=ORIENTED_EDGE('',*,*,#666,.F.);
#858=ORIENTED_EDGE('',*,*,#667,.F.);
#859=ORIENTED_EDGE('',*,*,#668,.T.);
#860=ORIENTED_EDGE('',*,*,#669,.F.);
#861=ORIENTED_EDGE('',*,*,#668,.F.);
#862=ORIENTED_EDGE('',*,*,#670,.T.);
#863=ORIENTED_EDGE('',*,*,#671,.T.);
#864=ORIENTED_EDGE('',*,*,#672,.T.);
#865=ORIENTED_EDGE('',*,*,#670,.F.);
#866=ORIENTED_EDGE('',*,*,#673,.T.);
#867=ORIENTED_EDGE('',*,*,#674,.T.);
#868=ORIENTED_EDGE('',*,*,#625,.T.);
#869=ORIENTED_EDGE('',*,*,#632,.T.);
#870=ORIENTED_EDGE('',*,*,#675,.F.);
#871=ORIENTED_EDGE('',*,*,#676,.F.);
#872=ORIENTED_EDGE('',*,*,#677,.F.);
#873=ORIENTED_EDGE('',*,*,#673,.F.);
#874=ORIENTED_EDGE('',*,*,#678,.F.);
#875=ORIENTED_EDGE('',*,*,#679,.T.);
#876=ORIENTED_EDGE('',*,*,#671,.F.);
#877=ORIENTED_EDGE('',*,*,#672,.F.);
#878=ORIENTED_EDGE('',*,*,#679,.F.);
#879=ORIENTED_EDGE('',*,*,#680,.T.);
#880=ORIENTED_EDGE('',*,*,#681,.T.);
#881=ORIENTED_EDGE('',*,*,#682,.T.);
#882=ORIENTED_EDGE('',*,*,#680,.F.);
#883=ORIENTED_EDGE('',*,*,#677,.T.);
#884=ORIENTED_EDGE('',*,*,#683,.F.);
#885=ORIENTED_EDGE('',*,*,#684,.T.);
#886=ORIENTED_EDGE('',*,*,#681,.F.);
#887=ORIENTED_EDGE('',*,*,#682,.F.);
#888=ORIENTED_EDGE('',*,*,#684,.F.);
#889=ORIENTED_EDGE('',*,*,#653,.F.);
#890=ORIENTED_EDGE('',*,*,#661,.T.);
#891=ORIENTED_EDGE('',*,*,#629,.F.);
#892=ORIENTED_EDGE('',*,*,#627,.F.);
#893=ORIENTED_EDGE('',*,*,#685,.F.);
#894=ORIENTED_EDGE('',*,*,#686,.T.);
#895=ORIENTED_EDGE('',*,*,#687,.T.);
#896=ORIENTED_EDGE('',*,*,#658,.T.);
#897=ORIENTED_EDGE('',*,*,#657,.F.);
#898=ORIENTED_EDGE('',*,*,#688,.T.);
#899=ORIENTED_EDGE('',*,*,#689,.T.);
#900=ORIENTED_EDGE('',*,*,#690,.T.);
#901=ORIENTED_EDGE('',*,*,#689,.F.);
#902=ORIENTED_EDGE('',*,*,#691,.T.);
#903=ORIENTED_EDGE('',*,*,#692,.T.);
#904=ORIENTED_EDGE('',*,*,#688,.F.);
#905=ORIENTED_EDGE('',*,*,#692,.F.);
#906=ORIENTED_EDGE('',*,*,#690,.F.);
#907=ORIENTED_EDGE('',*,*,#693,.T.);
#908=ORIENTED_EDGE('',*,*,#694,.T.);
#909=ORIENTED_EDGE('',*,*,#693,.F.);
#910=ORIENTED_EDGE('',*,*,#678,.T.);
#911=ORIENTED_EDGE('',*,*,#664,.T.);
#912=ORIENTED_EDGE('',*,*,#683,.T.);
#913=ORIENTED_EDGE('',*,*,#669,.T.);
#914=ORIENTED_EDGE('',*,*,#695,.T.);
#915=ORIENTED_EDGE('',*,*,#675,.T.);
#916=ORIENTED_EDGE('',*,*,#631,.T.);
#917=ORIENTED_EDGE('',*,*,#660,.T.);
#918=ORIENTED_EDGE('',*,*,#691,.F.);
#919=ORIENTED_EDGE('',*,*,#696,.T.);
#920=ORIENTED_EDGE('',*,*,#697,.T.);
#921=ORIENTED_EDGE('',*,*,#698,.T.);
#922=ORIENTED_EDGE('',*,*,#697,.F.);
#923=ORIENTED_EDGE('',*,*,#636,.F.);
#924=ORIENTED_EDGE('',*,*,#699,.F.);
#925=ORIENTED_EDGE('',*,*,#700,.F.);
#926=ORIENTED_EDGE('',*,*,#701,.F.);
#927=ORIENTED_EDGE('',*,*,#702,.F.);
#928=ORIENTED_EDGE('',*,*,#703,.F.);
#929=ORIENTED_EDGE('',*,*,#704,.F.);
#930=ORIENTED_EDGE('',*,*,#705,.F.);
#931=ORIENTED_EDGE('',*,*,#706,.F.);
#932=ORIENTED_EDGE('',*,*,#707,.F.);
#933=ORIENTED_EDGE('',*,*,#708,.F.);
#934=ORIENTED_EDGE('',*,*,#709,.F.);
#935=ORIENTED_EDGE('',*,*,#696,.F.);
#936=ORIENTED_EDGE('',*,*,#710,.F.);
#937=ORIENTED_EDGE('',*,*,#711,.T.);
#938=ORIENTED_EDGE('',*,*,#698,.F.);
#939=ORIENTED_EDGE('',*,*,#711,.F.);
#940=ORIENTED_EDGE('',*,*,#702,.T.);
#941=ORIENTED_EDGE('',*,*,#712,.T.);
#942=ORIENTED_EDGE('',*,*,#713,.T.);
#943=ORIENTED_EDGE('',*,*,#712,.F.);
#944=ORIENTED_EDGE('',*,*,#714,.F.);
#945=ORIENTED_EDGE('',*,*,#715,.T.);
#946=ORIENTED_EDGE('',*,*,#713,.F.);
#947=ORIENTED_EDGE('',*,*,#715,.F.);
#948=ORIENTED_EDGE('',*,*,#709,.T.);
#949=ORIENTED_EDGE('',*,*,#716,.T.);
#950=ORIENTED_EDGE('',*,*,#717,.T.);
#951=ORIENTED_EDGE('',*,*,#716,.F.);
#952=ORIENTED_EDGE('',*,*,#718,.F.);
#953=ORIENTED_EDGE('',*,*,#719,.T.);
#954=ORIENTED_EDGE('',*,*,#717,.F.);
#955=ORIENTED_EDGE('',*,*,#719,.F.);
#956=ORIENTED_EDGE('',*,*,#703,.T.);
#957=ORIENTED_EDGE('',*,*,#720,.T.);
#958=ORIENTED_EDGE('',*,*,#721,.T.);
#959=ORIENTED_EDGE('',*,*,#720,.F.);
#960=ORIENTED_EDGE('',*,*,#722,.F.);
#961=ORIENTED_EDGE('',*,*,#723,.T.);
#962=ORIENTED_EDGE('',*,*,#721,.F.);
#963=ORIENTED_EDGE('',*,*,#723,.F.);
#964=ORIENTED_EDGE('',*,*,#708,.T.);
#965=ORIENTED_EDGE('',*,*,#724,.T.);
#966=ORIENTED_EDGE('',*,*,#725,.T.);
#967=ORIENTED_EDGE('',*,*,#724,.F.);
#968=ORIENTED_EDGE('',*,*,#726,.F.);
#969=ORIENTED_EDGE('',*,*,#727,.T.);
#970=ORIENTED_EDGE('',*,*,#725,.F.);
#971=ORIENTED_EDGE('',*,*,#727,.F.);
#972=ORIENTED_EDGE('',*,*,#704,.T.);
#973=ORIENTED_EDGE('',*,*,#728,.T.);
#974=ORIENTED_EDGE('',*,*,#729,.T.);
#975=ORIENTED_EDGE('',*,*,#728,.F.);
#976=ORIENTED_EDGE('',*,*,#730,.F.);
#977=ORIENTED_EDGE('',*,*,#731,.T.);
#978=ORIENTED_EDGE('',*,*,#729,.F.);
#979=ORIENTED_EDGE('',*,*,#731,.F.);
#980=ORIENTED_EDGE('',*,*,#707,.T.);
#981=ORIENTED_EDGE('',*,*,#732,.T.);
#982=ORIENTED_EDGE('',*,*,#733,.T.);
#983=ORIENTED_EDGE('',*,*,#732,.F.);
#984=ORIENTED_EDGE('',*,*,#734,.F.);
#985=ORIENTED_EDGE('',*,*,#735,.T.);
#986=ORIENTED_EDGE('',*,*,#733,.F.);
#987=ORIENTED_EDGE('',*,*,#735,.F.);
#988=ORIENTED_EDGE('',*,*,#705,.T.);
#989=ORIENTED_EDGE('',*,*,#736,.T.);
#990=ORIENTED_EDGE('',*,*,#737,.T.);
#991=ORIENTED_EDGE('',*,*,#736,.F.);
#992=ORIENTED_EDGE('',*,*,#738,.F.);
#993=ORIENTED_EDGE('',*,*,#739,.T.);
#994=ORIENTED_EDGE('',*,*,#737,.F.);
#995=ORIENTED_EDGE('',*,*,#739,.F.);
#996=ORIENTED_EDGE('',*,*,#706,.T.);
#997=ORIENTED_EDGE('',*,*,#740,.T.);
#998=ORIENTED_EDGE('',*,*,#741,.T.);
#999=ORIENTED_EDGE('',*,*,#740,.F.);
#1000=ORIENTED_EDGE('',*,*,#742,.F.);
#1001=ORIENTED_EDGE('',*,*,#743,.T.);
#1002=ORIENTED_EDGE('',*,*,#741,.F.);
#1003=ORIENTED_EDGE('',*,*,#743,.F.);
#1004=ORIENTED_EDGE('',*,*,#638,.F.);
#1005=ORIENTED_EDGE('',*,*,#744,.T.);
#1006=ORIENTED_EDGE('',*,*,#745,.T.);
#1007=ORIENTED_EDGE('',*,*,#699,.T.);
#1008=ORIENTED_EDGE('',*,*,#641,.F.);
#1009=ORIENTED_EDGE('',*,*,#746,.F.);
#1010=ORIENTED_EDGE('',*,*,#747,.F.);
#1011=ORIENTED_EDGE('',*,*,#744,.F.);
#1012=ORIENTED_EDGE('',*,*,#748,.T.);
#1013=ORIENTED_EDGE('',*,*,#749,.T.);
#1014=ORIENTED_EDGE('',*,*,#750,.F.);
#1015=ORIENTED_EDGE('',*,*,#751,.F.);
#1016=ORIENTED_EDGE('',*,*,#752,.F.);
#1017=ORIENTED_EDGE('',*,*,#753,.F.);
#1018=ORIENTED_EDGE('',*,*,#754,.T.);
#1019=ORIENTED_EDGE('',*,*,#751,.T.);
#1020=ORIENTED_EDGE('',*,*,#755,.T.);
#1021=ORIENTED_EDGE('',*,*,#756,.F.);
#1022=ORIENTED_EDGE('',*,*,#757,.F.);
#1023=ORIENTED_EDGE('',*,*,#758,.F.);
#1024=ORIENTED_EDGE('',*,*,#759,.T.);
#1025=ORIENTED_EDGE('',*,*,#760,.T.);
#1026=ORIENTED_EDGE('',*,*,#757,.T.);
#1027=ORIENTED_EDGE('',*,*,#761,.T.);
#1028=ORIENTED_EDGE('',*,*,#762,.T.);
#1029=ORIENTED_EDGE('',*,*,#763,.T.);
#1030=ORIENTED_EDGE('',*,*,#758,.T.);
#1031=ORIENTED_EDGE('',*,*,#764,.T.);
#1032=ORIENTED_EDGE('',*,*,#752,.T.);
#1033=ORIENTED_EDGE('',*,*,#765,.T.);
#1034=ORIENTED_EDGE('',*,*,#756,.T.);
#1035=ORIENTED_EDGE('',*,*,#766,.T.);
#1036=ORIENTED_EDGE('',*,*,#767,.T.);
#1037=ORIENTED_EDGE('',*,*,#768,.T.);
#1038=ORIENTED_EDGE('',*,*,#750,.T.);
#1039=ORIENTED_EDGE('',*,*,#769,.T.);
#1040=ORIENTED_EDGE('',*,*,#770,.F.);
#1041=ORIENTED_EDGE('',*,*,#771,.T.);
#1042=ORIENTED_EDGE('',*,*,#762,.F.);
#1043=ORIENTED_EDGE('',*,*,#772,.F.);
#1044=ORIENTED_EDGE('',*,*,#773,.F.);
#1045=ORIENTED_EDGE('',*,*,#774,.F.);
#1046=ORIENTED_EDGE('',*,*,#767,.F.);
#1047=ORIENTED_EDGE('',*,*,#775,.T.);
#1048=ORIENTED_EDGE('',*,*,#755,.F.);
#1049=ORIENTED_EDGE('',*,*,#768,.F.);
#1050=ORIENTED_EDGE('',*,*,#776,.F.);
#1051=ORIENTED_EDGE('',*,*,#775,.F.);
#1052=ORIENTED_EDGE('',*,*,#769,.F.);
#1053=ORIENTED_EDGE('',*,*,#766,.F.);
#1054=ORIENTED_EDGE('',*,*,#763,.F.);
#1055=ORIENTED_EDGE('',*,*,#771,.F.);
#1056=ORIENTED_EDGE('',*,*,#777,.F.);
#1057=ORIENTED_EDGE('',*,*,#778,.T.);
#1058=ORIENTED_EDGE('',*,*,#779,.T.);
#1059=ORIENTED_EDGE('',*,*,#773,.T.);
#1060=ORIENTED_EDGE('',*,*,#777,.T.);
#1061=ORIENTED_EDGE('',*,*,#770,.T.);
#1062=ORIENTED_EDGE('',*,*,#780,.F.);
#1063=ORIENTED_EDGE('',*,*,#694,.F.);
#1064=ORIENTED_EDGE('',*,*,#781,.T.);
#1065=ORIENTED_EDGE('',*,*,#676,.T.);
#1066=ORIENTED_EDGE('',*,*,#695,.F.);
#1067=ORIENTED_EDGE('',*,*,#659,.F.);
#1068=ORIENTED_EDGE('',*,*,#687,.F.);
#1069=ORIENTED_EDGE('',*,*,#760,.F.);
#1070=ORIENTED_EDGE('',*,*,#782,.F.);
#1071=ORIENTED_EDGE('',*,*,#764,.F.);
#1072=ORIENTED_EDGE('',*,*,#754,.F.);
#1073=ORIENTED_EDGE('',*,*,#783,.F.);
#1074=ORIENTED_EDGE('',*,*,#761,.F.);
#1075=ORIENTED_EDGE('',*,*,#765,.F.);
#1076=ORIENTED_EDGE('',*,*,#772,.T.);
#1077=ORIENTED_EDGE('',*,*,#782,.T.);
#1078=ORIENTED_EDGE('',*,*,#759,.F.);
#1079=ORIENTED_EDGE('',*,*,#784,.F.);
#1080=ORIENTED_EDGE('',*,*,#785,.F.);
#1081=ORIENTED_EDGE('',*,*,#786,.F.);
#1082=ORIENTED_EDGE('',*,*,#651,.F.);
#1083=ORIENTED_EDGE('',*,*,#787,.F.);
#1084=ORIENTED_EDGE('',*,*,#753,.T.);
#1085=ORIENTED_EDGE('',*,*,#776,.T.);
#1086=ORIENTED_EDGE('',*,*,#774,.T.);
#1087=ORIENTED_EDGE('',*,*,#780,.T.);
#1088=ORIENTED_EDGE('',*,*,#784,.T.);
#1089=ORIENTED_EDGE('',*,*,#783,.T.);
#1090=ORIENTED_EDGE('',*,*,#787,.T.);
#1091=ORIENTED_EDGE('',*,*,#650,.F.);
#1092=ORIENTED_EDGE('',*,*,#788,.F.);
#1093=ORIENTED_EDGE('',*,*,#674,.F.);
#1094=ORIENTED_EDGE('',*,*,#789,.T.);
#1095=ORIENTED_EDGE('',*,*,#718,.T.);
#1096=ORIENTED_EDGE('',*,*,#734,.T.);
#1097=ORIENTED_EDGE('',*,*,#722,.T.);
#1098=ORIENTED_EDGE('',*,*,#742,.T.);
#1099=ORIENTED_EDGE('',*,*,#738,.T.);
#1100=ORIENTED_EDGE('',*,*,#710,.T.);
#1101=ORIENTED_EDGE('',*,*,#726,.T.);
#1102=ORIENTED_EDGE('',*,*,#730,.T.);
#1103=ORIENTED_EDGE('',*,*,#714,.T.);
#1104=ORIENTED_EDGE('',*,*,#779,.F.);
#1105=ORIENTED_EDGE('',*,*,#790,.T.);
#1106=ORIENTED_EDGE('',*,*,#749,.F.);
#1107=ORIENTED_EDGE('',*,*,#790,.F.);
#1108=ORIENTED_EDGE('',*,*,#778,.F.);
#1109=ORIENTED_EDGE('',*,*,#791,.T.);
#1110=ORIENTED_EDGE('',*,*,#748,.F.);
#1111=ORIENTED_EDGE('',*,*,#791,.F.);
#1112=ORIENTED_EDGE('',*,*,#746,.T.);
#1113=ORIENTED_EDGE('',*,*,#646,.T.);
#1114=ORIENTED_EDGE('',*,*,#647,.F.);
#1115=ORIENTED_EDGE('',*,*,#786,.T.);
#1116=ORIENTED_EDGE('',*,*,#792,.T.);
#1117=ORIENTED_EDGE('',*,*,#644,.F.);
#1118=ORIENTED_EDGE('',*,*,#701,.T.);
#1119=ORIENTED_EDGE('',*,*,#793,.T.);
#1120=ORIENTED_EDGE('',*,*,#794,.T.);
#1121=ORIENTED_EDGE('',*,*,#648,.F.);
#1122=ORIENTED_EDGE('',*,*,#700,.T.);
#1123=ORIENTED_EDGE('',*,*,#745,.F.);
#1124=ORIENTED_EDGE('',*,*,#747,.T.);
#1125=ORIENTED_EDGE('',*,*,#792,.F.);
#1126=ORIENTED_EDGE('',*,*,#785,.T.);
#1127=ORIENTED_EDGE('',*,*,#789,.F.);
#1128=ORIENTED_EDGE('',*,*,#781,.F.);
#1129=ORIENTED_EDGE('',*,*,#795,.F.);
#1130=ORIENTED_EDGE('',*,*,#793,.F.);
#1131=ORIENTED_EDGE('',*,*,#626,.F.);
#1132=ORIENTED_EDGE('',*,*,#788,.T.);
#1133=ORIENTED_EDGE('',*,*,#649,.F.);
#1134=ORIENTED_EDGE('',*,*,#794,.F.);
#1135=ORIENTED_EDGE('',*,*,#795,.T.);
#1136=ORIENTED_EDGE('',*,*,#686,.F.);
#1137=ORIENTED_EDGE('',*,*,#685,.T.);
#1138=B_SPLINE_SURFACE_WITH_KNOTS('',3,3,((#1710,#1711,#1712,#1713,#1714,
#1715),(#1716,#1717,#1718,#1719,#1720,#1721),(#1722,#1723,#1724,#1725,#1726,
#1727),(#1728,#1729,#1730,#1731,#1732,#1733),(#1734,#1735,#1736,#1737,#1738,
#1739)),.UNSPECIFIED.,.F.,.F.,.F.,(4,1,4),(4,1,1,4),(0.,0.571428571428571,
1.),(-0.0494128932795964,2.06160429883801,3.46894909358308,4.87629388832815),
 .UNSPECIFIED.);
#1139=B_SPLINE_SURFACE_WITH_KNOTS('',3,3,((#1814,#1815,#1816,#1817),(#1818,
#1819,#1820,#1821),(#1822,#1823,#1824,#1825),(#1826,#1827,#1828,#1829),
(#1830,#1831,#1832,#1833),(#1834,#1835,#1836,#1837),(#1838,#1839,#1840,
#1841)),.UNSPECIFIED.,.F.,.F.,.F.,(4,1,1,1,4),(4,4),(-1.0728013785287E-12,
0.336936906280607,0.673873812562287,0.842342265703126,1.17927917198481),
(0.0457019181394716,1.),.UNSPECIFIED.);
#1140=B_SPLINE_SURFACE_WITH_KNOTS('',3,3,((#1897,#1898,#1899,#1900,#1901,
#1902,#1903,#1904,#1905,#1906,#1907,#1908,#1909,#1910,#1911,#1912,#1913,
#1914,#1915,#1916,#1917,#1918,#1919,#1920,#1921,#1922,#1923,#1924,#1925,
#1926,#1927,#1928,#1929,#1930,#1931,#1932),(#1933,#1934,#1935,#1936,#1937,
#1938,#1939,#1940,#1941,#1942,#1943,#1944,#1945,#1946,#1947,#1948,#1949,
#1950,#1951,#1952,#1953,#1954,#1955,#1956,#1957,#1958,#1959,#1960,#1961,
#1962,#1963,#1964,#1965,#1966,#1967,#1968),(#1969,#1970,#1971,#1972,#1973,
#1974,#1975,#1976,#1977,#1978,#1979,#1980,#1981,#1982,#1983,#1984,#1985,
#1986,#1987,#1988,#1989,#1990,#1991,#1992,#1993,#1994,#1995,#1996,#1997,
#1998,#1999,#2000,#2001,#2002,#2003,#2004),(#2005,#2006,#2007,#2008,#2009,
#2010,#2011,#2012,#2013,#2014,#2015,#2016,#2017,#2018,#2019,#2020,#2021,
#2022,#2023,#2024,#2025,#2026,#2027,#2028,#2029,#2030,#2031,#2032,#2033,
#2034,#2035,#2036,#2037,#2038,#2039,#2040)),.UNSPECIFIED.,.F.,.T.,.F.,(4,
4),(4,2,2,2,2,2,2,2,2,2,2,2,2,2,2,2,2,4),(0.,1.),(-1.29081912182828,-1.24599765222639,
-1.20129376222705,-1.11968146106894,-1.03834108780134,-0.974402111951393,
-0.915751287917104,-0.851539800655098,-0.772022661353527,-0.684754621273857,
-0.601491317618248,-0.523364342610043,-0.443036641716034,-0.369993716308602,
-0.235491690210869,-0.162567646144508,-0.082686350601732,0.),
 .UNSPECIFIED.);
#1141=B_SPLINE_SURFACE_WITH_KNOTS('',3,3,((#2137,#2138,#2139,#2140),(#2141,
#2142,#2143,#2144),(#2145,#2146,#2147,#2148),(#2149,#2150,#2151,#2152),
(#2153,#2154,#2155,#2156),(#2157,#2158,#2159,#2160)),.UNSPECIFIED.,.F.,
 .F.,.F.,(4,1,1,4),(4,4),(0.,0.285714285714286,0.571428571428571,1.),(0.278430206842154,
1.),.UNSPECIFIED.);
#1142=B_SPLINE_SURFACE_WITH_KNOTS('',3,3,((#2249,#2250,#2251,#2252,#2253,
#2254,#2255,#2256,#2257,#2258,#2259,#2260,#2261,#2262,#2263,#2264,#2265,
#2266,#2267,#2268,#2269,#2270,#2271,#2272,#2273,#2274,#2275,#2276,#2277,
#2278,#2279,#2280,#2281,#2282,#2283,#2284),(#2285,#2286,#2287,#2288,#2289,
#2290,#2291,#2292,#2293,#2294,#2295,#2296,#2297,#2298,#2299,#2300,#2301,
#2302,#2303,#2304,#2305,#2306,#2307,#2308,#2309,#2310,#2311,#2312,#2313,
#2314,#2315,#2316,#2317,#2318,#2319,#2320),(#2321,#2322,#2323,#2324,#2325,
#2326,#2327,#2328,#2329,#2330,#2331,#2332,#2333,#2334,#2335,#2336,#2337,
#2338,#2339,#2340,#2341,#2342,#2343,#2344,#2345,#2346,#2347,#2348,#2349,
#2350,#2351,#2352,#2353,#2354,#2355,#2356),(#2357,#2358,#2359,#2360,#2361,
#2362,#2363,#2364,#2365,#2366,#2367,#2368,#2369,#2370,#2371,#2372,#2373,
#2374,#2375,#2376,#2377,#2378,#2379,#2380,#2381,#2382,#2383,#2384,#2385,
#2386,#2387,#2388,#2389,#2390,#2391,#2392)),.UNSPECIFIED.,.F.,.T.,.F.,(4,
4),(4,2,2,2,2,2,2,2,2,2,2,2,2,2,2,2,2,4),(0.,1.),(-1.2650544959001,-1.22103514649909,
-1.1833526076707,-1.14581714376916,-1.09687999852977,-1.01732840852547,
-0.938072745592013,-0.784484898759884,-0.711675864195827,-0.576197437487815,
-0.537126136075173,-0.500401775476327,-0.455139258366265,-0.305270509143709,
-0.225877190904405,-0.15073744944542,-0.0798975404813792,0.),
 .UNSPECIFIED.);
#1143=B_SPLINE_SURFACE_WITH_KNOTS('',3,3,((#2473,#2474,#2475,#2476,#2477,
#2478,#2479,#2480,#2481,#2482,#2483,#2484,#2485,#2486,#2487,#2488,#2489,
#2490,#2491,#2492,#2493,#2494,#2495,#2496,#2497,#2498,#2499,#2500,#2501,
#2502,#2503),(#2504,#2505,#2506,#2507,#2508,#2509,#2510,#2511,#2512,#2513,
#2514,#2515,#2516,#2517,#2518,#2519,#2520,#2521,#2522,#2523,#2524,#2525,
#2526,#2527,#2528,#2529,#2530,#2531,#2532,#2533,#2534),(#2535,#2536,#2537,
#2538,#2539,#2540,#2541,#2542,#2543,#2544,#2545,#2546,#2547,#2548,#2549,
#2550,#2551,#2552,#2553,#2554,#2555,#2556,#2557,#2558,#2559,#2560,#2561,
#2562,#2563,#2564,#2565),(#2566,#2567,#2568,#2569,#2570,#2571,#2572,#2573,
#2574,#2575,#2576,#2577,#2578,#2579,#2580,#2581,#2582,#2583,#2584,#2585,
#2586,#2587,#2588,#2589,#2590,#2591,#2592,#2593,#2594,#2595,#2596)),
 .UNSPECIFIED.,.F.,.T.,.F.,(4,4),(4,2,1,2,2,2,2,2,2,2,2,2,2,2,2,4),(0.,
1.),(-1.26447908824135,-1.08032843109145,-0.965195303568884,-0.850062176046317,
-0.790909793404213,-0.740331362699567,-0.687372254576093,-0.620448475687341,
-0.540931523018012,-0.461852530654942,-0.384640540163826,-0.229858079241153,
-0.162479487933311,-0.1093523748512,-0.0588301498748948,0.),
 .UNSPECIFIED.);
#1144=B_SPLINE_SURFACE_WITH_KNOTS('',3,3,((#2667,#2668,#2669,#2670),(#2671,
#2672,#2673,#2674),(#2675,#2676,#2677,#2678),(#2679,#2680,#2681,#2682),
(#2683,#2684,#2685,#2686),(#2687,#2688,#2689,#2690),(#2691,#2692,#2693,
#2694)),.UNSPECIFIED.,.F.,.F.,.F.,(4,1,1,1,4),(4,4),(0.,0.305863587029856,
0.458795380544784,0.764658967574641,1.0705225546045),(-8.91262894926991E-29,
1.),.UNSPECIFIED.);
#1145=B_SPLINE_SURFACE_WITH_KNOTS('',3,3,((#2778,#2779,#2780,#2781,#2782,
#2783,#2784,#2785,#2786,#2787,#2788,#2789,#2790,#2791,#2792,#2793,#2794,
#2795,#2796,#2797,#2798,#2799,#2800,#2801,#2802,#2803,#2804,#2805,#2806,
#2807,#2808,#2809,#2810,#2811,#2812,#2813,#2814,#2815,#2816,#2817),(#2818,
#2819,#2820,#2821,#2822,#2823,#2824,#2825,#2826,#2827,#2828,#2829,#2830,
#2831,#2832,#2833,#2834,#2835,#2836,#2837,#2838,#2839,#2840,#2841,#2842,
#2843,#2844,#2845,#2846,#2847,#2848,#2849,#2850,#2851,#2852,#2853,#2854,
#2855,#2856,#2857),(#2858,#2859,#2860,#2861,#2862,#2863,#2864,#2865,#2866,
#2867,#2868,#2869,#2870,#2871,#2872,#2873,#2874,#2875,#2876,#2877,#2878,
#2879,#2880,#2881,#2882,#2883,#2884,#2885,#2886,#2887,#2888,#2889,#2890,
#2891,#2892,#2893,#2894,#2895,#2896,#2897),(#2898,#2899,#2900,#2901,#2902,
#2903,#2904,#2905,#2906,#2907,#2908,#2909,#2910,#2911,#2912,#2913,#2914,
#2915,#2916,#2917,#2918,#2919,#2920,#2921,#2922,#2923,#2924,#2925,#2926,
#2927,#2928,#2929,#2930,#2931,#2932,#2933,#2934,#2935,#2936,#2937)),
 .UNSPECIFIED.,.F.,.T.,.F.,(4,4),(4,2,2,2,2,2,2,2,2,2,2,2,2,2,2,2,2,2,2,
4),(0.,1.),(-1.26497641796197,-1.19746545996414,-1.03910319586569,-0.964282827840067,
-0.893710600811382,-0.814459367913443,-0.767831807603768,-0.730862917237278,
-0.692379033554742,-0.639868693667624,-0.559294905112214,-0.480154997690251,
-0.402286520612067,-0.327528745590624,-0.255046382010283,-0.174114063349445,
-0.123191562967068,-0.0851449016032484,-0.0479088427692957,0.),
 .UNSPECIFIED.);
#1146=B_SPLINE_SURFACE_WITH_KNOTS('',3,3,((#3022,#3023,#3024,#3025,#3026,
#3027),(#3028,#3029,#3030,#3031,#3032,#3033),(#3034,#3035,#3036,#3037,#3038,
#3039),(#3040,#3041,#3042,#3043,#3044,#3045),(#3046,#3047,#3048,#3049,#3050,
#3051),(#3052,#3053,#3054,#3055,#3056,#3057),(#3058,#3059,#3060,#3061,#3062,
#3063)),.UNSPECIFIED.,.F.,.F.,.F.,(4,1,1,1,4),(4,1,1,4),(0.,0.285714285714286,
0.571428571428571,0.785714285714286,1.),(-0.108692153452759,1.5239809599492,
2.61242970221717,3.70087844448514),.UNSPECIFIED.);
#1147=B_SPLINE_SURFACE_WITH_KNOTS('',3,3,((#3251,#3252,#3253,#3254,#3255,
#3256,#3257,#3258,#3259,#3260,#3261),(#3262,#3263,#3264,#3265,#3266,#3267,
#3268,#3269,#3270,#3271,#3272),(#3273,#3274,#3275,#3276,#3277,#3278,#3279,
#3280,#3281,#3282,#3283),(#3284,#3285,#3286,#3287,#3288,#3289,#3290,#3291,
#3292,#3293,#3294),(#3295,#3296,#3297,#3298,#3299,#3300,#3301,#3302,#3303,
#3304,#3305)),.UNSPECIFIED.,.F.,.F.,.F.,(4,1,4),(4,1,1,1,1,1,1,1,4),(0.,
0.571428571428571,1.),(0.209410260096895,0.209441549260769,0.209472838424644,
0.20959799508014,0.209848308391133,0.210098621702126,0.210161200029874,
0.210223778357622,0.21028635668537),.UNSPECIFIED.);
#1148=B_SPLINE_SURFACE_WITH_KNOTS('',3,3,((#3375,#3376,#3377,#3378,#3379,
#3380,#3381,#3382,#3383,#3384,#3385),(#3386,#3387,#3388,#3389,#3390,#3391,
#3392,#3393,#3394,#3395,#3396),(#3397,#3398,#3399,#3400,#3401,#3402,#3403,
#3404,#3405,#3406,#3407),(#3408,#3409,#3410,#3411,#3412,#3413,#3414,#3415,
#3416,#3417,#3418),(#3419,#3420,#3421,#3422,#3423,#3424,#3425,#3426,#3427,
#3428,#3429)),.UNSPECIFIED.,.F.,.F.,.F.,(4,1,4),(4,1,1,1,1,1,1,1,4),(0.,
0.571428571428571,1.),(0.977662990612266,0.97769427977614,0.977725568940014,
0.97785072559551,0.978101038906503,0.978288773889747,0.978413930545244,
0.978476508872992,0.97853908720074),.UNSPECIFIED.);
#1149=B_SPLINE_SURFACE_WITH_KNOTS('',3,3,((#3504,#3505,#3506,#3507),(#3508,
#3509,#3510,#3511),(#3512,#3513,#3514,#3515),(#3516,#3517,#3518,#3519),
(#3520,#3521,#3522,#3523),(#3524,#3525,#3526,#3527),(#3528,#3529,#3530,
#3531)),.UNSPECIFIED.,.F.,.F.,.F.,(4,1,1,1,4),(4,4),(-0.407123738612296,
-0.206106061667558,0.195929292221917,0.597964646111392,1.00000000000087),
(-1.47625258656254E-32,1.),.UNSPECIFIED.);
#1150=ADVANCED_FACE('',(#313),#1138,.T.);
#1151=ADVANCED_FACE('',(#314),#1139,.T.);
#1152=ADVANCED_FACE('',(#315),#81,.F.);
#1153=ADVANCED_FACE('',(#316),#66,.F.);
#1154=ADVANCED_FACE('',(#317),#82,.F.);
#1155=ADVANCED_FACE('',(#318),#39,.F.);
#1156=ADVANCED_FACE('',(#319),#40,.T.);
#1157=ADVANCED_FACE('',(#320),#41,.T.);
#1158=ADVANCED_FACE('',(#321),#1140,.T.);
#1159=ADVANCED_FACE('',(#322,#18),#1141,.T.);
#1160=ADVANCED_FACE('',(#323),#83,.F.);
#1161=ADVANCED_FACE('',(#324),#1142,.T.);
#1162=ADVANCED_FACE('',(#325),#84,.F.);
#1163=ADVANCED_FACE('',(#326),#1143,.T.);
#1164=ADVANCED_FACE('',(#327,#19,#20),#1144,.T.);
#1165=ADVANCED_FACE('',(#328),#85,.F.);
#1166=ADVANCED_FACE('',(#329),#1145,.T.);
#1167=ADVANCED_FACE('',(#330),#86,.F.);
#1168=ADVANCED_FACE('',(#331),#1146,.T.);
#1169=ADVANCED_FACE('',(#332),#67,.T.);
#1170=ADVANCED_FACE('',(#333),#17,.F.);
#1171=ADVANCED_FACE('',(#334,#21,#22,#23,#24),#87,.F.);
#1172=ADVANCED_FACE('',(#335,#25),#42,.T.);
#1173=ADVANCED_FACE('',(#336),#68,.F.);
#1174=ADVANCED_FACE('',(#337,#26,#27,#28,#29,#30,#31,#32,#33,#34),#43,.F.);
#1175=ADVANCED_FACE('',(#338),#88,.T.);
#1176=ADVANCED_FACE('',(#339),#69,.F.);
#1177=ADVANCED_FACE('',(#340),#89,.T.);
#1178=ADVANCED_FACE('',(#341),#70,.F.);
#1179=ADVANCED_FACE('',(#342),#90,.T.);
#1180=ADVANCED_FACE('',(#343),#71,.F.);
#1181=ADVANCED_FACE('',(#344),#91,.T.);
#1182=ADVANCED_FACE('',(#345),#72,.F.);
#1183=ADVANCED_FACE('',(#346),#92,.T.);
#1184=ADVANCED_FACE('',(#347),#73,.F.);
#1185=ADVANCED_FACE('',(#348),#93,.T.);
#1186=ADVANCED_FACE('',(#349),#74,.F.);
#1187=ADVANCED_FACE('',(#350),#94,.T.);
#1188=ADVANCED_FACE('',(#351),#75,.F.);
#1189=ADVANCED_FACE('',(#352),#95,.T.);
#1190=ADVANCED_FACE('',(#353),#76,.F.);
#1191=ADVANCED_FACE('',(#354),#96,.T.);
#1192=ADVANCED_FACE('',(#355),#97,.F.);
#1193=ADVANCED_FACE('',(#356,#35,#36),#44,.T.);
#1194=ADVANCED_FACE('',(#357),#15,.F.);
#1195=ADVANCED_FACE('',(#358),#98,.F.);
#1196=ADVANCED_FACE('',(#359),#16,.F.);
#1197=ADVANCED_FACE('',(#360),#99,.F.);
#1198=ADVANCED_FACE('',(#361),#100,.F.);
#1199=ADVANCED_FACE('',(#362),#101,.F.);
#1200=ADVANCED_FACE('',(#363),#102,.F.);
#1201=ADVANCED_FACE('',(#364),#1147,.T.);
#1202=ADVANCED_FACE('',(#365),#1148,.T.);
#1203=ADVANCED_FACE('',(#366),#45,.F.);
#1204=ADVANCED_FACE('',(#367,#37,#38),#46,.F.);
#1205=ADVANCED_FACE('',(#368),#47,.F.);
#1206=ADVANCED_FACE('',(#369),#48,.T.);
#1207=ADVANCED_FACE('',(#370),#1149,.T.);
#1208=ADVANCED_FACE('',(#371),#49,.F.);
#1209=ADVANCED_FACE('',(#372),#50,.F.);
#1210=ADVANCED_FACE('',(#373),#51,.T.);
#1211=ADVANCED_FACE('',(#374),#52,.T.);
#1212=ADVANCED_FACE('',(#375),#53,.F.);
#1213=ADVANCED_FACE('',(#376),#54,.F.);
#1214=ADVANCED_FACE('',(#377),#55,.F.);
#1215=ADVANCED_FACE('',(#378),#56,.F.);
#1216=ADVANCED_FACE('',(#379),#57,.F.);
#1217=ADVANCED_FACE('',(#380),#58,.F.);
#1218=ADVANCED_FACE('',(#381),#59,.F.);
#1219=ADVANCED_FACE('',(#382),#60,.F.);
#1220=ADVANCED_FACE('',(#383),#61,.F.);
#1221=ADVANCED_FACE('',(#384),#103,.F.);
#1222=ADVANCED_FACE('',(#385),#104,.F.);
#1223=ADVANCED_FACE('',(#386),#62,.T.);
#1224=ADVANCED_FACE('',(#387),#63,.T.);
#1225=ADVANCED_FACE('',(#388),#64,.T.);
#1226=ADVANCED_FACE('',(#389),#65,.T.);
#1227=CLOSED_SHELL('',(#1150,#1151,#1152,#1153,#1154,#1155,#1156,#1157,
#1158,#1159,#1160,#1161,#1162,#1163,#1164,#1165,#1166,#1167,#1168,#1169,
#1170,#1171,#1172,#1173,#1174,#1175,#1176,#1177,#1178,#1179,#1180,#1181,
#1182,#1183,#1184,#1185,#1186,#1187,#1188,#1189,#1190,#1191,#1192,#1193,
#1194,#1195,#1196,#1197,#1198,#1199,#1200,#1201,#1202,#1203,#1204,#1205,
#1206,#1207,#1208,#1209,#1210,#1211,#1212,#1213,#1214,#1215,#1216,#1217,
#1218,#1219,#1220,#1221,#1222,#1223,#1224,#1225,#1226));
#1228=DERIVED_UNIT_ELEMENT(#1230,1.);
#1229=DERIVED_UNIT_ELEMENT(#3574,-3.);
#1230=(
MASS_UNIT()
NAMED_UNIT(*)
SI_UNIT(.KILO.,.GRAM.)
);
#1231=DERIVED_UNIT((#1228,#1229));
#1232=MEASURE_REPRESENTATION_ITEM('density measure',
POSITIVE_RATIO_MEASURE(7850.),#1231);
#1233=PROPERTY_DEFINITION_REPRESENTATION(#1238,#1235);
#1234=PROPERTY_DEFINITION_REPRESENTATION(#1239,#1236);
#1235=REPRESENTATION('material name',(#1237),#3571);
#1236=REPRESENTATION('density',(#1232),#3571);
#1237=DESCRIPTIVE_REPRESENTATION_ITEM('Steel','Steel');
#1238=PROPERTY_DEFINITION('material property','material name',#3581);
#1239=PROPERTY_DEFINITION('material property','density of part',#3581);
#1240=AXIS2_PLACEMENT_3D('',#1709,#1372,#1373);
#1241=AXIS2_PLACEMENT_3D('',#1856,#1375,#1376);
#1242=AXIS2_PLACEMENT_3D('',#1858,#1378,#1379);
#1243=AXIS2_PLACEMENT_3D('',#1861,#1380,#1381);
#1244=AXIS2_PLACEMENT_3D('',#1865,#1383,#1384);
#1245=AXIS2_PLACEMENT_3D('',#1867,#1386,#1387);
#1246=AXIS2_PLACEMENT_3D('',#1870,#1388,#1389);
#1247=AXIS2_PLACEMENT_3D('',#1871,#1390,#1391);
#1248=AXIS2_PLACEMENT_3D('',#1872,#1392,#1393);
#1249=AXIS2_PLACEMENT_3D('',#1873,#1394,#1395);
#1250=AXIS2_PLACEMENT_3D('',#1876,#1396,#1397);
#1251=AXIS2_PLACEMENT_3D('',#1879,#1400,#1401);
#1252=AXIS2_PLACEMENT_3D('',#1881,#1403,#1404);
#1253=AXIS2_PLACEMENT_3D('',#1887,#1408,#1409);
#1254=AXIS2_PLACEMENT_3D('',#2169,#1417,#1418);
#1255=AXIS2_PLACEMENT_3D('',#2212,#1419,#1420);
#1256=AXIS2_PLACEMENT_3D('',#2436,#1423,#1424);
#1257=AXIS2_PLACEMENT_3D('',#2698,#1428,#1429);
#1258=AXIS2_PLACEMENT_3D('',#2741,#1431,#1432);
#1259=AXIS2_PLACEMENT_3D('',#2985,#1435,#1436);
#1260=AXIS2_PLACEMENT_3D('',#3086,#1438,#1439);
#1261=AXIS2_PLACEMENT_3D('',#3088,#1440,#1441);
#1262=AXIS2_PLACEMENT_3D('',#3090,#1442,#1443);
#1263=AXIS2_PLACEMENT_3D('',#3091,#1444,#1445);
#1264=AXIS2_PLACEMENT_3D('',#3092,#1446,#1447);
#1265=AXIS2_PLACEMENT_3D('',#3094,#1448,#1449);
#1266=AXIS2_PLACEMENT_3D('',#3096,#1451,#1452);
#1267=AXIS2_PLACEMENT_3D('',#3099,#1454,#1455);
#1268=AXIS2_PLACEMENT_3D('',#3100,#1456,#1457);
#1269=AXIS2_PLACEMENT_3D('',#3101,#1458,#1459);
#1270=AXIS2_PLACEMENT_3D('',#3102,#1460,#1461);
#1271=AXIS2_PLACEMENT_3D('',#3104,#1462,#1463);
#1272=AXIS2_PLACEMENT_3D('',#3106,#1464,#1465);
#1273=AXIS2_PLACEMENT_3D('',#3107,#1466,#1467);
#1274=AXIS2_PLACEMENT_3D('',#3108,#1468,#1469);
#1275=AXIS2_PLACEMENT_3D('',#3115,#1473,#1474);
#1276=AXIS2_PLACEMENT_3D('',#3117,#1475,#1476);
#1277=AXIS2_PLACEMENT_3D('',#3119,#1477,#1478);
#1278=AXIS2_PLACEMENT_3D('',#3121,#1479,#1480);
#1279=AXIS2_PLACEMENT_3D('',#3123,#1481,#1482);
#1280=AXIS2_PLACEMENT_3D('',#3125,#1483,#1484);
#1281=AXIS2_PLACEMENT_3D('',#3127,#1485,#1486);
#1282=AXIS2_PLACEMENT_3D('',#3129,#1487,#1488);
#1283=AXIS2_PLACEMENT_3D('',#3130,#1489,#1490);
#1284=AXIS2_PLACEMENT_3D('',#3132,#1491,#1492);
#1285=AXIS2_PLACEMENT_3D('',#3134,#1494,#1495);
#1286=AXIS2_PLACEMENT_3D('',#3136,#1496,#1497);
#1287=AXIS2_PLACEMENT_3D('',#3137,#1498,#1499);
#1288=AXIS2_PLACEMENT_3D('',#3138,#1500,#1501);
#1289=AXIS2_PLACEMENT_3D('',#3140,#1502,#1503);
#1290=AXIS2_PLACEMENT_3D('',#3142,#1505,#1506);
#1291=AXIS2_PLACEMENT_3D('',#3144,#1507,#1508);
#1292=AXIS2_PLACEMENT_3D('',#3145,#1509,#1510);
#1293=AXIS2_PLACEMENT_3D('',#3146,#1511,#1512);
#1294=AXIS2_PLACEMENT_3D('',#3148,#1513,#1514);
#1295=AXIS2_PLACEMENT_3D('',#3150,#1516,#1517);
#1296=AXIS2_PLACEMENT_3D('',#3152,#1518,#1519);
#1297=AXIS2_PLACEMENT_3D('',#3153,#1520,#1521);
#1298=AXIS2_PLACEMENT_3D('',#3154,#1522,#1523);
#1299=AXIS2_PLACEMENT_3D('',#3156,#1524,#1525);
#1300=AXIS2_PLACEMENT_3D('',#3158,#1527,#1528);
#1301=AXIS2_PLACEMENT_3D('',#3160,#1529,#1530);
#1302=AXIS2_PLACEMENT_3D('',#3161,#1531,#1532);
#1303=AXIS2_PLACEMENT_3D('',#3162,#1533,#1534);
#1304=AXIS2_PLACEMENT_3D('',#3164,#1535,#1536);
#1305=AXIS2_PLACEMENT_3D('',#3166,#1538,#1539);
#1306=AXIS2_PLACEMENT_3D('',#3168,#1540,#1541);
#1307=AXIS2_PLACEMENT_3D('',#3169,#1542,#1543);
#1308=AXIS2_PLACEMENT_3D('',#3170,#1544,#1545);
#1309=AXIS2_PLACEMENT_3D('',#3172,#1546,#1547);
#1310=AXIS2_PLACEMENT_3D('',#3174,#1549,#1550);
#1311=AXIS2_PLACEMENT_3D('',#3176,#1551,#1552);
#1312=AXIS2_PLACEMENT_3D('',#3177,#1553,#1554);
#1313=AXIS2_PLACEMENT_3D('',#3178,#1555,#1556);
#1314=AXIS2_PLACEMENT_3D('',#3180,#1557,#1558);
#1315=AXIS2_PLACEMENT_3D('',#3182,#1560,#1561);
#1316=AXIS2_PLACEMENT_3D('',#3184,#1562,#1563);
#1317=AXIS2_PLACEMENT_3D('',#3185,#1564,#1565);
#1318=AXIS2_PLACEMENT_3D('',#3186,#1566,#1567);
#1319=AXIS2_PLACEMENT_3D('',#3188,#1568,#1569);
#1320=AXIS2_PLACEMENT_3D('',#3190,#1571,#1572);
#1321=AXIS2_PLACEMENT_3D('',#3192,#1573,#1574);
#1322=AXIS2_PLACEMENT_3D('',#3193,#1575,#1576);
#1323=AXIS2_PLACEMENT_3D('',#3194,#1577,#1578);
#1324=AXIS2_PLACEMENT_3D('',#3196,#1579,#1580);
#1325=AXIS2_PLACEMENT_3D('',#3198,#1582,#1583);
#1326=AXIS2_PLACEMENT_3D('',#3201,#1585,#1586);
#1327=AXIS2_PLACEMENT_3D('',#3202,#1587,#1588);
#1328=AXIS2_PLACEMENT_3D('',#3207,#1591,#1592);
#1329=AXIS2_PLACEMENT_3D('',#3209,#1593,#1594);
#1330=AXIS2_PLACEMENT_3D('',#3210,#1595,#1596);
#1331=AXIS2_PLACEMENT_3D('',#3213,#1597,#1598);
#1332=AXIS2_PLACEMENT_3D('',#3215,#1599,#1600);
#1333=AXIS2_PLACEMENT_3D('',#3216,#1601,#1602);
#1334=AXIS2_PLACEMENT_3D('',#3217,#1603,#1604);
#1335=AXIS2_PLACEMENT_3D('',#3220,#1605,#1606);
#1336=AXIS2_PLACEMENT_3D('',#3223,#1609,#1610);
#1337=AXIS2_PLACEMENT_3D('',#3226,#1611,#1612);
#1338=AXIS2_PLACEMENT_3D('',#3228,#1613,#1614);
#1339=AXIS2_PLACEMENT_3D('',#3229,#1615,#1616);
#1340=AXIS2_PLACEMENT_3D('',#3230,#1617,#1618);
#1341=AXIS2_PLACEMENT_3D('',#3233,#1619,#1620);
#1342=AXIS2_PLACEMENT_3D('',#3236,#1623,#1624);
#1343=AXIS2_PLACEMENT_3D('',#3239,#1625,#1626);
#1344=AXIS2_PLACEMENT_3D('',#3242,#1629,#1630);
#1345=AXIS2_PLACEMENT_3D('',#3245,#1633,#1634);
#1346=AXIS2_PLACEMENT_3D('',#3248,#1635,#1636);
#1347=AXIS2_PLACEMENT_3D('',#3493,#1641,#1642);
#1348=AXIS2_PLACEMENT_3D('',#3495,#1644,#1645);
#1349=AXIS2_PLACEMENT_3D('',#3498,#1647,#1648);
#1350=AXIS2_PLACEMENT_3D('',#3500,#1649,#1650);
#1351=AXIS2_PLACEMENT_3D('',#3501,#1651,#1652);
#1352=AXIS2_PLACEMENT_3D('',#3503,#1654,#1655);
#1353=AXIS2_PLACEMENT_3D('',#3533,#1657,#1658);
#1354=AXIS2_PLACEMENT_3D('',#3535,#1660,#1661);
#1355=AXIS2_PLACEMENT_3D('',#3537,#1663,#1664);
#1356=AXIS2_PLACEMENT_3D('',#3544,#1669,#1670);
#1357=AXIS2_PLACEMENT_3D('',#3547,#1673,#1674);
#1358=AXIS2_PLACEMENT_3D('',#3548,#1675,#1676);
#1359=AXIS2_PLACEMENT_3D('',#3549,#1677,#1678);
#1360=AXIS2_PLACEMENT_3D('',#3550,#1679,#1680);
#1361=AXIS2_PLACEMENT_3D('',#3551,#1681,#1682);
#1362=AXIS2_PLACEMENT_3D('',#3552,#1683,#1684);
#1363=AXIS2_PLACEMENT_3D('',#3553,#1685,#1686);
#1364=AXIS2_PLACEMENT_3D('',#3554,#1687,#1688);
#1365=AXIS2_PLACEMENT_3D('',#3555,#1689,#1690);
#1366=AXIS2_PLACEMENT_3D('',#3556,#1691,#1692);
#1367=AXIS2_PLACEMENT_3D('',#3558,#1694,#1695);
#1368=AXIS2_PLACEMENT_3D('',#3560,#1697,#1698);
#1369=AXIS2_PLACEMENT_3D('',#3562,#1700,#1701);
#1370=AXIS2_PLACEMENT_3D('',#3566,#1704,#1705);
#1371=AXIS2_PLACEMENT_3D('',#3568,#1707,#1708);
#1372=DIRECTION('axis',(0.,0.,1.));
#1373=DIRECTION('refdir',(1.,0.,0.));
#1374=DIRECTION('',(-0.181005512615251,-0.181005512615213,0.966681958456759));
#1375=DIRECTION('center_axis',(0.,0.,1.));
#1376=DIRECTION('ref_axis',(1.,0.,0.));
#1377=DIRECTION('',(-0.181005512615251,0.181005512615212,0.966681958456759));
#1378=DIRECTION('center_axis',(0.,-1.,0.));
#1379=DIRECTION('ref_axis',(0.707106781186548,0.,0.707106781186548));
#1380=DIRECTION('center_axis',(0.,0.707106781186625,-0.70710678118647));
#1381=DIRECTION('ref_axis',(0.,0.70710678118647,0.707106781186625));
#1382=DIRECTION('',(0.,-1.,0.));
#1383=DIRECTION('center_axis',(0.,-1.,0.));
#1384=DIRECTION('ref_axis',(1.,0.,0.));
#1385=DIRECTION('',(0.,1.,0.));
#1386=DIRECTION('center_axis',(1.,0.,0.));
#1387=DIRECTION('ref_axis',(0.,0.,-1.));
#1388=DIRECTION('center_axis',(0.,0.,-1.));
#1389=DIRECTION('ref_axis',(1.,0.,0.));
#1390=DIRECTION('center_axis',(-1.,0.,0.));
#1391=DIRECTION('ref_axis',(0.,-0.707106781186548,0.707106781186547));
#1392=DIRECTION('center_axis',(1.,0.,0.));
#1393=DIRECTION('ref_axis',(0.,-0.707106781186548,0.707106781186547));
#1394=DIRECTION('center_axis',(0.,0.,-1.));
#1395=DIRECTION('ref_axis',(0.70710678118654,-0.707106781186555,0.));
#1396=DIRECTION('center_axis',(0.,0.707106781186625,-0.70710678118647));
#1397=DIRECTION('ref_axis',(0.,-0.70710678118647,-0.707106781186625));
#1398=DIRECTION('',(0.,0.,1.));
#1399=DIRECTION('',(0.,0.,-1.));
#1400=DIRECTION('center_axis',(1.,0.,0.));
#1401=DIRECTION('ref_axis',(0.,1.,0.));
#1402=DIRECTION('',(0.,0.70710678118647,0.707106781186625));
#1403=DIRECTION('center_axis',(0.,0.707106781186625,-0.70710678118647));
#1404=DIRECTION('ref_axis',(0.,0.70710678118647,0.707106781186625));
#1405=DIRECTION('',(1.,0.,0.));
#1406=DIRECTION('',(0.,0.70710678118647,0.707106781186625));
#1407=DIRECTION('',(1.,0.,0.));
#1408=DIRECTION('center_axis',(1.,0.,0.));
#1409=DIRECTION('ref_axis',(0.,0.,-1.));
#1410=DIRECTION('',(0.,1.,0.));
#1411=DIRECTION('',(0.,0.,1.));
#1412=DIRECTION('',(0.,-1.,0.));
#1413=DIRECTION('',(0.,0.,-1.));
#1414=DIRECTION('',(0.,0.695421427515691,-0.718602141766944));
#1415=DIRECTION('',(0.711378780439012,-0.657533126516583,-0.248174169232883));
#1416=DIRECTION('',(0.181005512615251,-0.181005512615212,0.966681958456759));
#1417=DIRECTION('center_axis',(0.,0.,1.));
#1418=DIRECTION('ref_axis',(1.,0.,0.));
#1419=DIRECTION('center_axis',(0.,-1.,0.));
#1420=DIRECTION('ref_axis',(1.,0.,0.));
#1421=DIRECTION('',(0.,-1.,0.));
#1422=DIRECTION('',(0.657286278929676,-0.651416669967806,-0.378986899006857));
#1423=DIRECTION('center_axis',(0.,-1.,0.));
#1424=DIRECTION('ref_axis',(1.,0.,0.));
#1425=DIRECTION('',(0.,-1.,0.));
#1426=DIRECTION('',(0.598382340417789,0.67543734722396,-0.430955873206513));
#1427=DIRECTION('',(1.,0.,0.));
#1428=DIRECTION('center_axis',(0.,0.,1.));
#1429=DIRECTION('ref_axis',(1.,0.,0.));
#1430=DIRECTION('',(0.181005512615251,0.181005512615212,0.966681958456759));
#1431=DIRECTION('center_axis',(0.,-1.,0.));
#1432=DIRECTION('ref_axis',(1.,0.,0.));
#1433=DIRECTION('',(0.,-1.,0.));
#1434=DIRECTION('',(0.657286278929672,0.651416669967804,-0.378986899006868));
#1435=DIRECTION('center_axis',(0.,-1.,0.));
#1436=DIRECTION('ref_axis',(1.,0.,0.));
#1437=DIRECTION('',(0.,-1.,0.));
#1438=DIRECTION('center_axis',(0.,0.,-1.));
#1439=DIRECTION('ref_axis',(-1.,0.,0.));
#1440=DIRECTION('center_axis',(0.,0.,1.));
#1441=DIRECTION('ref_axis',(-1.,0.,0.));
#1442=DIRECTION('center_axis',(-1.20024110770287E-16,-1.,0.));
#1443=DIRECTION('ref_axis',(1.,-1.20024110770287E-16,0.));
#1444=DIRECTION('center_axis',(0.,0.,-1.));
#1445=DIRECTION('ref_axis',(-1.,0.,0.));
#1446=DIRECTION('center_axis',(0.,0.,1.));
#1447=DIRECTION('ref_axis',(-1.,-1.20762173838941E-60,4.61710579009901E-30));
#1448=DIRECTION('center_axis',(8.95095355626557E-30,-2.61553837683132E-31,
1.));
#1449=DIRECTION('ref_axis',(-1.,-2.34115625356474E-60,8.95095355626557E-30));
#1450=DIRECTION('',(-0.173648177666931,-2.12657684957578E-17,-0.984807753012208));
#1451=DIRECTION('center_axis',(0.,0.,-1.));
#1452=DIRECTION('ref_axis',(-1.,0.,0.));
#1453=DIRECTION('',(0.,0.,-1.));
#1454=DIRECTION('center_axis',(-3.58038142250623E-29,1.04621535073253E-30,
-1.));
#1455=DIRECTION('ref_axis',(-1.,0.,3.58038142250623E-29));
#1456=DIRECTION('center_axis',(8.95095355626557E-30,-2.61553837683132E-31,
1.));
#1457=DIRECTION('ref_axis',(1.,0.,-8.95095355626557E-30));
#1458=DIRECTION('center_axis',(0.,0.,1.));
#1459=DIRECTION('ref_axis',(1.,0.,0.));
#1460=DIRECTION('center_axis',(0.,0.,-1.));
#1461=DIRECTION('ref_axis',(-1.,0.,0.));
#1462=DIRECTION('center_axis',(0.,0.,-1.));
#1463=DIRECTION('ref_axis',(1.,0.,0.));
#1464=DIRECTION('center_axis',(0.,-1.,0.));
#1465=DIRECTION('ref_axis',(1.,0.,0.));
#1466=DIRECTION('center_axis',(0.,0.,1.));
#1467=DIRECTION('ref_axis',(1.,0.,0.));
#1468=DIRECTION('center_axis',(0.,0.,1.));
#1469=DIRECTION('ref_axis',(1.,0.,0.));
#1470=DIRECTION('',(1.,0.,0.));
#1471=DIRECTION('',(0.,-1.,0.));
#1472=DIRECTION('',(-1.,0.,0.));
#1473=DIRECTION('center_axis',(0.,0.,-1.));
#1474=DIRECTION('ref_axis',(1.,0.,0.));
#1475=DIRECTION('center_axis',(0.,0.,-1.));
#1476=DIRECTION('ref_axis',(1.,0.,0.));
#1477=DIRECTION('center_axis',(0.,0.,-1.));
#1478=DIRECTION('ref_axis',(1.,0.,0.));
#1479=DIRECTION('center_axis',(0.,0.,-1.));
#1480=DIRECTION('ref_axis',(1.,0.,0.));
#1481=DIRECTION('center_axis',(0.,0.,-1.));
#1482=DIRECTION('ref_axis',(1.,0.,0.));
#1483=DIRECTION('center_axis',(0.,0.,-1.));
#1484=DIRECTION('ref_axis',(1.,0.,0.));
#1485=DIRECTION('center_axis',(0.,0.,-1.));
#1486=DIRECTION('ref_axis',(1.,0.,0.));
#1487=DIRECTION('center_axis',(0.,0.,-1.));
#1488=DIRECTION('ref_axis',(1.,0.,0.));
#1489=DIRECTION('center_axis',(0.,0.,-1.));
#1490=DIRECTION('ref_axis',(-1.,0.,0.));
#1491=DIRECTION('center_axis',(0.,0.,-1.));
#1492=DIRECTION('ref_axis',(-1.,0.,0.));
#1493=DIRECTION('',(0.,0.,1.));
#1494=DIRECTION('center_axis',(0.,0.,-1.));
#1495=DIRECTION('ref_axis',(-1.,0.,0.));
#1496=DIRECTION('center_axis',(0.,-1.,0.));
#1497=DIRECTION('ref_axis',(1.,0.,0.));
#1498=DIRECTION('center_axis',(0.,0.,1.));
#1499=DIRECTION('ref_axis',(1.,0.,0.));
#1500=DIRECTION('center_axis',(0.,0.,-1.));
#1501=DIRECTION('ref_axis',(-1.,0.,0.));
#1502=DIRECTION('center_axis',(0.,0.,-1.));
#1503=DIRECTION('ref_axis',(-1.,0.,0.));
#1504=DIRECTION('',(0.,0.,1.));
#1505=DIRECTION('center_axis',(0.,0.,-1.));
#1506=DIRECTION('ref_axis',(-1.,0.,0.));
#1507=DIRECTION('center_axis',(0.,-1.,0.));
#1508=DIRECTION('ref_axis',(1.,0.,0.));
#1509=DIRECTION('center_axis',(0.,0.,1.));
#1510=DIRECTION('ref_axis',(1.,0.,0.));
#1511=DIRECTION('center_axis',(0.,0.,-1.));
#1512=DIRECTION('ref_axis',(-1.,0.,0.));
#1513=DIRECTION('center_axis',(0.,0.,-1.));
#1514=DIRECTION('ref_axis',(-1.,0.,0.));
#1515=DIRECTION('',(0.,0.,1.));
#1516=DIRECTION('center_axis',(0.,0.,-1.));
#1517=DIRECTION('ref_axis',(-1.,0.,0.));
#1518=DIRECTION('center_axis',(0.,-1.,0.));
#1519=DIRECTION('ref_axis',(1.,0.,0.));
#1520=DIRECTION('center_axis',(0.,0.,1.));
#1521=DIRECTION('ref_axis',(1.,0.,0.));
#1522=DIRECTION('center_axis',(0.,0.,-1.));
#1523=DIRECTION('ref_axis',(-1.,0.,0.));
#1524=DIRECTION('center_axis',(0.,0.,-1.));
#1525=DIRECTION('ref_axis',(-1.,0.,0.));
#1526=DIRECTION('',(0.,0.,1.));
#1527=DIRECTION('center_axis',(0.,0.,-1.));
#1528=DIRECTION('ref_axis',(-1.,0.,0.));
#1529=DIRECTION('center_axis',(0.,-1.,0.));
#1530=DIRECTION('ref_axis',(1.,0.,0.));
#1531=DIRECTION('center_axis',(0.,0.,1.));
#1532=DIRECTION('ref_axis',(1.,0.,0.));
#1533=DIRECTION('center_axis',(0.,0.,-1.));
#1534=DIRECTION('ref_axis',(-1.,0.,0.));
#1535=DIRECTION('center_axis',(0.,0.,-1.));
#1536=DIRECTION('ref_axis',(-1.,0.,0.));
#1537=DIRECTION('',(0.,0.,1.));
#1538=DIRECTION('center_axis',(0.,0.,-1.));
#1539=DIRECTION('ref_axis',(-1.,0.,0.));
#1540=DIRECTION('center_axis',(0.,-1.,0.));
#1541=DIRECTION('ref_axis',(1.,0.,0.));
#1542=DIRECTION('center_axis',(0.,0.,1.));
#1543=DIRECTION('ref_axis',(1.,0.,0.));
#1544=DIRECTION('center_axis',(0.,0.,-1.));
#1545=DIRECTION('ref_axis',(-1.,0.,0.));
#1546=DIRECTION('center_axis',(0.,0.,-1.));
#1547=DIRECTION('ref_axis',(-1.,0.,0.));
#1548=DIRECTION('',(0.,0.,1.));
#1549=DIRECTION('center_axis',(0.,0.,-1.));
#1550=DIRECTION('ref_axis',(-1.,0.,0.));
#1551=DIRECTION('center_axis',(0.,-1.,0.));
#1552=DIRECTION('ref_axis',(1.,0.,0.));
#1553=DIRECTION('center_axis',(0.,0.,1.));
#1554=DIRECTION('ref_axis',(1.,0.,0.));
#1555=DIRECTION('center_axis',(0.,0.,-1.));
#1556=DIRECTION('ref_axis',(-1.,0.,0.));
#1557=DIRECTION('center_axis',(0.,0.,-1.));
#1558=DIRECTION('ref_axis',(-1.,0.,0.));
#1559=DIRECTION('',(0.,0.,1.));
#1560=DIRECTION('center_axis',(0.,0.,-1.));
#1561=DIRECTION('ref_axis',(-1.,0.,0.));
#1562=DIRECTION('center_axis',(0.,-1.,0.));
#1563=DIRECTION('ref_axis',(1.,0.,0.));
#1564=DIRECTION('center_axis',(0.,0.,1.));
#1565=DIRECTION('ref_axis',(1.,0.,0.));
#1566=DIRECTION('center_axis',(0.,0.,-1.));
#1567=DIRECTION('ref_axis',(-1.,0.,0.));
#1568=DIRECTION('center_axis',(0.,0.,-1.));
#1569=DIRECTION('ref_axis',(-1.,0.,0.));
#1570=DIRECTION('',(0.,0.,1.));
#1571=DIRECTION('center_axis',(0.,0.,-1.));
#1572=DIRECTION('ref_axis',(-1.,0.,0.));
#1573=DIRECTION('center_axis',(0.,-1.,0.));
#1574=DIRECTION('ref_axis',(1.,0.,0.));
#1575=DIRECTION('center_axis',(0.,0.,1.));
#1576=DIRECTION('ref_axis',(1.,0.,0.));
#1577=DIRECTION('center_axis',(0.,0.,-1.));
#1578=DIRECTION('ref_axis',(-1.,0.,0.));
#1579=DIRECTION('center_axis',(0.,0.,-1.));
#1580=DIRECTION('ref_axis',(-1.,0.,0.));
#1581=DIRECTION('',(0.,0.,1.));
#1582=DIRECTION('center_axis',(-1.,0.,0.));
#1583=DIRECTION('ref_axis',(0.,-0.707106781186549,0.707106781186546));
#1584=DIRECTION('',(-1.,0.,0.));
#1585=DIRECTION('center_axis',(-1.,0.,0.));
#1586=DIRECTION('ref_axis',(0.,-0.707106781186549,0.707106781186546));
#1587=DIRECTION('center_axis',(0.,1.,0.));
#1588=DIRECTION('ref_axis',(1.,0.,0.));
#1589=DIRECTION('',(1.,0.,0.));
#1590=DIRECTION('',(0.,0.,-1.));
#1591=DIRECTION('center_axis',(0.,-1.,0.));
#1592=DIRECTION('ref_axis',(-1.,1.98951966012828E-13,2.72814396388891E-30));
#1593=DIRECTION('center_axis',(0.,-1.,0.));
#1594=DIRECTION('ref_axis',(-1.,1.98951966012828E-13,2.72814396388891E-30));
#1595=DIRECTION('center_axis',(-0.816496580927725,0.408248290463865,0.408248290463863));
#1596=DIRECTION('ref_axis',(0.577350269189625,0.577350269189628,0.577350269189625));
#1597=DIRECTION('center_axis',(0.,0.,-1.));
#1598=DIRECTION('ref_axis',(1.,0.,0.));
#1599=DIRECTION('center_axis',(0.,-1.,0.));
#1600=DIRECTION('ref_axis',(0.,0.,1.));
#1601=DIRECTION('center_axis',(-1.,0.,0.));
#1602=DIRECTION('ref_axis',(0.,1.,0.));
#1603=DIRECTION('center_axis',(0.,1.,0.));
#1604=DIRECTION('ref_axis',(0.707106781186541,0.,0.707106781186554));
#1605=DIRECTION('center_axis',(0.,-0.718602141766944,-0.695421427515691));
#1606=DIRECTION('ref_axis',(-4.98630402084132E-17,-0.695421427515691,0.718602141766944));
#1607=DIRECTION('',(0.,1.,0.));
#1608=DIRECTION('',(0.,-1.,0.));
#1609=DIRECTION('center_axis',(-0.816496580927731,-0.408248290463858,-0.408248290463858));
#1610=DIRECTION('ref_axis',(-0.577350269189624,0.577350269189629,0.577350269189624));
#1611=DIRECTION('center_axis',(1.,-8.88178419700125E-15,0.));
#1612=DIRECTION('ref_axis',(0.,0.,1.));
#1613=DIRECTION('center_axis',(0.,-1.,0.));
#1614=DIRECTION('ref_axis',(-1.,0.,0.));
#1615=DIRECTION('center_axis',(0.,0.,-1.));
#1616=DIRECTION('ref_axis',(0.,1.,0.));
#1617=DIRECTION('center_axis',(0.,1.,0.));
#1618=DIRECTION('ref_axis',(-0.707106781186548,0.,0.707106781186548));
#1619=DIRECTION('center_axis',(0.,-0.718602141766944,-0.695421427515691));
#1620=DIRECTION('ref_axis',(0.,-0.695421427515691,0.718602141766944));
#1621=DIRECTION('',(0.,1.,0.));
#1622=DIRECTION('',(0.,-1.,0.));
#1623=DIRECTION('center_axis',(0.,0.,1.));
#1624=DIRECTION('ref_axis',(-0.707106781186553,0.707106781186542,0.));
#1625=DIRECTION('center_axis',(0.,0.,-1.));
#1626=DIRECTION('ref_axis',(-1.,0.,0.));
#1627=DIRECTION('',(0.,0.,1.));
#1628=DIRECTION('',(0.,0.,-1.));
#1629=DIRECTION('center_axis',(1.,0.,0.));
#1630=DIRECTION('ref_axis',(0.,0.707106781186549,0.707106781186546));
#1631=DIRECTION('',(-1.,0.,0.));
#1632=DIRECTION('',(1.,0.,0.));
#1633=DIRECTION('center_axis',(0.,0.,-1.));
#1634=DIRECTION('ref_axis',(0.70710678118654,0.707106781186555,0.));
#1635=DIRECTION('center_axis',(0.,0.,-1.));
#1636=DIRECTION('ref_axis',(0.,1.,0.));
#1637=DIRECTION('',(0.,0.,1.));
#1638=DIRECTION('',(0.,0.,-1.));
#1639=DIRECTION('',(0.,-0.695421427515691,0.718602141766944));
#1640=DIRECTION('',(0.,0.695421427515691,-0.718602141766944));
#1641=DIRECTION('center_axis',(1.,0.,0.));
#1642=DIRECTION('ref_axis',(0.,0.,-1.));
#1643=DIRECTION('',(0.,0.695421427515691,-0.718602141766944));
#1644=DIRECTION('center_axis',(0.,1.,0.));
#1645=DIRECTION('ref_axis',(0.,0.,1.));
#1646=DIRECTION('',(-1.,0.,0.));
#1647=DIRECTION('center_axis',(1.99840144432528E-13,1.,0.));
#1648=DIRECTION('ref_axis',(-1.,1.98951966012828E-13,2.72814396388891E-30));
#1649=DIRECTION('center_axis',(1.99840144432528E-13,1.,0.));
#1650=DIRECTION('ref_axis',(-1.,1.98951966012828E-13,2.72814396388891E-30));
#1651=DIRECTION('center_axis',(0.,0.,-1.));
#1652=DIRECTION('ref_axis',(-1.,0.,0.));
#1653=DIRECTION('',(-1.,0.,0.));
#1654=DIRECTION('center_axis',(3.58038142250623E-29,-1.04621535073253E-30,
1.));
#1655=DIRECTION('ref_axis',(-1.,0.,3.58038142250623E-29));
#1656=DIRECTION('',(0.,-1.,0.));
#1657=DIRECTION('center_axis',(-1.,0.,0.));
#1658=DIRECTION('ref_axis',(0.,0.,1.));
#1659=DIRECTION('',(0.,-0.695421427515691,0.718602141766944));
#1660=DIRECTION('center_axis',(0.,0.,1.));
#1661=DIRECTION('ref_axis',(1.,0.,0.));
#1662=DIRECTION('',(1.,0.,0.));
#1663=DIRECTION('center_axis',(0.,-0.718602141766944,-0.695421427515691));
#1664=DIRECTION('ref_axis',(0.,-0.695421427515691,0.718602141766944));
#1665=DIRECTION('',(1.,0.,0.));
#1666=DIRECTION('',(0.,-0.695421427515691,0.718602141766944));
#1667=DIRECTION('',(-1.,0.,0.));
#1668=DIRECTION('',(1.,0.,0.));
#1669=DIRECTION('center_axis',(0.,-1.,0.));
#1670=DIRECTION('ref_axis',(0.,0.,-1.));
#1671=DIRECTION('',(1.,0.,0.));
#1672=DIRECTION('',(0.,0.,-1.));
#1673=DIRECTION('center_axis',(0.,0.,1.));
#1674=DIRECTION('ref_axis',(-1.,0.,0.));
#1675=DIRECTION('center_axis',(0.,0.,1.));
#1676=DIRECTION('ref_axis',(-1.,0.,0.));
#1677=DIRECTION('center_axis',(0.,0.,1.));
#1678=DIRECTION('ref_axis',(-1.,0.,0.));
#1679=DIRECTION('center_axis',(0.,0.,1.));
#1680=DIRECTION('ref_axis',(-1.,0.,0.));
#1681=DIRECTION('center_axis',(0.,0.,1.));
#1682=DIRECTION('ref_axis',(-1.,0.,0.));
#1683=DIRECTION('center_axis',(0.,0.,1.));
#1684=DIRECTION('ref_axis',(-1.,0.,0.));
#1685=DIRECTION('center_axis',(0.,0.,1.));
#1686=DIRECTION('ref_axis',(-1.,0.,0.));
#1687=DIRECTION('center_axis',(0.,0.,1.));
#1688=DIRECTION('ref_axis',(-1.,0.,0.));
#1689=DIRECTION('center_axis',(0.,0.,1.));
#1690=DIRECTION('ref_axis',(-1.,0.,0.));
#1691=DIRECTION('center_axis',(1.98951966012828E-13,1.,-2.66453525910038E-15));
#1692=DIRECTION('ref_axis',(-1.,1.98951966012828E-13,2.72814396388891E-30));
#1693=DIRECTION('',(1.98951966012828E-13,1.,-2.66453525910038E-15));
#1694=DIRECTION('center_axis',(1.98951966012828E-13,1.,-2.66453525910038E-15));
#1695=DIRECTION('ref_axis',(-1.,1.98951966012828E-13,2.72814396388891E-30));
#1696=DIRECTION('',(1.98951966012828E-13,1.,-2.66453525910038E-15));
#1697=DIRECTION('center_axis',(0.,0.,-1.));
#1698=DIRECTION('ref_axis',(-1.,0.,0.));
#1699=DIRECTION('',(0.,1.,0.));
#1700=DIRECTION('center_axis',(0.,1.,0.));
#1701=DIRECTION('ref_axis',(-1.,0.,0.));
#1702=DIRECTION('',(0.,0.,1.));
#1703=DIRECTION('',(1.,0.,0.));
#1704=DIRECTION('center_axis',(-1.,0.,0.));
#1705=DIRECTION('ref_axis',(0.,-1.,0.));
#1706=DIRECTION('',(0.,-1.,0.));
#1707=DIRECTION('center_axis',(0.,0.,1.));
#1708=DIRECTION('ref_axis',(1.,0.,0.));
#1709=CARTESIAN_POINT('',(0.,0.,0.));
#1710=CARTESIAN_POINT('Ctrl Pts',(189.893518288599,24.3006684101595,99.301864602531));
#1711=CARTESIAN_POINT('Ctrl Pts',(190.04854723371,17.2656506690345,99.301864602531));
#1712=CARTESIAN_POINT('Ctrl Pts',(190.331130200117,5.540846229089,99.301864602531));
#1713=CARTESIAN_POINT('Ctrl Pts',(190.41202691327,-10.8787413230289,99.301864602531));
#1714=CARTESIAN_POINT('Ctrl Pts',(190.281759673541,-20.2604425819865,99.301864602531));
#1715=CARTESIAN_POINT('Ctrl Pts',(190.193714885456,-24.9507669651634,99.301864602531));
#1716=CARTESIAN_POINT('Ctrl Pts',(189.179514024443,24.2849340748742,99.301864602531));
#1717=CARTESIAN_POINT('Ctrl Pts',(189.294520351768,17.2481981300943,99.3009962519936));
#1718=CARTESIAN_POINT('Ctrl Pts',(189.510398840967,5.52589322676565,99.3013394085656));
#1719=CARTESIAN_POINT('Ctrl Pts',(189.573630871832,-10.8742600166019,99.3005635346317));
#1720=CARTESIAN_POINT('Ctrl Pts',(189.472653612227,-20.2477053357605,99.3012629006566));
#1721=CARTESIAN_POINT('Ctrl Pts',(189.405719851164,-24.935975055236,99.301864602531));
#1722=CARTESIAN_POINT('Ctrl Pts',(187.935574182709,24.2575216804011,99.7685267582729));
#1723=CARTESIAN_POINT('Ctrl Pts',(187.983133235878,17.217846943548,99.8226610000011));
#1724=CARTESIAN_POINT('Ctrl Pts',(188.085792083493,5.50005993890516,99.925110226702));
#1725=CARTESIAN_POINT('Ctrl Pts',(188.120642338862,-10.8665137601619,99.9544772155203));
#1726=CARTESIAN_POINT('Ctrl Pts',(188.067833782989,-20.225576386535,99.9071558981526));
#1727=CARTESIAN_POINT('Ctrl Pts',(188.03583412769,-24.9102601390872,99.8753385565159));
#1728=CARTESIAN_POINT('Ctrl Pts',(187.216386683663,24.2416731234512,100.847083224136));
#1729=CARTESIAN_POINT('Ctrl Pts',(187.279625437299,17.2015017813556,101.005003408414));
#1730=CARTESIAN_POINT('Ctrl Pts',(187.438352343058,5.4889768593929,101.287797980856));
#1731=CARTESIAN_POINT('Ctrl Pts',(187.494801202808,-10.8633104602029,101.364058627012));
#1732=CARTESIAN_POINT('Ctrl Pts',(187.410435702107,-20.2153329426075,101.238296479018));
#1733=CARTESIAN_POINT('Ctrl Pts',(187.361630900945,-24.8976042809043,101.150398707712));
#1734=CARTESIAN_POINT('Ctrl Pts',(187.047434413555,24.2379499640829,101.355358938133));
#1735=CARTESIAN_POINT('Ctrl Pts',(187.1368009523,17.198157885248,101.553118087432));
#1736=CARTESIAN_POINT('Ctrl Pts',(187.354513355811,5.4878990030647,101.898259203059));
#1737=CARTESIAN_POINT('Ctrl Pts',(187.429930429001,-10.8630581455196,101.988310803049));
#1738=CARTESIAN_POINT('Ctrl Pts',(187.316202382196,-20.2139089530708,101.837854912604));
#1739=CARTESIAN_POINT('Ctrl Pts',(187.249109564354,-24.8954920779039,101.730686705745));
#1740=CARTESIAN_POINT('',(190.193852281912,-24.9434466324824,99.301864602531));
#1741=CARTESIAN_POINT('',(187.254938642362,-24.4869269143933,101.739963686949));
#1742=CARTESIAN_POINT('Ctrl Pts',(187.254938642361,-24.4869269143742,101.739963686953));
#1743=CARTESIAN_POINT('Ctrl Pts',(187.28537162857,-24.5173599005831,101.577432622097));
#1744=CARTESIAN_POINT('Ctrl Pts',(187.329248280993,-24.5470391303323,101.417559324194));
#1745=CARTESIAN_POINT('Ctrl Pts',(187.445135245298,-24.6055644642048,101.101066362321));
#1746=CARTESIAN_POINT('Ctrl Pts',(187.517863921234,-24.6342439562342,100.94530977414));
#1747=CARTESIAN_POINT('Ctrl Pts',(187.754263540356,-24.7097269467795,100.535447073306));
#1748=CARTESIAN_POINT('Ctrl Pts',(187.943826408393,-24.7534876596835,100.298094345807));
#1749=CARTESIAN_POINT('Ctrl Pts',(188.426750123346,-24.8364666251361,99.8529632545319));
#1750=CARTESIAN_POINT('Ctrl Pts',(188.728364239475,-24.8730141569075,99.6606287340676));
#1751=CARTESIAN_POINT('Ctrl Pts',(189.417675954211,-24.9278152230234,99.3779782613308));
#1752=CARTESIAN_POINT('Ctrl Pts',(189.803645247663,-24.9434466318695,99.301864602531));
#1753=CARTESIAN_POINT('Ctrl Pts',(190.193852281935,-24.9434466318695,99.301864602531));
#1754=CARTESIAN_POINT('',(189.893518288599,24.3006684101595,99.301864602531));
#1755=CARTESIAN_POINT('Ctrl Pts',(190.193852281037,-24.9434466323722,99.301864602531));
#1756=CARTESIAN_POINT('Ctrl Pts',(190.281827432284,-20.2555618127958,99.301864602531));
#1757=CARTESIAN_POINT('Ctrl Pts',(190.412014888701,-10.8763006991007,99.301864602531));
#1758=CARTESIAN_POINT('Ctrl Pts',(190.331130200117,5.540846229089,99.301864602531));
#1759=CARTESIAN_POINT('Ctrl Pts',(190.04854723371,17.2656506690345,99.301864602531));
#1760=CARTESIAN_POINT('Ctrl Pts',(189.893518288599,24.3006684101595,99.301864602531));
#1761=CARTESIAN_POINT('',(187.164131551024,15.9406976251038,101.586960509505));
#1762=CARTESIAN_POINT('Ctrl Pts',(189.8935182886,24.3006684101484,99.301864602531));
#1763=CARTESIAN_POINT('Ctrl Pts',(189.891082050836,24.2947444480048,99.301864602531));
#1764=CARTESIAN_POINT('Ctrl Pts',(189.888645865444,24.2888204809197,99.3018680375829));
#1765=CARTESIAN_POINT('Ctrl Pts',(189.886209738137,24.2828965106252,99.3018749048454));
#1766=CARTESIAN_POINT('Ctrl Pts',(189.789999441577,24.0489403716637,99.302146114545));
#1767=CARTESIAN_POINT('Ctrl Pts',(189.693898902736,23.8149668165821,99.3077660696728));
#1768=CARTESIAN_POINT('Ctrl Pts',(189.598244395719,23.5810866779743,99.318581312841));
#1769=CARTESIAN_POINT('Ctrl Pts',(189.502389620863,23.3467168743045,99.3294191994313));
#1770=CARTESIAN_POINT('Ctrl Pts',(189.406981771243,23.1124408664008,99.3454744198978));
#1771=CARTESIAN_POINT('Ctrl Pts',(189.312368786591,22.8783703520703,99.3666437465299));
#1772=CARTESIAN_POINT('Ctrl Pts',(189.219143830501,22.6477337909201,99.3875025065931));
#1773=CARTESIAN_POINT('Ctrl Pts',(189.126689692775,22.4172967262763,99.413326797369));
#1774=CARTESIAN_POINT('Ctrl Pts',(189.035362304708,22.1871663528633,99.4440625132378));
#1775=CARTESIAN_POINT('Ctrl Pts',(188.947957133939,21.9669193381071,99.4734782290605));
#1776=CARTESIAN_POINT('Ctrl Pts',(188.861583410191,21.7469532293496,99.5073930542563));
#1777=CARTESIAN_POINT('Ctrl Pts',(188.776584956528,21.5273624503048,99.5457942333203));
#1778=CARTESIAN_POINT('Ctrl Pts',(188.694110730142,21.3142929314744,99.58305499983));
#1779=CARTESIAN_POINT('Ctrl Pts',(188.612930750231,21.1015767732666,99.6245399497353));
#1780=CARTESIAN_POINT('Ctrl Pts',(188.533398069406,20.8893007859953,99.6702650357054));
#1781=CARTESIAN_POINT('Ctrl Pts',(188.457551003177,20.6868618552539,99.7138711808509));
#1782=CARTESIAN_POINT('Ctrl Pts',(188.383201783505,20.4848232407996,99.7613339211083));
#1783=CARTESIAN_POINT('Ctrl Pts',(188.310698545989,20.2832608238222,99.8126876701985));
#1784=CARTESIAN_POINT('Ctrl Pts',(188.262954559299,20.1505302909112,99.8465045423412));
#1785=CARTESIAN_POINT('Ctrl Pts',(188.216011904212,20.0180062650459,99.8820090925808));
#1786=CARTESIAN_POINT('Ctrl Pts',(188.169981727109,19.8857105775977,99.9192153748697));
#1787=CARTESIAN_POINT('Ctrl Pts',(188.103106507792,19.6935039933625,99.9732707455985));
#1788=CARTESIAN_POINT('Ctrl Pts',(188.038849798034,19.5038401990308,100.030356515543));
#1789=CARTESIAN_POINT('Ctrl Pts',(187.977428081096,19.3167309674194,100.090328648908));
#1790=CARTESIAN_POINT('Ctrl Pts',(187.90513766589,19.0965123750931,100.160912973767));
#1791=CARTESIAN_POINT('Ctrl Pts',(187.836773418905,18.8798323950525,100.235494442943));
#1792=CARTESIAN_POINT('Ctrl Pts',(187.772503861758,18.6667052981674,100.313625939279));
#1793=CARTESIAN_POINT('Ctrl Pts',(187.70717795039,18.4500751787229,100.393041628936));
#1794=CARTESIAN_POINT('Ctrl Pts',(187.646081648434,18.2371156744753,100.476125680096));
#1795=CARTESIAN_POINT('Ctrl Pts',(187.589420042017,18.0278414917321,100.562454211955));
#1796=CARTESIAN_POINT('Ctrl Pts',(187.533275276013,17.8204762092459,100.647995295718));
#1797=CARTESIAN_POINT('Ctrl Pts',(187.481484004935,17.6167293033037,100.736722823584));
#1798=CARTESIAN_POINT('Ctrl Pts',(187.434283873657,17.4166151135724,100.82825688351));
#1799=CARTESIAN_POINT('Ctrl Pts',(187.388169712047,17.2211051046827,100.917684949025));
#1800=CARTESIAN_POINT('Ctrl Pts',(187.346437350228,17.0290625571038,101.009792764717));
#1801=CARTESIAN_POINT('Ctrl Pts',(187.309353404709,16.8405011413512,101.104244185087));
#1802=CARTESIAN_POINT('Ctrl Pts',(187.274061631497,16.6610524168855,101.194131009716));
#1803=CARTESIAN_POINT('Ctrl Pts',(187.242979646125,16.4847564759818,101.286141136906));
#1804=CARTESIAN_POINT('Ctrl Pts',(187.216383100317,16.3116255606334,101.379989836526));
#1805=CARTESIAN_POINT('Ctrl Pts',(187.197163728494,16.1865165536201,101.447807404495));
#1806=CARTESIAN_POINT('Ctrl Pts',(187.180287506025,16.0630602976045,101.516585194117));
#1807=CARTESIAN_POINT('Ctrl Pts',(187.165875489932,15.9412616167006,101.586214280713));
#1808=CARTESIAN_POINT('Ctrl Pts',(187.165883914919,15.9407045668749,101.586229180723));
#1809=CARTESIAN_POINT('Ctrl Pts',(187.230399830685,11.6749936536388,101.700328195702));
#1810=CARTESIAN_POINT('Ctrl Pts',(187.36722110828,2.73276800569507,101.913432868566));
#1811=CARTESIAN_POINT('Ctrl Pts',(187.42930357614,-10.7271519928724,101.98756231069));
#1812=CARTESIAN_POINT('Ctrl Pts',(187.319477705212,-19.9418815880616,101.842189158349));
#1813=CARTESIAN_POINT('Ctrl Pts',(187.254938344208,-24.4869267858712,101.739958161267));
#1814=CARTESIAN_POINT('Ctrl Pts',(187.283587587676,-24.5155758597269,101.586960509505));
#1815=CARTESIAN_POINT('Ctrl Pts',(184.305475845339,-21.5374641173865,117.491928540513));
#1816=CARTESIAN_POINT('Ctrl Pts',(181.327364103001,-18.5593523750461,133.396896571522));
#1817=CARTESIAN_POINT('Ctrl Pts',(178.349252360663,-15.5812406327058,149.301864602531));
#1818=CARTESIAN_POINT('Ctrl Pts',(187.350006622732,-20.6764414357664,101.586960509505));
#1819=CARTESIAN_POINT('Ctrl Pts',(184.834169726049,-18.4949575259532,117.491928540513));
#1820=CARTESIAN_POINT('Ctrl Pts',(182.318398828565,-16.3094149713046,133.396896571522));
#1821=CARTESIAN_POINT('Ctrl Pts',(179.802561931882,-14.1279310614914,149.301864602531));
#1822=CARTESIAN_POINT('Ctrl Pts',(187.446860566117,-12.9622014134187,101.586960509505));
#1823=CARTESIAN_POINT('Ctrl Pts',(185.605602206303,-12.1192691459262,117.491928540514));
#1824=CARTESIAN_POINT('Ctrl Pts',(183.763073647533,-11.2771618081519,133.396896571522));
#1825=CARTESIAN_POINT('Ctrl Pts',(181.921815287719,-10.4342295406594,149.301864602531));
#1826=CARTESIAN_POINT('Ctrl Pts',(187.444577146317,-3.28744272861622,101.586960509505));
#1827=CARTESIAN_POINT('Ctrl Pts',(185.587853848345,-3.8973186589363,117.491928540513));
#1828=CARTESIAN_POINT('Ctrl Pts',(183.728575260459,-4.5079419053147,133.396896571522));
#1829=CARTESIAN_POINT('Ctrl Pts',(181.871851962487,-5.11781783563477,149.301864602531));
#1830=CARTESIAN_POINT('Ctrl Pts',(187.350978653582,6.36211286342555,101.586960509505));
#1831=CARTESIAN_POINT('Ctrl Pts',(184.841964242641,4.12386515847155,117.491928540513));
#1832=CARTESIAN_POINT('Ctrl Pts',(182.332845271786,1.88537472597594,133.396896571522));
#1833=CARTESIAN_POINT('Ctrl Pts',(179.823830860845,-0.352872978978052,149.301864602531));
#1834=CARTESIAN_POINT('Ctrl Pts',(187.246392361243,12.1226376054547,101.586960509505));
#1835=CARTESIAN_POINT('Ctrl Pts',(184.011238572244,8.70544263383971,117.491928540513));
#1836=CARTESIAN_POINT('Ctrl Pts',(180.770540387629,5.28417758734682,133.396896571522));
#1837=CARTESIAN_POINT('Ctrl Pts',(177.53538659863,1.86698261573185,149.301864602531));
#1838=CARTESIAN_POINT('Ctrl Pts',(187.164131551024,15.9406976251038,101.586960509505));
#1839=CARTESIAN_POINT('Ctrl Pts',(183.354569173168,11.5801866963759,117.491928540513));
#1840=CARTESIAN_POINT('Ctrl Pts',(179.545006795312,7.21967576764799,133.396896571522));
#1841=CARTESIAN_POINT('Ctrl Pts',(175.735444417456,2.8591648389201,149.301864602531));
#1842=CARTESIAN_POINT('',(185.104737407006,7.64983241528062,113.223374944639));
#1843=CARTESIAN_POINT('Ctrl Pts',(185.104737407006,7.64983241528063,113.223374944639));
#1844=CARTESIAN_POINT('Ctrl Pts',(185.26140673236,7.8065017406348,112.386663354614));
#1845=CARTESIAN_POINT('Ctrl Pts',(185.407936988178,8.02637718607686,111.561379790726));
#1846=CARTESIAN_POINT('Ctrl Pts',(185.699781183337,8.61534400608589,109.875308422045));
#1847=CARTESIAN_POINT('Ctrl Pts',(185.843214866186,8.99501054239504,109.02135914885));
#1848=CARTESIAN_POINT('Ctrl Pts',(186.242380943473,10.2983469490561,106.64057269875));
#1849=CARTESIAN_POINT('Ctrl Pts',(186.480700054155,11.3949826566905,105.220217639231));
#1850=CARTESIAN_POINT('Ctrl Pts',(186.869160278626,13.6777882039428,103.065747447349));
#1851=CARTESIAN_POINT('Ctrl Pts',(187.02471178397,14.7681101548549,102.257967795317));
#1852=CARTESIAN_POINT('Ctrl Pts',(187.164131551024,15.9406976251038,101.586960509505));
#1853=CARTESIAN_POINT('',(178.349252360677,0.894347368952894,149.301864602531));
#1854=CARTESIAN_POINT('',(187.711458359856,10.2565533681305,99.301864602531));
#1855=CARTESIAN_POINT('',(178.349252360677,-15.5812406326919,149.301864602531));
#1856=CARTESIAN_POINT('Origin',(170.111458359853,-7.34344663186949,149.301864602531));
#1857=CARTESIAN_POINT('',(187.711458359856,-24.9434466318695,99.301864602531));
#1858=CARTESIAN_POINT('Origin',(186.911458359857,17.5565533681024,94.501864602531));
#1859=CARTESIAN_POINT('',(186.911458359857,41.056553368093,95.301864602531));
#1860=CARTESIAN_POINT('',(187.711458359857,40.2565533680932,94.501864602531));
#1861=CARTESIAN_POINT('Origin',(186.911458359857,40.2565533680932,94.501864602531));
#1862=CARTESIAN_POINT('',(187.711458359857,11.0565533681,94.501864602531));
#1863=CARTESIAN_POINT('',(187.711458359857,17.5565533681024,94.501864602531));
#1864=CARTESIAN_POINT('',(186.911458359857,11.0565533681,95.301864602531));
#1865=CARTESIAN_POINT('Origin',(186.911458359857,11.0565533681,94.501864602531));
#1866=CARTESIAN_POINT('',(186.911458359857,17.5565533681024,95.301864602531));
#1867=CARTESIAN_POINT('Origin',(186.911458359857,11.0565533681,93.301864602531));
#1868=CARTESIAN_POINT('',(187.711458359857,9.85655336810003,93.301864602531));
#1869=CARTESIAN_POINT('',(186.911458359857,9.05655336810002,93.301864602531));
#1870=CARTESIAN_POINT('Origin',(186.911458359857,9.85655336810003,93.301864602531));
#1871=CARTESIAN_POINT('Origin',(186.911458359857,11.0565533681,93.301864602531));
#1872=CARTESIAN_POINT('Origin',(187.711458359857,11.0565533681,93.301864602531));
#1873=CARTESIAN_POINT('Origin',(186.911458359857,9.85655336810002,88.301864602531));
#1874=CARTESIAN_POINT('',(186.911458359857,9.05655336810002,63.301864602531));
#1875=CARTESIAN_POINT('',(187.711458359857,9.85655336810002,64.1018646025312));
#1876=CARTESIAN_POINT('Origin',(186.911458359857,9.85655336810002,64.1018646025312));
#1877=CARTESIAN_POINT('',(186.911458359857,9.05655336810002,88.301864602531));
#1878=CARTESIAN_POINT('',(187.711458359857,9.85655336810002,88.301864602531));
#1879=CARTESIAN_POINT('Origin',(187.711458359857,8.05655336811175,81.301864602531));
#1880=CARTESIAN_POINT('',(187.711458359857,9.05655336810002,63.301864602531));
#1881=CARTESIAN_POINT('Origin',(187.711458359857,9.05655336810002,63.301864602531));
#1882=CARTESIAN_POINT('',(190.711458359857,41.056553368093,95.301864602531));
#1883=CARTESIAN_POINT('',(187.711458359857,41.056553368093,95.301864602531));
#1884=CARTESIAN_POINT('',(190.711458359857,9.05655336810002,63.301864602531));
#1885=CARTESIAN_POINT('',(190.711458359857,9.05655336810002,63.301864602531));
#1886=CARTESIAN_POINT('',(187.711458359856,9.05655336810002,63.301864602531));
#1887=CARTESIAN_POINT('Origin',(190.711458359857,8.05655336811175,81.301864602531));
#1888=CARTESIAN_POINT('',(190.711458359857,5.05655336810002,63.301864602531));
#1889=CARTESIAN_POINT('',(190.711458359857,5.05655336810002,63.301864602531));
#1890=CARTESIAN_POINT('',(190.711458359857,41.056553368093,99.301864602531));
#1891=CARTESIAN_POINT('',(190.711458359857,41.056553368093,95.301864602531));
#1892=CARTESIAN_POINT('',(190.711458359857,-24.9434466318695,99.301864602531));
#1893=CARTESIAN_POINT('',(190.711458359857,41.056553368093,99.301864602531));
#1894=CARTESIAN_POINT('',(190.711458359857,-24.9434466318695,94.301864602531));
#1895=CARTESIAN_POINT('',(190.711458359857,-24.9434466318695,99.301864602531));
#1896=CARTESIAN_POINT('',(190.711458359857,-24.9434466318695,94.301864602531));
#1897=CARTESIAN_POINT('Ctrl Pts',(167.122206664417,8.91334464659151,112.042802522382));
#1898=CARTESIAN_POINT('Ctrl Pts',(167.104421232608,8.97223858117717,111.832654364355));
#1899=CARTESIAN_POINT('Ctrl Pts',(167.109408626436,9.03581226031366,111.623496797475));
#1900=CARTESIAN_POINT('Ctrl Pts',(167.162891533506,9.16973254533355,111.214219814999));
#1901=CARTESIAN_POINT('Ctrl Pts',(167.211149567323,9.23981420079354,111.014822126254));
#1902=CARTESIAN_POINT('Ctrl Pts',(167.405447970798,9.44212376773448,110.47313173318));
#1903=CARTESIAN_POINT('Ctrl Pts',(167.598082683496,9.57734009705037,110.150948141785));
#1904=CARTESIAN_POINT('Ctrl Pts',(168.105746762857,9.8291019184212,109.593215413131));
#1905=CARTESIAN_POINT('Ctrl Pts',(168.418439636592,9.94427114575458,109.360027811983));
#1906=CARTESIAN_POINT('Ctrl Pts',(169.065893379644,10.0990611516783,109.056992259951));
#1907=CARTESIAN_POINT('Ctrl Pts',(169.377033121736,10.1479380833302,108.965556018946));
#1908=CARTESIAN_POINT('Ctrl Pts',(170.000813802592,10.1910956866526,108.884888291514));
#1909=CARTESIAN_POINT('Ctrl Pts',(170.304614218797,10.1889512270375,108.888820128202));
#1910=CARTESIAN_POINT('Ctrl Pts',(170.926221003764,10.1373438937573,108.985471926947));
#1911=CARTESIAN_POINT('Ctrl Pts',(171.234947781316,10.0842700224558,109.085187566478));
#1912=CARTESIAN_POINT('Ctrl Pts',(171.864129273265,9.92410937220462,109.400720664448));
#1913=CARTESIAN_POINT('Ctrl Pts',(172.163425287365,9.80961988034793,109.634524144487));
#1914=CARTESIAN_POINT('Ctrl Pts',(172.671449509282,9.5501154973991,110.213606090824));
#1915=CARTESIAN_POINT('Ctrl Pts',(172.866481619972,9.40493660485019,110.564522395539));
#1916=CARTESIAN_POINT('Ctrl Pts',(173.095857808423,9.13435004935511,111.30799846324));
#1917=CARTESIAN_POINT('Ctrl Pts',(173.135783899954,9.0097750043782,111.694540490413));
#1918=CARTESIAN_POINT('Ctrl Pts',(173.060862271949,8.80003902822569,112.451383764598));
#1919=CARTESIAN_POINT('Ctrl Pts',(172.955615666854,8.71464465594769,112.815013619517));
#1920=CARTESIAN_POINT('Ctrl Pts',(172.602494265961,8.57709868831668,113.503816392806));
#1921=CARTESIAN_POINT('Ctrl Pts',(172.354606820276,8.52727761074452,113.81917029652));
#1922=CARTESIAN_POINT('Ctrl Pts',(171.772071093765,8.46049410323646,114.314091154819));
#1923=CARTESIAN_POINT('Ctrl Pts',(171.453016007473,8.44102728930945,114.498141335027));
#1924=CARTESIAN_POINT('Ctrl Pts',(170.473454685499,8.40751191071963,114.845799019616));
#1925=CARTESIAN_POINT('Ctrl Pts',(169.764181779779,8.40742094169828,114.847494376536));
#1926=CARTESIAN_POINT('Ctrl Pts',(168.783540920751,8.44035525241418,114.504688597664));
#1927=CARTESIAN_POINT('Ctrl Pts',(168.464082200093,8.4595292404239,114.322544070017));
#1928=CARTESIAN_POINT('Ctrl Pts',(167.881039978033,8.52531243992604,113.83246814001));
#1929=CARTESIAN_POINT('Ctrl Pts',(167.632504258955,8.57430003721307,113.520394801081));
#1930=CARTESIAN_POINT('Ctrl Pts',(167.264864215454,8.7139609163059,112.816024184072));
#1931=CARTESIAN_POINT('Ctrl Pts',(167.155017111357,8.80469750568479,112.430482454059));
#1932=CARTESIAN_POINT('Ctrl Pts',(167.122206664417,8.91334464659151,112.042802522382));
#1933=CARTESIAN_POINT('Ctrl Pts',(167.452879082582,8.60770147174897,111.927442948941));
#1934=CARTESIAN_POINT('Ctrl Pts',(167.443729536035,8.66164998726651,111.735819883109));
#1935=CARTESIAN_POINT('Ctrl Pts',(167.455709026451,8.7193863191964,111.54619570427));
#1936=CARTESIAN_POINT('Ctrl Pts',(167.518882510934,8.83997692286682,111.177842731476));
#1937=CARTESIAN_POINT('Ctrl Pts',(167.569801800898,8.90254225261134,110.999861479461));
#1938=CARTESIAN_POINT('Ctrl Pts',(167.763756474149,9.08168989822223,110.520573181316));
#1939=CARTESIAN_POINT('Ctrl Pts',(167.946672558112,9.19943863901097,110.241296112651));
#1940=CARTESIAN_POINT('Ctrl Pts',(168.40761027899,9.4150105915795,109.767073089251));
#1941=CARTESIAN_POINT('Ctrl Pts',(168.682966486696,9.51159123124057,109.574020952764));
#1942=CARTESIAN_POINT('Ctrl Pts',(169.237187699518,9.63959979159097,109.326760065735));
#1943=CARTESIAN_POINT('Ctrl Pts',(169.498974540575,9.67944507337573,109.253454760016));
#1944=CARTESIAN_POINT('Ctrl Pts',(170.019618520028,9.71452517564564,109.18891413043));
#1945=CARTESIAN_POINT('Ctrl Pts',(170.271973943544,9.71279151224494,109.192038201657));
#1946=CARTESIAN_POINT('Ctrl Pts',(170.791392789374,9.67081140066309,109.26943219208));
#1947=CARTESIAN_POINT('Ctrl Pts',(171.05178001276,9.62746865102267,109.349534389581));
#1948=CARTESIAN_POINT('Ctrl Pts',(171.592137414892,9.49473710384522,109.607623598462));
#1949=CARTESIAN_POINT('Ctrl Pts',(171.856647543698,9.39848063891959,109.80178581861));
#1950=CARTESIAN_POINT('Ctrl Pts',(172.319427349022,9.17594171255674,110.29508569836));
#1951=CARTESIAN_POINT('Ctrl Pts',(172.50620140779,9.04913138261968,110.600325634868));
#1952=CARTESIAN_POINT('Ctrl Pts',(172.739567309545,8.80868985716125,111.260673237308));
#1953=CARTESIAN_POINT('Ctrl Pts',(172.790427120409,8.69615437318992,111.609602494888));
#1954=CARTESIAN_POINT('Ctrl Pts',(172.74740533058,8.50379593355042,112.300276191893));
#1955=CARTESIAN_POINT('Ctrl Pts',(172.662191041731,8.42405096592857,112.635123945441));
#1956=CARTESIAN_POINT('Ctrl Pts',(172.356790147385,8.2933116147269,113.271315428065));
#1957=CARTESIAN_POINT('Ctrl Pts',(172.136520728991,8.24457035040217,113.563434615881));
#1958=CARTESIAN_POINT('Ctrl Pts',(171.613391492336,8.17763115178295,114.021134735062));
#1959=CARTESIAN_POINT('Ctrl Pts',(171.325276616672,8.15737332961236,114.191215597501));
#1960=CARTESIAN_POINT('Ctrl Pts',(170.439337944241,8.12159023801494,114.511629621852));
#1961=CARTESIAN_POINT('Ctrl Pts',(169.79692896267,8.12147858530959,114.513184497646));
#1962=CARTESIAN_POINT('Ctrl Pts',(168.90999191449,8.1566679621187,114.19725971413));
#1963=CARTESIAN_POINT('Ctrl Pts',(168.621485953861,8.17663983306586,114.028945250208));
#1964=CARTESIAN_POINT('Ctrl Pts',(168.097803525136,8.24262804314132,113.575744869529));
#1965=CARTESIAN_POINT('Ctrl Pts',(167.876828619001,8.29060206187585,113.286657274981));
#1966=CARTESIAN_POINT('Ctrl Pts',(167.558448327472,8.42344943714211,112.636031708079));
#1967=CARTESIAN_POINT('Ctrl Pts',(167.469676703399,8.50819950724141,112.280943721441));
#1968=CARTESIAN_POINT('Ctrl Pts',(167.452879082582,8.60770147174897,111.927442948941));
#1969=CARTESIAN_POINT('Ctrl Pts',(167.783551500747,8.30205829690643,111.8120833755));
#1970=CARTESIAN_POINT('Ctrl Pts',(167.783050996538,8.35104391593838,111.639020148205));
#1971=CARTESIAN_POINT('Ctrl Pts',(167.802018839024,8.40297755519929,111.468860757078));
#1972=CARTESIAN_POINT('Ctrl Pts',(167.87485901585,8.51019607510456,111.141514032289));
#1973=CARTESIAN_POINT('Ctrl Pts',(167.928483634567,8.56530777055615,110.984830588149));
#1974=CARTESIAN_POINT('Ctrl Pts',(168.121987419136,8.72117162645482,110.568170954828));
#1975=CARTESIAN_POINT('Ctrl Pts',(168.295351577792,8.82153594658704,110.33166435697));
#1976=CARTESIAN_POINT('Ctrl Pts',(168.709329874707,9.00090362736487,109.940939285613));
#1977=CARTESIAN_POINT('Ctrl Pts',(168.947354594695,9.07880926964038,109.78816807464));
#1978=CARTESIAN_POINT('Ctrl Pts',(169.408534744446,9.18021271914935,109.596415785193));
#1979=CARTESIAN_POINT('Ctrl Pts',(169.62071499736,9.21091867285024,109.541397861765));
#1980=CARTESIAN_POINT('Ctrl Pts',(170.038558720642,9.23798414072939,109.49289760846));
#1981=CARTESIAN_POINT('Ctrl Pts',(170.239165353675,9.23666886109123,109.495200461813));
#1982=CARTESIAN_POINT('Ctrl Pts',(170.656711499237,9.20423683802911,109.553449822523));
#1983=CARTESIAN_POINT('Ctrl Pts',(170.868543768543,9.17074609407407,109.61375295586));
#1984=CARTESIAN_POINT('Ctrl Pts',(171.320198216734,9.06525750419687,109.814691909212));
#1985=CARTESIAN_POINT('Ctrl Pts',(171.549966642195,8.98735274100989,109.968998133707));
#1986=CARTESIAN_POINT('Ctrl Pts',(171.967246919873,8.80173043300517,110.376645070426));
#1987=CARTESIAN_POINT('Ctrl Pts',(172.145967893646,8.69327445017285,110.636217613605));
#1988=CARTESIAN_POINT('Ctrl Pts',(172.383126634478,8.48304877737369,111.213289349936));
#1989=CARTESIAN_POINT('Ctrl Pts',(172.444995387869,8.38248756803909,111.524761578345));
#1990=CARTESIAN_POINT('Ctrl Pts',(172.433859657169,8.20757138051208,112.149088250934));
#1991=CARTESIAN_POINT('Ctrl Pts',(172.368606195281,8.13340783458282,112.455263988958));
#1992=CARTESIAN_POINT('Ctrl Pts',(172.111042800422,8.00956062578645,113.038784604867));
#1993=CARTESIAN_POINT('Ctrl Pts',(171.918216573999,7.96177979632659,113.307605298453));
#1994=CARTESIAN_POINT('Ctrl Pts',(171.454682010079,7.8948503549465,113.72827543632));
#1995=CARTESIAN_POINT('Ctrl Pts',(171.197278482933,7.87358123440372,113.884108236668));
#1996=CARTESIAN_POINT('Ctrl Pts',(170.405354276301,7.83594185176813,114.177811158797));
#1997=CARTESIAN_POINT('Ctrl Pts',(169.829527629475,7.83580793009383,114.179229576204));
#1998=CARTESIAN_POINT('Ctrl Pts',(169.036672884413,7.87284307210636,113.889644765238));
#1999=CARTESIAN_POINT('Ctrl Pts',(168.778906123129,7.8938280225264,113.735448613744));
#2000=CARTESIAN_POINT('Ctrl Pts',(168.314744567053,7.95986556118474,113.318916377145));
#2001=CARTESIAN_POINT('Ctrl Pts',(168.121203108702,8.00692586434741,113.052908735837));
#2002=CARTESIAN_POINT('Ctrl Pts',(167.852115939836,8.13290557578842,112.456038368637));
#2003=CARTESIAN_POINT('Ctrl Pts',(167.784556229726,8.2116680509652,112.13135346395));
#2004=CARTESIAN_POINT('Ctrl Pts',(167.783551500747,8.30205829690643,111.8120833755));
#2005=CARTESIAN_POINT('Ctrl Pts',(168.114223918913,7.99641512206388,111.696723802059));
#2006=CARTESIAN_POINT('Ctrl Pts',(168.122359299965,8.04045532202772,111.542185666959));
#2007=CARTESIAN_POINT('Ctrl Pts',(168.148319239039,8.08655161408203,111.391559663872));
#2008=CARTESIAN_POINT('Ctrl Pts',(168.230849993277,8.18044045263783,111.105136948766));
#2009=CARTESIAN_POINT('Ctrl Pts',(168.287135868142,8.22803582237395,110.969869941356));
#2010=CARTESIAN_POINT('Ctrl Pts',(168.480295922486,8.36073775694257,110.615612402964));
#2011=CARTESIAN_POINT('Ctrl Pts',(168.643941452408,8.44363448854763,110.422012327836));
#2012=CARTESIAN_POINT('Ctrl Pts',(169.011193390839,8.58681230052316,110.114796961733));
#2013=CARTESIAN_POINT('Ctrl Pts',(169.211881444799,8.64612935512637,110.00216121542));
#2014=CARTESIAN_POINT('Ctrl Pts',(169.57982906432,8.72075135906206,109.866183590977));
#2015=CARTESIAN_POINT('Ctrl Pts',(169.742656416199,8.74242566289582,109.829296602834));
#2016=CARTESIAN_POINT('Ctrl Pts',(170.057363438078,8.76141362972245,109.796923447377));
#2017=CARTESIAN_POINT('Ctrl Pts',(170.206525078421,8.76050914629865,109.798418535268));
#2018=CARTESIAN_POINT('Ctrl Pts',(170.521883284847,8.73770434493487,109.837410087656));
#2019=CARTESIAN_POINT('Ctrl Pts',(170.685375999986,8.713944722641,109.878099778963));
#2020=CARTESIAN_POINT('Ctrl Pts',(171.048206358362,8.63588523583747,110.021594843226));
#2021=CARTESIAN_POINT('Ctrl Pts',(171.243188898528,8.57621349958154,110.13625980783));
#2022=CARTESIAN_POINT('Ctrl Pts',(171.615224759613,8.42755664816281,110.458124677962));
#2023=CARTESIAN_POINT('Ctrl Pts',(171.785687681463,8.33746922794234,110.672020852934));
#2024=CARTESIAN_POINT('Ctrl Pts',(172.026836135601,8.15738858517983,111.165964124004));
#2025=CARTESIAN_POINT('Ctrl Pts',(172.099638608323,8.06886693685081,111.43982358282));
#2026=CARTESIAN_POINT('Ctrl Pts',(172.1204027158,7.91132828583681,111.997980678229));
#2027=CARTESIAN_POINT('Ctrl Pts',(172.075181570157,7.8428141445637,112.275374314883));
#2028=CARTESIAN_POINT('Ctrl Pts',(171.865338681846,7.72577355219668,112.806283640126));
#2029=CARTESIAN_POINT('Ctrl Pts',(171.700130482714,7.67907253598425,113.051869617814));
#2030=CARTESIAN_POINT('Ctrl Pts',(171.29600240865,7.61198740349298,113.435319016563));
#2031=CARTESIAN_POINT('Ctrl Pts',(171.069539092131,7.58992727470663,113.577182499142));
#2032=CARTESIAN_POINT('Ctrl Pts',(170.371237535043,7.55002017906344,113.843641761033));
#2033=CARTESIAN_POINT('Ctrl Pts',(169.862274812365,7.54986557370514,113.844919697315));
#2034=CARTESIAN_POINT('Ctrl Pts',(169.163123878152,7.58915578181088,113.582215881704));
#2035=CARTESIAN_POINT('Ctrl Pts',(168.936309876897,7.61093861516837,113.441849793935));
#2036=CARTESIAN_POINT('Ctrl Pts',(168.531508114156,7.67718116440001,113.062193106663));
#2037=CARTESIAN_POINT('Ctrl Pts',(168.365527468747,7.72322788901019,112.819171209737));
#2038=CARTESIAN_POINT('Ctrl Pts',(168.145700051855,7.84239409662463,112.276045892643));
#2039=CARTESIAN_POINT('Ctrl Pts',(168.099215821767,7.91517005252183,111.981814731332));
#2040=CARTESIAN_POINT('Ctrl Pts',(168.114223918913,7.99641512206389,111.696723802059));
#2041=CARTESIAN_POINT('',(169.515213633435,8.4186890859983,114.731365242376));
#2042=CARTESIAN_POINT('',(170.707703086268,8.4186890859983,114.731365242376));
#2043=CARTESIAN_POINT('Ctrl Pts',(169.515310544692,8.41814594353098,114.731365242376));
#2044=CARTESIAN_POINT('Ctrl Pts',(169.582241156138,8.41690491024411,114.745016388033));
#2045=CARTESIAN_POINT('Ctrl Pts',(169.649699858586,8.41587541452049,114.75636669589));
#2046=CARTESIAN_POINT('Ctrl Pts',(169.717550258918,8.41505602344988,114.765390693578));
#2047=CARTESIAN_POINT('Ctrl Pts',(169.882340117273,8.41306594914224,114.787307488372));
#2048=CARTESIAN_POINT('Ctrl Pts',(170.048578261988,8.41232193005335,114.79538512609));
#2049=CARTESIAN_POINT('Ctrl Pts',(170.214278843773,8.41280336082086,114.78969156485));
#2050=CARTESIAN_POINT('Ctrl Pts',(170.379979425557,8.41328479158836,114.78399800361));
#2051=CARTESIAN_POINT('Ctrl Pts',(170.545143585744,8.41499182000003,114.764533243413));
#2052=CARTESIAN_POINT('Ctrl Pts',(170.707779544217,8.417959891789,114.731365242376));
#2053=CARTESIAN_POINT('',(167.122206664417,8.91334464659151,112.042802522382));
#2054=CARTESIAN_POINT('Ctrl Pts',(170.707931658073,8.41856410754014,114.731229545485));
#2055=CARTESIAN_POINT('Ctrl Pts',(170.8436746887,8.42120400439313,114.703801718974));
#2056=CARTESIAN_POINT('Ctrl Pts',(170.977551538319,8.42475942395765,114.666889194648));
#2057=CARTESIAN_POINT('Ctrl Pts',(171.453016007473,8.44102728930945,114.498141335027));
#2058=CARTESIAN_POINT('Ctrl Pts',(171.772071093765,8.46049410323646,114.314091154819));
#2059=CARTESIAN_POINT('Ctrl Pts',(172.354606820276,8.52727761074452,113.81917029652));
#2060=CARTESIAN_POINT('Ctrl Pts',(172.602494265961,8.57709868831668,113.503816392806));
#2061=CARTESIAN_POINT('Ctrl Pts',(172.955615666854,8.71464465594769,112.815013619517));
#2062=CARTESIAN_POINT('Ctrl Pts',(173.060862271949,8.80003902822569,112.451383764598));
#2063=CARTESIAN_POINT('Ctrl Pts',(173.135783899954,9.0097750043782,111.694540490413));
#2064=CARTESIAN_POINT('Ctrl Pts',(173.095857808423,9.13435004935511,111.30799846324));
#2065=CARTESIAN_POINT('Ctrl Pts',(172.866481619972,9.40493660485019,110.564522395539));
#2066=CARTESIAN_POINT('Ctrl Pts',(172.671449509282,9.5501154973991,110.213606090824));
#2067=CARTESIAN_POINT('Ctrl Pts',(172.163425287365,9.80961988034793,109.634524144487));
#2068=CARTESIAN_POINT('Ctrl Pts',(171.864129273265,9.92410937220462,109.400720664448));
#2069=CARTESIAN_POINT('Ctrl Pts',(171.234947781316,10.0842700224558,109.085187566478));
#2070=CARTESIAN_POINT('Ctrl Pts',(170.926221003764,10.1373438937573,108.985471926947));
#2071=CARTESIAN_POINT('Ctrl Pts',(170.304614218797,10.1889512270375,108.888820128202));
#2072=CARTESIAN_POINT('Ctrl Pts',(170.000813802592,10.1910956866526,108.884888291514));
#2073=CARTESIAN_POINT('Ctrl Pts',(169.377033121736,10.1479380833302,108.965556018946));
#2074=CARTESIAN_POINT('Ctrl Pts',(169.065893379644,10.0990611516783,109.056992259951));
#2075=CARTESIAN_POINT('Ctrl Pts',(168.418439636592,9.94427114575458,109.360027811983));
#2076=CARTESIAN_POINT('Ctrl Pts',(168.105746762857,9.8291019184212,109.593215413131));
#2077=CARTESIAN_POINT('Ctrl Pts',(167.598082683496,9.57734009705037,110.150948141785));
#2078=CARTESIAN_POINT('Ctrl Pts',(167.405447970798,9.44212376773448,110.47313173318));
#2079=CARTESIAN_POINT('Ctrl Pts',(167.211149567323,9.23981420079354,111.014822126254));
#2080=CARTESIAN_POINT('Ctrl Pts',(167.162891533506,9.16973254533355,111.214219814999));
#2081=CARTESIAN_POINT('Ctrl Pts',(167.109408626436,9.03581226031366,111.623496797475));
#2082=CARTESIAN_POINT('Ctrl Pts',(167.104421232608,8.97223858117717,111.832654364355));
#2083=CARTESIAN_POINT('Ctrl Pts',(167.122206664417,8.91334464659151,112.042802522382));
#2084=CARTESIAN_POINT('',(168.114223918913,7.99641512206388,111.696723802059));
#2085=CARTESIAN_POINT('',(167.122206664417,8.91334464659151,112.042802522382));
#2086=CARTESIAN_POINT('',(168.111483805878,7.96694042880587,111.801875173387));
#2087=CARTESIAN_POINT('Ctrl Pts',(168.114223918913,7.99641512206388,111.696723802059));
#2088=CARTESIAN_POINT('Ctrl Pts',(168.122359299965,8.04045532202772,111.542185666959));
#2089=CARTESIAN_POINT('Ctrl Pts',(168.148319239039,8.08655161408203,111.391559663872));
#2090=CARTESIAN_POINT('Ctrl Pts',(168.230849993277,8.18044045263783,111.105136948766));
#2091=CARTESIAN_POINT('Ctrl Pts',(168.287135868142,8.22803582237395,110.969869941356));
#2092=CARTESIAN_POINT('Ctrl Pts',(168.480295922486,8.36073775694257,110.615612402964));
#2093=CARTESIAN_POINT('Ctrl Pts',(168.643941452408,8.44363448854763,110.422012327836));
#2094=CARTESIAN_POINT('Ctrl Pts',(169.011193390839,8.58681230052316,110.114796961733));
#2095=CARTESIAN_POINT('Ctrl Pts',(169.211881444799,8.64612935512637,110.00216121542));
#2096=CARTESIAN_POINT('Ctrl Pts',(169.57982906432,8.72075135906206,109.866183590977));
#2097=CARTESIAN_POINT('Ctrl Pts',(169.742656416199,8.74242566289582,109.829296602834));
#2098=CARTESIAN_POINT('Ctrl Pts',(170.057363438078,8.76141362972245,109.796923447377));
#2099=CARTESIAN_POINT('Ctrl Pts',(170.206525078421,8.76050914629865,109.798418535268));
#2100=CARTESIAN_POINT('Ctrl Pts',(170.521883284847,8.73770434493487,109.837410087656));
#2101=CARTESIAN_POINT('Ctrl Pts',(170.685375999986,8.713944722641,109.878099778963));
#2102=CARTESIAN_POINT('Ctrl Pts',(171.048206358362,8.63588523583747,110.021594843226));
#2103=CARTESIAN_POINT('Ctrl Pts',(171.243188898528,8.57621349958154,110.13625980783));
#2104=CARTESIAN_POINT('Ctrl Pts',(171.615224759613,8.42755664816281,110.458124677962));
#2105=CARTESIAN_POINT('Ctrl Pts',(171.785687681463,8.33746922794234,110.672020852934));
#2106=CARTESIAN_POINT('Ctrl Pts',(172.026836135601,8.15738858517983,111.165964124004));
#2107=CARTESIAN_POINT('Ctrl Pts',(172.099638608323,8.06886693685081,111.43982358282));
#2108=CARTESIAN_POINT('Ctrl Pts',(172.1204027158,7.91132828583681,111.997980678229));
#2109=CARTESIAN_POINT('Ctrl Pts',(172.075181570157,7.8428141445637,112.275374314883));
#2110=CARTESIAN_POINT('Ctrl Pts',(171.865338681846,7.72577355219668,112.806283640126));
#2111=CARTESIAN_POINT('Ctrl Pts',(171.700130482714,7.67907253598425,113.051869617814));
#2112=CARTESIAN_POINT('Ctrl Pts',(171.29600240865,7.61198740349298,113.435319016563));
#2113=CARTESIAN_POINT('Ctrl Pts',(171.069539092131,7.58992727470663,113.577182499142));
#2114=CARTESIAN_POINT('Ctrl Pts',(170.371237535043,7.55002017906344,113.843641761033));
#2115=CARTESIAN_POINT('Ctrl Pts',(169.862274812365,7.54986557370514,113.844919697315));
#2116=CARTESIAN_POINT('Ctrl Pts',(169.163123878152,7.58915578181088,113.582215881704));
#2117=CARTESIAN_POINT('Ctrl Pts',(168.936309876897,7.61093861516837,113.441849793935));
#2118=CARTESIAN_POINT('Ctrl Pts',(168.531508114156,7.67718116440001,113.062193106663));
#2119=CARTESIAN_POINT('Ctrl Pts',(168.365527468747,7.72322788901019,112.819171209737));
#2120=CARTESIAN_POINT('Ctrl Pts',(168.159399251983,7.83496789952101,112.309892364201));
#2121=CARTESIAN_POINT('Ctrl Pts',(168.111587140708,7.89751937158115,112.053644290101));
#2122=CARTESIAN_POINT('Ctrl Pts',(168.111483805878,7.96694042880587,111.801875173387));
#2123=CARTESIAN_POINT('Ctrl Pts',(168.111483805878,7.96694042880587,111.801875173387));
#2124=CARTESIAN_POINT('Ctrl Pts',(168.111469377282,7.97663366003672,111.76672076401));
#2125=CARTESIAN_POINT('Ctrl Pts',(168.112385098659,7.98646082353184,111.731653678232));
#2126=CARTESIAN_POINT('Ctrl Pts',(168.114223918913,7.99641512206389,111.696723802059));
#2127=CARTESIAN_POINT('Ctrl Pts',(167.122206664417,8.91334464659151,112.042802522382));
#2128=CARTESIAN_POINT('Ctrl Pts',(167.155017111357,8.80469750568479,112.430482454059));
#2129=CARTESIAN_POINT('Ctrl Pts',(167.264864215454,8.7139609163059,112.816024184072));
#2130=CARTESIAN_POINT('Ctrl Pts',(167.632504258955,8.57430003721307,113.520394801081));
#2131=CARTESIAN_POINT('Ctrl Pts',(167.881039978033,8.52531243992604,113.83246814001));
#2132=CARTESIAN_POINT('Ctrl Pts',(168.464082200093,8.4595292404239,114.322544070017));
#2133=CARTESIAN_POINT('Ctrl Pts',(168.783540920751,8.44035525241418,114.504688597664));
#2134=CARTESIAN_POINT('Ctrl Pts',(169.254757955368,8.42452967458942,114.669413451909));
#2135=CARTESIAN_POINT('Ctrl Pts',(169.38411715526,8.4211308833698,114.704761098256));
#2136=CARTESIAN_POINT('Ctrl Pts',(169.515216102113,8.41858171509472,114.73125348154));
#2137=CARTESIAN_POINT('Ctrl Pts',(185.104737407006,7.64983241528062,113.223374944639));
#2138=CARTESIAN_POINT('Ctrl Pts',(182.85290905823,5.39800406650471,125.249538163936));
#2139=CARTESIAN_POINT('Ctrl Pts',(180.601080709453,3.1461757177288,137.275701383234));
#2140=CARTESIAN_POINT('Ctrl Pts',(178.349252360677,0.894347368952894,149.301864602531));
#2141=CARTESIAN_POINT('Ctrl Pts',(182.342631236134,7.99296175575586,113.223374944639));
#2142=CARTESIAN_POINT('Ctrl Pts',(180.600796406749,6.03804441163648,125.249538163936));
#2143=CARTESIAN_POINT('Ctrl Pts',(178.858716089358,4.08163581377603,137.275701383234));
#2144=CARTESIAN_POINT('Ctrl Pts',(177.116881259973,2.12671846965664,149.301864602531));
#2145=CARTESIAN_POINT('Ctrl Pts',(176.662761803314,8.52069592448084,113.223374944639));
#2146=CARTESIAN_POINT('Ctrl Pts',(175.805870539177,7.02223143682433,125.249538163936));
#2147=CARTESIAN_POINT('Ctrl Pts',(174.94997786628,5.52057417477597,137.275701383234));
#2148=CARTESIAN_POINT('Ctrl Pts',(174.093086602143,4.02210968711946,149.301864602531));
#2149=CARTESIAN_POINT('Ctrl Pts',(166.464316537174,8.7184075589857,113.223374944639));
#2150=CARTESIAN_POINT('Ctrl Pts',(166.933705588142,7.38985136699289,125.249538163936));
#2151=CARTESIAN_POINT('Ctrl Pts',(167.403013454446,6.06075993373092,137.275701383234));
#2152=CARTESIAN_POINT('Ctrl Pts',(167.872402505413,4.73220374173812,149.301864602531));
#2153=CARTESIAN_POINT('Ctrl Pts',(159.261338569007,8.16452642599348,113.223374944639));
#2154=CARTESIAN_POINT('Ctrl Pts',(160.746767115479,6.35991027146579,125.249538163936));
#2155=CARTESIAN_POINT('Ctrl Pts',(162.236792463611,4.54752017453622,137.275701383234));
#2156=CARTESIAN_POINT('Ctrl Pts',(163.722221010084,2.74290402000852,149.301864602531));
#2157=CARTESIAN_POINT('Ctrl Pts',(155.118179312699,7.64983241528063,113.223374944639));
#2158=CARTESIAN_POINT('Ctrl Pts',(157.370007661476,5.39800406650472,125.249538163936));
#2159=CARTESIAN_POINT('Ctrl Pts',(159.621836010252,3.14617571772881,137.275701383234));
#2160=CARTESIAN_POINT('Ctrl Pts',(161.873664359028,0.8943473689529,149.301864602531));
#2161=CARTESIAN_POINT('',(155.118179312699,7.64983241528063,113.223374944639));
#2162=CARTESIAN_POINT('Ctrl Pts',(155.11828222405,7.64955264895938,113.222943412641));
#2163=CARTESIAN_POINT('Ctrl Pts',(159.768138878211,8.04426747620561,114.075940523046));
#2164=CARTESIAN_POINT('Ctrl Pts',(164.486043216574,8.37370483363966,114.648528924792));
#2165=CARTESIAN_POINT('Ctrl Pts',(169.169232850678,8.41672459496204,114.726901706081));
#2166=CARTESIAN_POINT('Ctrl Pts',(169.515227266276,8.41837843570492,114.730015324436));
#2167=CARTESIAN_POINT('',(161.873664359028,0.8943473689529,149.301864602531));
#2168=CARTESIAN_POINT('',(152.511458359849,10.2565533681305,99.301864602531));
#2169=CARTESIAN_POINT('Origin',(170.111458359853,-7.34344663186949,149.301864602531));
#2170=CARTESIAN_POINT('Ctrl Pts',(170.707689659922,8.41809855311585,114.730175426103));
#2171=CARTESIAN_POINT('Ctrl Pts',(173.061340450486,8.40586016075766,114.709690085123));
#2172=CARTESIAN_POINT('Ctrl Pts',(177.750741546534,8.24523513173166,114.424657598269));
#2173=CARTESIAN_POINT('Ctrl Pts',(182.608058493665,7.86191978236606,113.679708830889));
#2174=CARTESIAN_POINT('Ctrl Pts',(185.104436595552,7.64939245216235,113.221938754408));
#2175=CARTESIAN_POINT('',(167.426457221333,5.47187534069732,138.116175027981));
#2176=CARTESIAN_POINT('Ctrl Pts',(167.426457221333,5.47187534069732,138.116175027981));
#2177=CARTESIAN_POINT('Ctrl Pts',(167.602377104685,5.44772951556492,138.474161392942));
#2178=CARTESIAN_POINT('Ctrl Pts',(167.847764249083,5.43641991972473,138.794487070182));
#2179=CARTESIAN_POINT('Ctrl Pts',(168.415619011623,5.42894777526077,139.290445854773));
#2180=CARTESIAN_POINT('Ctrl Pts',(168.721506651804,5.43086388159175,139.474297781306));
#2181=CARTESIAN_POINT('Ctrl Pts',(169.403045490815,5.43562370458579,139.733684832779));
#2182=CARTESIAN_POINT('Ctrl Pts',(169.775741408014,5.43808809207842,139.799676149742));
#2183=CARTESIAN_POINT('Ctrl Pts',(170.547178611027,5.43776662435465,139.789561845984));
#2184=CARTESIAN_POINT('Ctrl Pts',(170.938461169288,5.43473720119522,139.704904314031));
#2185=CARTESIAN_POINT('Ctrl Pts',(171.988690786289,5.42758523592475,139.24829912725));
#2186=CARTESIAN_POINT('Ctrl Pts',(172.551611167542,5.42956176625336,138.683717125172));
#2187=CARTESIAN_POINT('Ctrl Pts',(172.942405382092,5.495305213524,137.792034562634));
#2188=CARTESIAN_POINT('Ctrl Pts',(173.009754163258,5.51443562785148,137.576321253251));
#2189=CARTESIAN_POINT('Ctrl Pts',(173.086782196211,5.5563163297099,137.176639010842));
#2190=CARTESIAN_POINT('Ctrl Pts',(173.10490800865,5.57755285015074,136.995310047048));
#2191=CARTESIAN_POINT('Ctrl Pts',(173.108319608419,5.6257799455835,136.620878059053));
#2192=CARTESIAN_POINT('Ctrl Pts',(173.091386176043,5.65292306022673,136.428721697154));
#2193=CARTESIAN_POINT('Ctrl Pts',(172.934555440091,5.78125843338871,135.584591371317));
#2194=CARTESIAN_POINT('Ctrl Pts',(172.59043479167,5.89858066364154,134.981557583769));
#2195=CARTESIAN_POINT('Ctrl Pts',(171.813917434039,6.03911104497188,134.307674298853));
#2196=CARTESIAN_POINT('Ctrl Pts',(171.50030258491,6.07997468238392,134.121776278526));
#2197=CARTESIAN_POINT('Ctrl Pts',(170.439528957153,6.16790338406509,133.728585810208));
#2198=CARTESIAN_POINT('Ctrl Pts',(169.614203116085,6.16239516554173,133.751443299123));
#2199=CARTESIAN_POINT('Ctrl Pts',(168.549003932701,6.05968632119991,134.214220104959));
#2200=CARTESIAN_POINT('Ctrl Pts',(168.223026735951,6.01061862443148,134.439826912653));
#2201=CARTESIAN_POINT('Ctrl Pts',(167.679097065717,5.89628045113339,135.002017653535));
#2202=CARTESIAN_POINT('Ctrl Pts',(167.466079423676,5.83233827081553,135.333471546017));
#2203=CARTESIAN_POINT('Ctrl Pts',(167.235440917902,5.7314265055286,135.919897935988));
#2204=CARTESIAN_POINT('Ctrl Pts',(167.174929935039,5.69390230438004,136.153368618194));
#2205=CARTESIAN_POINT('Ctrl Pts',(167.118729989645,5.6322524714767,136.575298750538));
#2206=CARTESIAN_POINT('Ctrl Pts',(167.111349544055,5.60716625365337,136.760735333754));
#2207=CARTESIAN_POINT('Ctrl Pts',(167.131102680369,5.5614201812587,137.132254037265));
#2208=CARTESIAN_POINT('Ctrl Pts',(167.158340908523,5.54088484896258,137.317530673313));
#2209=CARTESIAN_POINT('Ctrl Pts',(167.254571171972,5.50220153514563,137.712099168595));
#2210=CARTESIAN_POINT('Ctrl Pts',(167.329534603125,5.48517842245271,137.918943338682));
#2211=CARTESIAN_POINT('Ctrl Pts',(167.426457221333,5.47187534069731,138.116175027981));
#2212=CARTESIAN_POINT('Origin',(170.111458359852,-14.9934466318695,111.801864602531));
#2213=CARTESIAN_POINT('',(168.111458359852,0.0404886332854526,111.801864602531));
#2214=CARTESIAN_POINT('',(168.111458359852,-14.9934466318695,111.801864602531));
#2215=CARTESIAN_POINT('Ctrl Pts',(168.111458359852,0.0404886332854526,111.801864602531));
#2216=CARTESIAN_POINT('Ctrl Pts',(168.111458359852,0.0404886332854525,112.054279045287));
#2217=CARTESIAN_POINT('Ctrl Pts',(168.162144526517,0.054781108341973,112.322668283885));
#2218=CARTESIAN_POINT('Ctrl Pts',(168.366604470648,0.105652822998527,112.815050763956));
#2219=CARTESIAN_POINT('Ctrl Pts',(168.520319062679,0.141417165974031,113.039152430104));
#2220=CARTESIAN_POINT('Ctrl Pts',(168.87414077761,0.20797340912826,113.392974145034));
#2221=CARTESIAN_POINT('Ctrl Pts',(169.098254772636,0.243196564861768,113.546711904616));
#2222=CARTESIAN_POINT('Ctrl Pts',(169.590681197856,0.292817353046322,113.751188799043));
#2223=CARTESIAN_POINT('Ctrl Pts',(169.859086367158,0.3065533681305,113.801864602531));
#2224=CARTESIAN_POINT('Ctrl Pts',(170.363830352547,0.306553368130522,113.801864602531));
#2225=CARTESIAN_POINT('Ctrl Pts',(170.632235521849,0.292817353046366,113.751188799043));
#2226=CARTESIAN_POINT('Ctrl Pts',(171.124661947069,0.243196564861854,113.546711904616));
#2227=CARTESIAN_POINT('Ctrl Pts',(171.348775942095,0.207973409128364,113.392974145034));
#2228=CARTESIAN_POINT('Ctrl Pts',(171.702597657025,0.141417165974167,113.039152430104));
#2229=CARTESIAN_POINT('Ctrl Pts',(171.856312249056,0.105652822998678,112.815050763956));
#2230=CARTESIAN_POINT('Ctrl Pts',(172.060772193188,0.054781108342137,112.322668283885));
#2231=CARTESIAN_POINT('Ctrl Pts',(172.111458359852,0.0404886332856247,112.054279045287));
#2232=CARTESIAN_POINT('Ctrl Pts',(172.111458359852,0.0404886332856247,111.549450159775));
#2233=CARTESIAN_POINT('Ctrl Pts',(172.060772193188,0.0547811083421411,111.281060921177));
#2234=CARTESIAN_POINT('Ctrl Pts',(171.856312249056,0.105652822998677,110.788678441106));
#2235=CARTESIAN_POINT('Ctrl Pts',(171.702597657025,0.141417165974167,110.564576774958));
#2236=CARTESIAN_POINT('Ctrl Pts',(171.348775942095,0.207973409128364,110.210755060028));
#2237=CARTESIAN_POINT('Ctrl Pts',(171.124661947069,0.243196564861849,110.057017300446));
#2238=CARTESIAN_POINT('Ctrl Pts',(170.632235521849,0.292817353046363,109.852540406019));
#2239=CARTESIAN_POINT('Ctrl Pts',(170.363830352547,0.306553368130522,109.801864602531));
#2240=CARTESIAN_POINT('Ctrl Pts',(169.859086367158,0.3065533681305,109.801864602531));
#2241=CARTESIAN_POINT('Ctrl Pts',(169.590681197856,0.29281735304632,109.852540406019));
#2242=CARTESIAN_POINT('Ctrl Pts',(169.098254772636,0.243196564861764,110.057017300446));
#2243=CARTESIAN_POINT('Ctrl Pts',(168.87414077761,0.20797340912826,110.210755060028));
#2244=CARTESIAN_POINT('Ctrl Pts',(168.520319062679,0.141417165974031,110.564576774958));
#2245=CARTESIAN_POINT('Ctrl Pts',(168.366604470648,0.105652822998527,110.788678441106));
#2246=CARTESIAN_POINT('Ctrl Pts',(168.162144526517,0.054781108341973,111.281060921177));
#2247=CARTESIAN_POINT('Ctrl Pts',(168.111458359852,0.0404886332854516,111.549450159775));
#2248=CARTESIAN_POINT('Ctrl Pts',(168.111458359852,0.0404886332854516,111.801864602531));
#2249=CARTESIAN_POINT('Ctrl Pts',(167.426457221333,5.47187534069731,138.116175027981));
#2250=CARTESIAN_POINT('Ctrl Pts',(167.329534603125,5.48517842245271,137.918943338682));
#2251=CARTESIAN_POINT('Ctrl Pts',(167.254571171972,5.50220153514563,137.712099168595));
#2252=CARTESIAN_POINT('Ctrl Pts',(167.158340908523,5.54088484896258,137.317530673313));
#2253=CARTESIAN_POINT('Ctrl Pts',(167.131102680369,5.5614201812587,137.132254037265));
#2254=CARTESIAN_POINT('Ctrl Pts',(167.111349544055,5.60716625365337,136.760735333754));
#2255=CARTESIAN_POINT('Ctrl Pts',(167.118729989645,5.6322524714767,136.575298750538));
#2256=CARTESIAN_POINT('Ctrl Pts',(167.174929935039,5.69390230438004,136.153368618194));
#2257=CARTESIAN_POINT('Ctrl Pts',(167.235440917902,5.7314265055286,135.919897935988));
#2258=CARTESIAN_POINT('Ctrl Pts',(167.466079423676,5.83233827081553,135.333471546017));
#2259=CARTESIAN_POINT('Ctrl Pts',(167.679097065717,5.89628045113339,135.002017653535));
#2260=CARTESIAN_POINT('Ctrl Pts',(168.223026735951,6.01061862443148,134.439826912653));
#2261=CARTESIAN_POINT('Ctrl Pts',(168.549003932701,6.05968632119991,134.214220104959));
#2262=CARTESIAN_POINT('Ctrl Pts',(169.614203116085,6.16239516554173,133.751443299123));
#2263=CARTESIAN_POINT('Ctrl Pts',(170.439528957153,6.16790338406509,133.728585810208));
#2264=CARTESIAN_POINT('Ctrl Pts',(171.50030258491,6.07997468238392,134.121776278526));
#2265=CARTESIAN_POINT('Ctrl Pts',(171.813917434039,6.03911104497188,134.307674298853));
#2266=CARTESIAN_POINT('Ctrl Pts',(172.59043479167,5.89858066364154,134.981557583769));
#2267=CARTESIAN_POINT('Ctrl Pts',(172.934555440091,5.78125843338871,135.584591371317));
#2268=CARTESIAN_POINT('Ctrl Pts',(173.091386176043,5.65292306022673,136.428721697154));
#2269=CARTESIAN_POINT('Ctrl Pts',(173.108319608419,5.6257799455835,136.620878059053));
#2270=CARTESIAN_POINT('Ctrl Pts',(173.10490800865,5.57755285015074,136.995310047048));
#2271=CARTESIAN_POINT('Ctrl Pts',(173.086782196211,5.5563163297099,137.176639010842));
#2272=CARTESIAN_POINT('Ctrl Pts',(173.009754163258,5.51443562785148,137.576321253251));
#2273=CARTESIAN_POINT('Ctrl Pts',(172.942405382092,5.495305213524,137.792034562634));
#2274=CARTESIAN_POINT('Ctrl Pts',(172.551611167542,5.42956176625336,138.683717125172));
#2275=CARTESIAN_POINT('Ctrl Pts',(171.988690786289,5.42758523592475,139.24829912725));
#2276=CARTESIAN_POINT('Ctrl Pts',(170.938461169288,5.43473720119522,139.704904314031));
#2277=CARTESIAN_POINT('Ctrl Pts',(170.547178611027,5.43776662435465,139.789561845984));
#2278=CARTESIAN_POINT('Ctrl Pts',(169.775741408014,5.43808809207842,139.799676149742));
#2279=CARTESIAN_POINT('Ctrl Pts',(169.403045490815,5.43562370458579,139.733684832779));
#2280=CARTESIAN_POINT('Ctrl Pts',(168.721506651804,5.43086388159175,139.474297781306));
#2281=CARTESIAN_POINT('Ctrl Pts',(168.415619011623,5.42894777526077,139.290445854773));
#2282=CARTESIAN_POINT('Ctrl Pts',(167.847764249083,5.43641991972473,138.794487070182));
#2283=CARTESIAN_POINT('Ctrl Pts',(167.602377104685,5.44772951556492,138.474161392942));
#2284=CARTESIAN_POINT('Ctrl Pts',(167.426457221333,5.47187534069732,138.116175027981));
#2285=CARTESIAN_POINT('Ctrl Pts',(167.713158241172,5.18773457949926,137.950865125836));
#2286=CARTESIAN_POINT('Ctrl Pts',(167.627433130843,5.20045940740766,137.772317894456));
#2287=CARTESIAN_POINT('Ctrl Pts',(167.561898160272,5.21631060371161,137.58505883376));
#2288=CARTESIAN_POINT('Ctrl Pts',(167.479739449011,5.25162013500899,137.228441372488));
#2289=CARTESIAN_POINT('Ctrl Pts',(167.457598890843,5.27013609811498,137.061220813764));
#2290=CARTESIAN_POINT('Ctrl Pts',(167.44500084852,5.31097115525132,136.726787684685));
#2291=CARTESIAN_POINT('Ctrl Pts',(167.45440941714,5.33318556298338,136.560301835189));
#2292=CARTESIAN_POINT('Ctrl Pts',(167.511354983585,5.38739506706805,136.182864800123));
#2293=CARTESIAN_POINT('Ctrl Pts',(167.569289550473,5.42014547753465,135.975033755829));
#2294=CARTESIAN_POINT('Ctrl Pts',(167.784348008246,5.50760615631058,135.456091084921));
#2295=CARTESIAN_POINT('Ctrl Pts',(167.978486430267,5.56251787342703,135.165863009971));
#2296=CARTESIAN_POINT('Ctrl Pts',(168.464941687995,5.65986827394278,134.678473391543));
#2297=CARTESIAN_POINT('Ctrl Pts',(168.752326100857,5.70144240691573,134.484697831961));
#2298=CARTESIAN_POINT('Ctrl Pts',(169.683320471873,5.78767190898568,134.090903680229));
#2299=CARTESIAN_POINT('Ctrl Pts',(170.393493697969,5.79223957895581,134.071852822517));
#2300=CARTESIAN_POINT('Ctrl Pts',(171.318436177773,5.71854609264983,134.405671420047));
#2301=CARTESIAN_POINT('Ctrl Pts',(171.593938406412,5.68398459743909,134.564980583304));
#2302=CARTESIAN_POINT('Ctrl Pts',(172.283708951987,5.56467694171828,135.146679018432));
#2303=CARTESIAN_POINT('Ctrl Pts',(172.600811250223,5.46391368609551,135.675102260006));
#2304=CARTESIAN_POINT('Ctrl Pts',(172.754901647542,5.35140379446975,136.428993791335));
#2305=CARTESIAN_POINT('Ctrl Pts',(172.772984336051,5.32746397849792,136.601129034798));
#2306=CARTESIAN_POINT('Ctrl Pts',(172.775333757354,5.28458934180326,136.937805832493));
#2307=CARTESIAN_POINT('Ctrl Pts',(172.761465867603,5.26552977203677,137.101223014855));
#2308=CARTESIAN_POINT('Ctrl Pts',(172.696927596667,5.22758852539468,137.462249256048));
#2309=CARTESIAN_POINT('Ctrl Pts',(172.638585667757,5.20988796991654,137.657313522242));
#2310=CARTESIAN_POINT('Ctrl Pts',(172.294029473979,5.14792152639341,138.465017299054));
#2311=CARTESIAN_POINT('Ctrl Pts',(171.787920929991,5.14091771753704,138.974484410947));
#2312=CARTESIAN_POINT('Ctrl Pts',(170.849172959629,5.14225836656888,139.383581294217));
#2313=CARTESIAN_POINT('Ctrl Pts',(170.500001510283,5.14390688178708,139.459153919927));
#2314=CARTESIAN_POINT('Ctrl Pts',(169.812083685707,5.14406041414726,139.468165547624));
#2315=CARTESIAN_POINT('Ctrl Pts',(169.479612639063,5.14270416394813,139.409310347176));
#2316=CARTESIAN_POINT('Ctrl Pts',(168.870623147124,5.14136971467051,139.176984269314));
#2317=CARTESIAN_POINT('Ctrl Pts',(168.596729763647,5.14156847966457,139.011904081471));
#2318=CARTESIAN_POINT('Ctrl Pts',(168.088273364349,5.15240033428298,138.564779064828));
#2319=CARTESIAN_POINT('Ctrl Pts',(167.868737664845,5.16465502206245,138.274989839846));
#2320=CARTESIAN_POINT('Ctrl Pts',(167.713158241172,5.18773457949926,137.950865125836));
#2321=CARTESIAN_POINT('Ctrl Pts',(167.999859261011,4.9035938183012,137.785555223691));
#2322=CARTESIAN_POINT('Ctrl Pts',(167.925347317388,4.91573390957735,137.625686608476));
#2323=CARTESIAN_POINT('Ctrl Pts',(167.869240818899,4.93041809342725,137.458019307006));
#2324=CARTESIAN_POINT('Ctrl Pts',(167.801157385062,4.96235425119259,137.139357336088));
#2325=CARTESIAN_POINT('Ctrl Pts',(167.784130798441,4.97884843621001,136.990192961222));
#2326=CARTESIAN_POINT('Ctrl Pts',(167.778674522572,5.01477690049039,136.692847584517));
#2327=CARTESIAN_POINT('Ctrl Pts',(167.790152051078,5.03411139039649,136.545320209933));
#2328=CARTESIAN_POINT('Ctrl Pts',(167.847785965832,5.08089583957274,136.212360844553));
#2329=CARTESIAN_POINT('Ctrl Pts',(167.903271327093,5.10884053433874,136.030232887289));
#2330=CARTESIAN_POINT('Ctrl Pts',(168.102540007149,5.18291764187605,135.578628559158));
#2331=CARTESIAN_POINT('Ctrl Pts',(168.278140790295,5.22865949464707,135.330061886144));
#2332=CARTESIAN_POINT('Ctrl Pts',(168.706752354888,5.30924564255112,134.91672364538));
#2333=CARTESIAN_POINT('Ctrl Pts',(168.956121695881,5.34299520897773,134.755919434803));
#2334=CARTESIAN_POINT('Ctrl Pts',(169.751747549573,5.41339912647212,134.428885605017));
#2335=CARTESIAN_POINT('Ctrl Pts',(170.347549268486,5.41704875127592,134.413569546386));
#2336=CARTESIAN_POINT('Ctrl Pts',(171.13602778008,5.35691968672916,134.690396016964));
#2337=CARTESIAN_POINT('Ctrl Pts',(171.373511563342,5.32893235235429,134.822114477551));
#2338=CARTESIAN_POINT('Ctrl Pts',(171.976808875265,5.23070603400962,135.31228295047));
#2339=CARTESIAN_POINT('Ctrl Pts',(172.267371668801,5.14653385025231,135.76623624513));
#2340=CARTESIAN_POINT('Ctrl Pts',(172.417982916828,5.04991790249949,136.429272163159));
#2341=CARTESIAN_POINT('Ctrl Pts',(172.437450498451,5.02917596501227,136.581586236535));
#2342=CARTESIAN_POINT('Ctrl Pts',(172.44545104011,4.99164235253049,136.880350940911));
#2343=CARTESIAN_POINT('Ctrl Pts',(172.435852681389,4.97479631532073,137.026023052228));
#2344=CARTESIAN_POINT('Ctrl Pts',(172.383905491714,4.94072055113272,137.348162644957));
#2345=CARTESIAN_POINT('Ctrl Pts',(172.334356348946,4.92457419328795,137.522935743701));
#2346=CARTESIAN_POINT('Ctrl Pts',(172.036742882118,4.86601671068768,138.24560265772));
#2347=CARTESIAN_POINT('Ctrl Pts',(171.587274570272,4.8541510314202,138.700545006255));
#2348=CARTESIAN_POINT('Ctrl Pts',(170.759766128272,4.84981079435599,139.062219947304));
#2349=CARTESIAN_POINT('Ctrl Pts',(170.452902819276,4.85001812170809,139.128661704087));
#2350=CARTESIAN_POINT('Ctrl Pts',(169.848318965555,4.85002757460023,139.136598939179));
#2351=CARTESIAN_POINT('Ctrl Pts',(169.556192324693,4.84979415873956,139.084916009841));
#2352=CARTESIAN_POINT('Ctrl Pts',(169.019705346722,4.85184163333187,138.879583804957));
#2353=CARTESIAN_POINT('Ctrl Pts',(168.777815184067,4.8541953446489,138.73333415664));
#2354=CARTESIAN_POINT('Ctrl Pts',(168.328800643537,4.86835229991333,138.335018416469));
#2355=CARTESIAN_POINT('Ctrl Pts',(168.135118904225,4.88154217970381,138.07567388608));
#2356=CARTESIAN_POINT('Ctrl Pts',(167.999859261011,4.9035938183012,137.785555223691));
#2357=CARTESIAN_POINT('Ctrl Pts',(168.286560280851,4.61945305710314,137.620245321547));
#2358=CARTESIAN_POINT('Ctrl Pts',(168.223245845107,4.6310148945323,137.47906116425));
#2359=CARTESIAN_POINT('Ctrl Pts',(168.176567807199,4.64452716199323,137.330978972171));
#2360=CARTESIAN_POINT('Ctrl Pts',(168.122555925551,4.673089537239,137.050268035263));
#2361=CARTESIAN_POINT('Ctrl Pts',(168.110627008915,4.6875643530663,136.91915973772));
#2362=CARTESIAN_POINT('Ctrl Pts',(168.112325827037,4.71858180208834,136.658899935448));
#2363=CARTESIAN_POINT('Ctrl Pts',(168.125831478572,4.73504448190317,136.530323294584));
#2364=CARTESIAN_POINT('Ctrl Pts',(168.184211014379,4.77438860226076,136.241857026482));
#2365=CARTESIAN_POINT('Ctrl Pts',(168.237119959664,4.79755950634479,136.085368707131));
#2366=CARTESIAN_POINT('Ctrl Pts',(168.420808591719,4.8581855273711,135.701248098062));
#2367=CARTESIAN_POINT('Ctrl Pts',(168.577530154845,4.8948969169407,135.493907242581));
#2368=CARTESIAN_POINT('Ctrl Pts',(168.948667306932,4.95849529206242,135.15537012427));
#2369=CARTESIAN_POINT('Ctrl Pts',(169.159443864038,4.98475129469355,135.026397161805));
#2370=CARTESIAN_POINT('Ctrl Pts',(169.820864905361,5.03867586991607,134.768345986123));
#2371=CARTESIAN_POINT('Ctrl Pts',(170.301514009302,5.04138494616664,134.756836558696));
#2372=CARTESIAN_POINT('Ctrl Pts',(170.954161372943,4.99549109699507,134.974291158485));
#2373=CARTESIAN_POINT('Ctrl Pts',(171.153532535715,4.97380590482151,135.079420762003));
#2374=CARTESIAN_POINT('Ctrl Pts',(171.670083035582,4.89680231208637,135.477404385132));
#2375=CARTESIAN_POINT('Ctrl Pts',(171.933627478932,4.82918910295911,135.856747133819));
#2376=CARTESIAN_POINT('Ctrl Pts',(172.081498388326,4.7483986367425,136.42954425734));
#2377=CARTESIAN_POINT('Ctrl Pts',(172.102115226083,4.7308599979267,136.56183721228));
#2378=CARTESIAN_POINT('Ctrl Pts',(172.115876788814,4.698678844183,136.822846726356));
#2379=CARTESIAN_POINT('Ctrl Pts',(172.110536352782,4.6840097576476,136.950607056241));
#2380=CARTESIAN_POINT('Ctrl Pts',(172.071078925122,4.65387344867592,137.234090647754));
#2381=CARTESIAN_POINT('Ctrl Pts',(172.030536634611,4.63915694968049,137.38821470331));
#2382=CARTESIAN_POINT('Ctrl Pts',(171.779161188556,4.58437647082773,138.026902831602));
#2383=CARTESIAN_POINT('Ctrl Pts',(171.386504713975,4.5674835130325,138.426730289953));
#2384=CARTESIAN_POINT('Ctrl Pts',(170.670477918613,4.55733195972965,138.74089692749));
#2385=CARTESIAN_POINT('Ctrl Pts',(170.405725718532,4.55615837914053,138.79825377803));
#2386=CARTESIAN_POINT('Ctrl Pts',(169.884661243248,4.55599989666907,138.805088337061));
#2387=CARTESIAN_POINT('Ctrl Pts',(169.632759472941,4.5568746181019,138.760541524238));
#2388=CARTESIAN_POINT('Ctrl Pts',(169.168821842043,4.56234746641063,138.582270292966));
#2389=CARTESIAN_POINT('Ctrl Pts',(168.958925936091,4.56681604905271,138.454792383339));
#2390=CARTESIAN_POINT('Ctrl Pts',(168.569309758803,4.58433271447158,138.105310411115));
#2391=CARTESIAN_POINT('Ctrl Pts',(168.401479464385,4.59846768620134,137.876502332984));
#2392=CARTESIAN_POINT('Ctrl Pts',(168.286560280851,4.61945305710314,137.620245321547));
#2393=CARTESIAN_POINT('',(168.286560280851,4.61945305710314,137.620245321547));
#2394=CARTESIAN_POINT('',(167.426457221333,5.47187534069731,138.116175027981));
#2395=CARTESIAN_POINT('',(168.111435580154,4.70154791478367,136.801859482351));
#2396=CARTESIAN_POINT('Ctrl Pts',(168.286560280851,4.61945305710314,137.620245321547));
#2397=CARTESIAN_POINT('Ctrl Pts',(168.223245845107,4.6310148945323,137.47906116425));
#2398=CARTESIAN_POINT('Ctrl Pts',(168.176567807199,4.64452716199323,137.330978972171));
#2399=CARTESIAN_POINT('Ctrl Pts',(168.123389062707,4.67264896054778,137.054598021642));
#2400=CARTESIAN_POINT('Ctrl Pts',(168.111439432916,4.68659761502244,136.927927495076));
#2401=CARTESIAN_POINT('Ctrl Pts',(168.111435580154,4.70154791478367,136.801859482351));
#2402=CARTESIAN_POINT('Ctrl Pts',(168.111435580154,4.70154791478367,136.801859482351));
#2403=CARTESIAN_POINT('Ctrl Pts',(168.111435446843,4.70206521426885,136.797497367937));
#2404=CARTESIAN_POINT('Ctrl Pts',(168.111449615596,4.70258371297231,136.793135974882));
#2405=CARTESIAN_POINT('Ctrl Pts',(168.112325827037,4.71858180208834,136.658899935448));
#2406=CARTESIAN_POINT('Ctrl Pts',(168.125831478572,4.73504448190317,136.530323294584));
#2407=CARTESIAN_POINT('Ctrl Pts',(168.184211014379,4.77438860226076,136.241857026482));
#2408=CARTESIAN_POINT('Ctrl Pts',(168.237119959664,4.79755950634479,136.085368707131));
#2409=CARTESIAN_POINT('Ctrl Pts',(168.420808591719,4.8581855273711,135.701248098062));
#2410=CARTESIAN_POINT('Ctrl Pts',(168.577530154845,4.8948969169407,135.493907242581));
#2411=CARTESIAN_POINT('Ctrl Pts',(168.948667306932,4.95849529206242,135.15537012427));
#2412=CARTESIAN_POINT('Ctrl Pts',(169.159443864038,4.98475129469355,135.026397161805));
#2413=CARTESIAN_POINT('Ctrl Pts',(169.820864905361,5.03867586991607,134.768345986123));
#2414=CARTESIAN_POINT('Ctrl Pts',(170.301514009302,5.04138494616664,134.756836558696));
#2415=CARTESIAN_POINT('Ctrl Pts',(170.954161372943,4.99549109699507,134.974291158485));
#2416=CARTESIAN_POINT('Ctrl Pts',(171.153532535715,4.97380590482151,135.079420762003));
#2417=CARTESIAN_POINT('Ctrl Pts',(171.670083035582,4.89680231208637,135.477404385132));
#2418=CARTESIAN_POINT('Ctrl Pts',(171.933627478932,4.82918910295911,135.856747133819));
#2419=CARTESIAN_POINT('Ctrl Pts',(172.081498388326,4.7483986367425,136.42954425734));
#2420=CARTESIAN_POINT('Ctrl Pts',(172.102115226083,4.7308599979267,136.56183721228));
#2421=CARTESIAN_POINT('Ctrl Pts',(172.115876788814,4.698678844183,136.822846726356));
#2422=CARTESIAN_POINT('Ctrl Pts',(172.110536352782,4.6840097576476,136.950607056241));
#2423=CARTESIAN_POINT('Ctrl Pts',(172.071078925122,4.65387344867592,137.234090647754));
#2424=CARTESIAN_POINT('Ctrl Pts',(172.030536634611,4.63915694968049,137.38821470331));
#2425=CARTESIAN_POINT('Ctrl Pts',(171.779161188556,4.58437647082773,138.026902831602));
#2426=CARTESIAN_POINT('Ctrl Pts',(171.386504713975,4.5674835130325,138.426730289953));
#2427=CARTESIAN_POINT('Ctrl Pts',(170.670477918613,4.55733195972965,138.74089692749));
#2428=CARTESIAN_POINT('Ctrl Pts',(170.405725718532,4.55615837914053,138.79825377803));
#2429=CARTESIAN_POINT('Ctrl Pts',(169.884661243248,4.55599989666907,138.805088337061));
#2430=CARTESIAN_POINT('Ctrl Pts',(169.632759472941,4.5568746181019,138.760541524238));
#2431=CARTESIAN_POINT('Ctrl Pts',(169.168821842043,4.56234746641063,138.582270292966));
#2432=CARTESIAN_POINT('Ctrl Pts',(168.958925936091,4.56681604905271,138.454792383339));
#2433=CARTESIAN_POINT('Ctrl Pts',(168.569309758803,4.58433271447158,138.105310411115));
#2434=CARTESIAN_POINT('Ctrl Pts',(168.401479464385,4.59846768620134,137.876502332984));
#2435=CARTESIAN_POINT('Ctrl Pts',(168.286560280851,4.61945305710314,137.620245321547));
#2436=CARTESIAN_POINT('Origin',(170.111458359852,-14.9934466318695,136.801864602531));
#2437=CARTESIAN_POINT('',(168.111458359852,0.0404886332854526,136.801864602531));
#2438=CARTESIAN_POINT('',(168.111458359852,-14.9934466318695,136.801864602531));
#2439=CARTESIAN_POINT('Ctrl Pts',(168.111458359852,0.0404886332854526,136.801864602531));
#2440=CARTESIAN_POINT('Ctrl Pts',(168.111458359852,0.0404886332854527,137.054279045287));
#2441=CARTESIAN_POINT('Ctrl Pts',(168.162144526517,0.054781108341973,137.322668283885));
#2442=CARTESIAN_POINT('Ctrl Pts',(168.366604470648,0.105652822998527,137.815050763956));
#2443=CARTESIAN_POINT('Ctrl Pts',(168.520319062679,0.141417165974031,138.039152430104));
#2444=CARTESIAN_POINT('Ctrl Pts',(168.87414077761,0.20797340912826,138.392974145034));
#2445=CARTESIAN_POINT('Ctrl Pts',(169.098254772636,0.243196564861768,138.546711904616));
#2446=CARTESIAN_POINT('Ctrl Pts',(169.590681197856,0.292817353046322,138.751188799043));
#2447=CARTESIAN_POINT('Ctrl Pts',(169.859086367158,0.3065533681305,138.801864602531));
#2448=CARTESIAN_POINT('Ctrl Pts',(170.363830352547,0.306553368130522,138.801864602531));
#2449=CARTESIAN_POINT('Ctrl Pts',(170.632235521849,0.292817353046366,138.751188799043));
#2450=CARTESIAN_POINT('Ctrl Pts',(171.124661947069,0.243196564861854,138.546711904616));
#2451=CARTESIAN_POINT('Ctrl Pts',(171.348775942095,0.207973409128364,138.392974145034));
#2452=CARTESIAN_POINT('Ctrl Pts',(171.702597657025,0.141417165974167,138.039152430104));
#2453=CARTESIAN_POINT('Ctrl Pts',(171.856312249056,0.105652822998677,137.815050763956));
#2454=CARTESIAN_POINT('Ctrl Pts',(172.060772193188,0.0547811083421411,137.322668283885));
#2455=CARTESIAN_POINT('Ctrl Pts',(172.111458359852,0.0404886332856247,137.054279045287));
#2456=CARTESIAN_POINT('Ctrl Pts',(172.111458359852,0.0404886332856247,136.549450159775));
#2457=CARTESIAN_POINT('Ctrl Pts',(172.060772193188,0.0547811083421411,136.281060921177));
#2458=CARTESIAN_POINT('Ctrl Pts',(171.856312249056,0.105652822998677,135.788678441106));
#2459=CARTESIAN_POINT('Ctrl Pts',(171.702597657025,0.141417165974167,135.564576774958));
#2460=CARTESIAN_POINT('Ctrl Pts',(171.348775942095,0.207973409128364,135.210755060028));
#2461=CARTESIAN_POINT('Ctrl Pts',(171.124661947069,0.243196564861849,135.057017300446));
#2462=CARTESIAN_POINT('Ctrl Pts',(170.632235521849,0.292817353046363,134.852540406019));
#2463=CARTESIAN_POINT('Ctrl Pts',(170.363830352547,0.306553368130522,134.801864602531));
#2464=CARTESIAN_POINT('Ctrl Pts',(169.859086367158,0.3065533681305,134.801864602531));
#2465=CARTESIAN_POINT('Ctrl Pts',(169.590681197856,0.29281735304632,134.852540406019));
#2466=CARTESIAN_POINT('Ctrl Pts',(169.098254772636,0.243196564861763,135.057017300446));
#2467=CARTESIAN_POINT('Ctrl Pts',(168.87414077761,0.20797340912826,135.210755060028));
#2468=CARTESIAN_POINT('Ctrl Pts',(168.520319062679,0.141417165974031,135.564576774958));
#2469=CARTESIAN_POINT('Ctrl Pts',(168.366604470648,0.105652822998527,135.788678441106));
#2470=CARTESIAN_POINT('Ctrl Pts',(168.162144526517,0.054781108341973,136.281060921177));
#2471=CARTESIAN_POINT('Ctrl Pts',(168.111458359852,0.0404886332854524,136.549450159775));
#2472=CARTESIAN_POINT('Ctrl Pts',(168.111458359852,0.0404886332854525,136.801864602531));
#2473=CARTESIAN_POINT('Ctrl Pts',(167.53108025063,-23.2456193738315,113.326317665399));
#2474=CARTESIAN_POINT('Ctrl Pts',(167.998129575128,-23.1603564059783,114.112853994057));
#2475=CARTESIAN_POINT('Ctrl Pts',(168.841150362355,-23.1113614038072,114.665801798775));
#2476=CARTESIAN_POINT('Ctrl Pts',(170.3290090545,-23.095841944014,114.841665920704));
#2477=CARTESIAN_POINT('Ctrl Pts',(171.507827467548,-23.1125872195854,114.638596764016));
#2478=CARTESIAN_POINT('Ctrl Pts',(172.387440952195,-23.1906510712522,113.833312504419));
#2479=CARTESIAN_POINT('Ctrl Pts',(172.833358419144,-23.2708900486956,113.092659556896));
#2480=CARTESIAN_POINT('Ctrl Pts',(172.947423888418,-23.3014030955894,112.820490497587));
#2481=CARTESIAN_POINT('Ctrl Pts',(173.081495394384,-23.3626428654061,112.294268499067));
#2482=CARTESIAN_POINT('Ctrl Pts',(173.112573981084,-23.3924417082786,112.045180959903));
#2483=CARTESIAN_POINT('Ctrl Pts',(173.11194447419,-23.4550728029686,111.533756870458));
#2484=CARTESIAN_POINT('Ctrl Pts',(173.077242367006,-23.487716897755,111.273417219898));
#2485=CARTESIAN_POINT('Ctrl Pts',(172.92280667077,-23.5606064633043,110.701729081833));
#2486=CARTESIAN_POINT('Ctrl Pts',(172.78405086985,-23.6000947378473,110.398735317839));
#2487=CARTESIAN_POINT('Ctrl Pts',(172.376848491548,-23.6792270438839,109.798036253791));
#2488=CARTESIAN_POINT('Ctrl Pts',(172.092714194272,-23.7167158202425,109.517783343326));
#2489=CARTESIAN_POINT('Ctrl Pts',(171.43134100867,-23.7749194798192,109.084093659324));
#2490=CARTESIAN_POINT('Ctrl Pts',(171.061213816262,-23.7951387190002,108.934418684963));
#2491=CARTESIAN_POINT('Ctrl Pts',(170.291834873544,-23.8148084093464,108.788745073443));
#2492=CARTESIAN_POINT('Ctrl Pts',(169.901298890409,-23.8144887788856,108.79105052106));
#2493=CARTESIAN_POINT('Ctrl Pts',(168.76129157805,-23.7839068356856,109.017914046309));
#2494=CARTESIAN_POINT('Ctrl Pts',(168.074681056826,-23.7222258955719,109.472402187044));
#2495=CARTESIAN_POINT('Ctrl Pts',(167.450505367567,-23.6026857396568,110.379071193411));
#2496=CARTESIAN_POINT('Ctrl Pts',(167.308333987993,-23.5630521472069,110.683037881794));
#2497=CARTESIAN_POINT('Ctrl Pts',(167.149651700164,-23.4898460831416,111.256767454751));
#2498=CARTESIAN_POINT('Ctrl Pts',(167.113345819969,-23.4570967102952,111.517729975201));
#2499=CARTESIAN_POINT('Ctrl Pts',(167.110031100515,-23.3943427525936,112.029690591751));
#2500=CARTESIAN_POINT('Ctrl Pts',(167.139712890599,-23.364525440345,112.278648496835));
#2501=CARTESIAN_POINT('Ctrl Pts',(167.270488901743,-23.3033401864816,112.80380638415));
#2502=CARTESIAN_POINT('Ctrl Pts',(167.381873171033,-23.2728581209271,113.075044871627));
#2503=CARTESIAN_POINT('Ctrl Pts',(167.53108025063,-23.2456193738315,113.326317665399));
#2504=CARTESIAN_POINT('Ctrl Pts',(167.802435955755,-22.9393205992118,113.130886873156));
#2505=CARTESIAN_POINT('Ctrl Pts',(168.212851732808,-22.8622692003425,113.841231287072));
#2506=CARTESIAN_POINT('Ctrl Pts',(168.968544997559,-22.8166128918472,114.346244535071));
#2507=CARTESIAN_POINT('Ctrl Pts',(170.307274818815,-22.8021683457802,114.506473570096));
#2508=CARTESIAN_POINT('Ctrl Pts',(171.368563550674,-22.8179048238831,114.321114065441));
#2509=CARTESIAN_POINT('Ctrl Pts',(172.153099096557,-22.8896347841613,113.589007989485));
#2510=CARTESIAN_POINT('Ctrl Pts',(172.545013444472,-22.9621714591137,112.919640716618));
#2511=CARTESIAN_POINT('Ctrl Pts',(172.643836682123,-22.9896496877186,112.67443456909));
#2512=CARTESIAN_POINT('Ctrl Pts',(172.757025395015,-23.0444537830718,112.202069923393));
#2513=CARTESIAN_POINT('Ctrl Pts',(172.781386138835,-23.0710252107621,111.979248641351));
#2514=CARTESIAN_POINT('Ctrl Pts',(172.773936331385,-23.1266435637599,111.523459859339));
#2515=CARTESIAN_POINT('Ctrl Pts',(172.739478875552,-23.155526296095,111.292412253977));
#2516=CARTESIAN_POINT('Ctrl Pts',(172.594911392468,-23.2198019726179,110.787144008326));
#2517=CARTESIAN_POINT('Ctrl Pts',(172.468237850608,-23.2544793765771,110.520906729461));
#2518=CARTESIAN_POINT('Ctrl Pts',(172.102186235132,-23.3237616861542,109.9955640864));
#2519=CARTESIAN_POINT('Ctrl Pts',(171.849593360604,-23.3564546594424,109.752126496108));
#2520=CARTESIAN_POINT('Ctrl Pts',(171.266358204386,-23.4071121639854,109.376750278379));
#2521=CARTESIAN_POINT('Ctrl Pts',(170.941832563544,-23.4246726454282,109.247803484222));
#2522=CARTESIAN_POINT('Ctrl Pts',(170.26907342962,-23.4417299453328,109.12251506417));
#2523=CARTESIAN_POINT('Ctrl Pts',(169.928005401369,-23.4414780186163,109.124322524983));
#2524=CARTESIAN_POINT('Ctrl Pts',(168.931263025452,-23.414877974105,109.32001105752));
#2525=CARTESIAN_POINT('Ctrl Pts',(168.326661102176,-23.3613757335913,109.711043798844));
#2526=CARTESIAN_POINT('Ctrl Pts',(167.765128637597,-23.2567502562673,110.503716591971));
#2527=CARTESIAN_POINT('Ctrl Pts',(167.635747896394,-23.2219422776398,110.770781835441));
#2528=CARTESIAN_POINT('Ctrl Pts',(167.487245703238,-23.1574028192959,111.277724846623));
#2529=CARTESIAN_POINT('Ctrl Pts',(167.451455959162,-23.1284300315029,111.509303217223));
#2530=CARTESIAN_POINT('Ctrl Pts',(167.441549893917,-23.0727100052367,111.965477162283));
#2531=CARTESIAN_POINT('Ctrl Pts',(167.464706112616,-23.0461318929365,112.188174211153));
#2532=CARTESIAN_POINT('Ctrl Pts',(167.574902421146,-22.9913762205258,112.65947329695));
#2533=CARTESIAN_POINT('Ctrl Pts',(167.671360883894,-22.9639519157456,112.903871995495));
#2534=CARTESIAN_POINT('Ctrl Pts',(167.802435955755,-22.9393205992118,113.130886873156));
#2535=CARTESIAN_POINT('Ctrl Pts',(168.07379166088,-22.6330218245921,112.935456080913));
#2536=CARTESIAN_POINT('Ctrl Pts',(168.427181882548,-22.5640489530653,113.570363132541));
#2537=CARTESIAN_POINT('Ctrl Pts',(169.096334301317,-22.521798113119,114.027034849696));
#2538=CARTESIAN_POINT('Ctrl Pts',(170.285234454747,-22.5084255065684,114.171291303944));
#2539=CARTESIAN_POINT('Ctrl Pts',(171.229297535461,-22.5232018847338,114.003967215996));
#2540=CARTESIAN_POINT('Ctrl Pts',(171.918793294671,-22.5885628305775,113.344628768512));
#2541=CARTESIAN_POINT('Ctrl Pts',(172.256431617522,-22.6534737046233,112.746925651017));
#2542=CARTESIAN_POINT('Ctrl Pts',(172.340162712478,-22.6778693453452,112.528476165014));
#2543=CARTESIAN_POINT('Ctrl Pts',(172.432379370051,-22.7262691634872,112.110096666415));
#2544=CARTESIAN_POINT('Ctrl Pts',(172.450064361555,-22.7495944486703,111.913466692592));
#2545=CARTESIAN_POINT('Ctrl Pts',(172.435781505439,-22.7982103538803,111.513357982403));
#2546=CARTESIAN_POINT('Ctrl Pts',(172.401559736868,-22.8233237437997,111.31157646733));
#2547=CARTESIAN_POINT('Ctrl Pts',(172.266886414259,-22.8789910897359,110.872743180473));
#2548=CARTESIAN_POINT('Ctrl Pts',(172.15226150868,-22.9088485759804,110.64328138113));
#2549=CARTESIAN_POINT('Ctrl Pts',(171.827385503306,-22.9682910606855,110.193243364447));
#2550=CARTESIAN_POINT('Ctrl Pts',(171.60635149774,-22.9961720749557,109.986730194085));
#2551=CARTESIAN_POINT('Ctrl Pts',(171.101151530777,-23.0393012375547,109.669511584135));
#2552=CARTESIAN_POINT('Ctrl Pts',(170.822396176035,-23.0541719146529,109.561525508356));
#2553=CARTESIAN_POINT('Ctrl Pts',(170.245950784407,-23.0686601279819,109.456304718646));
#2554=CARTESIAN_POINT('Ctrl Pts',(169.954731117996,-23.0684018533087,109.458124901599));
#2555=CARTESIAN_POINT('Ctrl Pts',(169.100564153811,-23.0459404317838,109.621549536898));
#2556=CARTESIAN_POINT('Ctrl Pts',(168.577376389142,-23.0005745067608,109.949535914369));
#2557=CARTESIAN_POINT('Ctrl Pts',(168.080318704736,-22.9108015166787,110.628389685698));
#2558=CARTESIAN_POINT('Ctrl Pts',(167.962892121676,-22.8808504739416,110.858449495971));
#2559=CARTESIAN_POINT('Ctrl Pts',(167.825078350666,-22.8249546696081,111.298682101638));
#2560=CARTESIAN_POINT('Ctrl Pts',(167.789509996267,-22.7997699344329,111.500846241453));
#2561=CARTESIAN_POINT('Ctrl Pts',(167.773165904806,-22.7510761063217,111.901252907228));
#2562=CARTESIAN_POINT('Ctrl Pts',(167.789697647769,-22.7277402252975,112.097688289384));
#2563=CARTESIAN_POINT('Ctrl Pts',(167.879356070165,-22.679411924575,112.515132067046));
#2564=CARTESIAN_POINT('Ctrl Pts',(167.960855540626,-22.6550405165119,112.732706837379));
#2565=CARTESIAN_POINT('Ctrl Pts',(168.073791660881,-22.6330218245921,112.935456080913));
#2566=CARTESIAN_POINT('Ctrl Pts',(168.345147366006,-22.3267230499725,112.74002528867));
#2567=CARTESIAN_POINT('Ctrl Pts',(168.641904040228,-22.2659617474296,113.298740425555));
#2568=CARTESIAN_POINT('Ctrl Pts',(169.22372893652,-22.227049601159,113.707477585993));
#2569=CARTESIAN_POINT('Ctrl Pts',(170.263500219061,-22.2147519083347,113.836098953335));
#2570=CARTESIAN_POINT('Ctrl Pts',(171.090033618586,-22.2285194890315,113.686484517422));
#2571=CARTESIAN_POINT('Ctrl Pts',(171.684451439033,-22.2875465434866,113.100324253578));
#2572=CARTESIAN_POINT('Ctrl Pts',(171.968086642851,-22.3447551150414,112.57390681074));
#2573=CARTESIAN_POINT('Ctrl Pts',(172.036575506183,-22.3661159374744,112.382420236516));
#2574=CARTESIAN_POINT('Ctrl Pts',(172.107909370682,-22.4080800811529,112.017898090741));
#2575=CARTESIAN_POINT('Ctrl Pts',(172.118876519306,-22.4281779511538,111.847534374039));
#2576=CARTESIAN_POINT('Ctrl Pts',(172.097773362635,-22.4697811146717,111.503060971285));
#2577=CARTESIAN_POINT('Ctrl Pts',(172.063796245413,-22.4911331421397,111.330571501409));
#2578=CARTESIAN_POINT('Ctrl Pts',(171.938991135956,-22.5381865990495,110.958158106966));
#2579=CARTESIAN_POINT('Ctrl Pts',(171.836448489439,-22.5632332147102,110.765452792752));
#2580=CARTESIAN_POINT('Ctrl Pts',(171.55272324689,-22.6128257029558,110.390771197056));
#2581=CARTESIAN_POINT('Ctrl Pts',(171.363230664072,-22.6359109141556,110.221073346867));
#2582=CARTESIAN_POINT('Ctrl Pts',(170.936168726493,-22.6714939217208,109.96216820319));
#2583=CARTESIAN_POINT('Ctrl Pts',(170.703014923317,-22.683705841081,109.874910307615));
#2584=CARTESIAN_POINT('Ctrl Pts',(170.223189340483,-22.6955816639683,109.790074709374));
#2585=CARTESIAN_POINT('Ctrl Pts',(169.981437628956,-22.6953910930394,109.791396905523));
#2586=CARTESIAN_POINT('Ctrl Pts',(169.270535601214,-22.6769115702032,109.923646548109));
#2587=CARTESIAN_POINT('Ctrl Pts',(168.829356434492,-22.6397243447802,110.188177526168));
#2588=CARTESIAN_POINT('Ctrl Pts',(168.394941974766,-22.5648660332892,110.753035084259));
#2589=CARTESIAN_POINT('Ctrl Pts',(168.290306030078,-22.5397406043745,110.946193449618));
#2590=CARTESIAN_POINT('Ctrl Pts',(168.16267235374,-22.4925114057624,111.319639493511));
#2591=CARTESIAN_POINT('Ctrl Pts',(168.12762013546,-22.4711032556407,111.492419483475));
#2592=CARTESIAN_POINT('Ctrl Pts',(168.104684698207,-22.4294433589647,111.83703947776));
#2593=CARTESIAN_POINT('Ctrl Pts',(168.114690869786,-22.409346677889,112.007214003702));
#2594=CARTESIAN_POINT('Ctrl Pts',(168.183769589567,-22.3674479586193,112.370798979845));
#2595=CARTESIAN_POINT('Ctrl Pts',(168.250343253487,-22.3461343113305,112.561533961248));
#2596=CARTESIAN_POINT('Ctrl Pts',(168.345147366006,-22.3267230499725,112.74002528867));
#2597=CARTESIAN_POINT('',(167.53108025063,-23.2456193738315,113.326317665399));
#2598=CARTESIAN_POINT('',(168.345147366006,-22.3267230499725,112.74002528867));
#2599=CARTESIAN_POINT('',(167.53108025063,-23.2456193738315,113.326317665399));
#2600=CARTESIAN_POINT('',(168.111452908066,-22.433793284639,111.801870033882));
#2601=CARTESIAN_POINT('Ctrl Pts',(168.345147366006,-22.3267230499725,112.74002528867));
#2602=CARTESIAN_POINT('Ctrl Pts',(168.641904040228,-22.2659617474296,113.298740425555));
#2603=CARTESIAN_POINT('Ctrl Pts',(169.22372893652,-22.227049601159,113.707477585993));
#2604=CARTESIAN_POINT('Ctrl Pts',(170.263500219061,-22.2147519083347,113.836098953335));
#2605=CARTESIAN_POINT('Ctrl Pts',(171.090033618586,-22.2285194890315,113.686484517422));
#2606=CARTESIAN_POINT('Ctrl Pts',(171.684451439033,-22.2875465434866,113.100324253578));
#2607=CARTESIAN_POINT('Ctrl Pts',(171.968086642851,-22.3447551150414,112.57390681074));
#2608=CARTESIAN_POINT('Ctrl Pts',(172.036575506183,-22.3661159374744,112.382420236516));
#2609=CARTESIAN_POINT('Ctrl Pts',(172.107909370682,-22.4080800811529,112.017898090741));
#2610=CARTESIAN_POINT('Ctrl Pts',(172.118876519306,-22.4281779511538,111.847534374039));
#2611=CARTESIAN_POINT('Ctrl Pts',(172.097773362635,-22.4697811146717,111.503060971285));
#2612=CARTESIAN_POINT('Ctrl Pts',(172.063796245413,-22.4911331421397,111.330571501409));
#2613=CARTESIAN_POINT('Ctrl Pts',(171.938991135956,-22.5381865990495,110.958158106966));
#2614=CARTESIAN_POINT('Ctrl Pts',(171.836448489439,-22.5632332147102,110.765452792752));
#2615=CARTESIAN_POINT('Ctrl Pts',(171.55272324689,-22.6128257029558,110.390771197056));
#2616=CARTESIAN_POINT('Ctrl Pts',(171.363230664072,-22.6359109141556,110.221073346867));
#2617=CARTESIAN_POINT('Ctrl Pts',(170.936168726493,-22.6714939217208,109.96216820319));
#2618=CARTESIAN_POINT('Ctrl Pts',(170.703014923317,-22.683705841081,109.874910307615));
#2619=CARTESIAN_POINT('Ctrl Pts',(170.223189340483,-22.6955816639683,109.790074709374));
#2620=CARTESIAN_POINT('Ctrl Pts',(169.981437628956,-22.6953910930394,109.791396905523));
#2621=CARTESIAN_POINT('Ctrl Pts',(169.270535601214,-22.6769115702032,109.923646548109));
#2622=CARTESIAN_POINT('Ctrl Pts',(168.829356434492,-22.6397243447802,110.188177526168));
#2623=CARTESIAN_POINT('Ctrl Pts',(168.394941974766,-22.5648660332892,110.753035084259));
#2624=CARTESIAN_POINT('Ctrl Pts',(168.290306030078,-22.5397406043745,110.946193449618));
#2625=CARTESIAN_POINT('Ctrl Pts',(168.16267235374,-22.4925114057624,111.319639493511));
#2626=CARTESIAN_POINT('Ctrl Pts',(168.12762013546,-22.4711032556407,111.492419483475));
#2627=CARTESIAN_POINT('Ctrl Pts',(168.112926238843,-22.4444132820389,111.713204921846));
#2628=CARTESIAN_POINT('Ctrl Pts',(168.111451427195,-22.4390912374051,111.757501506634));
#2629=CARTESIAN_POINT('Ctrl Pts',(168.111452908066,-22.433793284639,111.801870033882));
#2630=CARTESIAN_POINT('Ctrl Pts',(168.111452908066,-22.433793284639,111.801870033882));
#2631=CARTESIAN_POINT('Ctrl Pts',(168.111457062173,-22.4189315844147,111.926331647731));
#2632=CARTESIAN_POINT('Ctrl Pts',(168.123078196475,-22.4042594636576,112.051359378482));
#2633=CARTESIAN_POINT('Ctrl Pts',(168.183769589567,-22.3674479586193,112.370798979845));
#2634=CARTESIAN_POINT('Ctrl Pts',(168.250343253487,-22.3461343113305,112.561533961248));
#2635=CARTESIAN_POINT('Ctrl Pts',(168.345147366006,-22.3267230499725,112.74002528867));
#2636=CARTESIAN_POINT('Ctrl Pts',(167.53108025063,-23.2456193738315,113.326317665399));
#2637=CARTESIAN_POINT('Ctrl Pts',(167.381873171033,-23.2728581209271,113.075044871627));
#2638=CARTESIAN_POINT('Ctrl Pts',(167.270488901743,-23.3033401864816,112.80380638415));
#2639=CARTESIAN_POINT('Ctrl Pts',(167.139712890599,-23.364525440345,112.278648496835));
#2640=CARTESIAN_POINT('Ctrl Pts',(167.110031100515,-23.3943427525936,112.029690591751));
#2641=CARTESIAN_POINT('Ctrl Pts',(167.113345819969,-23.4570967102952,111.517729975201));
#2642=CARTESIAN_POINT('Ctrl Pts',(167.149651700164,-23.4898460831416,111.256767454751));
#2643=CARTESIAN_POINT('Ctrl Pts',(167.308333987993,-23.5630521472069,110.683037881794));
#2644=CARTESIAN_POINT('Ctrl Pts',(167.450505367567,-23.6026857396568,110.379071193411));
#2645=CARTESIAN_POINT('Ctrl Pts',(168.074681056826,-23.7222258955719,109.472402187044));
#2646=CARTESIAN_POINT('Ctrl Pts',(168.76129157805,-23.7839068356856,109.017914046309));
#2647=CARTESIAN_POINT('Ctrl Pts',(169.901298890409,-23.8144887788856,108.79105052106));
#2648=CARTESIAN_POINT('Ctrl Pts',(170.291834873544,-23.8148084093464,108.788745073443));
#2649=CARTESIAN_POINT('Ctrl Pts',(171.061213816262,-23.7951387190002,108.934418684963));
#2650=CARTESIAN_POINT('Ctrl Pts',(171.43134100867,-23.7749194798192,109.084093659324));
#2651=CARTESIAN_POINT('Ctrl Pts',(172.092714194272,-23.7167158202425,109.517783343326));
#2652=CARTESIAN_POINT('Ctrl Pts',(172.376848491548,-23.6792270438839,109.798036253791));
#2653=CARTESIAN_POINT('Ctrl Pts',(172.78405086985,-23.6000947378473,110.398735317839));
#2654=CARTESIAN_POINT('Ctrl Pts',(172.92280667077,-23.5606064633043,110.701729081833));
#2655=CARTESIAN_POINT('Ctrl Pts',(173.077242367006,-23.487716897755,111.273417219898));
#2656=CARTESIAN_POINT('Ctrl Pts',(173.11194447419,-23.4550728029686,111.533756870458));
#2657=CARTESIAN_POINT('Ctrl Pts',(173.112573981084,-23.3924417082786,112.045180959903));
#2658=CARTESIAN_POINT('Ctrl Pts',(173.081495394384,-23.3626428654061,112.294268499067));
#2659=CARTESIAN_POINT('Ctrl Pts',(172.947423888418,-23.3014030955894,112.820490497587));
#2660=CARTESIAN_POINT('Ctrl Pts',(172.833358419144,-23.2708900486956,113.092659556896));
#2661=CARTESIAN_POINT('Ctrl Pts',(172.387440952195,-23.1906510712522,113.833312504419));
#2662=CARTESIAN_POINT('Ctrl Pts',(171.507827467548,-23.1125872195854,114.638596764016));
#2663=CARTESIAN_POINT('Ctrl Pts',(170.3290090545,-23.095841944014,114.841665920704));
#2664=CARTESIAN_POINT('Ctrl Pts',(168.841150362355,-23.1113614038072,114.665801798775));
#2665=CARTESIAN_POINT('Ctrl Pts',(167.998129575128,-23.1603564059783,114.112853994057));
#2666=CARTESIAN_POINT('Ctrl Pts',(167.53108025063,-23.2456193738315,113.326317665399));
#2667=CARTESIAN_POINT('Ctrl Pts',(152.511458359849,-24.9434466318695,99.301864602531));
#2668=CARTESIAN_POINT('Ctrl Pts',(155.632193692909,-21.8227112988103,115.968531269198));
#2669=CARTESIAN_POINT('Ctrl Pts',(158.752929025969,-18.7019759657511,132.635197935864));
#2670=CARTESIAN_POINT('Ctrl Pts',(161.873664359028,-15.5812406326919,149.301864602531));
#2671=CARTESIAN_POINT('Ctrl Pts',(156.100257781,-24.9434466318695,99.301864602531));
#2672=CARTESIAN_POINT('Ctrl Pts',(158.46386908229,-22.2640559435441,115.968531269198));
#2673=CARTESIAN_POINT('Ctrl Pts',(160.829334116684,-19.5799123799634,132.635197935864));
#2674=CARTESIAN_POINT('Ctrl Pts',(163.192945417974,-16.900521691638,149.301864602531));
#2675=CARTESIAN_POINT('Ctrl Pts',(161.483456912727,-24.9434466318695,99.3018646025311));
#2676=CARTESIAN_POINT('Ctrl Pts',(162.874078434765,-22.7586855007559,115.968531269198));
#2677=CARTESIAN_POINT('Ctrl Pts',(164.26473236709,-20.5750162940604,132.635197935864));
#2678=CARTESIAN_POINT('Ctrl Pts',(165.655353889128,-18.3902551629468,149.301864602531));
#2679=CARTESIAN_POINT('Ctrl Pts',(170.455455465604,-24.9434466318695,99.301864602531));
#2680=CARTESIAN_POINT('Ctrl Pts',(170.395326808304,-23.0480654764044,115.968531269198));
#2681=CARTESIAN_POINT('Ctrl Pts',(170.334931592661,-21.1506783906034,132.635197935864));
#2682=CARTESIAN_POINT('Ctrl Pts',(170.274802935361,-19.2552972351383,149.301864602531));
#2683=CARTESIAN_POINT('Ctrl Pts',(179.427454018482,-24.9434466318695,99.301864602531));
#2684=CARTESIAN_POINT('Ctrl Pts',(177.951503766162,-22.7693591106619,115.968531269198));
#2685=CARTESIAN_POINT('Ctrl Pts',(176.475775330414,-20.5939307986324,132.635197935864));
#2686=CARTESIAN_POINT('Ctrl Pts',(174.999825078093,-18.4198432774248,149.301864602531));
#2687=CARTESIAN_POINT('Ctrl Pts',(186.605052860784,-24.9434466318695,99.301864602531));
#2688=CARTESIAN_POINT('Ctrl Pts',(183.752288356606,-21.987935926769,115.968531269198));
#2689=CARTESIAN_POINT('Ctrl Pts',(180.896865134094,-19.0326101603996,132.635197935864));
#2690=CARTESIAN_POINT('Ctrl Pts',(178.044100629915,-16.0770994552991,149.301864602531));
#2691=CARTESIAN_POINT('Ctrl Pts',(190.193852281935,-24.9434466318695,99.301864602531));
#2692=CARTESIAN_POINT('Ctrl Pts',(186.5323843572,-21.5023171398218,115.968531269198));
#2693=CARTESIAN_POINT('Ctrl Pts',(182.870916432465,-18.0611876477741,132.635197935864));
#2694=CARTESIAN_POINT('Ctrl Pts',(179.20944850773,-14.6200581557264,149.301864602531));
#2695=CARTESIAN_POINT('',(152.511458359849,-24.9434466318695,99.301864602531));
#2696=CARTESIAN_POINT('',(187.711458359857,-24.9434466318695,99.301864602531));
#2697=CARTESIAN_POINT('',(161.873664359028,-15.5812406326919,149.301864602531));
#2698=CARTESIAN_POINT('Origin',(170.111458359853,-7.34344663186949,149.301864602531));
#2699=CARTESIAN_POINT('',(152.511458359849,-24.9434466318695,99.301864602531));
#2700=CARTESIAN_POINT('',(167.426457221333,-20.1587686044363,138.116175027981));
#2701=CARTESIAN_POINT('Ctrl Pts',(167.426457221333,-20.1587686044363,138.116175027981));
#2702=CARTESIAN_POINT('Ctrl Pts',(167.32097064464,-20.1732471294677,137.901516199071));
#2703=CARTESIAN_POINT('Ctrl Pts',(167.241561662258,-20.1921367736665,137.675548248694));
#2704=CARTESIAN_POINT('Ctrl Pts',(167.149234166619,-20.2337090475475,137.262706370728));
#2705=CARTESIAN_POINT('Ctrl Pts',(167.125653951751,-20.2544919489865,137.079270990086));
#2706=CARTESIAN_POINT('Ctrl Pts',(167.112216524307,-20.3011084610835,136.707326618109));
#2707=CARTESIAN_POINT('Ctrl Pts',(167.12313225785,-20.3269323971963,136.519612456002));
#2708=CARTESIAN_POINT('Ctrl Pts',(167.189411458735,-20.3911406546078,136.086902929681));
#2709=CARTESIAN_POINT('Ctrl Pts',(167.258313668198,-20.4305829512222,135.845588636705));
#2710=CARTESIAN_POINT('Ctrl Pts',(167.512600855259,-20.5345498662675,135.251111166006));
#2711=CARTESIAN_POINT('Ctrl Pts',(167.740469072073,-20.5991648478784,134.920915859305));
#2712=CARTESIAN_POINT('Ctrl Pts',(168.285957090094,-20.7068912569742,134.396798239397));
#2713=CARTESIAN_POINT('Ctrl Pts',(168.587734295696,-20.7506231087452,134.196268789125));
#2714=CARTESIAN_POINT('Ctrl Pts',(169.262816464843,-20.8148098812297,133.906420879299));
#2715=CARTESIAN_POINT('Ctrl Pts',(169.631707605542,-20.8337801716901,133.82368609451));
#2716=CARTESIAN_POINT('Ctrl Pts',(170.398269694151,-20.8398023709957,133.797234662312));
#2717=CARTESIAN_POINT('Ctrl Pts',(170.787791634189,-20.8253940553134,133.859774866774));
#2718=CARTESIAN_POINT('Ctrl Pts',(171.524418667408,-20.7651023794428,134.130245336116));
#2719=CARTESIAN_POINT('Ctrl Pts',(171.862763635001,-20.7194655303736,134.337427781466));
#2720=CARTESIAN_POINT('Ctrl Pts',(172.442265954628,-20.6090546842078,134.871478856869));
#2721=CARTESIAN_POINT('Ctrl Pts',(172.676266050299,-20.5451591991007,135.195339554635));
#2722=CARTESIAN_POINT('Ctrl Pts',(172.946385077647,-20.4400183272173,135.789425783327));
#2723=CARTESIAN_POINT('Ctrl Pts',(173.022053994718,-20.3990641880629,136.036920039057));
#2724=CARTESIAN_POINT('Ctrl Pts',(173.096297306245,-20.3328258487257,136.478324656878));
#2725=CARTESIAN_POINT('Ctrl Pts',(173.109908782684,-20.3064166622865,136.667984705234));
#2726=CARTESIAN_POINT('Ctrl Pts',(173.101090579465,-20.2590960926901,137.040800900079));
#2727=CARTESIAN_POINT('Ctrl Pts',(173.080078280962,-20.2381141366837,137.223151894367));
#2728=CARTESIAN_POINT('Ctrl Pts',(172.99504921964,-20.1964193270235,137.629577070234));
#2729=CARTESIAN_POINT('Ctrl Pts',(172.92153476619,-20.177399577082,137.850674636905));
#2730=CARTESIAN_POINT('Ctrl Pts',(172.655869930965,-20.1373672725944,138.4200164267));
#2731=CARTESIAN_POINT('Ctrl Pts',(172.419549117846,-20.1249373556444,138.742888761642));
#2732=CARTESIAN_POINT('Ctrl Pts',(171.866859305912,-20.1159102291687,139.248995085958));
#2733=CARTESIAN_POINT('Ctrl Pts',(171.566666997672,-20.1174039198969,139.439464509296));
#2734=CARTESIAN_POINT('Ctrl Pts',(170.894497142136,-20.1220042222708,139.714740869178));
#2735=CARTESIAN_POINT('Ctrl Pts',(170.525211856085,-20.1246212615133,139.789669182703));
#2736=CARTESIAN_POINT('Ctrl Pts',(169.361404037283,-20.1255835329675,139.806591117984));
#2737=CARTESIAN_POINT('Ctrl Pts',(168.576436958262,-20.1095652166242,139.489327514088));
#2738=CARTESIAN_POINT('Ctrl Pts',(167.773673617198,-20.1269464273278,138.694458964335));
#2739=CARTESIAN_POINT('Ctrl Pts',(167.575104098126,-20.1383661267565,138.418662467559));
#2740=CARTESIAN_POINT('Ctrl Pts',(167.426457221333,-20.1587686044363,138.116175027981));
#2741=CARTESIAN_POINT('Origin',(170.111458359852,-14.9934466318695,111.801864602531));
#2742=CARTESIAN_POINT('',(168.111458359852,-14.7273818970244,111.801864602531));
#2743=CARTESIAN_POINT('Ctrl Pts',(168.111458359852,-14.7273818970244,111.801864602531));
#2744=CARTESIAN_POINT('Ctrl Pts',(168.111458359852,-14.7273818970244,111.549450159775));
#2745=CARTESIAN_POINT('Ctrl Pts',(168.162144526517,-14.741674372081,111.281060921177));
#2746=CARTESIAN_POINT('Ctrl Pts',(168.366604470648,-14.7925460867375,110.788678441106));
#2747=CARTESIAN_POINT('Ctrl Pts',(168.520319062679,-14.828310429713,110.564576774958));
#2748=CARTESIAN_POINT('Ctrl Pts',(168.87414077761,-14.8948666728672,110.210755060028));
#2749=CARTESIAN_POINT('Ctrl Pts',(169.098254772636,-14.9300898286008,110.057017300446));
#2750=CARTESIAN_POINT('Ctrl Pts',(169.590681197856,-14.9797106167853,109.852540406019));
#2751=CARTESIAN_POINT('Ctrl Pts',(169.859086367158,-14.9934466318695,109.801864602531));
#2752=CARTESIAN_POINT('Ctrl Pts',(170.363830352547,-14.9934466318695,109.801864602531));
#2753=CARTESIAN_POINT('Ctrl Pts',(170.632235521849,-14.9797106167854,109.852540406019));
#2754=CARTESIAN_POINT('Ctrl Pts',(171.124661947069,-14.9300898286008,110.057017300446));
#2755=CARTESIAN_POINT('Ctrl Pts',(171.348775942095,-14.8948666728674,110.210755060028));
#2756=CARTESIAN_POINT('Ctrl Pts',(171.702597657025,-14.8283104297132,110.564576774958));
#2757=CARTESIAN_POINT('Ctrl Pts',(171.856312249056,-14.7925460867377,110.788678441106));
#2758=CARTESIAN_POINT('Ctrl Pts',(172.060772193188,-14.7416743720811,111.281060921177));
#2759=CARTESIAN_POINT('Ctrl Pts',(172.111458359852,-14.7273818970246,111.549450159775));
#2760=CARTESIAN_POINT('Ctrl Pts',(172.111458359852,-14.7273818970246,112.054279045287));
#2761=CARTESIAN_POINT('Ctrl Pts',(172.060772193188,-14.7416743720811,112.322668283885));
#2762=CARTESIAN_POINT('Ctrl Pts',(171.856312249056,-14.7925460867377,112.815050763956));
#2763=CARTESIAN_POINT('Ctrl Pts',(171.702597657025,-14.8283104297132,113.039152430104));
#2764=CARTESIAN_POINT('Ctrl Pts',(171.348775942095,-14.8948666728674,113.392974145034));
#2765=CARTESIAN_POINT('Ctrl Pts',(171.124661947069,-14.9300898286008,113.546711904616));
#2766=CARTESIAN_POINT('Ctrl Pts',(170.632235521849,-14.9797106167854,113.751188799043));
#2767=CARTESIAN_POINT('Ctrl Pts',(170.363830352547,-14.9934466318695,113.801864602531));
#2768=CARTESIAN_POINT('Ctrl Pts',(169.859086367158,-14.9934466318695,113.801864602531));
#2769=CARTESIAN_POINT('Ctrl Pts',(169.590681197856,-14.9797106167853,113.751188799043));
#2770=CARTESIAN_POINT('Ctrl Pts',(169.098254772636,-14.9300898286008,113.546711904616));
#2771=CARTESIAN_POINT('Ctrl Pts',(168.87414077761,-14.8948666728673,113.392974145034));
#2772=CARTESIAN_POINT('Ctrl Pts',(168.520319062679,-14.828310429713,113.039152430104));
#2773=CARTESIAN_POINT('Ctrl Pts',(168.366604470648,-14.7925460867375,112.815050763956));
#2774=CARTESIAN_POINT('Ctrl Pts',(168.162144526517,-14.741674372081,112.322668283885));
#2775=CARTESIAN_POINT('Ctrl Pts',(168.111458359852,-14.7273818970244,112.054279045287));
#2776=CARTESIAN_POINT('Ctrl Pts',(168.111458359852,-14.7273818970244,111.801864602531));
#2777=CARTESIAN_POINT('',(168.111458359852,-14.9934466318695,111.801864602531));
#2778=CARTESIAN_POINT('Ctrl Pts',(167.426457221333,-20.1587686044363,138.116175027981));
#2779=CARTESIAN_POINT('Ctrl Pts',(167.575104098126,-20.1383661267565,138.418662467559));
#2780=CARTESIAN_POINT('Ctrl Pts',(167.773673617198,-20.1269464273278,138.694458964335));
#2781=CARTESIAN_POINT('Ctrl Pts',(168.576436958262,-20.1095652166242,139.489327514088));
#2782=CARTESIAN_POINT('Ctrl Pts',(169.361404037283,-20.1255835329675,139.806591117984));
#2783=CARTESIAN_POINT('Ctrl Pts',(170.525211856085,-20.1246212615133,139.789669182703));
#2784=CARTESIAN_POINT('Ctrl Pts',(170.894497142136,-20.1220042222708,139.714740869178));
#2785=CARTESIAN_POINT('Ctrl Pts',(171.566666997672,-20.1174039198969,139.439464509296));
#2786=CARTESIAN_POINT('Ctrl Pts',(171.866859305912,-20.1159102291687,139.248995085958));
#2787=CARTESIAN_POINT('Ctrl Pts',(172.419549117846,-20.1249373556444,138.742888761642));
#2788=CARTESIAN_POINT('Ctrl Pts',(172.655869930965,-20.1373672725944,138.4200164267));
#2789=CARTESIAN_POINT('Ctrl Pts',(172.92153476619,-20.177399577082,137.850674636905));
#2790=CARTESIAN_POINT('Ctrl Pts',(172.99504921964,-20.1964193270235,137.629577070234));
#2791=CARTESIAN_POINT('Ctrl Pts',(173.080078280962,-20.2381141366837,137.223151894367));
#2792=CARTESIAN_POINT('Ctrl Pts',(173.101090579465,-20.2590960926901,137.040800900079));
#2793=CARTESIAN_POINT('Ctrl Pts',(173.109908782684,-20.3064166622865,136.667984705234));
#2794=CARTESIAN_POINT('Ctrl Pts',(173.096297306245,-20.3328258487257,136.478324656878));
#2795=CARTESIAN_POINT('Ctrl Pts',(173.022053994718,-20.3990641880629,136.036920039057));
#2796=CARTESIAN_POINT('Ctrl Pts',(172.946385077647,-20.4400183272173,135.789425783327));
#2797=CARTESIAN_POINT('Ctrl Pts',(172.676266050299,-20.5451591991007,135.195339554635));
#2798=CARTESIAN_POINT('Ctrl Pts',(172.442265954628,-20.6090546842078,134.871478856869));
#2799=CARTESIAN_POINT('Ctrl Pts',(171.862763635001,-20.7194655303736,134.337427781466));
#2800=CARTESIAN_POINT('Ctrl Pts',(171.524418667408,-20.7651023794428,134.130245336116));
#2801=CARTESIAN_POINT('Ctrl Pts',(170.787791634189,-20.8253940553134,133.859774866774));
#2802=CARTESIAN_POINT('Ctrl Pts',(170.398269694151,-20.8398023709957,133.797234662312));
#2803=CARTESIAN_POINT('Ctrl Pts',(169.631707605542,-20.8337801716901,133.82368609451));
#2804=CARTESIAN_POINT('Ctrl Pts',(169.262816464843,-20.8148098812297,133.906420879299));
#2805=CARTESIAN_POINT('Ctrl Pts',(168.587734295696,-20.7506231087452,134.196268789125));
#2806=CARTESIAN_POINT('Ctrl Pts',(168.285957090094,-20.7068912569742,134.396798239397));
#2807=CARTESIAN_POINT('Ctrl Pts',(167.740469072073,-20.5991648478784,134.920915859305));
#2808=CARTESIAN_POINT('Ctrl Pts',(167.512600855259,-20.5345498662675,135.251111166006));
#2809=CARTESIAN_POINT('Ctrl Pts',(167.258313668198,-20.4305829512222,135.845588636705));
#2810=CARTESIAN_POINT('Ctrl Pts',(167.189411458735,-20.3911406546078,136.086902929681));
#2811=CARTESIAN_POINT('Ctrl Pts',(167.12313225785,-20.3269323971963,136.519612456002));
#2812=CARTESIAN_POINT('Ctrl Pts',(167.112216524307,-20.3011084610835,136.707326618109));
#2813=CARTESIAN_POINT('Ctrl Pts',(167.125653951751,-20.2544919489865,137.079270990086));
#2814=CARTESIAN_POINT('Ctrl Pts',(167.149234166619,-20.2337090475475,137.262706370728));
#2815=CARTESIAN_POINT('Ctrl Pts',(167.241561662258,-20.1921367736665,137.675548248694));
#2816=CARTESIAN_POINT('Ctrl Pts',(167.32097064464,-20.1732471294677,137.901516199071));
#2817=CARTESIAN_POINT('Ctrl Pts',(167.426457221333,-20.1587686044363,138.116175027981));
#2818=CARTESIAN_POINT('Ctrl Pts',(167.713158241172,-19.8746278432382,137.950865125836));
#2819=CARTESIAN_POINT('Ctrl Pts',(167.844782258178,-19.8550841960291,138.224695331888));
#2820=CARTESIAN_POINT('Ctrl Pts',(168.02180115877,-19.8432322869829,138.474316557609));
#2821=CARTESIAN_POINT('Ctrl Pts',(168.741219082846,-19.8213676814625,139.191624101954));
#2822=CARTESIAN_POINT('Ctrl Pts',(169.442953121116,-19.8312352065171,139.474099404213));
#2823=CARTESIAN_POINT('Ctrl Pts',(170.480425720118,-19.8308314574601,139.459354805118));
#2824=CARTESIAN_POINT('Ctrl Pts',(170.810038058301,-19.8293382145826,139.392343093586));
#2825=CARTESIAN_POINT('Ctrl Pts',(171.410719969518,-19.82834404338,139.145783656333));
#2826=CARTESIAN_POINT('Ctrl Pts',(171.679602280715,-19.8289110888918,138.974609255212));
#2827=CARTESIAN_POINT('Ctrl Pts',(172.17441831527,-19.8411237639114,138.518184208916));
#2828=CARTESIAN_POINT('Ctrl Pts',(172.385712612729,-19.8542966101083,138.22596770826));
#2829=CARTESIAN_POINT('Ctrl Pts',(172.62025680816,-19.8923526524132,137.710521358478));
#2830=CARTESIAN_POINT('Ctrl Pts',(172.684257914117,-19.9099727862566,137.510410944393));
#2831=CARTESIAN_POINT('Ctrl Pts',(172.755973694911,-19.9478490398321,137.143261447657));
#2832=CARTESIAN_POINT('Ctrl Pts',(172.772465845605,-19.9667004853426,136.978810371572));
#2833=CARTESIAN_POINT('Ctrl Pts',(172.775088817063,-20.0088266840397,136.643485548065));
#2834=CARTESIAN_POINT('Ctrl Pts',(172.759966492437,-20.0321512910115,136.473411399919));
#2835=CARTESIAN_POINT('Ctrl Pts',(172.686510059904,-20.0902686632569,136.079066535813));
#2836=CARTESIAN_POINT('Ctrl Pts',(172.614802133055,-20.1259109571011,135.859237232837));
#2837=CARTESIAN_POINT('Ctrl Pts',(172.364884164047,-20.2168231796487,135.334784408773));
#2838=CARTESIAN_POINT('Ctrl Pts',(172.152727851995,-20.271517220109,135.052227838265));
#2839=CARTESIAN_POINT('Ctrl Pts',(171.636752974811,-20.365393383746,134.590308811897));
#2840=CARTESIAN_POINT('Ctrl Pts',(171.339292455953,-20.403887919959,134.41318891162));
#2841=CARTESIAN_POINT('Ctrl Pts',(170.697196808328,-20.454588534014,134.182878443306));
#2842=CARTESIAN_POINT('Ctrl Pts',(170.35988451304,-20.4666433757283,134.130036705114));
#2843=CARTESIAN_POINT('Ctrl Pts',(169.695948535386,-20.4615989920573,134.152437009952));
#2844=CARTESIAN_POINT('Ctrl Pts',(169.376044031519,-20.4457088364621,134.222443530143));
#2845=CARTESIAN_POINT('Ctrl Pts',(168.786364521185,-20.3916724749256,134.469652892729));
#2846=CARTESIAN_POINT('Ctrl Pts',(168.520444183154,-20.3547296049803,134.641457384106));
#2847=CARTESIAN_POINT('Ctrl Pts',(168.034042880613,-20.2630659270125,135.095242483866));
#2848=CARTESIAN_POINT('Ctrl Pts',(167.826977049099,-20.2077043021505,135.383670326511));
#2849=CARTESIAN_POINT('Ctrl Pts',(167.59096679467,-20.1177052738374,135.909058598658));
#2850=CARTESIAN_POINT('Ctrl Pts',(167.525390229719,-20.0833424852779,136.123586194044));
#2851=CARTESIAN_POINT('Ctrl Pts',(167.459223740687,-20.0269511999996,136.510389915642));
#2852=CARTESIAN_POINT('Ctrl Pts',(167.446570051123,-20.0041199878233,136.678801494194));
#2853=CARTESIAN_POINT('Ctrl Pts',(167.453411690584,-19.9625725471927,137.013461674199));
#2854=CARTESIAN_POINT('Ctrl Pts',(167.472231994318,-19.9438736263435,137.178947466627));
#2855=CARTESIAN_POINT('Ctrl Pts',(167.550539740866,-19.906033260066,137.551969834517));
#2856=CARTESIAN_POINT('Ctrl Pts',(167.619856942606,-19.8884777154637,137.756541538605));
#2857=CARTESIAN_POINT('Ctrl Pts',(167.713158241172,-19.8746278432382,137.950865125836));
#2858=CARTESIAN_POINT('Ctrl Pts',(167.999859261011,-19.5904870820402,137.785555223691));
#2859=CARTESIAN_POINT('Ctrl Pts',(168.113985287254,-19.5718962602593,138.030741729978));
#2860=CARTESIAN_POINT('Ctrl Pts',(168.270504651134,-19.559399761074,138.254112547604));
#2861=CARTESIAN_POINT('Ctrl Pts',(168.904582361097,-19.5334610064391,138.894036149093));
#2862=CARTESIAN_POINT('Ctrl Pts',(169.52377193554,-19.5373085977303,139.14221331362));
#2863=CARTESIAN_POINT('Ctrl Pts',(170.435597736879,-19.5368138364805,139.128567486414));
#2864=CARTESIAN_POINT('Ctrl Pts',(170.725218027261,-19.536763106903,139.070004210098));
#2865=CARTESIAN_POINT('Ctrl Pts',(171.254645253945,-19.5391515997438,138.851806981721));
#2866=CARTESIAN_POINT('Ctrl Pts',(171.492141170734,-19.5419281261907,138.700167881189));
#2867=CARTESIAN_POINT('Ctrl Pts',(171.929111047108,-19.5572288591786,138.293290463984));
#2868=CARTESIAN_POINT('Ctrl Pts',(172.115382015111,-19.5711946427452,138.031772921087));
#2869=CARTESIAN_POINT('Ctrl Pts',(172.318852604212,-19.6072806156916,137.570298957893));
#2870=CARTESIAN_POINT('Ctrl Pts',(172.373321358767,-19.6234964857477,137.391134910377));
#2871=CARTESIAN_POINT('Ctrl Pts',(172.4317532229,-19.6575623948577,137.063300337573));
#2872=CARTESIAN_POINT('Ctrl Pts',(172.443709527876,-19.6742801951111,136.916723890656));
#2873=CARTESIAN_POINT('Ctrl Pts',(172.440160486249,-19.7112140661392,136.618920811235));
#2874=CARTESIAN_POINT('Ctrl Pts',(172.423503131508,-19.7314552874425,136.468400310647));
#2875=CARTESIAN_POINT('Ctrl Pts',(172.350883936651,-19.7814496077095,136.121170952666));
#2876=CARTESIAN_POINT('Ctrl Pts',(172.283066208221,-19.8117823193937,135.928952106044));
#2877=CARTESIAN_POINT('Ctrl Pts',(172.053490237954,-19.8884684582193,135.47421383395));
#2878=CARTESIAN_POINT('Ctrl Pts',(171.863084413769,-19.93394805254,135.232978000022));
#2879=CARTESIAN_POINT('Ctrl Pts',(171.41070421207,-20.0113216853125,134.843090112536));
#2880=CARTESIAN_POINT('Ctrl Pts',(171.154162256741,-20.0426475208874,134.696148975012));
#2881=CARTESIAN_POINT('Ctrl Pts',(170.606495987477,-20.0837864510242,134.505884521359));
#2882=CARTESIAN_POINT('Ctrl Pts',(170.321536633235,-20.0934805879323,134.462788645603));
#2883=CARTESIAN_POINT('Ctrl Pts',(169.760063172791,-20.0894055167359,134.481172820049));
#2884=CARTESIAN_POINT('Ctrl Pts',(169.489266785932,-20.0766167412697,134.538378368904));
#2885=CARTESIAN_POINT('Ctrl Pts',(168.984922069863,-20.032699930677,134.743080679855));
#2886=CARTESIAN_POINT('Ctrl Pts',(168.754886800905,-20.0025736382708,134.886055139083));
#2887=CARTESIAN_POINT('Ctrl Pts',(168.327602030526,-19.9269480647463,135.269615142344));
#2888=CARTESIAN_POINT('Ctrl Pts',(168.141267540226,-19.8808522380932,135.516275795275));
#2889=CARTESIAN_POINT('Ctrl Pts',(167.923650680408,-19.8048244081986,135.972492759428));
#2890=CARTESIAN_POINT('Ctrl Pts',(167.861339739617,-19.7755382580837,136.160293758424));
#2891=CARTESIAN_POINT('Ctrl Pts',(167.795324828078,-19.7269683701917,136.501142986593));
#2892=CARTESIAN_POINT('Ctrl Pts',(167.780913881918,-19.707128081447,136.65028205191));
#2893=CARTESIAN_POINT('Ctrl Pts',(167.781173614826,-19.6706506572687,136.947639222155));
#2894=CARTESIAN_POINT('Ctrl Pts',(167.795227667166,-19.6540357492732,137.095188847828));
#2895=CARTESIAN_POINT('Ctrl Pts',(167.859521005957,-19.6199276435148,137.428383579274));
#2896=CARTESIAN_POINT('Ctrl Pts',(167.918765164641,-19.6036991614315,137.611560973293));
#2897=CARTESIAN_POINT('Ctrl Pts',(167.999859261011,-19.5904870820402,137.785555223691));
#2898=CARTESIAN_POINT('Ctrl Pts',(168.286560280851,-19.3063463208421,137.620245321547));
#2899=CARTESIAN_POINT('Ctrl Pts',(168.383663447306,-19.2886143295319,137.836774594307));
#2900=CARTESIAN_POINT('Ctrl Pts',(168.518632192706,-19.2756856207291,138.033970140878));
#2901=CARTESIAN_POINT('Ctrl Pts',(169.069364485682,-19.2452634712774,138.596332736959));
#2902=CARTESIAN_POINT('Ctrl Pts',(169.605321019373,-19.2429602712799,138.809721599849));
#2903=CARTESIAN_POINT('Ctrl Pts',(170.390811600912,-19.2430240324273,138.798253108829));
#2904=CARTESIAN_POINT('Ctrl Pts',(170.640758943426,-19.2440970992147,138.747606434506));
#2905=CARTESIAN_POINT('Ctrl Pts',(171.098698225791,-19.2500917232269,138.558126128758));
#2906=CARTESIAN_POINT('Ctrl Pts',(171.304884145537,-19.2549289859138,138.425782050444));
#2907=CARTESIAN_POINT('Ctrl Pts',(171.683980244532,-19.2734152674455,138.068585911258));
#2908=CARTESIAN_POINT('Ctrl Pts',(171.845224696875,-19.2881239802591,137.837724202647));
#2909=CARTESIAN_POINT('Ctrl Pts',(172.017574646182,-19.3222336910228,137.430145679466));
#2910=CARTESIAN_POINT('Ctrl Pts',(172.062530053244,-19.3370499449808,137.271968784537));
#2911=CARTESIAN_POINT('Ctrl Pts',(172.107648636849,-19.367297298006,136.983409890863));
#2912=CARTESIAN_POINT('Ctrl Pts',(172.115084794016,-19.3818845877635,136.85473336215));
#2913=CARTESIAN_POINT('Ctrl Pts',(172.105340520628,-19.4136240878924,136.594421654066));
#2914=CARTESIAN_POINT('Ctrl Pts',(172.0871723177,-19.4307807297283,136.463487053689));
#2915=CARTESIAN_POINT('Ctrl Pts',(172.015340001836,-19.4726540829035,136.163317449422));
#2916=CARTESIAN_POINT('Ctrl Pts',(171.95148326363,-19.4976749492775,135.998763555553));
#2917=CARTESIAN_POINT('Ctrl Pts',(171.742108351702,-19.5601324387673,135.613658688088));
#2918=CARTESIAN_POINT('Ctrl Pts',(171.573546311136,-19.5964105884413,135.413726981419));
#2919=CARTESIAN_POINT('Ctrl Pts',(171.18469355188,-19.6572495386849,135.095971142967));
#2920=CARTESIAN_POINT('Ctrl Pts',(170.969036045287,-19.6814330614035,134.979092550516));
#2921=CARTESIAN_POINT('Ctrl Pts',(170.515901161617,-19.7129809297248,134.828988097891));
#2922=CARTESIAN_POINT('Ctrl Pts',(170.283151452123,-19.7203215926649,134.795590688406));
#2923=CARTESIAN_POINT('Ctrl Pts',(169.824304102635,-19.7172243371031,134.809923735492));
#2924=CARTESIAN_POINT('Ctrl Pts',(169.602494352608,-19.7075156965021,134.854401019749));
#2925=CARTESIAN_POINT('Ctrl Pts',(169.183552295352,-19.6737492968574,135.016464783459));
#2926=CARTESIAN_POINT('Ctrl Pts',(168.989373893964,-19.6504119862769,135.130714283791));
#2927=CARTESIAN_POINT('Ctrl Pts',(168.621175839065,-19.5908491438805,135.443941766905));
#2928=CARTESIAN_POINT('Ctrl Pts',(168.455643734065,-19.5540066739762,135.64883495578));
#2929=CARTESIAN_POINT('Ctrl Pts',(168.25630380688,-19.4919467308138,136.035962721381));
#2930=CARTESIAN_POINT('Ctrl Pts',(168.197318510602,-19.4677400887538,136.196977022786));
#2931=CARTESIAN_POINT('Ctrl Pts',(168.131416310915,-19.426987172995,136.491920446234));
#2932=CARTESIAN_POINT('Ctrl Pts',(168.115267408734,-19.4101396081868,136.621756927995));
#2933=CARTESIAN_POINT('Ctrl Pts',(168.108931353659,-19.378731255475,136.881829906268));
#2934=CARTESIAN_POINT('Ctrl Pts',(168.118225494865,-19.3642003280692,137.011429943726));
#2935=CARTESIAN_POINT('Ctrl Pts',(168.168499084564,-19.3338241299144,137.304805165096));
#2936=CARTESIAN_POINT('Ctrl Pts',(168.217651462607,-19.3189297474274,137.466586312827));
#2937=CARTESIAN_POINT('Ctrl Pts',(168.286560280851,-19.3063463208421,137.620245321547));
#2938=CARTESIAN_POINT('',(168.286560280851,-19.3063463208421,137.620245321547));
#2939=CARTESIAN_POINT('',(167.426457221333,-20.1587686044363,138.116175027981));
#2940=CARTESIAN_POINT('',(168.111473100596,-19.3884416165354,136.801865985953));
#2941=CARTESIAN_POINT('Ctrl Pts',(168.286560280851,-19.3063463208421,137.620245321547));
#2942=CARTESIAN_POINT('Ctrl Pts',(168.383663447306,-19.2886143295319,137.836774594307));
#2943=CARTESIAN_POINT('Ctrl Pts',(168.518632192706,-19.2756856207291,138.033970140878));
#2944=CARTESIAN_POINT('Ctrl Pts',(169.069364485682,-19.2452634712774,138.596332736959));
#2945=CARTESIAN_POINT('Ctrl Pts',(169.605321019373,-19.2429602712799,138.809721599849));
#2946=CARTESIAN_POINT('Ctrl Pts',(170.390811600912,-19.2430240324273,138.798253108829));
#2947=CARTESIAN_POINT('Ctrl Pts',(170.640758943426,-19.2440970992147,138.747606434506));
#2948=CARTESIAN_POINT('Ctrl Pts',(171.098698225791,-19.2500917232269,138.558126128758));
#2949=CARTESIAN_POINT('Ctrl Pts',(171.304884145537,-19.2549289859138,138.425782050444));
#2950=CARTESIAN_POINT('Ctrl Pts',(171.683980244532,-19.2734152674455,138.068585911258));
#2951=CARTESIAN_POINT('Ctrl Pts',(171.845224696875,-19.2881239802591,137.837724202647));
#2952=CARTESIAN_POINT('Ctrl Pts',(172.017574646182,-19.3222336910228,137.430145679466));
#2953=CARTESIAN_POINT('Ctrl Pts',(172.062530053244,-19.3370499449808,137.271968784537));
#2954=CARTESIAN_POINT('Ctrl Pts',(172.107648636849,-19.367297298006,136.983409890863));
#2955=CARTESIAN_POINT('Ctrl Pts',(172.115084794016,-19.3818845877635,136.85473336215));
#2956=CARTESIAN_POINT('Ctrl Pts',(172.105340520628,-19.4136240878924,136.594421654066));
#2957=CARTESIAN_POINT('Ctrl Pts',(172.0871723177,-19.4307807297283,136.463487053689));
#2958=CARTESIAN_POINT('Ctrl Pts',(172.015340001836,-19.4726540829035,136.163317449422));
#2959=CARTESIAN_POINT('Ctrl Pts',(171.95148326363,-19.4976749492775,135.998763555553));
#2960=CARTESIAN_POINT('Ctrl Pts',(171.742108351702,-19.5601324387673,135.613658688088));
#2961=CARTESIAN_POINT('Ctrl Pts',(171.573546311136,-19.5964105884413,135.413726981419));
#2962=CARTESIAN_POINT('Ctrl Pts',(171.18469355188,-19.6572495386849,135.095971142967));
#2963=CARTESIAN_POINT('Ctrl Pts',(170.969036045287,-19.6814330614035,134.979092550516));
#2964=CARTESIAN_POINT('Ctrl Pts',(170.515901161617,-19.7129809297248,134.828988097891));
#2965=CARTESIAN_POINT('Ctrl Pts',(170.283151452123,-19.7203215926649,134.795590688406));
#2966=CARTESIAN_POINT('Ctrl Pts',(169.824304102635,-19.7172243371031,134.809923735492));
#2967=CARTESIAN_POINT('Ctrl Pts',(169.602494352608,-19.7075156965021,134.854401019749));
#2968=CARTESIAN_POINT('Ctrl Pts',(169.183552295352,-19.6737492968574,135.016464783459));
#2969=CARTESIAN_POINT('Ctrl Pts',(168.989373893964,-19.6504119862769,135.130714283791));
#2970=CARTESIAN_POINT('Ctrl Pts',(168.621175839065,-19.5908491438805,135.443941766905));
#2971=CARTESIAN_POINT('Ctrl Pts',(168.455643734065,-19.5540066739762,135.64883495578));
#2972=CARTESIAN_POINT('Ctrl Pts',(168.25630380688,-19.4919467308138,136.035962721381));
#2973=CARTESIAN_POINT('Ctrl Pts',(168.197318510602,-19.4677400887538,136.196977022786));
#2974=CARTESIAN_POINT('Ctrl Pts',(168.131416310915,-19.426987172995,136.491920446234));
#2975=CARTESIAN_POINT('Ctrl Pts',(168.115267408734,-19.4101396081868,136.621756927995));
#2976=CARTESIAN_POINT('Ctrl Pts',(168.111670343491,-19.3923086561931,136.76940391964));
#2977=CARTESIAN_POINT('Ctrl Pts',(168.111472777883,-19.390366920631,136.785629565368));
#2978=CARTESIAN_POINT('Ctrl Pts',(168.111473100596,-19.3884416165354,136.801865985953));
#2979=CARTESIAN_POINT('Ctrl Pts',(168.111473100596,-19.3884416165354,136.801865985953));
#2980=CARTESIAN_POINT('Ctrl Pts',(168.111475338756,-19.3750887696172,136.914472840665));
#2981=CARTESIAN_POINT('Ctrl Pts',(168.120996092713,-19.3625262835113,137.027597970753));
#2982=CARTESIAN_POINT('Ctrl Pts',(168.168499084564,-19.3338241299144,137.304805165096));
#2983=CARTESIAN_POINT('Ctrl Pts',(168.217651462607,-19.3189297474274,137.466586312827));
#2984=CARTESIAN_POINT('Ctrl Pts',(168.286560280851,-19.3063463208421,137.620245321547));
#2985=CARTESIAN_POINT('Origin',(170.111458359852,-14.9934466318695,136.801864602531));
#2986=CARTESIAN_POINT('',(168.111458359852,-14.7273818970244,136.801864602531));
#2987=CARTESIAN_POINT('Ctrl Pts',(168.111458359852,-14.7273818970244,136.801864602531));
#2988=CARTESIAN_POINT('Ctrl Pts',(168.111458359852,-14.7273818970244,136.549450159775));
#2989=CARTESIAN_POINT('Ctrl Pts',(168.162144526517,-14.741674372081,136.281060921177));
#2990=CARTESIAN_POINT('Ctrl Pts',(168.366604470648,-14.7925460867375,135.788678441106));
#2991=CARTESIAN_POINT('Ctrl Pts',(168.520319062679,-14.828310429713,135.564576774958));
#2992=CARTESIAN_POINT('Ctrl Pts',(168.87414077761,-14.8948666728672,135.210755060028));
#2993=CARTESIAN_POINT('Ctrl Pts',(169.098254772636,-14.9300898286008,135.057017300446));
#2994=CARTESIAN_POINT('Ctrl Pts',(169.590681197856,-14.9797106167853,134.852540406019));
#2995=CARTESIAN_POINT('Ctrl Pts',(169.859086367158,-14.9934466318695,134.801864602531));
#2996=CARTESIAN_POINT('Ctrl Pts',(170.363830352547,-14.9934466318695,134.801864602531));
#2997=CARTESIAN_POINT('Ctrl Pts',(170.632235521849,-14.9797106167854,134.852540406019));
#2998=CARTESIAN_POINT('Ctrl Pts',(171.124661947069,-14.9300898286008,135.057017300446));
#2999=CARTESIAN_POINT('Ctrl Pts',(171.348775942095,-14.8948666728674,135.210755060028));
#3000=CARTESIAN_POINT('Ctrl Pts',(171.702597657025,-14.8283104297132,135.564576774958));
#3001=CARTESIAN_POINT('Ctrl Pts',(171.856312249056,-14.7925460867377,135.788678441106));
#3002=CARTESIAN_POINT('Ctrl Pts',(172.060772193188,-14.7416743720811,136.281060921177));
#3003=CARTESIAN_POINT('Ctrl Pts',(172.111458359852,-14.7273818970246,136.549450159775));
#3004=CARTESIAN_POINT('Ctrl Pts',(172.111458359852,-14.7273818970246,137.054279045287));
#3005=CARTESIAN_POINT('Ctrl Pts',(172.060772193188,-14.7416743720811,137.322668283885));
#3006=CARTESIAN_POINT('Ctrl Pts',(171.856312249056,-14.7925460867377,137.815050763956));
#3007=CARTESIAN_POINT('Ctrl Pts',(171.702597657025,-14.8283104297132,138.039152430104));
#3008=CARTESIAN_POINT('Ctrl Pts',(171.348775942095,-14.8948666728674,138.392974145034));
#3009=CARTESIAN_POINT('Ctrl Pts',(171.124661947069,-14.9300898286008,138.546711904616));
#3010=CARTESIAN_POINT('Ctrl Pts',(170.632235521849,-14.9797106167854,138.751188799043));
#3011=CARTESIAN_POINT('Ctrl Pts',(170.363830352547,-14.9934466318695,138.801864602531));
#3012=CARTESIAN_POINT('Ctrl Pts',(169.859086367158,-14.9934466318695,138.801864602531));
#3013=CARTESIAN_POINT('Ctrl Pts',(169.590681197856,-14.9797106167853,138.751188799043));
#3014=CARTESIAN_POINT('Ctrl Pts',(169.098254772636,-14.9300898286008,138.546711904616));
#3015=CARTESIAN_POINT('Ctrl Pts',(168.87414077761,-14.8948666728673,138.392974145034));
#3016=CARTESIAN_POINT('Ctrl Pts',(168.520319062679,-14.828310429713,138.039152430104));
#3017=CARTESIAN_POINT('Ctrl Pts',(168.366604470648,-14.7925460867375,137.815050763956));
#3018=CARTESIAN_POINT('Ctrl Pts',(168.162144526517,-14.741674372081,137.322668283885));
#3019=CARTESIAN_POINT('Ctrl Pts',(168.111458359852,-14.7273818970244,137.054279045287));
#3020=CARTESIAN_POINT('Ctrl Pts',(168.111458359852,-14.7273818970244,136.801864602531));
#3021=CARTESIAN_POINT('',(168.111458359852,-14.9934466318695,136.801864602531));
#3022=CARTESIAN_POINT('Ctrl Pts',(151.928071231279,24.5126697688958,99.301864602531));
#3023=CARTESIAN_POINT('Ctrl Pts',(157.325489326351,25.21033401465,99.301864602531));
#3024=CARTESIAN_POINT('Ctrl Pts',(166.377129148746,26.0125347785117,99.301864602531));
#3025=CARTESIAN_POINT('Ctrl Pts',(179.086300364355,25.6129704575395,99.301864602531));
#3026=CARTESIAN_POINT('Ctrl Pts',(186.29832088851,24.7887827618727,99.301864602531));
#3027=CARTESIAN_POINT('Ctrl Pts',(189.8935182886,24.3006684101483,99.301864602531));
#3028=CARTESIAN_POINT('Ctrl Pts',(152.217333005586,22.2748214853465,99.301864602531));
#3029=CARTESIAN_POINT('Ctrl Pts',(157.57412478926,22.872712012892,99.3016524547377));
#3030=CARTESIAN_POINT('Ctrl Pts',(166.458671166015,23.5618676822972,99.3015746572913));
#3031=CARTESIAN_POINT('Ctrl Pts',(178.897893792283,23.2184880287524,99.3016371364304));
#3032=CARTESIAN_POINT('Ctrl Pts',(186.018501469416,22.5113717833048,99.3017206411193));
#3033=CARTESIAN_POINT('Ctrl Pts',(189.593815374487,22.0932120347887,99.301864602531));
#3034=CARTESIAN_POINT('Ctrl Pts',(152.795775273879,17.7997537362961,100.186385767994));
#3035=CARTESIAN_POINT('Ctrl Pts',(158.07131834996,18.1977203771017,100.260822528124));
#3036=CARTESIAN_POINT('Ctrl Pts',(166.621884276802,18.6607803737107,100.343683709812));
#3037=CARTESIAN_POINT('Ctrl Pts',(178.520979457271,18.4298306080878,100.302740726847));
#3038=CARTESIAN_POINT('Ctrl Pts',(185.458931334962,17.9568834886863,100.215897948722));
#3039=CARTESIAN_POINT('Ctrl Pts',(188.994489384153,17.6788873286135,100.163690871079));
#3040=CARTESIAN_POINT('Ctrl Pts',(153.473535500848,12.5563213324894,103.652015752119));
#3041=CARTESIAN_POINT('Ctrl Pts',(158.644208415896,12.7951727725006,104.003615591929));
#3042=CARTESIAN_POINT('Ctrl Pts',(166.806088818465,13.0913647057699,104.388753211513));
#3043=CARTESIAN_POINT('Ctrl Pts',(178.092598044376,12.9427554244955,104.198726004728));
#3044=CARTESIAN_POINT('Ctrl Pts',(184.807480894765,12.6492638471355,103.792007824434));
#3045=CARTESIAN_POINT('Ctrl Pts',(188.28921045451,12.484168170625,103.544884220363));
#3046=CARTESIAN_POINT('Ctrl Pts',(153.916846648631,9.12668361584771,108.184768649353));
#3047=CARTESIAN_POINT('Ctrl Pts',(159.003417534908,9.38146002342964,108.861470798152));
#3048=CARTESIAN_POINT('Ctrl Pts',(166.915627410988,9.72191358654876,109.586922123904));
#3049=CARTESIAN_POINT('Ctrl Pts',(177.833212655502,9.55016657625591,109.229858572395));
#3050=CARTESIAN_POINT('Ctrl Pts',(184.388128821038,9.22383195212504,108.455418735086));
#3051=CARTESIAN_POINT('Ctrl Pts',(187.822998357488,9.05029143009804,107.978342801542));
#3052=CARTESIAN_POINT('Ctrl Pts',(154.072175370762,7.92499661437944,111.382827534263));
#3053=CARTESIAN_POINT('Ctrl Pts',(159.116454699376,8.28437695121887,112.256089149408));
#3054=CARTESIAN_POINT('Ctrl Pts',(166.945166053912,8.76397930717712,113.174576169646));
#3055=CARTESIAN_POINT('Ctrl Pts',(177.75924273241,8.52228652727522,112.723544456221));
#3056=CARTESIAN_POINT('Ctrl Pts',(184.246800332798,8.06187944927735,111.733367869301));
#3057=CARTESIAN_POINT('Ctrl Pts',(187.655584221798,7.81720565164094,111.116038612639));
#3058=CARTESIAN_POINT('Ctrl Pts',(154.118866522351,7.56377462543485,113.035517644458));
#3059=CARTESIAN_POINT('Ctrl Pts',(159.144654192119,7.99949203699129,113.998132953288));
#3060=CARTESIAN_POINT('Ctrl Pts',(166.950021961561,8.57554079871714,114.998958277262));
#3061=CARTESIAN_POINT('Ctrl Pts',(177.744642069798,8.28554573412409,114.508158373331));
#3062=CARTESIAN_POINT('Ctrl Pts',(184.20686180425,7.73010943492031,113.422813153366));
#3063=CARTESIAN_POINT('Ctrl Pts',(187.603427627374,7.43304720187337,112.741219390558));
#3064=CARTESIAN_POINT('',(187.711458359859,24.5873089672827,99.301864602531));
#3065=CARTESIAN_POINT('Ctrl Pts',(187.711397002429,24.58682289886,99.301864602531));
#3066=CARTESIAN_POINT('Ctrl Pts',(188.439222617308,24.4949479542072,99.301864602531));
#3067=CARTESIAN_POINT('Ctrl Pts',(189.166591480577,24.3993621307325,99.301864602531));
#3068=CARTESIAN_POINT('Ctrl Pts',(189.8935182886,24.3006684101483,99.301864602531));
#3069=CARTESIAN_POINT('',(152.511458359851,24.5873089672833,99.301864602531));
#3070=CARTESIAN_POINT('Ctrl Pts',(187.711397002429,24.58682289886,99.301864602531));
#3071=CARTESIAN_POINT('Ctrl Pts',(184.839579944275,24.9493383529427,99.301864602531));
#3072=CARTESIAN_POINT('Ctrl Pts',(178.352095714869,25.6360531572097,99.301864602531));
#3073=CARTESIAN_POINT('Ctrl Pts',(166.573330785926,26.0063663846327,99.301864602531));
#3074=CARTESIAN_POINT('Ctrl Pts',(157.716766352379,25.2445017757773,99.301864602531));
#3075=CARTESIAN_POINT('Ctrl Pts',(152.511470574612,24.5872122345009,99.301864602531));
#3076=CARTESIAN_POINT('Ctrl Pts',(152.511458359849,24.5873089672831,99.301864602531));
#3077=CARTESIAN_POINT('Ctrl Pts',(152.511458359849,22.3142581521407,99.301864602531));
#3078=CARTESIAN_POINT('Ctrl Pts',(152.646384869454,20.0665886964091,99.7386566654951));
#3079=CARTESIAN_POINT('Ctrl Pts',(153.028710995971,15.9929650567281,101.405599107754));
#3080=CARTESIAN_POINT('Ctrl Pts',(153.265512581679,14.1871918792494,102.573705375768));
#3081=CARTESIAN_POINT('Ctrl Pts',(153.766768971092,11.2592151990913,105.358828686298));
#3082=CARTESIAN_POINT('Ctrl Pts',(154.02345710702,10.1067504151448,106.898894294147));
#3083=CARTESIAN_POINT('Ctrl Pts',(154.553706288714,8.4838257481027,110.056710473837));
#3084=CARTESIAN_POINT('Ctrl Pts',(154.817333626184,7.95067810179628,111.616671959562));
#3085=CARTESIAN_POINT('Ctrl Pts',(155.118179312699,7.64983241528063,113.223374944639));
#3086=CARTESIAN_POINT('Origin',(170.111458359853,-7.34344663186949,146.396232761901));
#3087=CARTESIAN_POINT('',(177.773612157443,-7.34344663186949,146.535151304035));
#3088=CARTESIAN_POINT('Origin',(170.111458359853,-7.34344663186949,146.535151304035));
#3089=CARTESIAN_POINT('',(177.761458359853,-7.3434466318695,146.396232761901));
#3090=CARTESIAN_POINT('Origin',(178.561458359853,-7.3434466318695,146.396232761901));
#3091=CARTESIAN_POINT('Origin',(170.111458359853,-7.34344663186949,146.396232761901));
#3092=CARTESIAN_POINT('Origin',(170.111458359853,-7.34344663186949,147.884044147627));
#3093=CARTESIAN_POINT('',(178.261458359853,-7.34344663186949,149.301864602531));
#3094=CARTESIAN_POINT('Origin',(170.111458359853,-7.34344663186949,149.301864602531));
#3095=CARTESIAN_POINT('',(178.011458359853,-7.34344663186949,147.884044147627));
#3096=CARTESIAN_POINT('Origin',(170.111458359853,-7.34344663186949,149.301864602531));
#3097=CARTESIAN_POINT('',(177.761458359853,-7.34344663186949,99.3018646025311));
#3098=CARTESIAN_POINT('',(177.761458359853,-7.3434466318695,149.301864602531));
#3099=CARTESIAN_POINT('Origin',(170.111458359853,-7.34344663186949,99.3018646025311));
#3100=CARTESIAN_POINT('Origin',(170.111458359853,-7.34344663186949,149.301864602531));
#3101=CARTESIAN_POINT('Origin',(170.111458359853,-7.34344663186949,149.301864602531));
#3102=CARTESIAN_POINT('Origin',(170.111458359855,32.9565533680965,94.901864602531));
#3103=CARTESIAN_POINT('',(172.311458359855,32.9565533680965,95.301864602531));
#3104=CARTESIAN_POINT('Origin',(170.111458359855,32.9565533680965,95.301864602531));
#3105=CARTESIAN_POINT('',(171.911458359855,32.9565533680965,94.901864602531));
#3106=CARTESIAN_POINT('Origin',(172.311458359855,32.9565533680965,94.901864602531));
#3107=CARTESIAN_POINT('Origin',(170.111458359855,32.9565533680965,94.901864602531));
#3108=CARTESIAN_POINT('Origin',(170.111458359854,27.056553368093,95.301864602531));
#3109=CARTESIAN_POINT('',(152.511458359851,11.0565533681,95.301864602531));
#3110=CARTESIAN_POINT('',(161.311458359851,11.0565533681,95.301864602531));
#3111=CARTESIAN_POINT('',(152.511458359851,41.056553368093,95.301864602531));
#3112=CARTESIAN_POINT('',(152.511458359851,41.056553368093,95.301864602531));
#3113=CARTESIAN_POINT('',(187.711458359857,41.056553368093,95.301864602531));
#3114=CARTESIAN_POINT('',(177.897601931229,30.6426969394691,95.301864602531));
#3115=CARTESIAN_POINT('Origin',(175.697601931229,30.6426969394691,95.301864602531));
#3116=CARTESIAN_POINT('',(177.897601931227,19.4704097967217,95.301864602531));
#3117=CARTESIAN_POINT('Origin',(175.697601931227,19.4704097967217,95.301864602531));
#3118=CARTESIAN_POINT('',(166.725314788479,19.4704097967239,95.301864602531));
#3119=CARTESIAN_POINT('Origin',(164.525314788479,19.4704097967239,95.301864602531));
#3120=CARTESIAN_POINT('',(174.411458359854,25.0565533680965,95.301864602531));
#3121=CARTESIAN_POINT('Origin',(170.111458359854,25.0565533680965,95.301864602531));
#3122=CARTESIAN_POINT('',(164.411458359854,25.0565533680981,95.301864602531));
#3123=CARTESIAN_POINT('Origin',(162.211458359854,25.0565533680981,95.301864602531));
#3124=CARTESIAN_POINT('',(166.725314788481,30.6426969394714,95.301864602531));
#3125=CARTESIAN_POINT('Origin',(164.525314788481,30.6426969394714,95.301864602531));
#3126=CARTESIAN_POINT('',(172.311458359852,17.1565533680965,95.301864602531));
#3127=CARTESIAN_POINT('Origin',(170.111458359852,17.1565533680965,95.301864602531));
#3128=CARTESIAN_POINT('',(180.211458359854,25.0565533680949,95.301864602531));
#3129=CARTESIAN_POINT('Origin',(178.011458359854,25.0565533680949,95.301864602531));
#3130=CARTESIAN_POINT('Origin',(170.111458359855,32.9565533680965,99.301864602531));
#3131=CARTESIAN_POINT('',(171.911458359855,32.9565533680965,91.301864602531));
#3132=CARTESIAN_POINT('Origin',(170.111458359855,32.9565533680965,91.301864602531));
#3133=CARTESIAN_POINT('',(171.911458359855,32.9565533680965,99.301864602531));
#3134=CARTESIAN_POINT('Origin',(175.697601931229,30.6426969394691,94.901864602531));
#3135=CARTESIAN_POINT('',(177.497601931229,30.6426969394691,94.901864602531));
#3136=CARTESIAN_POINT('Origin',(177.897601931229,30.6426969394691,94.901864602531));
#3137=CARTESIAN_POINT('Origin',(175.697601931229,30.6426969394691,94.901864602531));
#3138=CARTESIAN_POINT('Origin',(175.697601931229,30.6426969394691,99.301864602531));
#3139=CARTESIAN_POINT('',(177.497601931229,30.6426969394691,91.301864602531));
#3140=CARTESIAN_POINT('Origin',(175.697601931229,30.6426969394691,91.301864602531));
#3141=CARTESIAN_POINT('',(177.497601931229,30.6426969394691,99.301864602531));
#3142=CARTESIAN_POINT('Origin',(178.011458359854,25.0565533680949,94.901864602531));
#3143=CARTESIAN_POINT('',(179.811458359854,25.0565533680949,94.901864602531));
#3144=CARTESIAN_POINT('Origin',(180.211458359854,25.0565533680949,94.901864602531));
#3145=CARTESIAN_POINT('Origin',(178.011458359854,25.0565533680949,94.901864602531));
#3146=CARTESIAN_POINT('Origin',(178.011458359854,25.0565533680949,99.301864602531));
#3147=CARTESIAN_POINT('',(179.811458359854,25.0565533680949,91.301864602531));
#3148=CARTESIAN_POINT('Origin',(178.011458359854,25.0565533680949,91.301864602531));
#3149=CARTESIAN_POINT('',(179.811458359854,25.0565533680949,99.301864602531));
#3150=CARTESIAN_POINT('Origin',(175.697601931227,19.4704097967217,94.901864602531));
#3151=CARTESIAN_POINT('',(177.497601931227,19.4704097967217,94.901864602531));
#3152=CARTESIAN_POINT('Origin',(177.897601931227,19.4704097967217,94.901864602531));
#3153=CARTESIAN_POINT('Origin',(175.697601931227,19.4704097967217,94.901864602531));
#3154=CARTESIAN_POINT('Origin',(175.697601931227,19.4704097967217,99.301864602531));
#3155=CARTESIAN_POINT('',(177.497601931227,19.4704097967217,91.301864602531));
#3156=CARTESIAN_POINT('Origin',(175.697601931227,19.4704097967217,91.301864602531));
#3157=CARTESIAN_POINT('',(177.497601931227,19.4704097967217,99.301864602531));
#3158=CARTESIAN_POINT('Origin',(170.111458359852,17.1565533680965,94.901864602531));
#3159=CARTESIAN_POINT('',(171.911458359852,17.1565533680965,94.901864602531));
#3160=CARTESIAN_POINT('Origin',(172.311458359852,17.1565533680965,94.901864602531));
#3161=CARTESIAN_POINT('Origin',(170.111458359852,17.1565533680965,94.901864602531));
#3162=CARTESIAN_POINT('Origin',(170.111458359852,17.1565533680965,99.301864602531));
#3163=CARTESIAN_POINT('',(171.911458359852,17.1565533680965,91.301864602531));
#3164=CARTESIAN_POINT('Origin',(170.111458359852,17.1565533680965,91.301864602531));
#3165=CARTESIAN_POINT('',(171.911458359852,17.1565533680965,99.301864602531));
#3166=CARTESIAN_POINT('Origin',(164.525314788479,19.4704097967239,94.901864602531));
#3167=CARTESIAN_POINT('',(166.325314788479,19.4704097967239,94.901864602531));
#3168=CARTESIAN_POINT('Origin',(166.725314788479,19.4704097967239,94.901864602531));
#3169=CARTESIAN_POINT('Origin',(164.525314788479,19.4704097967239,94.901864602531));
#3170=CARTESIAN_POINT('Origin',(164.525314788479,19.4704097967239,99.301864602531));
#3171=CARTESIAN_POINT('',(166.325314788479,19.4704097967239,91.301864602531));
#3172=CARTESIAN_POINT('Origin',(164.525314788479,19.4704097967239,91.301864602531));
#3173=CARTESIAN_POINT('',(166.325314788479,19.4704097967239,99.301864602531));
#3174=CARTESIAN_POINT('Origin',(164.525314788481,30.6426969394714,94.901864602531));
#3175=CARTESIAN_POINT('',(166.325314788481,30.6426969394714,94.901864602531));
#3176=CARTESIAN_POINT('Origin',(166.725314788481,30.6426969394714,94.901864602531));
#3177=CARTESIAN_POINT('Origin',(164.525314788481,30.6426969394714,94.901864602531));
#3178=CARTESIAN_POINT('Origin',(164.525314788481,30.6426969394714,99.301864602531));
#3179=CARTESIAN_POINT('',(166.325314788481,30.6426969394714,91.301864602531));
#3180=CARTESIAN_POINT('Origin',(164.525314788481,30.6426969394714,91.301864602531));
#3181=CARTESIAN_POINT('',(166.325314788481,30.6426969394714,99.301864602531));
#3182=CARTESIAN_POINT('Origin',(170.111458359854,25.0565533680965,94.901864602531));
#3183=CARTESIAN_POINT('',(174.011458359854,25.0565533680965,94.901864602531));
#3184=CARTESIAN_POINT('Origin',(174.411458359854,25.0565533680965,94.901864602531));
#3185=CARTESIAN_POINT('Origin',(170.111458359854,25.0565533680965,94.901864602531));
#3186=CARTESIAN_POINT('Origin',(170.111458359854,25.0565533680965,99.301864602531));
#3187=CARTESIAN_POINT('',(174.011458359854,25.0565533680965,91.301864602531));
#3188=CARTESIAN_POINT('Origin',(170.111458359854,25.0565533680965,91.301864602531));
#3189=CARTESIAN_POINT('',(174.011458359854,25.0565533680965,99.301864602531));
#3190=CARTESIAN_POINT('Origin',(162.211458359854,25.0565533680981,94.901864602531));
#3191=CARTESIAN_POINT('',(164.011458359854,25.0565533680981,94.901864602531));
#3192=CARTESIAN_POINT('Origin',(164.411458359854,25.0565533680981,94.901864602531));
#3193=CARTESIAN_POINT('Origin',(162.211458359854,25.0565533680981,94.901864602531));
#3194=CARTESIAN_POINT('Origin',(162.211458359854,25.0565533680981,99.301864602531));
#3195=CARTESIAN_POINT('',(164.011458359854,25.0565533680981,91.301864602531));
#3196=CARTESIAN_POINT('Origin',(162.211458359854,25.0565533680981,91.301864602531));
#3197=CARTESIAN_POINT('',(164.011458359854,25.0565533680981,99.301864602531));
#3198=CARTESIAN_POINT('Origin',(161.311458359851,11.0565533681,93.301864602531));
#3199=CARTESIAN_POINT('',(152.511458359849,9.05655336810002,93.301864602531));
#3200=CARTESIAN_POINT('',(161.311458359851,9.05655336810002,93.301864602531));
#3201=CARTESIAN_POINT('Origin',(152.511458359851,11.0565533681,93.301864602531));
#3202=CARTESIAN_POINT('Origin',(152.511458359849,9.05655336810002,95.301864602531));
#3203=CARTESIAN_POINT('',(152.511458359849,9.05655336810002,63.301864602531));
#3204=CARTESIAN_POINT('',(187.711458359856,9.05655336810002,63.301864602531));
#3205=CARTESIAN_POINT('',(152.511458359849,9.05655336810002,95.301864602531));
#3206=CARTESIAN_POINT('',(164.01145835985,9.0565533680977,79.8018646025304));
#3207=CARTESIAN_POINT('Origin',(162.21145835985,9.05655336809805,79.8018646025304));
#3208=CARTESIAN_POINT('',(179.811458359851,9.05655336809455,79.8018646025304));
#3209=CARTESIAN_POINT('Origin',(178.011458359851,9.05655336809491,79.8018646025304));
#3210=CARTESIAN_POINT('Origin',(181.711458359856,3.0565533681305,92.3018646025311));
#3211=CARTESIAN_POINT('',(183.711458359856,3.0565533681305,92.3018646025311));
#3212=CARTESIAN_POINT('',(181.711458359856,5.0565533681305,92.3018646025311));
#3213=CARTESIAN_POINT('Origin',(181.711458359856,3.0565533681305,92.3018646025311));
#3214=CARTESIAN_POINT('',(181.711458359856,3.0565533681305,94.301864602531));
#3215=CARTESIAN_POINT('Origin',(181.711458359856,3.0565533681305,92.3018646025311));
#3216=CARTESIAN_POINT('Origin',(181.711458359856,3.0565533681305,92.3018646025311));
#3217=CARTESIAN_POINT('Origin',(181.711458359856,-24.9434466318695,92.3018646025311));
#3218=CARTESIAN_POINT('',(181.711458359856,-24.9434466318695,94.301864602531));
#3219=CARTESIAN_POINT('',(183.711458359856,-23.0079627609037,92.3018646025311));
#3220=CARTESIAN_POINT('Origin',(181.711458359856,-23.0079627609037,92.3018646025311));
#3221=CARTESIAN_POINT('',(181.711458359856,-24.9434466318695,94.301864602531));
#3222=CARTESIAN_POINT('',(183.711458359856,-24.9434466318695,92.3018646025311));
#3223=CARTESIAN_POINT('Origin',(158.511458359849,3.0565533681305,92.3018646025311));
#3224=CARTESIAN_POINT('',(158.511458359849,3.0565533681305,94.301864602531));
#3225=CARTESIAN_POINT('',(158.511458359849,5.0565533681305,92.3018646025311));
#3226=CARTESIAN_POINT('Origin',(158.511458359849,3.0565533681305,92.3018646025311));
#3227=CARTESIAN_POINT('',(156.511458359849,3.0565533681305,92.3018646025311));
#3228=CARTESIAN_POINT('Origin',(158.511458359849,3.0565533681305,92.3018646025311));
#3229=CARTESIAN_POINT('Origin',(158.511458359849,3.0565533681305,92.3018646025311));
#3230=CARTESIAN_POINT('Origin',(158.511458359849,-24.9434466318695,92.3018646025311));
#3231=CARTESIAN_POINT('',(158.511458359849,-24.9434466318695,94.301864602531));
#3232=CARTESIAN_POINT('',(156.511458359849,-23.0079627609037,92.3018646025311));
#3233=CARTESIAN_POINT('Origin',(158.511458359849,-23.0079627609037,92.3018646025311));
#3234=CARTESIAN_POINT('',(156.511458359849,-24.9434466318695,92.3018646025311));
#3235=CARTESIAN_POINT('',(158.511458359849,-24.9434466318695,94.301864602531));
#3236=CARTESIAN_POINT('Origin',(158.511458359849,3.0565533681305,72.5984711267944));
#3237=CARTESIAN_POINT('',(156.511458359849,3.0565533681305,65.3685312691683));
#3238=CARTESIAN_POINT('',(158.511458359849,5.0565533681305,65.3685312691683));
#3239=CARTESIAN_POINT('Origin',(158.511458359849,3.0565533681305,65.3685312691683));
#3240=CARTESIAN_POINT('',(158.511458359849,5.0565533681305,72.5984711267944));
#3241=CARTESIAN_POINT('',(156.511458359849,3.0565533681305,72.5984711267944));
#3242=CARTESIAN_POINT('Origin',(163.311458359851,3.0565533681305,92.3018646025311));
#3243=CARTESIAN_POINT('',(163.311458359851,3.0565533681305,94.301864602531));
#3244=CARTESIAN_POINT('',(163.311458359851,5.0565533681305,92.3018646025311));
#3245=CARTESIAN_POINT('Origin',(181.711458359856,3.0565533681305,87.0674001106188));
#3246=CARTESIAN_POINT('',(181.711458359856,5.0565533681305,65.3685312691683));
#3247=CARTESIAN_POINT('',(183.711458359856,3.0565533681305,65.3685312691683));
#3248=CARTESIAN_POINT('Origin',(181.711458359856,3.0565533681305,65.3685312691683));
#3249=CARTESIAN_POINT('',(183.711458359856,3.0565533681305,87.0674001106188));
#3250=CARTESIAN_POINT('',(181.711458359856,5.0565533681305,87.0674001106188));
#3251=CARTESIAN_POINT('Ctrl Pts',(156.511458359849,3.06093204647194,65.3640066348821));
#3252=CARTESIAN_POINT('Ctrl Pts',(156.511458359849,3.06087991288159,65.3640605062589));
#3253=CARTESIAN_POINT('Ctrl Pts',(156.511458359849,3.06077564615773,65.3641682485401));
#3254=CARTESIAN_POINT('Ctrl Pts',(156.511458359849,3.06046284873059,65.3644914725482));
#3255=CARTESIAN_POINT('Ctrl Pts',(156.511458359849,3.05978513585509,65.3651917758529));
#3256=CARTESIAN_POINT('Ctrl Pts',(156.511458359849,3.05874255587747,65.3662691084964));
#3257=CARTESIAN_POINT('Ctrl Pts',(156.511458359849,3.05780430078419,65.3672386387595));
#3258=CARTESIAN_POINT('Ctrl Pts',(156.511458359849,3.05717882551974,65.3678849631994));
#3259=CARTESIAN_POINT('Ctrl Pts',(156.511458359849,3.05686609352681,65.3682081195921));
#3260=CARTESIAN_POINT('Ctrl Pts',(156.511458359849,3.05665760929978,65.3684235532934));
#3261=CARTESIAN_POINT('Ctrl Pts',(156.511458359849,3.0565533681305,65.3685312691683));
#3262=CARTESIAN_POINT('Ctrl Pts',(156.512766628424,3.65849518039288,65.3640038630206));
#3263=CARTESIAN_POINT('Ctrl Pts',(156.512750590398,3.65845306357489,65.3640576383381));
#3264=CARTESIAN_POINT('Ctrl Pts',(156.512719087732,3.65836876721758,65.3641653796488));
#3265=CARTESIAN_POINT('Ctrl Pts',(156.512624290006,3.65811590311755,65.3644884916492));
#3266=CARTESIAN_POINT('Ctrl Pts',(156.512422017877,3.65756766135536,65.3651895413112));
#3267=CARTESIAN_POINT('Ctrl Pts',(156.512112728433,3.65672388451146,65.3662684303841));
#3268=CARTESIAN_POINT('Ctrl Pts',(156.511836010513,3.6559641606082,65.3672396367156));
#3269=CARTESIAN_POINT('Ctrl Pts',(156.511647803331,3.65545801765728,65.3678857070724));
#3270=CARTESIAN_POINT('Ctrl Pts',(156.511552065417,3.65520510972288,65.3682081629072));
#3271=CARTESIAN_POINT('Ctrl Pts',(156.511490518743,3.65503625110327,65.3684238813429));
#3272=CARTESIAN_POINT('Ctrl Pts',(156.511458359849,3.65495196881427,65.3685312691683));
#3273=CARTESIAN_POINT('Ctrl Pts',(157.015726643897,4.69196436930794,65.3629382289815));
#3274=CARTESIAN_POINT('Ctrl Pts',(157.015701975219,4.69195169550764,65.3630049146725));
#3275=CARTESIAN_POINT('Ctrl Pts',(157.015652486827,4.69192638251878,65.3631382327793));
#3276=CARTESIAN_POINT('Ctrl Pts',(157.015504064181,4.69185042253126,65.3635381850843));
#3277=CARTESIAN_POINT('Ctrl Pts',(157.015181518685,4.69168601638427,65.3644043378668));
#3278=CARTESIAN_POINT('Ctrl Pts',(157.014684189176,4.69143313511097,65.3657361844354));
#3279=CARTESIAN_POINT('Ctrl Pts',(157.014235428381,4.69120556454107,65.3669340636301));
#3280=CARTESIAN_POINT('Ctrl Pts',(157.013936892235,4.69105358968413,65.3677326988334));
#3281=CARTESIAN_POINT('Ctrl Pts',(157.01378797774,4.69097749554626,65.3681321018924));
#3282=CARTESIAN_POINT('Ctrl Pts',(157.013688080459,4.69092690148567,65.3683981407239));
#3283=CARTESIAN_POINT('Ctrl Pts',(157.013638473887,4.6909015184214,65.3685312691683));
#3284=CARTESIAN_POINT('Ctrl Pts',(158.063276659052,5.0565533681305,65.3607187584084));
#3285=CARTESIAN_POINT('Ctrl Pts',(158.063269487846,5.05655349941475,65.3608118195841));
#3286=CARTESIAN_POINT('Ctrl Pts',(158.063255044076,5.05655360567844,65.3609979067687));
#3287=CARTESIAN_POINT('Ctrl Pts',(158.063211717064,5.05655400099475,65.3615561730039));
#3288=CARTESIAN_POINT('Ctrl Pts',(158.063117094724,5.05655399599719,65.3627655038353));
#3289=CARTESIAN_POINT('Ctrl Pts',(158.062970345002,5.05655342684688,65.3646256609119));
#3290=CARTESIAN_POINT('Ctrl Pts',(158.06283696283,5.05655241384547,65.3662994154686));
#3291=CARTESIAN_POINT('Ctrl Pts',(158.062748221419,5.05655272999535,65.3674153453101));
#3292=CARTESIAN_POINT('Ctrl Pts',(158.062704032636,5.05655332802028,65.3679733802816));
#3293=CARTESIAN_POINT('Ctrl Pts',(158.062674141702,5.05655310406474,65.3683452555161));
#3294=CARTESIAN_POINT('Ctrl Pts',(158.062659409336,5.05655336813051,65.3685312691683));
#3295=CARTESIAN_POINT('Ctrl Pts',(158.511449077667,5.0565533681305,65.3597692042291));
#3296=CARTESIAN_POINT('Ctrl Pts',(158.511449298699,5.0565533681305,65.3598735274675));
#3297=CARTESIAN_POINT('Ctrl Pts',(158.511449732867,5.0565533681305,65.3600821730299));
#3298=CARTESIAN_POINT('Ctrl Pts',(158.511450987988,5.0565533681305,65.3607081042256));
#3299=CARTESIAN_POINT('Ctrl Pts',(158.511453450781,5.05655336813051,65.3620642587001));
#3300=CARTESIAN_POINT('Ctrl Pts',(158.511456292205,5.05655336813051,65.3641505397091));
#3301=CARTESIAN_POINT('Ctrl Pts',(158.51145771275,5.05655336813051,65.3660280587721));
#3302=CARTESIAN_POINT('Ctrl Pts',(158.511458186241,5.05655336813051,65.367279681855));
#3303=CARTESIAN_POINT('Ctrl Pts',(158.511458328285,5.05655336813051,65.3679054821118));
#3304=CARTESIAN_POINT('Ctrl Pts',(158.511458359849,5.05655336813051,65.3683226747425));
#3305=CARTESIAN_POINT('Ctrl Pts',(158.511458359849,5.05655336813051,65.3685312691683));
#3306=CARTESIAN_POINT('',(158.511455884688,5.0565533681305,65.3640066348821));
#3307=CARTESIAN_POINT('',(156.511458359849,3.06093204647194,65.3640066348821));
#3308=CARTESIAN_POINT('Ctrl Pts',(158.511455884688,5.05655336813051,65.3640066348821));
#3309=CARTESIAN_POINT('Ctrl Pts',(158.437642553914,5.05655336891438,65.3640066347554));
#3310=CARTESIAN_POINT('Ctrl Pts',(158.364005883661,5.05231925514639,65.3640065801894));
#3311=CARTESIAN_POINT('Ctrl Pts',(158.290879550849,5.04404078475641,65.3640065769705));
#3312=CARTESIAN_POINT('Ctrl Pts',(158.216654395406,5.03563791908688,65.3640065737031));
#3313=CARTESIAN_POINT('Ctrl Pts',(158.142954080416,5.02306803629252,65.3640066261499));
#3314=CARTESIAN_POINT('Ctrl Pts',(158.070126566868,5.00647535122485,65.3640067657418));
#3315=CARTESIAN_POINT('Ctrl Pts',(157.997364696298,4.98989762195073,65.3640069052079));
#3316=CARTESIAN_POINT('Ctrl Pts',(157.925473087113,4.96930401602204,65.364007134845));
#3317=CARTESIAN_POINT('Ctrl Pts',(157.854812228402,4.94478881432179,65.3640073628002));
#3318=CARTESIAN_POINT('Ctrl Pts',(157.820077288184,4.93273781351264,65.3640074748566));
#3319=CARTESIAN_POINT('Ctrl Pts',(157.785640047157,4.91973845766214,65.3640075843324));
#3320=CARTESIAN_POINT('Ctrl Pts',(157.751545616191,4.90579790384464,65.3640076655132));
#3321=CARTESIAN_POINT('Ctrl Pts',(157.681976897964,4.87735259964166,65.3640078311603));
#3322=CARTESIAN_POINT('Ctrl Pts',(157.61421274648,4.8451463481563,65.3640076834461));
#3323=CARTESIAN_POINT('Ctrl Pts',(157.548596725694,4.80932834570148,65.3640075661048));
#3324=CARTESIAN_POINT('Ctrl Pts',(157.48357650097,4.77383557212462,65.364007449829));
#3325=CARTESIAN_POINT('Ctrl Pts',(157.420664656524,4.73479593825197,65.3640073639857));
#3326=CARTESIAN_POINT('Ctrl Pts',(157.360214342776,4.69230783609965,65.3640072602577));
#3327=CARTESIAN_POINT('Ctrl Pts',(157.327754080794,4.66949281924554,65.3640072045584));
#3328=CARTESIAN_POINT('Ctrl Pts',(157.29600398518,4.64568270013507,65.3640071370807));
#3329=CARTESIAN_POINT('Ctrl Pts',(157.265022411846,4.62088765888326,65.3640070031868));
#3330=CARTESIAN_POINT('Ctrl Pts',(157.210013120435,4.57686285629886,65.3640067654516));
#3331=CARTESIAN_POINT('Ctrl Pts',(157.157424750016,4.52973427195544,65.3640063306274));
#3332=CARTESIAN_POINT('Ctrl Pts',(157.107392374703,4.47975521740592,65.3640055133737));
#3333=CARTESIAN_POINT('Ctrl Pts',(157.103141483667,4.47550885665208,65.3640054439375));
#3334=CARTESIAN_POINT('Ctrl Pts',(157.098910914736,4.47124375421165,65.3640053716271));
#3335=CARTESIAN_POINT('Ctrl Pts',(157.094700711517,4.46696010905437,65.3640052968709));
#3336=CARTESIAN_POINT('Ctrl Pts',(157.042774518595,4.41412812607146,65.364004374871));
#3337=CARTESIAN_POINT('Ctrl Pts',(156.993943534074,4.35847919333245,65.3640031184346));
#3338=CARTESIAN_POINT('Ctrl Pts',(156.948306674866,4.30036193806984,65.3640020797609));
#3339=CARTESIAN_POINT('Ctrl Pts',(156.902062212117,4.24147091680417,65.3640010272583));
#3340=CARTESIAN_POINT('Ctrl Pts',(156.859096971869,4.18004462491001,65.3640001926014));
#3341=CARTESIAN_POINT('Ctrl Pts',(156.819551767332,4.11640760354479,65.3639997342485));
#3342=CARTESIAN_POINT('Ctrl Pts',(156.7800701806,4.05287295736498,65.3639992766329));
#3343=CARTESIAN_POINT('Ctrl Pts',(156.743997180732,3.98713381548169,65.3639991866478));
#3344=CARTESIAN_POINT('Ctrl Pts',(156.711517618827,3.91948795100594,65.3639993103144));
#3345=CARTESIAN_POINT('Ctrl Pts',(156.700331123034,3.89618960170719,65.3639993529072));
#3346=CARTESIAN_POINT('Ctrl Pts',(156.689571312159,3.87266491202835,65.3639994186481));
#3347=CARTESIAN_POINT('Ctrl Pts',(156.679247122929,3.84892564236509,65.3639994952836));
#3348=CARTESIAN_POINT('Ctrl Pts',(156.677811183478,3.84562386698243,65.3639995059424));
#3349=CARTESIAN_POINT('Ctrl Pts',(156.676383672152,3.84231794041782,65.3639995168083));
#3350=CARTESIAN_POINT('Ctrl Pts',(156.674964614151,3.83900789412249,65.3639995278434));
#3351=CARTESIAN_POINT('Ctrl Pts',(156.645311101969,3.76983912293917,65.3639997584393));
#3352=CARTESIAN_POINT('Ctrl Pts',(156.619467602636,3.6991592602048,65.3640003430755));
#3353=CARTESIAN_POINT('Ctrl Pts',(156.597594846898,3.62728298829102,65.3640010894285));
#3354=CARTESIAN_POINT('Ctrl Pts',(156.596086310096,3.62232577107243,65.3640011409035));
#3355=CARTESIAN_POINT('Ctrl Pts',(156.594596679917,3.61736285503446,65.364001193173));
#3356=CARTESIAN_POINT('Ctrl Pts',(156.593126017697,3.61239434020146,65.3640012461887));
#3357=CARTESIAN_POINT('Ctrl Pts',(156.578069312701,3.56152646512141,65.3640017889664));
#3358=CARTESIAN_POINT('Ctrl Pts',(156.564999687841,3.5100719397884,65.3640024072234));
#3359=CARTESIAN_POINT('Ctrl Pts',(156.553990185306,3.45813658648305,65.3640030761258));
#3360=CARTESIAN_POINT('Ctrl Pts',(156.538639118867,3.38572068426301,65.3640040088079));
#3361=CARTESIAN_POINT('Ctrl Pts',(156.52733412346,3.31257174491788,65.3640050879739));
#3362=CARTESIAN_POINT('Ctrl Pts',(156.520248639089,3.23898195630503,65.364005776336));
#3363=CARTESIAN_POINT('Ctrl Pts',(156.514556872891,3.17986731439626,65.3640063292969));
#3364=CARTESIAN_POINT('Ctrl Pts',(156.511588704197,3.1204677024049,65.3640066348821));
#3365=CARTESIAN_POINT('Ctrl Pts',(156.511458359849,3.06093204647194,65.3640066348821));
#3366=CARTESIAN_POINT('Ctrl Pts',(158.511455884688,5.05655336813051,65.3640066348821));
#3367=CARTESIAN_POINT('Ctrl Pts',(158.511455937159,5.05655336813051,65.3640545933415));
#3368=CARTESIAN_POINT('Ctrl Pts',(158.511456887274,5.05655336813051,65.3649370360723));
#3369=CARTESIAN_POINT('Ctrl Pts',(158.51145771275,5.05655336813051,65.3660280587721));
#3370=CARTESIAN_POINT('Ctrl Pts',(158.511458186241,5.05655336813051,65.367279681855));
#3371=CARTESIAN_POINT('Ctrl Pts',(158.511458328285,5.05655336813051,65.3679054821118));
#3372=CARTESIAN_POINT('Ctrl Pts',(158.511458359849,5.05655336813051,65.3683226747425));
#3373=CARTESIAN_POINT('Ctrl Pts',(158.511458359849,5.05655336813051,65.3685312691683));
#3374=CARTESIAN_POINT('',(156.511458359849,-2.71286954700763,71.3302682814838));
#3375=CARTESIAN_POINT('Ctrl Pts',(183.711458359856,3.0565533681305,65.3685312691683));
#3376=CARTESIAN_POINT('Ctrl Pts',(183.711458359856,3.05660548871514,65.3684774112308));
#3377=CARTESIAN_POINT('Ctrl Pts',(183.711458359856,3.05670973035654,65.3683696948681));
#3378=CARTESIAN_POINT('Ctrl Pts',(183.711458359856,3.05702245811018,65.368046542856));
#3379=CARTESIAN_POINT('Ctrl Pts',(183.711458359856,3.05770005021827,65.3673463643443));
#3380=CARTESIAN_POINT('Ctrl Pts',(183.711458359856,3.05863830531155,65.3663768340812));
#3381=CARTESIAN_POINT('Ctrl Pts',(183.711458359856,3.05957661893058,65.3654072433415));
#3382=CARTESIAN_POINT('Ctrl Pts',(183.711458359856,3.06020218901642,65.3647608209195));
#3383=CARTESIAN_POINT('Ctrl Pts',(183.711458359856,3.06061924675724,65.364329861254));
#3384=CARTESIAN_POINT('Ctrl Pts',(183.711458359856,3.06082777929123,65.3641143776356));
#3385=CARTESIAN_POINT('Ctrl Pts',(183.711458359856,3.06093204647194,65.3640066348821));
#3386=CARTESIAN_POINT('Ctrl Pts',(183.711458359856,3.65495196881427,65.3685312691683));
#3387=CARTESIAN_POINT('Ctrl Pts',(183.711442280409,3.65499410995877,65.3684775752556));
#3388=CARTESIAN_POINT('Ctrl Pts',(183.711410682589,3.65507845158869,65.3683699960816));
#3389=CARTESIAN_POINT('Ctrl Pts',(183.711315854573,3.65533146662379,65.3680472556597));
#3390=CARTESIAN_POINT('Ctrl Pts',(183.711112442123,3.65587985297358,65.3673472163573));
#3391=CARTESIAN_POINT('Ctrl Pts',(183.710836966558,3.6566397105361,65.3663755916994));
#3392=CARTESIAN_POINT('Ctrl Pts',(183.710556416544,3.65739889263918,65.3654053721534));
#3393=CARTESIAN_POINT('Ctrl Pts',(183.710370402612,3.65790506189536,65.3647580716854));
#3394=CARTESIAN_POINT('Ctrl Pts',(183.710243808052,3.65824220516301,65.3643273509803));
#3395=CARTESIAN_POINT('Ctrl Pts',(183.710182167332,3.6584109467569,65.3641114136556));
#3396=CARTESIAN_POINT('Ctrl Pts',(183.710150091281,3.65849518039288,65.3640038630206));
#3397=CARTESIAN_POINT('Ctrl Pts',(183.209266467542,4.69089170712639,65.3685312691683));
#3398=CARTESIAN_POINT('Ctrl Pts',(183.209241664257,4.69090439865853,65.3684647049461));
#3399=CARTESIAN_POINT('Ctrl Pts',(183.209191921172,4.69092974729418,65.368331619459));
#3400=CARTESIAN_POINT('Ctrl Pts',(183.209042731667,4.69100579202652,65.3679323331997));
#3401=CARTESIAN_POINT('Ctrl Pts',(183.208719138585,4.69117041424521,65.3670672406079));
#3402=CARTESIAN_POINT('Ctrl Pts',(183.20827008681,4.69139792120589,65.3658694588632));
#3403=CARTESIAN_POINT('Ctrl Pts',(183.207822969244,4.69162566609246,65.3646706857115));
#3404=CARTESIAN_POINT('Ctrl Pts',(183.207524944587,4.69177740180553,65.3638713224528));
#3405=CARTESIAN_POINT('Ctrl Pts',(183.207327038853,4.69187870201953,65.3633380882128));
#3406=CARTESIAN_POINT('Ctrl Pts',(183.207227709193,4.69192924772756,65.3630715755661));
#3407=CARTESIAN_POINT('Ctrl Pts',(183.207178371836,4.69195459532815,65.362938204184));
#3408=CARTESIAN_POINT('Ctrl Pts',(182.160257310369,5.0565533681305,65.3685312691683));
#3409=CARTESIAN_POINT('Ctrl Pts',(182.160249944186,5.05655323609761,65.3684382623422));
#3410=CARTESIAN_POINT('Ctrl Pts',(182.160235126895,5.05655312423763,65.3682522790917));
#3411=CARTESIAN_POINT('Ctrl Pts',(182.1601907239,5.05655277701762,65.367694315095));
#3412=CARTESIAN_POINT('Ctrl Pts',(182.160094415138,5.05655256955895,65.366485445241));
#3413=CARTESIAN_POINT('Ctrl Pts',(182.159960828976,5.05655392040873,65.3648117625232));
#3414=CARTESIAN_POINT('Ctrl Pts',(182.15982898402,5.05655384398352,65.3631375310249));
#3415=CARTESIAN_POINT('Ctrl Pts',(182.159741352537,5.05655404767256,65.3620213144468));
#3416=CARTESIAN_POINT('Ctrl Pts',(182.159683529093,5.05655347137643,65.3612769721989));
#3417=CARTESIAN_POINT('Ctrl Pts',(182.159654403064,5.056553630699,65.3609048807598));
#3418=CARTESIAN_POINT('Ctrl Pts',(182.159640060653,5.0565533681305,65.3607187584084));
#3419=CARTESIAN_POINT('Ctrl Pts',(181.711458359856,5.0565533681305,65.3685312691683));
#3420=CARTESIAN_POINT('Ctrl Pts',(181.711458359856,5.0565533681305,65.3684269719554));
#3421=CARTESIAN_POINT('Ctrl Pts',(181.711458367747,5.0565533681305,65.3682183765848));
#3422=CARTESIAN_POINT('Ctrl Pts',(181.711458438767,5.0565533681305,65.3675925848111));
#3423=CARTESIAN_POINT('Ctrl Pts',(181.711458849117,5.0565533681305,65.3662366720013));
#3424=CARTESIAN_POINT('Ctrl Pts',(181.711460269661,5.0565533681305,65.3643591529383));
#3425=CARTESIAN_POINT('Ctrl Pts',(181.711462684851,5.0565533681305,65.3624815167608));
#3426=CARTESIAN_POINT('Ctrl Pts',(181.711464768695,5.0565533681305,65.3612297039332));
#3427=CARTESIAN_POINT('Ctrl Pts',(181.711466347432,5.0565533681305,65.3603951400023));
#3428=CARTESIAN_POINT('Ctrl Pts',(181.711467199973,5.0565533681305,65.3599778507058));
#3429=CARTESIAN_POINT('Ctrl Pts',(181.711467642038,5.0565533681305,65.3597692042292));
#3430=CARTESIAN_POINT('',(183.711458359856,3.06093204647194,65.3640066348821));
#3431=CARTESIAN_POINT('',(181.711460835016,5.0565533681305,65.3640066348821));
#3432=CARTESIAN_POINT('Ctrl Pts',(183.711458359856,3.06093204647194,65.3640066348821));
#3433=CARTESIAN_POINT('Ctrl Pts',(183.711298082228,3.13413992865941,65.3640066348821));
#3434=CARTESIAN_POINT('Ctrl Pts',(183.706848713474,3.20704800246791,65.3640064633572));
#3435=CARTESIAN_POINT('Ctrl Pts',(183.698349341196,3.2793823032713,65.3640059367354));
#3436=CARTESIAN_POINT('Ctrl Pts',(183.689677014832,3.35318853782723,65.3640053993973));
#3437=CARTESIAN_POINT('Ctrl Pts',(183.67678790931,3.42639823636668,65.3640045035883));
#3438=CARTESIAN_POINT('Ctrl Pts',(183.659880875342,3.4987195175127,65.3640034814986));
#3439=CARTESIAN_POINT('Ctrl Pts',(183.642774314902,3.5718942901794,65.3640024473467));
#3440=CARTESIAN_POINT('Ctrl Pts',(183.621554072379,3.6441604610588,65.3640012957113));
#3441=CARTESIAN_POINT('Ctrl Pts',(183.596375192709,3.7152016143514,65.3640005171122));
#3442=CARTESIAN_POINT('Ctrl Pts',(183.584091558769,3.74985937248839,65.3640001372689));
#3443=CARTESIAN_POINT('Ctrl Pts',(183.570865030066,3.7842252765687,65.363999848781));
#3444=CARTESIAN_POINT('Ctrl Pts',(183.556709678643,3.81826037916644,65.363999719039));
#3445=CARTESIAN_POINT('Ctrl Pts',(183.552440740156,3.82852460751667,65.3639996799117));
#3446=CARTESIAN_POINT('Ctrl Pts',(183.54809074325,3.83875048168258,65.3639996421471));
#3447=CARTESIAN_POINT('Ctrl Pts',(183.543660425966,3.84893707508271,65.3639996066022));
#3448=CARTESIAN_POINT('Ctrl Pts',(183.513616917459,3.9180158759462,65.3639993655605));
#3449=CARTESIAN_POINT('Ctrl Pts',(183.479883946984,3.98528942831777,65.3639992406768));
#3450=CARTESIAN_POINT('Ctrl Pts',(183.442661281882,4.05046189626604,65.3639994626168));
#3451=CARTESIAN_POINT('Ctrl Pts',(183.414501410899,4.09976648754155,65.3639996305199));
#3452=CARTESIAN_POINT('Ctrl Pts',(183.384343120685,4.14786848078431,65.3639999959035));
#3453=CARTESIAN_POINT('Ctrl Pts',(183.352254766933,4.19463187530331,65.3640005593326));
#3454=CARTESIAN_POINT('Ctrl Pts',(183.310545594297,4.25541599997773,65.3640012916906));
#3455=CARTESIAN_POINT('Ctrl Pts',(183.265576530091,4.31394010850196,65.3640023745103));
#3456=CARTESIAN_POINT('Ctrl Pts',(183.217463546675,4.36987855616774,65.3640034742624));
#3457=CARTESIAN_POINT('Ctrl Pts',(183.189737594508,4.40211406962355,65.3640041080138));
#3458=CARTESIAN_POINT('Ctrl Pts',(183.160966906983,4.43349031406508,65.3640047405168));
#3459=CARTESIAN_POINT('Ctrl Pts',(183.131168595575,4.46393888269107,65.3640052437895));
#3460=CARTESIAN_POINT('Ctrl Pts',(183.076494542019,4.51980603062969,65.3640061671961));
#3461=CARTESIAN_POINT('Ctrl Pts',(183.018674046187,4.57223509459801,65.3640066486806));
#3462=CARTESIAN_POINT('Ctrl Pts',(182.957888551577,4.62088288711838,65.3640069242515));
#3463=CARTESIAN_POINT('Ctrl Pts',(182.925259840039,4.64699626826827,65.3640070721737));
#3464=CARTESIAN_POINT('Ctrl Pts',(182.891775946207,4.67201954335938,65.3640071551725));
#3465=CARTESIAN_POINT('Ctrl Pts',(182.857504514013,4.69594014372656,65.3640072309482));
#3466=CARTESIAN_POINT('Ctrl Pts',(182.796346529553,4.73862688343534,65.3640073661712));
#3467=CARTESIAN_POINT('Ctrl Pts',(182.732681922263,4.77780484783414,65.3640075019726));
#3468=CARTESIAN_POINT('Ctrl Pts',(182.666871022584,4.81336789295149,65.3640076393812));
#3469=CARTESIAN_POINT('Ctrl Pts',(182.609998139248,4.84410099226927,65.3640077581278));
#3470=CARTESIAN_POINT('Ctrl Pts',(182.551521480178,4.87213384574309,65.3640078709631));
#3471=CARTESIAN_POINT('Ctrl Pts',(182.491662349225,4.89736869543764,65.3640077348912));
#3472=CARTESIAN_POINT('Ctrl Pts',(182.422553095888,4.92650312476732,65.364007577792));
#3473=CARTESIAN_POINT('Ctrl Pts',(182.351886428098,4.9517889634222,65.3640073803658));
#3474=CARTESIAN_POINT('Ctrl Pts',(182.280026440899,4.97312451010862,65.364007237536));
#3475=CARTESIAN_POINT('Ctrl Pts',(182.22381706428,4.98981332158527,65.3640071258136));
#3476=CARTESIAN_POINT('Ctrl Pts',(182.16687683513,5.00408431009185,65.3640070425456));
#3477=CARTESIAN_POINT('Ctrl Pts',(182.109373633559,5.01586750149638,65.3640069565325));
#3478=CARTESIAN_POINT('Ctrl Pts',(182.036324430811,5.03083628087569,65.3640068472658));
#3479=CARTESIAN_POINT('Ctrl Pts',(181.962570964971,5.04175003712685,65.3640067567771));
#3480=CARTESIAN_POINT('Ctrl Pts',(181.88846195537,5.0484879457634,65.3640067051028));
#3481=CARTESIAN_POINT('Ctrl Pts',(181.829628670834,5.05383700248578,65.3640066640798));
#3482=CARTESIAN_POINT('Ctrl Pts',(181.770570789972,5.05655341787785,65.3640066452252));
#3483=CARTESIAN_POINT('Ctrl Pts',(181.711460835016,5.0565533681305,65.3640066348821));
#3484=CARTESIAN_POINT('',(183.711458359856,-9.94344663188473,78.801864602531));
#3485=CARTESIAN_POINT('Ctrl Pts',(181.711458359856,5.0565533681305,65.3685312691683));
#3486=CARTESIAN_POINT('Ctrl Pts',(181.711458359856,5.0565533681305,65.3684269719554));
#3487=CARTESIAN_POINT('Ctrl Pts',(181.711458367747,5.0565533681305,65.3682183765848));
#3488=CARTESIAN_POINT('Ctrl Pts',(181.711458438767,5.0565533681305,65.3675925848111));
#3489=CARTESIAN_POINT('Ctrl Pts',(181.711458849117,5.0565533681305,65.3662366720013));
#3490=CARTESIAN_POINT('Ctrl Pts',(181.711459832431,5.0565533681305,65.3649370360724));
#3491=CARTESIAN_POINT('Ctrl Pts',(181.711460782546,5.0565533681305,65.3640545933415));
#3492=CARTESIAN_POINT('Ctrl Pts',(181.711460835016,5.0565533681305,65.3640066348822));
#3493=CARTESIAN_POINT('Origin',(183.711458359856,-24.9434466318695,94.301864602531));
#3494=CARTESIAN_POINT('',(183.711458359856,-9.94344663188473,78.801864602531));
#3495=CARTESIAN_POINT('Origin',(170.111458359852,5.0565533681305,79.8329356187066));
#3496=CARTESIAN_POINT('',(183.711458359856,5.0565533681305,65.3640066348821));
#3497=CARTESIAN_POINT('',(164.01145835985,5.05655336809769,79.8018646025304));
#3498=CARTESIAN_POINT('Origin',(162.21145835985,5.05655336809805,79.8018646025304));
#3499=CARTESIAN_POINT('',(179.81145835985,5.05655336809455,79.8018646025304));
#3500=CARTESIAN_POINT('Origin',(178.01145835985,5.05655336809491,79.8018646025304));
#3501=CARTESIAN_POINT('Origin',(183.711458359856,-24.9434466318695,65.3640066348821));
#3502=CARTESIAN_POINT('',(185.711458359856,3.06093204647194,65.3640066348821));
#3503=CARTESIAN_POINT('Origin',(170.111458359853,-7.34344663186949,99.3018646025311));
#3504=CARTESIAN_POINT('Ctrl Pts',(152.511458359849,24.5873089672833,99.301864602531));
#3505=CARTESIAN_POINT('Ctrl Pts',(157.813594273303,17.7858042985351,115.968531269198));
#3506=CARTESIAN_POINT('Ctrl Pts',(163.115730186758,10.9842996297869,132.635197935864));
#3507=CARTESIAN_POINT('Ctrl Pts',(168.417866100212,4.1827949610387,149.301864602531));
#3508=CARTESIAN_POINT('Ctrl Pts',(152.511458359849,22.2287015577984,99.301864602531));
#3509=CARTESIAN_POINT('Ctrl Pts',(157.40969823035,16.1523960709668,115.968531269198));
#3510=CARTESIAN_POINT('Ctrl Pts',(162.306459224078,10.0808454430772,132.635197935864));
#3511=CARTESIAN_POINT('Ctrl Pts',(167.204699094579,4.00453995624554,149.301864602531));
#3512=CARTESIAN_POINT('Ctrl Pts',(152.511458359849,15.1528793293436,99.3018646025311));
#3513=CARTESIAN_POINT('Ctrl Pts',(156.222760598455,11.0693872767056,115.968531269198));
#3514=CARTESIAN_POINT('Ctrl Pts',(159.934362685782,6.98379622966781,132.635197935864));
#3515=CARTESIAN_POINT('Ctrl Pts',(163.645664924389,2.90030417702975,149.301864602531));
#3516=CARTESIAN_POINT('Ctrl Pts',(152.511458359849,3.35984228191903,99.3018646025311));
#3517=CARTESIAN_POINT('Ctrl Pts',(154.691471764602,1.69989406036577,115.968531269198));
#3518=CARTESIAN_POINT('Ctrl Pts',(156.871393009797,0.0434992605576151,132.635197935864));
#3519=CARTESIAN_POINT('Ctrl Pts',(159.051406414549,-1.61644896099565,149.301864602531));
#3520=CARTESIAN_POINT('Ctrl Pts',(152.511458359849,-10.7918021749905,99.3018646025311));
#3521=CARTESIAN_POINT('Ctrl Pts',(154.276462223321,-10.2780289482075,115.968531269198));
#3522=CARTESIAN_POINT('Ctrl Pts',(156.043034562796,-9.76527168750349,132.635197935864));
#3523=CARTESIAN_POINT('Ctrl Pts',(157.808038426269,-9.25149846072053,149.301864602531));
#3524=CARTESIAN_POINT('Ctrl Pts',(152.511458359849,-20.2262318129302,99.301864602531));
#3525=CARTESIAN_POINT('Ctrl Pts',(155.053142289702,-18.1018184797472,115.968531269198));
#3526=CARTESIAN_POINT('Ctrl Pts',(157.597881798604,-15.9715553353078,132.635197935864));
#3527=CARTESIAN_POINT('Ctrl Pts',(160.139565728457,-13.8471420021249,149.301864602531));
#3528=CARTESIAN_POINT('Ctrl Pts',(152.511458359849,-24.9434466319,99.301864602531));
#3529=CARTESIAN_POINT('Ctrl Pts',(155.632193692912,-21.8227112988344,115.968531269198));
#3530=CARTESIAN_POINT('Ctrl Pts',(158.752929025976,-18.7019759657687,132.635197935864));
#3531=CARTESIAN_POINT('Ctrl Pts',(161.87366435904,-15.5812406327031,149.301864602531));
#3532=CARTESIAN_POINT('',(152.511458359851,41.056553368093,99.301864602531));
#3533=CARTESIAN_POINT('Origin',(156.511458359849,-24.9434466318695,65.3640066348821));
#3534=CARTESIAN_POINT('',(156.511458359849,-2.71286954700763,71.3302682814838));
#3535=CARTESIAN_POINT('Origin',(156.511458359849,-24.9434466318695,94.301864602531));
#3536=CARTESIAN_POINT('',(187.711458359856,-24.9434466318695,94.301864602531));
#3537=CARTESIAN_POINT('Origin',(187.711458359857,5.05655336810003,63.301864602531));
#3538=CARTESIAN_POINT('',(152.511458359849,-24.9434466318695,94.301864602531));
#3539=CARTESIAN_POINT('',(187.711458359856,-24.9434466318695,94.301864602531));
#3540=CARTESIAN_POINT('',(152.511458359849,5.05655336810002,63.301864602531));
#3541=CARTESIAN_POINT('',(152.511458359857,-24.9434466318695,94.301864602531));
#3542=CARTESIAN_POINT('',(152.511458359849,5.05655336810002,63.301864602531));
#3543=CARTESIAN_POINT('',(187.711458359856,-24.9434466318695,94.301864602531));
#3544=CARTESIAN_POINT('Origin',(170.111458359852,-24.9434466318695,96.801864602531));
#3545=CARTESIAN_POINT('',(187.711458359857,-24.9434466318695,99.301864602531));
#3546=CARTESIAN_POINT('',(152.511458359849,-24.9434466318695,94.301864602531));
#3547=CARTESIAN_POINT('Origin',(178.011458359854,25.0565533680949,91.301864602531));
#3548=CARTESIAN_POINT('Origin',(164.525314788481,30.6426969394714,91.301864602531));
#3549=CARTESIAN_POINT('Origin',(175.697601931227,19.4704097967217,91.301864602531));
#3550=CARTESIAN_POINT('Origin',(162.211458359854,25.0565533680981,91.301864602531));
#3551=CARTESIAN_POINT('Origin',(170.111458359854,25.0565533680965,91.301864602531));
#3552=CARTESIAN_POINT('Origin',(170.111458359855,32.9565533680965,91.301864602531));
#3553=CARTESIAN_POINT('Origin',(170.111458359852,17.1565533680965,91.301864602531));
#3554=CARTESIAN_POINT('Origin',(164.525314788479,19.4704097967239,91.301864602531));
#3555=CARTESIAN_POINT('Origin',(175.697601931229,30.6426969394691,91.301864602531));
#3556=CARTESIAN_POINT('Origin',(178.011458359849,-0.943446631905094,79.8018646025304));
#3557=CARTESIAN_POINT('',(179.811458359849,-0.943446631905452,79.8018646025304));
#3558=CARTESIAN_POINT('Origin',(162.211458359849,-0.943446631901935,79.8018646025304));
#3559=CARTESIAN_POINT('',(164.011458359848,-0.943446631902293,79.8018646025304));
#3560=CARTESIAN_POINT('Origin',(170.111458359853,7.05655336810002,63.301864602531));
#3561=CARTESIAN_POINT('',(152.511458359849,9.05655336810002,63.301864602531));
#3562=CARTESIAN_POINT('Origin',(187.711458359857,41.056553368093,95.301864602531));
#3563=CARTESIAN_POINT('',(152.511458359851,41.056553368093,99.301864602531));
#3564=CARTESIAN_POINT('',(152.511458359851,41.056553368093,95.301864602531));
#3565=CARTESIAN_POINT('',(187.711458359857,41.056553368093,99.301864602531));
#3566=CARTESIAN_POINT('Origin',(152.511458359851,21.5967845897001,95.301864602531));
#3567=CARTESIAN_POINT('',(152.511458359851,41.056553368093,99.301864602531));
#3568=CARTESIAN_POINT('Origin',(170.111458359854,27.056553368093,99.301864602531));
#3569=UNCERTAINTY_MEASURE_WITH_UNIT(LENGTH_MEASURE(0.01),#3573,
'DISTANCE_ACCURACY_VALUE',
'Maximum model space distance between geometric entities at asserted c
onnectivities');
#3570=UNCERTAINTY_MEASURE_WITH_UNIT(LENGTH_MEASURE(0.01),#3573,
'DISTANCE_ACCURACY_VALUE',
'Maximum model space distance between geometric entities at asserted c
onnectivities');
#3571=(
GEOMETRIC_REPRESENTATION_CONTEXT(3)
GLOBAL_UNCERTAINTY_ASSIGNED_CONTEXT((#3569))
GLOBAL_UNIT_ASSIGNED_CONTEXT((#3573,#3575,#3576))
REPRESENTATION_CONTEXT('','3D')
);
#3572=(
GEOMETRIC_REPRESENTATION_CONTEXT(3)
GLOBAL_UNCERTAINTY_ASSIGNED_CONTEXT((#3570))
GLOBAL_UNIT_ASSIGNED_CONTEXT((#3573,#3575,#3576))
REPRESENTATION_CONTEXT('','3D')
);
#3573=(
LENGTH_UNIT()
NAMED_UNIT(*)
SI_UNIT(.MILLI.,.METRE.)
);
#3574=(
LENGTH_UNIT()
NAMED_UNIT(*)
SI_UNIT($,.METRE.)
);
#3575=(
NAMED_UNIT(*)
PLANE_ANGLE_UNIT()
SI_UNIT($,.RADIAN.)
);
#3576=(
NAMED_UNIT(*)
SI_UNIT($,.STERADIAN.)
SOLID_ANGLE_UNIT()
);
#3577=SHAPE_DEFINITION_REPRESENTATION(#3578,#3579);
#3578=PRODUCT_DEFINITION_SHAPE('',$,#3581);
#3579=SHAPE_REPRESENTATION('',(#1240),#3571);
#3580=PRODUCT_DEFINITION_CONTEXT('part definition',#3585,'design');
#3581=PRODUCT_DEFINITION(
'Assem1 final prj_Support Structure Base Back Right',
'Assem1 final prj_Support Structure Base Back Right v2',#3582,#3580);
#3582=PRODUCT_DEFINITION_FORMATION('',$,#3587);
#3583=PRODUCT_RELATED_PRODUCT_CATEGORY(
'Assem1 final prj_Support Structure Base Back Right v2',
'Assem1 final prj_Support Structure Base Back Right v2',(#3587));
#3584=APPLICATION_PROTOCOL_DEFINITION('international standard',
'automotive_design',2009,#3585);
#3585=APPLICATION_CONTEXT(
'Core Data for Automotive Mechanical Design Process');
#3586=PRODUCT_CONTEXT('part definition',#3585,'mechanical');
#3587=PRODUCT('Assem1 final prj_Support Structure Base Back Right',
'Assem1 final prj_Support Structure Base Back Right v2',$,(#3586));
#3588=PRESENTATION_STYLE_ASSIGNMENT((#3589));
#3589=SURFACE_STYLE_USAGE(.BOTH.,#3590);
#3590=SURFACE_SIDE_STYLE('',(#3591));
#3591=SURFACE_STYLE_FILL_AREA(#3592);
#3592=FILL_AREA_STYLE('Steel - Satin',(#3593));
#3593=FILL_AREA_STYLE_COLOUR('Steel - Satin',#3594);
#3594=COLOUR_RGB('Steel - Satin',0.627450980392157,0.627450980392157,0.627450980392157);
ENDSEC;
END-ISO-10303-21;
