ISO-10303-21;
HEADER;
/* Generated by software containing ST-Developer
 * from STEP Tools, Inc. (www.steptools.com) 
 */

FILE_DESCRIPTION(
/* description */ (''),
/* implementation_level */ '2;1');

FILE_NAME(
/* name */ 'Assem1 final prj_Support Structure Base Back Left v2.step',

/* time_stamp */ '2026-03-01T00:19:17+05:30',
/* author */ (''),
/* organization */ (''),
/* preprocessor_version */ 'ST-DEVELOPER v20.1',
/* originating_system */ 'Autodesk Translation Framework v14.24.0.0',
/* authorisation */ '');

FILE_SCHEMA (('AUTOMOTIVE_DESIGN { 1 0 10303 214 3 1 1 }'));
ENDSEC;

DATA;
#10=MECHANICAL_DESIGN_GEOMETRIC_PRESENTATION_REPRESENTATION('',(#13),#3556);
#11=SHAPE_REPRESENTATION_RELATIONSHIP('SRR','None',#3563,#12);
#12=ADVANCED_BREP_SHAPE_REPRESENTATION('',(#14),#3555);
#13=STYLED_ITEM('',(#3572),#14);
#14=MANIFOLD_SOLID_BREP('Back Support Structure Base',#1227);
#15=SPHERICAL_SURFACE('',#1331,1.99999999999999);
#16=SPHERICAL_SURFACE('',#1337,1.99999999999999);
#17=CONICAL_SURFACE('',#1279,7.90000000000001,0.174532925199433);
#18=FACE_BOUND('',#396,.T.);
#19=FACE_BOUND('',#397,.T.);
#20=FACE_BOUND('',#400,.T.);
#21=FACE_BOUND('',#401,.T.);
#22=FACE_BOUND('',#402,.T.);
#23=FACE_BOUND('',#403,.T.);
#24=FACE_BOUND('',#404,.T.);
#25=FACE_BOUND('',#405,.T.);
#26=FACE_BOUND('',#406,.T.);
#27=FACE_BOUND('',#407,.T.);
#28=FACE_BOUND('',#408,.T.);
#29=FACE_BOUND('',#414,.T.);
#30=FACE_BOUND('',#420,.T.);
#31=FACE_BOUND('',#421,.T.);
#32=FACE_BOUND('',#429,.T.);
#33=FACE_BOUND('',#430,.T.);
#34=FACE_BOUND('',#431,.T.);
#35=FACE_BOUND('',#432,.T.);
#36=FACE_BOUND('',#434,.T.);
#37=FACE_BOUND('',#464,.T.);
#38=FACE_BOUND('',#465,.T.);
#39=TOROIDAL_SURFACE('',#1245,1.2,0.8);
#40=TOROIDAL_SURFACE('',#1275,8.45000000000001,0.8);
#41=TOROIDAL_SURFACE('',#1286,2.2,0.4);
#42=TOROIDAL_SURFACE('',#1291,2.2,0.4);
#43=TOROIDAL_SURFACE('',#1296,2.2,0.4);
#44=TOROIDAL_SURFACE('',#1301,2.2,0.4);
#45=TOROIDAL_SURFACE('',#1306,2.2,0.4);
#46=TOROIDAL_SURFACE('',#1311,2.2,0.4);
#47=TOROIDAL_SURFACE('',#1316,2.2,0.4);
#48=TOROIDAL_SURFACE('',#1321,4.30000000000001,0.4);
#49=TOROIDAL_SURFACE('',#1326,2.2,0.4);
#50=CIRCLE('',#1244,0.800000000000001);
#51=CIRCLE('',#1246,0.800000000000001);
#52=CIRCLE('',#1247,1.2);
#53=CIRCLE('',#1248,2.);
#54=CIRCLE('',#1252,1.8);
#55=CIRCLE('',#1253,1.8);
#56=CIRCLE('',#1255,2.);
#57=CIRCLE('',#1257,2.2);
#58=CIRCLE('',#1258,2.2);
#59=CIRCLE('',#1259,2.2);
#60=CIRCLE('',#1260,2.2);
#61=CIRCLE('',#1261,2.2);
#62=CIRCLE('',#1262,4.30000000000001);
#63=CIRCLE('',#1263,2.2);
#64=CIRCLE('',#1264,2.2);
#65=CIRCLE('',#1265,2.2);
#66=CIRCLE('',#1269,11.65);
#67=CIRCLE('',#1272,11.65);
#68=CIRCLE('',#1276,7.66215379759025);
#69=CIRCLE('',#1277,0.8);
#70=CIRCLE('',#1278,7.65000000000001);
#71=CIRCLE('',#1280,8.15000000000001);
#72=CIRCLE('',#1282,7.65000000000001);
#73=CIRCLE('',#1284,11.65);
#74=CIRCLE('',#1285,11.65);
#75=CIRCLE('',#1287,0.4);
#76=CIRCLE('',#1288,1.8);
#77=CIRCLE('',#1290,1.8);
#78=CIRCLE('',#1292,0.4);
#79=CIRCLE('',#1293,1.8);
#80=CIRCLE('',#1295,1.8);
#81=CIRCLE('',#1297,0.4);
#82=CIRCLE('',#1298,1.8);
#83=CIRCLE('',#1300,1.8);
#84=CIRCLE('',#1302,0.4);
#85=CIRCLE('',#1303,1.8);
#86=CIRCLE('',#1305,1.8);
#87=CIRCLE('',#1307,0.4);
#88=CIRCLE('',#1308,1.8);
#89=CIRCLE('',#1310,1.8);
#90=CIRCLE('',#1312,0.4);
#91=CIRCLE('',#1313,1.8);
#92=CIRCLE('',#1315,1.8);
#93=CIRCLE('',#1317,0.4);
#94=CIRCLE('',#1318,1.8);
#95=CIRCLE('',#1320,1.8);
#96=CIRCLE('',#1322,0.4);
#97=CIRCLE('',#1323,3.90000000000001);
#98=CIRCLE('',#1325,3.90000000000001);
#99=CIRCLE('',#1327,0.4);
#100=CIRCLE('',#1328,1.8);
#101=CIRCLE('',#1330,1.8);
#102=CIRCLE('',#1332,1.99999999999999);
#103=CIRCLE('',#1333,1.99999999999999);
#104=CIRCLE('',#1334,2.);
#105=CIRCLE('',#1338,1.99999999999999);
#106=CIRCLE('',#1339,1.99999999999999);
#107=CIRCLE('',#1340,2.);
#108=CIRCLE('',#1344,1.99999999999999);
#109=CIRCLE('',#1347,2.);
#110=CIRCLE('',#1350,1.8);
#111=CIRCLE('',#1351,1.8);
#112=ELLIPSE('',#1243,1.13137084989835,0.8);
#113=ELLIPSE('',#1250,1.1313708498986,0.8);
#114=ELLIPSE('',#1336,2.7831812400145,2.);
#115=ELLIPSE('',#1342,2.7831812400145,2.);
#116=CYLINDRICAL_SURFACE('',#1242,0.8);
#117=CYLINDRICAL_SURFACE('',#1249,0.8);
#118=CYLINDRICAL_SURFACE('',#1254,2.);
#119=CYLINDRICAL_SURFACE('',#1270,1.99999999999999);
#120=CYLINDRICAL_SURFACE('',#1271,1.99999999999999);
#121=CYLINDRICAL_SURFACE('',#1273,1.99999999999999);
#122=CYLINDRICAL_SURFACE('',#1274,1.99999999999999);
#123=CYLINDRICAL_SURFACE('',#1281,7.65000000000001);
#124=CYLINDRICAL_SURFACE('',#1289,1.8);
#125=CYLINDRICAL_SURFACE('',#1294,1.8);
#126=CYLINDRICAL_SURFACE('',#1299,1.8);
#127=CYLINDRICAL_SURFACE('',#1304,1.8);
#128=CYLINDRICAL_SURFACE('',#1309,1.8);
#129=CYLINDRICAL_SURFACE('',#1314,1.8);
#130=CYLINDRICAL_SURFACE('',#1319,1.8);
#131=CYLINDRICAL_SURFACE('',#1324,3.90000000000001);
#132=CYLINDRICAL_SURFACE('',#1329,1.8);
#133=CYLINDRICAL_SURFACE('',#1335,2.);
#134=CYLINDRICAL_SURFACE('',#1341,2.);
#135=CYLINDRICAL_SURFACE('',#1343,2.);
#136=CYLINDRICAL_SURFACE('',#1345,2.);
#137=CYLINDRICAL_SURFACE('',#1346,2.);
#138=CYLINDRICAL_SURFACE('',#1367,1.8);
#139=CYLINDRICAL_SURFACE('',#1368,1.8);
#140=LINE('',#1829,#213);
#141=LINE('',#1831,#214);
#142=LINE('',#1833,#215);
#143=LINE('',#1834,#216);
#144=LINE('',#1840,#217);
#145=LINE('',#1843,#218);
#146=LINE('',#1854,#219);
#147=LINE('',#1855,#220);
#148=LINE('',#1858,#221);
#149=LINE('',#1860,#222);
#150=LINE('',#1861,#223);
#151=LINE('',#1868,#224);
#152=LINE('',#1872,#225);
#153=LINE('',#1873,#226);
#154=LINE('',#1894,#227);
#155=LINE('',#1896,#228);
#156=LINE('',#1897,#229);
#157=LINE('',#1898,#230);
#158=LINE('',#1901,#231);
#159=LINE('',#1903,#232);
#160=LINE('',#1904,#233);
#161=LINE('',#1905,#234);
#162=LINE('',#2081,#235);
#163=LINE('',#2154,#236);
#164=LINE('',#2158,#237);
#165=LINE('',#2203,#238);
#166=LINE('',#2383,#239);
#167=LINE('',#2427,#240);
#168=LINE('',#2588,#241);
#169=LINE('',#2685,#242);
#170=LINE('',#2687,#243);
#171=LINE('',#2690,#244);
#172=LINE('',#2768,#245);
#173=LINE('',#2930,#246);
#174=LINE('',#3012,#247);
#175=LINE('',#3091,#248);
#176=LINE('',#3094,#249);
#177=LINE('',#3106,#250);
#178=LINE('',#3114,#251);
#179=LINE('',#3122,#252);
#180=LINE('',#3130,#253);
#181=LINE('',#3138,#254);
#182=LINE('',#3146,#255);
#183=LINE('',#3154,#256);
#184=LINE('',#3162,#257);
#185=LINE('',#3170,#258);
#186=LINE('',#3182,#259);
#187=LINE('',#3183,#260);
#188=LINE('',#3195,#261);
#189=LINE('',#3196,#262);
#190=LINE('',#3201,#263);
#191=LINE('',#3202,#264);
#192=LINE('',#3204,#265);
#193=LINE('',#3205,#266);
#194=LINE('',#3210,#267);
#195=LINE('',#3211,#268);
#196=LINE('',#3335,#269);
#197=LINE('',#3445,#270);
#198=LINE('',#3455,#271);
#199=LINE('',#3457,#272);
#200=LINE('',#3463,#273);
#201=LINE('',#3521,#274);
#202=LINE('',#3523,#275);
#203=LINE('',#3525,#276);
#204=LINE('',#3527,#277);
#205=LINE('',#3529,#278);
#206=LINE('',#3531,#279);
#207=LINE('',#3532,#280);
#208=LINE('',#3534,#281);
#209=LINE('',#3545,#282);
#210=LINE('',#3547,#283);
#211=LINE('',#3549,#284);
#212=LINE('',#3551,#285);
#213=VECTOR('',#1376,10.);
#214=VECTOR('',#1377,10.);
#215=VECTOR('',#1378,10.);
#216=VECTOR('',#1379,10.);
#217=VECTOR('',#1384,10.);
#218=VECTOR('',#1387,10.);
#219=VECTOR('',#1400,10.);
#220=VECTOR('',#1401,10.);
#221=VECTOR('',#1404,10.);
#222=VECTOR('',#1405,10.);
#223=VECTOR('',#1406,10.);
#224=VECTOR('',#1413,10.);
#225=VECTOR('',#1418,10.);
#226=VECTOR('',#1419,10.);
#227=VECTOR('',#1440,10.);
#228=VECTOR('',#1441,10.);
#229=VECTOR('',#1442,10.);
#230=VECTOR('',#1443,10.);
#231=VECTOR('',#1446,10.);
#232=VECTOR('',#1447,10.);
#233=VECTOR('',#1448,10.);
#234=VECTOR('',#1449,10.);
#235=VECTOR('',#1452,10.);
#236=VECTOR('',#1453,51.7233197150194);
#237=VECTOR('',#1456,51.7233197150194);
#238=VECTOR('',#1459,1.99999999999999);
#239=VECTOR('',#1460,10.);
#240=VECTOR('',#1463,1.99999999999999);
#241=VECTOR('',#1464,10.);
#242=VECTOR('',#1465,10.);
#243=VECTOR('',#1466,51.7233197150194);
#244=VECTOR('',#1469,51.7233197150194);
#245=VECTOR('',#1472,1.99999999999999);
#246=VECTOR('',#1473,10.);
#247=VECTOR('',#1476,1.99999999999999);
#248=VECTOR('',#1489,7.90000000000001);
#249=VECTOR('',#1492,7.65000000000001);
#250=VECTOR('',#1511,1.8);
#251=VECTOR('',#1522,1.8);
#252=VECTOR('',#1533,1.8);
#253=VECTOR('',#1544,1.8);
#254=VECTOR('',#1555,1.8);
#255=VECTOR('',#1566,1.8);
#256=VECTOR('',#1577,1.8);
#257=VECTOR('',#1588,3.90000000000001);
#258=VECTOR('',#1599,1.8);
#259=VECTOR('',#1612,10.);
#260=VECTOR('',#1613,10.);
#261=VECTOR('',#1626,10.);
#262=VECTOR('',#1627,10.);
#263=VECTOR('',#1632,10.);
#264=VECTOR('',#1633,10.);
#265=VECTOR('',#1636,10.);
#266=VECTOR('',#1637,10.);
#267=VECTOR('',#1642,10.);
#268=VECTOR('',#1643,10.);
#269=VECTOR('',#1644,10.);
#270=VECTOR('',#1645,10.);
#271=VECTOR('',#1648,10.);
#272=VECTOR('',#1651,10.);
#273=VECTOR('',#1658,10.);
#274=VECTOR('',#1661,10.);
#275=VECTOR('',#1664,10.);
#276=VECTOR('',#1667,10.);
#277=VECTOR('',#1670,10.);
#278=VECTOR('',#1671,10.);
#279=VECTOR('',#1672,10.);
#280=VECTOR('',#1673,10.);
#281=VECTOR('',#1676,10.);
#282=VECTOR('',#1697,1.8);
#283=VECTOR('',#1700,1.8);
#284=VECTOR('',#1703,10.);
#285=VECTOR('',#1706,10.);
#286=PLANE('',#1241);
#287=PLANE('',#1251);
#288=PLANE('',#1256);
#289=PLANE('',#1266);
#290=PLANE('',#1267);
#291=PLANE('',#1268);
#292=PLANE('',#1283);
#293=PLANE('',#1348);
#294=PLANE('',#1349);
#295=PLANE('',#1352);
#296=PLANE('',#1353);
#297=PLANE('',#1354);
#298=PLANE('',#1355);
#299=PLANE('',#1356);
#300=PLANE('',#1357);
#301=PLANE('',#1358);
#302=PLANE('',#1359);
#303=PLANE('',#1360);
#304=PLANE('',#1361);
#305=PLANE('',#1362);
#306=PLANE('',#1363);
#307=PLANE('',#1364);
#308=PLANE('',#1365);
#309=PLANE('',#1366);
#310=PLANE('',#1369);
#311=PLANE('',#1370);
#312=PLANE('',#1371);
#313=FACE_OUTER_BOUND('',#390,.T.);
#314=FACE_OUTER_BOUND('',#391,.T.);
#315=FACE_OUTER_BOUND('',#392,.T.);
#316=FACE_OUTER_BOUND('',#393,.T.);
#317=FACE_OUTER_BOUND('',#394,.T.);
#318=FACE_OUTER_BOUND('',#395,.T.);
#319=FACE_OUTER_BOUND('',#398,.T.);
#320=FACE_OUTER_BOUND('',#399,.T.);
#321=FACE_OUTER_BOUND('',#409,.T.);
#322=FACE_OUTER_BOUND('',#410,.T.);
#323=FACE_OUTER_BOUND('',#411,.T.);
#324=FACE_OUTER_BOUND('',#412,.T.);
#325=FACE_OUTER_BOUND('',#413,.T.);
#326=FACE_OUTER_BOUND('',#415,.T.);
#327=FACE_OUTER_BOUND('',#416,.T.);
#328=FACE_OUTER_BOUND('',#417,.T.);
#329=FACE_OUTER_BOUND('',#418,.T.);
#330=FACE_OUTER_BOUND('',#419,.T.);
#331=FACE_OUTER_BOUND('',#422,.T.);
#332=FACE_OUTER_BOUND('',#423,.T.);
#333=FACE_OUTER_BOUND('',#424,.T.);
#334=FACE_OUTER_BOUND('',#425,.T.);
#335=FACE_OUTER_BOUND('',#426,.T.);
#336=FACE_OUTER_BOUND('',#427,.T.);
#337=FACE_OUTER_BOUND('',#428,.T.);
#338=FACE_OUTER_BOUND('',#433,.T.);
#339=FACE_OUTER_BOUND('',#435,.T.);
#340=FACE_OUTER_BOUND('',#436,.T.);
#341=FACE_OUTER_BOUND('',#437,.T.);
#342=FACE_OUTER_BOUND('',#438,.T.);
#343=FACE_OUTER_BOUND('',#439,.T.);
#344=FACE_OUTER_BOUND('',#440,.T.);
#345=FACE_OUTER_BOUND('',#441,.T.);
#346=FACE_OUTER_BOUND('',#442,.T.);
#347=FACE_OUTER_BOUND('',#443,.T.);
#348=FACE_OUTER_BOUND('',#444,.T.);
#349=FACE_OUTER_BOUND('',#445,.T.);
#350=FACE_OUTER_BOUND('',#446,.T.);
#351=FACE_OUTER_BOUND('',#447,.T.);
#352=FACE_OUTER_BOUND('',#448,.T.);
#353=FACE_OUTER_BOUND('',#449,.T.);
#354=FACE_OUTER_BOUND('',#450,.T.);
#355=FACE_OUTER_BOUND('',#451,.T.);
#356=FACE_OUTER_BOUND('',#452,.T.);
#357=FACE_OUTER_BOUND('',#453,.T.);
#358=FACE_OUTER_BOUND('',#454,.T.);
#359=FACE_OUTER_BOUND('',#455,.T.);
#360=FACE_OUTER_BOUND('',#456,.T.);
#361=FACE_OUTER_BOUND('',#457,.T.);
#362=FACE_OUTER_BOUND('',#458,.T.);
#363=FACE_OUTER_BOUND('',#459,.T.);
#364=FACE_OUTER_BOUND('',#460,.T.);
#365=FACE_OUTER_BOUND('',#461,.T.);
#366=FACE_OUTER_BOUND('',#462,.T.);
#367=FACE_OUTER_BOUND('',#463,.T.);
#368=FACE_OUTER_BOUND('',#466,.T.);
#369=FACE_OUTER_BOUND('',#467,.T.);
#370=FACE_OUTER_BOUND('',#468,.T.);
#371=FACE_OUTER_BOUND('',#469,.T.);
#372=FACE_OUTER_BOUND('',#470,.T.);
#373=FACE_OUTER_BOUND('',#471,.T.);
#374=FACE_OUTER_BOUND('',#472,.T.);
#375=FACE_OUTER_BOUND('',#473,.T.);
#376=FACE_OUTER_BOUND('',#474,.T.);
#377=FACE_OUTER_BOUND('',#475,.T.);
#378=FACE_OUTER_BOUND('',#476,.T.);
#379=FACE_OUTER_BOUND('',#477,.T.);
#380=FACE_OUTER_BOUND('',#478,.T.);
#381=FACE_OUTER_BOUND('',#479,.T.);
#382=FACE_OUTER_BOUND('',#480,.T.);
#383=FACE_OUTER_BOUND('',#481,.T.);
#384=FACE_OUTER_BOUND('',#482,.T.);
#385=FACE_OUTER_BOUND('',#483,.T.);
#386=FACE_OUTER_BOUND('',#484,.T.);
#387=FACE_OUTER_BOUND('',#485,.T.);
#388=FACE_OUTER_BOUND('',#486,.T.);
#389=FACE_OUTER_BOUND('',#487,.T.);
#390=EDGE_LOOP('',(#796,#797,#798,#799));
#391=EDGE_LOOP('',(#800,#801,#802,#803,#804,#805,#806));
#392=EDGE_LOOP('',(#807,#808,#809,#810));
#393=EDGE_LOOP('',(#811,#812,#813,#814));
#394=EDGE_LOOP('',(#815,#816,#817,#818));
#395=EDGE_LOOP('',(#819,#820,#821,#822));
#396=EDGE_LOOP('',(#823));
#397=EDGE_LOOP('',(#824));
#398=EDGE_LOOP('',(#825,#826,#827,#828));
#399=EDGE_LOOP('',(#829,#830,#831,#832));
#400=EDGE_LOOP('',(#833));
#401=EDGE_LOOP('',(#834));
#402=EDGE_LOOP('',(#835));
#403=EDGE_LOOP('',(#836));
#404=EDGE_LOOP('',(#837));
#405=EDGE_LOOP('',(#838));
#406=EDGE_LOOP('',(#839));
#407=EDGE_LOOP('',(#840));
#408=EDGE_LOOP('',(#841));
#409=EDGE_LOOP('',(#842,#843,#844,#845,#846,#847));
#410=EDGE_LOOP('',(#848,#849,#850,#851,#852,#853));
#411=EDGE_LOOP('',(#854,#855,#856,#857));
#412=EDGE_LOOP('',(#858,#859,#860,#861,#862,#863,#864));
#413=EDGE_LOOP('',(#865,#866,#867,#868,#869,#870));
#414=EDGE_LOOP('',(#871));
#415=EDGE_LOOP('',(#872,#873,#874,#875,#876));
#416=EDGE_LOOP('',(#877,#878,#879,#880,#881));
#417=EDGE_LOOP('',(#882,#883,#884,#885,#886));
#418=EDGE_LOOP('',(#887,#888,#889,#890,#891));
#419=EDGE_LOOP('',(#892,#893,#894,#895,#896));
#420=EDGE_LOOP('',(#897));
#421=EDGE_LOOP('',(#898));
#422=EDGE_LOOP('',(#899,#900,#901,#902,#903));
#423=EDGE_LOOP('',(#904,#905,#906,#907,#908));
#424=EDGE_LOOP('',(#909,#910,#911,#912,#913));
#425=EDGE_LOOP('',(#914,#915,#916,#917,#918,#919,#920,#921,#922));
#426=EDGE_LOOP('',(#923,#924,#925,#926));
#427=EDGE_LOOP('',(#927,#928,#929,#930));
#428=EDGE_LOOP('',(#931,#932,#933,#934));
#429=EDGE_LOOP('',(#935));
#430=EDGE_LOOP('',(#936));
#431=EDGE_LOOP('',(#937));
#432=EDGE_LOOP('',(#938));
#433=EDGE_LOOP('',(#939,#940,#941,#942));
#434=EDGE_LOOP('',(#943));
#435=EDGE_LOOP('',(#944,#945,#946,#947));
#436=EDGE_LOOP('',(#948,#949,#950,#951));
#437=EDGE_LOOP('',(#952,#953,#954,#955));
#438=EDGE_LOOP('',(#956,#957,#958,#959));
#439=EDGE_LOOP('',(#960,#961,#962,#963));
#440=EDGE_LOOP('',(#964,#965,#966,#967));
#441=EDGE_LOOP('',(#968,#969,#970,#971));
#442=EDGE_LOOP('',(#972,#973,#974,#975));
#443=EDGE_LOOP('',(#976,#977,#978,#979));
#444=EDGE_LOOP('',(#980,#981,#982,#983));
#445=EDGE_LOOP('',(#984,#985,#986,#987));
#446=EDGE_LOOP('',(#988,#989,#990,#991));
#447=EDGE_LOOP('',(#992,#993,#994,#995));
#448=EDGE_LOOP('',(#996,#997,#998,#999));
#449=EDGE_LOOP('',(#1000,#1001,#1002,#1003));
#450=EDGE_LOOP('',(#1004,#1005,#1006,#1007));
#451=EDGE_LOOP('',(#1008,#1009,#1010,#1011));
#452=EDGE_LOOP('',(#1012,#1013,#1014,#1015));
#453=EDGE_LOOP('',(#1016,#1017,#1018));
#454=EDGE_LOOP('',(#1019,#1020,#1021,#1022));
#455=EDGE_LOOP('',(#1023,#1024,#1025));
#456=EDGE_LOOP('',(#1026,#1027,#1028,#1029));
#457=EDGE_LOOP('',(#1030,#1031,#1032,#1033));
#458=EDGE_LOOP('',(#1034,#1035,#1036,#1037));
#459=EDGE_LOOP('',(#1038,#1039,#1040,#1041));
#460=EDGE_LOOP('',(#1042,#1043,#1044,#1045));
#461=EDGE_LOOP('',(#1046,#1047,#1048,#1049));
#462=EDGE_LOOP('',(#1050,#1051,#1052));
#463=EDGE_LOOP('',(#1053,#1054,#1055,#1056,#1057,#1058));
#464=EDGE_LOOP('',(#1059));
#465=EDGE_LOOP('',(#1060));
#466=EDGE_LOOP('',(#1061,#1062,#1063,#1064));
#467=EDGE_LOOP('',(#1065));
#468=EDGE_LOOP('',(#1066,#1067,#1068,#1069,#1070));
#469=EDGE_LOOP('',(#1071,#1072,#1073,#1074,#1075));
#470=EDGE_LOOP('',(#1076,#1077,#1078));
#471=EDGE_LOOP('',(#1079,#1080,#1081,#1082));
#472=EDGE_LOOP('',(#1083,#1084,#1085,#1086,#1087,#1088,#1089,#1090,#1091,
#1092,#1093,#1094));
#473=EDGE_LOOP('',(#1095,#1096,#1097,#1098,#1099,#1100,#1101));
#474=EDGE_LOOP('',(#1102));
#475=EDGE_LOOP('',(#1103));
#476=EDGE_LOOP('',(#1104));
#477=EDGE_LOOP('',(#1105));
#478=EDGE_LOOP('',(#1106));
#479=EDGE_LOOP('',(#1107));
#480=EDGE_LOOP('',(#1108));
#481=EDGE_LOOP('',(#1109));
#482=EDGE_LOOP('',(#1110));
#483=EDGE_LOOP('',(#1111,#1112,#1113,#1114));
#484=EDGE_LOOP('',(#1115,#1116,#1117,#1118));
#485=EDGE_LOOP('',(#1119,#1120,#1121,#1122,#1123));
#486=EDGE_LOOP('',(#1124,#1125,#1126,#1127,#1128));
#487=EDGE_LOOP('',(#1129,#1130,#1131,#1132,#1133,#1134,#1135,#1136,#1137));
#488=B_SPLINE_CURVE_WITH_KNOTS('',3,(#1742,#1743,#1744,#1745,#1746,#1747,
#1748,#1749,#1750,#1751,#1752,#1753),.UNSPECIFIED.,.F.,.F.,(4,2,2,2,2,4),
(-0.418267337714093,-0.358622953143464,-0.296128534365607,-0.187284843959425,
-0.0921402282238046,0.),.UNSPECIFIED.);
#489=B_SPLINE_CURVE_WITH_KNOTS('',3,(#1755,#1756,#1757,#1758,#1759,#1760),
 .UNSPECIFIED.,.F.,.F.,(4,1,1,4),(-4.79572159140395,-3.44047849821586,-2.04465315193449,
-0.769451168343809),.UNSPECIFIED.);
#490=B_SPLINE_CURVE_WITH_KNOTS('',3,(#1762,#1763,#1764,#1765,#1766,#1767,
#1768,#1769,#1770,#1771,#1772,#1773,#1774,#1775,#1776,#1777,#1778,#1779,
#1780,#1781,#1782,#1783,#1784,#1785,#1786,#1787,#1788,#1789,#1790,#1791,
#1792,#1793,#1794,#1795,#1796,#1797,#1798,#1799,#1800,#1801,#1802,#1803,
#1804,#1805,#1806,#1807),.UNSPECIFIED.,.F.,.F.,(4,3,3,3,3,3,3,3,3,3,3,3,
3,3,3,4),(0.,0.0566912601885566,0.115453506164244,0.176138881841692,0.238573059554604,
0.300937430422769,0.361840251705398,0.399670576346161,0.45946597041623,
0.514651809561303,0.571710235274073,0.631556036095872,0.692633532843787,
0.754523848377428,0.795425116706714,0.79701238354663),.UNSPECIFIED.);
#491=B_SPLINE_CURVE_WITH_KNOTS('',3,(#1808,#1809,#1810,#1811,#1812,#1813),
 .UNSPECIFIED.,.F.,.F.,(4,1,1,4),(-0.0490848674875552,2.04465315193449,
3.44047849821586,4.83593099608495),.UNSPECIFIED.);
#492=B_SPLINE_CURVE_WITH_KNOTS('',3,(#1816,#1817,#1818,#1819),
 .UNSPECIFIED.,.F.,.F.,(4,4),(-0.27628716933275,-0.0554372808066257),
 .UNSPECIFIED.);
#493=B_SPLINE_CURVE_WITH_KNOTS('',3,(#1821,#1822,#1823,#1824,#1825,#1826,
#1827),.UNSPECIFIED.,.F.,.F.,(4,1,1,1,4),(-3.47460386888578,-2.44138825152321,
-1.35431808318083,-0.53901545692404,0.0554372808066318),.UNSPECIFIED.);
#494=B_SPLINE_CURVE_WITH_KNOTS('',3,(#2025,#2026,#2027,#2028,#2029,#2030,
#2031,#2032,#2033,#2034,#2035,#2036,#2037,#2038,#2039,#2040,#2041,#2042,
#2043,#2044,#2045,#2046,#2047,#2048,#2049,#2050,#2051,#2052,#2053,#2054,
#2055),.UNSPECIFIED.,.F.,.F.,(4,3,3,3,3,3,3,3,3,3,4),(0.183147876842719,
0.22987501552272,0.257352368208174,0.306047752171186,0.315149140342445,
0.364325516382105,0.413635638791412,0.433603079081852,0.481805796225615,
0.528895647745815,0.541409422236144),.UNSPECIFIED.);
#495=B_SPLINE_CURVE_WITH_KNOTS('',3,(#2057,#2058,#2059,#2060,#2061,#2062,
#2063,#2064,#2065,#2066,#2067,#2068,#2069,#2070,#2071,#2072,#2073,#2074,
#2075,#2076,#2077,#2078,#2079),.UNSPECIFIED.,.F.,.F.,(4,1,2,2,2,2,2,2,2,
2,2,4),(0.417091652900592,0.478333203602713,0.593023176879756,0.675113005707134,
0.841092356568651,0.905503106424265,0.962728247675793,1.02443063079951,
1.1030739369988,1.18297611843422,1.23466804551043,1.28640496152558),
 .UNSPECIFIED.);
#496=B_SPLINE_CURVE_WITH_KNOTS('',3,(#2083,#2084,#2085,#2086,#2087,#2088,
#2089,#2090,#2091,#2092,#2093,#2094,#2095,#2096,#2097,#2098,#2099,#2100,
#2101,#2102,#2103,#2104,#2105,#2106,#2107,#2108,#2109,#2110,#2111),
 .UNSPECIFIED.,.F.,.F.,(4,2,2,2,2,2,2,2,2,2,1,2,2,2,4),(-1.28640496152558,
-1.23466804551043,-1.18297611843422,-1.1030739369988,-1.02443063079951,
-0.962728247675793,-0.905503106424265,-0.841092356568651,-0.675113005707134,
-0.593023176879756,-0.478333203602713,-0.363643230325669,-0.233064449530595,
-0.161344223745341,-0.00399821207809238),.UNSPECIFIED.);
#497=B_SPLINE_CURVE_WITH_KNOTS('',3,(#2112,#2113,#2114,#2115),
 .UNSPECIFIED.,.F.,.F.,(4,4),(-0.00399821207809238,0.),.UNSPECIFIED.);
#498=B_SPLINE_CURVE_WITH_KNOTS('',3,(#2116,#2117,#2118,#2119,#2120,#2121),
 .UNSPECIFIED.,.F.,.F.,(4,2,4),(0.,0.161344223745341,0.177800534804692),
 .UNSPECIFIED.);
#499=B_SPLINE_CURVE_WITH_KNOTS('',3,(#2147,#2148,#2149,#2150,#2151,#2152),
 .UNSPECIFIED.,.F.,.F.,(4,1,1,4),(5.27648363817272E-5,0.53901545692404,
1.35431808318083,1.51398025697975),.UNSPECIFIED.);
#500=B_SPLINE_CURVE_WITH_KNOTS('',3,(#2159,#2160,#2161,#2162,#2163),
 .UNSPECIFIED.,.F.,.F.,(4,1,4),(1.90522015607525,2.44138825152321,3.41915487906063),
 .UNSPECIFIED.);
#501=B_SPLINE_CURVE_WITH_KNOTS('',3,(#2165,#2166,#2167,#2168,#2169,#2170,
#2171,#2172,#2173,#2174,#2175,#2176,#2177,#2178,#2179,#2180,#2181,#2182,
#2183,#2184,#2185,#2186,#2187,#2188,#2189,#2190,#2191,#2192,#2193,#2194,
#2195,#2196,#2197,#2198,#2199,#2200),.UNSPECIFIED.,.T.,.F.,(4,2,2,2,2,2,
2,2,2,2,2,2,2,2,2,2,2,4),(0.,0.0798975404813792,0.15073744944542,0.225877190904405,
0.305270509143709,0.455139258366265,0.500401775476327,0.537126136075173,
0.576197437487815,0.711675864195827,0.784484898759884,0.938072745592013,
1.01732840852547,1.09687999852977,1.14581714376916,1.1833526076707,1.22103514649909,
1.2650544959001),.UNSPECIFIED.);
#502=B_SPLINE_CURVE_WITH_KNOTS('',3,(#2204,#2205,#2206,#2207,#2208,#2209,
#2210,#2211,#2212,#2213,#2214,#2215,#2216,#2217,#2218,#2219,#2220,#2221,
#2222,#2223,#2224,#2225,#2226,#2227,#2228,#2229,#2230,#2231,#2232,#2233,
#2234,#2235,#2236,#2237),.UNSPECIFIED.,.T.,.F.,(4,2,2,2,2,2,2,2,2,2,2,2,
2,2,2,2,4),(0.,0.0757243328268216,0.151448665653643,0.227160263462016,0.302871861270388,
0.37858345907876,0.454295056887132,0.530019389713953,0.605743722540774,
0.681468055367596,0.757192388194417,0.832903986002789,0.908615583811161,
0.984327181619533,1.06003877942791,1.13576311225473,1.21148744508155),
 .UNSPECIFIED.);
#503=B_SPLINE_CURVE_WITH_KNOTS('',3,(#2385,#2386,#2387,#2388,#2389,#2390),
 .UNSPECIFIED.,.F.,.F.,(4,2,4),(-1.2650544959001,-1.22103514649909,-1.18461286516933),
 .UNSPECIFIED.);
#504=B_SPLINE_CURVE_WITH_KNOTS('',3,(#2391,#2392,#2393,#2394,#2395,#2396,
#2397,#2398,#2399,#2400,#2401,#2402,#2403,#2404,#2405,#2406,#2407,#2408,
#2409,#2410,#2411,#2412,#2413,#2414,#2415,#2416,#2417,#2418,#2419,#2420,
#2421,#2422,#2423,#2424),.UNSPECIFIED.,.F.,.F.,(4,2,2,2,2,2,2,2,2,2,2,2,
2,2,2,2,4),(-1.18461286516933,-1.1833526076707,-1.14581714376916,-1.09687999852977,
-1.01732840852547,-0.938072745592013,-0.784484898759884,-0.711675864195827,
-0.576197437487815,-0.537126136075173,-0.500401775476327,-0.455139258366265,
-0.305270509143709,-0.225877190904405,-0.15073744944542,-0.0798975404813792,
0.),.UNSPECIFIED.);
#505=B_SPLINE_CURVE_WITH_KNOTS('',3,(#2428,#2429,#2430,#2431,#2432,#2433,
#2434,#2435,#2436,#2437,#2438,#2439,#2440,#2441,#2442,#2443,#2444,#2445,
#2446,#2447,#2448,#2449,#2450,#2451,#2452,#2453,#2454,#2455,#2456,#2457,
#2458,#2459,#2460,#2461),.UNSPECIFIED.,.T.,.F.,(4,2,2,2,2,2,2,2,2,2,2,2,
2,2,2,2,4),(0.,0.0757243328268216,0.151448665653643,0.227160263462016,0.302871861270388,
0.37858345907876,0.454295056887132,0.530019389713953,0.605743722540774,
0.681468055367596,0.757192388194417,0.832903986002789,0.908615583811161,
0.984327181619533,1.06003877942791,1.13576311225473,1.21148744508155),
 .UNSPECIFIED.);
#506=B_SPLINE_CURVE_WITH_KNOTS('',3,(#2590,#2591,#2592,#2593,#2594,#2595,
#2596,#2597,#2598,#2599,#2600,#2601,#2602,#2603,#2604,#2605,#2606,#2607,
#2608,#2609,#2610,#2611,#2612,#2613,#2614,#2615,#2616,#2617,#2618),
 .UNSPECIFIED.,.F.,.F.,(4,2,1,2,2,2,2,2,2,2,2,2,2,2,4),(-1.26447908824135,
-1.08032843109145,-0.965195303568884,-0.850062176046317,-0.790909793404213,
-0.740331362699567,-0.687372254576093,-0.620448475687341,-0.540931523018012,
-0.461852530654942,-0.384640540163826,-0.229858079241153,-0.162479487933311,
-0.1093523748512,-0.0960751442515164),.UNSPECIFIED.);
#507=B_SPLINE_CURVE_WITH_KNOTS('',3,(#2619,#2620,#2621,#2622,#2623,#2624),
 .UNSPECIFIED.,.F.,.F.,(4,2,4),(-0.0960751442515164,-0.0588301498748948,
0.),.UNSPECIFIED.);
#508=B_SPLINE_CURVE_WITH_KNOTS('',3,(#2625,#2626,#2627,#2628,#2629,#2630,
#2631,#2632,#2633,#2634,#2635,#2636,#2637,#2638,#2639,#2640,#2641,#2642,
#2643,#2644,#2645,#2646,#2647,#2648,#2649,#2650,#2651,#2652,#2653,#2654,
#2655),.UNSPECIFIED.,.T.,.F.,(4,2,2,2,2,2,2,2,2,2,2,2,2,1,2,4),(0.,0.0588301498748948,
0.1093523748512,0.162479487933311,0.229858079241153,0.384640540163826,0.461852530654942,
0.540931523018012,0.620448475687341,0.687372254576093,0.740331362699567,
0.790909793404213,0.850062176046317,0.965195303568884,1.08032843109145,
1.26447908824135),.UNSPECIFIED.);
#509=B_SPLINE_CURVE_WITH_KNOTS('',3,(#2692,#2693,#2694,#2695,#2696,#2697,
#2698,#2699,#2700,#2701,#2702,#2703,#2704,#2705,#2706,#2707,#2708,#2709,
#2710,#2711,#2712,#2713,#2714,#2715,#2716,#2717,#2718,#2719,#2720,#2721,
#2722,#2723,#2724,#2725,#2726,#2727,#2728,#2729,#2730,#2731),
 .UNSPECIFIED.,.T.,.F.,(4,2,2,2,2,2,2,2,2,2,2,2,2,2,2,2,2,2,2,4),(0.,0.0479088427692957,
0.0851449016032484,0.123191562967068,0.174114063349445,0.255046382010283,
0.327528745590624,0.402286520612067,0.480154997690251,0.559294905112214,
0.639868693667624,0.692379033554742,0.730862917237278,0.767831807603768,
0.814459367913443,0.893710600811382,0.964282827840067,1.03910319586569,
1.19746545996414,1.26497641796197),.UNSPECIFIED.);
#510=B_SPLINE_CURVE_WITH_KNOTS('',3,(#2734,#2735,#2736,#2737,#2738,#2739,
#2740,#2741,#2742,#2743,#2744,#2745,#2746,#2747,#2748,#2749,#2750,#2751,
#2752,#2753,#2754,#2755,#2756,#2757,#2758,#2759,#2760,#2761,#2762,#2763,
#2764,#2765,#2766,#2767),.UNSPECIFIED.,.T.,.F.,(4,2,2,2,2,2,2,2,2,2,2,2,
2,2,2,2,4),(0.,0.0757243328268216,0.151448665653643,0.227160263462016,0.302871861270388,
0.37858345907876,0.454295056887132,0.530019389713953,0.605743722540774,
0.681468055367596,0.757192388194417,0.832903986002789,0.908615583811161,
0.984327181619533,1.06003877942791,1.13576311225473,1.21148744508155),
 .UNSPECIFIED.);
#511=B_SPLINE_CURVE_WITH_KNOTS('',3,(#2932,#2933,#2934,#2935,#2936,#2937,
#2938,#2939,#2940,#2941,#2942,#2943,#2944,#2945,#2946,#2947,#2948,#2949,
#2950,#2951,#2952,#2953,#2954,#2955,#2956,#2957,#2958,#2959,#2960,#2961,
#2962,#2963,#2964,#2965,#2966,#2967,#2968,#2969),.UNSPECIFIED.,.F.,.F.,
(4,2,2,2,2,2,2,2,2,2,2,2,2,2,2,2,2,2,4),(-1.26497641796197,-1.19746545996414,
-1.03910319586569,-0.964282827840067,-0.893710600811382,-0.814459367913443,
-0.767831807603768,-0.730862917237278,-0.692379033554742,-0.639868693667624,
-0.559294905112214,-0.480154997690251,-0.402286520612067,-0.327528745590624,
-0.255046382010283,-0.174114063349445,-0.123191562967068,-0.0851449016032484,
-0.0804525316618631),.UNSPECIFIED.);
#512=B_SPLINE_CURVE_WITH_KNOTS('',3,(#2970,#2971,#2972,#2973,#2974,#2975),
 .UNSPECIFIED.,.F.,.F.,(4,2,4),(-0.0804525316618631,-0.0479088427692957,
0.),.UNSPECIFIED.);
#513=B_SPLINE_CURVE_WITH_KNOTS('',3,(#2978,#2979,#2980,#2981,#2982,#2983,
#2984,#2985,#2986,#2987,#2988,#2989,#2990,#2991,#2992,#2993,#2994,#2995,
#2996,#2997,#2998,#2999,#3000,#3001,#3002,#3003,#3004,#3005,#3006,#3007,
#3008,#3009,#3010,#3011),.UNSPECIFIED.,.T.,.F.,(4,2,2,2,2,2,2,2,2,2,2,2,
2,2,2,2,4),(0.,0.0757243328268216,0.151448665653643,0.227160263462016,0.302871861270388,
0.37858345907876,0.454295056887132,0.530019389713953,0.605743722540774,
0.681468055367596,0.757192388194417,0.832903986002789,0.908615583811161,
0.984327181619533,1.06003877942791,1.13576311225473,1.21148744508155),
 .UNSPECIFIED.);
#514=B_SPLINE_CURVE_WITH_KNOTS('',3,(#3062,#3063,#3064,#3065,#3066,#3067,
#3068,#3069,#3070,#3071,#3072,#3073),.UNSPECIFIED.,.F.,.F.,(4,2,2,2,2,4),
(-2.33256882596453,-2.07694584343015,-1.79944384779251,-1.2745948139327,
-0.659377325232903,0.),.UNSPECIFIED.);
#515=B_SPLINE_CURVE_WITH_KNOTS('',3,(#3074,#3075,#3076,#3077,#3078,#3079,
#3080,#3081),.UNSPECIFIED.,.F.,.F.,(4,2,2,4),(-1.43642422770816,-1.06379206595918,
-0.496832825001795,0.),.UNSPECIFIED.);
#516=B_SPLINE_CURVE_WITH_KNOTS('',3,(#3269,#3270,#3271,#3272,#3273,#3274,
#3275,#3276,#3277,#3278,#3279,#3280,#3281,#3282,#3283,#3284,#3285,#3286,
#3287,#3288,#3289,#3290,#3291,#3292,#3293,#3294,#3295,#3296,#3297,#3298,
#3299,#3300,#3301,#3302,#3303,#3304,#3305,#3306,#3307,#3308,#3309,#3310,
#3311,#3312,#3313,#3314,#3315,#3316,#3317,#3318,#3319,#3320,#3321,#3322,
#3323,#3324,#3325,#3326),.UNSPECIFIED.,.F.,.F.,(4,3,3,3,3,3,3,3,3,3,3,3,
3,3,3,3,3,3,3,4),(0.,0.0221436258158087,0.0446201160334938,0.0670767673596693,
0.0781162180608905,0.100640845809918,0.122961414105346,0.134946575221839,
0.156227209914315,0.158035272367467,0.180335278928613,0.202931991557945,
0.225492019246214,0.233261554818887,0.234342256148723,0.256925227702336,
0.258482780041815,0.274428755454112,0.296662715781365,0.31452371806293),
 .UNSPECIFIED.);
#517=B_SPLINE_CURVE_WITH_KNOTS('',3,(#3327,#3328,#3329,#3330,#3331,#3332,
#3333,#3334),.UNSPECIFIED.,.F.,.F.,(4,1,1,1,1,4),(0.209833922721828,0.209848308391133,
0.210098621702126,0.210161200029874,0.210223778357622,0.21028635668537),
 .UNSPECIFIED.);
#518=B_SPLINE_CURVE_WITH_KNOTS('',3,(#3393,#3394,#3395,#3396,#3397,#3398,
#3399,#3400,#3401,#3402,#3403,#3404,#3405,#3406,#3407,#3408,#3409,#3410,
#3411,#3412,#3413,#3414,#3415,#3416,#3417,#3418,#3419,#3420,#3421,#3422,
#3423,#3424,#3425,#3426,#3427,#3428,#3429,#3430,#3431,#3432,#3433,#3434,
#3435,#3436,#3437,#3438,#3439,#3440,#3441,#3442,#3443,#3444),
 .UNSPECIFIED.,.F.,.F.,(4,3,3,3,3,3,3,3,3,3,3,3,3,3,3,3,3,4),(0.,0.0219623389126332,
0.0443716131190966,0.0670454291769975,0.0781070569773917,0.0814429635250554,
0.104064880415805,0.121178949301193,0.143424290701102,0.156243394325309,
0.179764126118748,0.192389690454259,0.214920238701708,0.234390826843419,
0.256870217368903,0.27445378730811,0.296790982523925,0.314524048181642),
 .UNSPECIFIED.);
#519=B_SPLINE_CURVE_WITH_KNOTS('',3,(#3446,#3447,#3448,#3449,#3450,#3451,
#3452,#3453),.UNSPECIFIED.,.F.,.F.,(4,1,1,1,1,4),(0.977662990612266,0.97769427977614,
0.977725568940014,0.97785072559551,0.978101038906503,0.978115424575811),
 .UNSPECIFIED.);
#520=VERTEX_POINT('',#1740);
#521=VERTEX_POINT('',#1741);
#522=VERTEX_POINT('',#1754);
#523=VERTEX_POINT('',#1761);
#524=VERTEX_POINT('',#1815);
#525=VERTEX_POINT('',#1820);
#526=VERTEX_POINT('',#1828);
#527=VERTEX_POINT('',#1830);
#528=VERTEX_POINT('',#1832);
#529=VERTEX_POINT('',#1836);
#530=VERTEX_POINT('',#1837);
#531=VERTEX_POINT('',#1839);
#532=VERTEX_POINT('',#1841);
#533=VERTEX_POINT('',#1845);
#534=VERTEX_POINT('',#1846);
#535=VERTEX_POINT('',#1851);
#536=VERTEX_POINT('',#1852);
#537=VERTEX_POINT('',#1857);
#538=VERTEX_POINT('',#1859);
#539=VERTEX_POINT('',#1862);
#540=VERTEX_POINT('',#1864);
#541=VERTEX_POINT('',#1867);
#542=VERTEX_POINT('',#1871);
#543=VERTEX_POINT('',#1874);
#544=VERTEX_POINT('',#1876);
#545=VERTEX_POINT('',#1878);
#546=VERTEX_POINT('',#1880);
#547=VERTEX_POINT('',#1882);
#548=VERTEX_POINT('',#1884);
#549=VERTEX_POINT('',#1886);
#550=VERTEX_POINT('',#1888);
#551=VERTEX_POINT('',#1890);
#552=VERTEX_POINT('',#1893);
#553=VERTEX_POINT('',#1895);
#554=VERTEX_POINT('',#1900);
#555=VERTEX_POINT('',#1902);
#556=VERTEX_POINT('',#2023);
#557=VERTEX_POINT('',#2024);
#558=VERTEX_POINT('',#2056);
#559=VERTEX_POINT('',#2080);
#560=VERTEX_POINT('',#2082);
#561=VERTEX_POINT('',#2146);
#562=VERTEX_POINT('',#2153);
#563=VERTEX_POINT('',#2155);
#564=VERTEX_POINT('',#2157);
#565=VERTEX_POINT('',#2164);
#566=VERTEX_POINT('',#2202);
#567=VERTEX_POINT('',#2382);
#568=VERTEX_POINT('',#2384);
#569=VERTEX_POINT('',#2426);
#570=VERTEX_POINT('',#2586);
#571=VERTEX_POINT('',#2587);
#572=VERTEX_POINT('',#2589);
#573=VERTEX_POINT('',#2684);
#574=VERTEX_POINT('',#2686);
#575=VERTEX_POINT('',#2688);
#576=VERTEX_POINT('',#2691);
#577=VERTEX_POINT('',#2733);
#578=VERTEX_POINT('',#2929);
#579=VERTEX_POINT('',#2931);
#580=VERTEX_POINT('',#2977);
#581=VERTEX_POINT('',#3083);
#582=VERTEX_POINT('',#3085);
#583=VERTEX_POINT('',#3089);
#584=VERTEX_POINT('',#3093);
#585=VERTEX_POINT('',#3100);
#586=VERTEX_POINT('',#3104);
#587=VERTEX_POINT('',#3108);
#588=VERTEX_POINT('',#3112);
#589=VERTEX_POINT('',#3116);
#590=VERTEX_POINT('',#3120);
#591=VERTEX_POINT('',#3124);
#592=VERTEX_POINT('',#3128);
#593=VERTEX_POINT('',#3132);
#594=VERTEX_POINT('',#3136);
#595=VERTEX_POINT('',#3140);
#596=VERTEX_POINT('',#3144);
#597=VERTEX_POINT('',#3148);
#598=VERTEX_POINT('',#3152);
#599=VERTEX_POINT('',#3156);
#600=VERTEX_POINT('',#3160);
#601=VERTEX_POINT('',#3164);
#602=VERTEX_POINT('',#3168);
#603=VERTEX_POINT('',#3172);
#604=VERTEX_POINT('',#3173);
#605=VERTEX_POINT('',#3175);
#606=VERTEX_POINT('',#3179);
#607=VERTEX_POINT('',#3180);
#608=VERTEX_POINT('',#3185);
#609=VERTEX_POINT('',#3186);
#610=VERTEX_POINT('',#3188);
#611=VERTEX_POINT('',#3192);
#612=VERTEX_POINT('',#3193);
#613=VERTEX_POINT('',#3198);
#614=VERTEX_POINT('',#3199);
#615=VERTEX_POINT('',#3207);
#616=VERTEX_POINT('',#3208);
#617=VERTEX_POINT('',#3267);
#618=VERTEX_POINT('',#3268);
#619=VERTEX_POINT('',#3391);
#620=VERTEX_POINT('',#3392);
#621=VERTEX_POINT('',#3458);
#622=VERTEX_POINT('',#3460);
#623=VERTEX_POINT('',#3528);
#624=VERTEX_POINT('',#3530);
#625=EDGE_CURVE('',#520,#521,#488,.T.);
#626=EDGE_CURVE('',#521,#522,#489,.T.);
#627=EDGE_CURVE('',#522,#523,#490,.T.);
#628=EDGE_CURVE('',#523,#520,#491,.T.);
#629=EDGE_CURVE('',#523,#524,#492,.T.);
#630=EDGE_CURVE('',#525,#524,#493,.T.);
#631=EDGE_CURVE('',#526,#525,#140,.T.);
#632=EDGE_CURVE('',#526,#527,#141,.T.);
#633=EDGE_CURVE('',#528,#527,#142,.T.);
#634=EDGE_CURVE('',#520,#528,#143,.T.);
#635=EDGE_CURVE('',#529,#530,#112,.F.);
#636=EDGE_CURVE('',#529,#531,#144,.T.);
#637=EDGE_CURVE('',#531,#532,#50,.T.);
#638=EDGE_CURVE('',#532,#530,#145,.T.);
#639=EDGE_CURVE('',#533,#534,#51,.T.);
#640=EDGE_CURVE('',#534,#532,#52,.T.);
#641=EDGE_CURVE('',#531,#533,#53,.T.);
#642=EDGE_CURVE('',#535,#536,#113,.T.);
#643=EDGE_CURVE('',#536,#534,#146,.T.);
#644=EDGE_CURVE('',#533,#535,#147,.T.);
#645=EDGE_CURVE('',#537,#533,#148,.T.);
#646=EDGE_CURVE('',#537,#538,#149,.T.);
#647=EDGE_CURVE('',#535,#538,#150,.T.);
#648=EDGE_CURVE('',#539,#539,#54,.T.);
#649=EDGE_CURVE('',#540,#540,#55,.T.);
#650=EDGE_CURVE('',#531,#541,#151,.T.);
#651=EDGE_CURVE('',#541,#537,#56,.T.);
#652=EDGE_CURVE('',#542,#529,#152,.T.);
#653=EDGE_CURVE('',#542,#541,#153,.T.);
#654=EDGE_CURVE('',#543,#543,#57,.T.);
#655=EDGE_CURVE('',#544,#544,#58,.T.);
#656=EDGE_CURVE('',#545,#545,#59,.T.);
#657=EDGE_CURVE('',#546,#546,#60,.T.);
#658=EDGE_CURVE('',#547,#547,#61,.T.);
#659=EDGE_CURVE('',#548,#548,#62,.T.);
#660=EDGE_CURVE('',#549,#549,#63,.T.);
#661=EDGE_CURVE('',#550,#550,#64,.T.);
#662=EDGE_CURVE('',#551,#551,#65,.T.);
#663=EDGE_CURVE('',#535,#552,#154,.T.);
#664=EDGE_CURVE('',#553,#552,#155,.T.);
#665=EDGE_CURVE('',#529,#553,#156,.T.);
#666=EDGE_CURVE('',#536,#530,#157,.T.);
#667=EDGE_CURVE('',#552,#554,#158,.T.);
#668=EDGE_CURVE('',#554,#555,#159,.T.);
#669=EDGE_CURVE('',#555,#528,#160,.T.);
#670=EDGE_CURVE('',#527,#553,#161,.T.);
#671=EDGE_CURVE('',#556,#557,#494,.T.);
#672=EDGE_CURVE('',#557,#558,#495,.T.);
#673=EDGE_CURVE('',#558,#559,#162,.T.);
#674=EDGE_CURVE('',#559,#560,#496,.T.);
#675=EDGE_CURVE('',#560,#559,#497,.T.);
#676=EDGE_CURVE('',#558,#556,#498,.T.);
#677=EDGE_CURVE('',#561,#556,#499,.T.);
#678=EDGE_CURVE('',#561,#562,#163,.T.);
#679=EDGE_CURVE('',#563,#562,#66,.T.);
#680=EDGE_CURVE('',#564,#563,#164,.T.);
#681=EDGE_CURVE('',#557,#564,#500,.T.);
#682=EDGE_CURVE('',#565,#565,#501,.T.);
#683=EDGE_CURVE('',#560,#566,#165,.T.);
#684=EDGE_CURVE('',#566,#566,#502,.T.);
#685=EDGE_CURVE('',#565,#567,#166,.T.);
#686=EDGE_CURVE('',#567,#568,#503,.T.);
#687=EDGE_CURVE('',#568,#567,#504,.T.);
#688=EDGE_CURVE('',#568,#569,#167,.T.);
#689=EDGE_CURVE('',#569,#569,#505,.T.);
#690=EDGE_CURVE('',#570,#571,#168,.T.);
#691=EDGE_CURVE('',#571,#572,#506,.T.);
#692=EDGE_CURVE('',#572,#571,#507,.T.);
#693=EDGE_CURVE('',#570,#570,#508,.T.);
#694=EDGE_CURVE('',#573,#520,#169,.T.);
#695=EDGE_CURVE('',#573,#574,#170,.T.);
#696=EDGE_CURVE('',#575,#574,#67,.T.);
#697=EDGE_CURVE('',#521,#575,#171,.T.);
#698=EDGE_CURVE('',#576,#576,#509,.T.);
#699=EDGE_CURVE('',#577,#577,#510,.T.);
#700=EDGE_CURVE('',#577,#572,#172,.T.);
#701=EDGE_CURVE('',#576,#578,#173,.T.);
#702=EDGE_CURVE('',#578,#579,#511,.T.);
#703=EDGE_CURVE('',#579,#578,#512,.T.);
#704=EDGE_CURVE('',#580,#580,#513,.T.);
#705=EDGE_CURVE('',#580,#579,#174,.T.);
#706=EDGE_CURVE('',#525,#564,#514,.F.);
#707=EDGE_CURVE('',#522,#561,#515,.T.);
#708=EDGE_CURVE('',#581,#581,#68,.T.);
#709=EDGE_CURVE('',#581,#582,#69,.T.);
#710=EDGE_CURVE('',#582,#582,#70,.T.);
#711=EDGE_CURVE('',#583,#583,#71,.T.);
#712=EDGE_CURVE('',#583,#581,#175,.T.);
#713=EDGE_CURVE('',#582,#584,#176,.T.);
#714=EDGE_CURVE('',#584,#584,#72,.T.);
#715=EDGE_CURVE('',#562,#575,#73,.T.);
#716=EDGE_CURVE('',#574,#563,#74,.T.);
#717=EDGE_CURVE('',#543,#585,#75,.T.);
#718=EDGE_CURVE('',#585,#585,#76,.T.);
#719=EDGE_CURVE('',#586,#586,#77,.T.);
#720=EDGE_CURVE('',#586,#585,#177,.T.);
#721=EDGE_CURVE('',#551,#587,#78,.T.);
#722=EDGE_CURVE('',#587,#587,#79,.T.);
#723=EDGE_CURVE('',#588,#588,#80,.T.);
#724=EDGE_CURVE('',#588,#587,#178,.T.);
#725=EDGE_CURVE('',#544,#589,#81,.T.);
#726=EDGE_CURVE('',#589,#589,#82,.T.);
#727=EDGE_CURVE('',#590,#590,#83,.T.);
#728=EDGE_CURVE('',#590,#589,#179,.T.);
#729=EDGE_CURVE('',#550,#591,#84,.T.);
#730=EDGE_CURVE('',#591,#591,#85,.T.);
#731=EDGE_CURVE('',#592,#592,#86,.T.);
#732=EDGE_CURVE('',#592,#591,#180,.T.);
#733=EDGE_CURVE('',#545,#593,#87,.T.);
#734=EDGE_CURVE('',#593,#593,#88,.T.);
#735=EDGE_CURVE('',#594,#594,#89,.T.);
#736=EDGE_CURVE('',#594,#593,#181,.T.);
#737=EDGE_CURVE('',#549,#595,#90,.T.);
#738=EDGE_CURVE('',#595,#595,#91,.T.);
#739=EDGE_CURVE('',#596,#596,#92,.T.);
#740=EDGE_CURVE('',#596,#595,#182,.T.);
#741=EDGE_CURVE('',#546,#597,#93,.T.);
#742=EDGE_CURVE('',#597,#597,#94,.T.);
#743=EDGE_CURVE('',#598,#598,#95,.T.);
#744=EDGE_CURVE('',#598,#597,#183,.T.);
#745=EDGE_CURVE('',#548,#599,#96,.T.);
#746=EDGE_CURVE('',#599,#599,#97,.T.);
#747=EDGE_CURVE('',#600,#600,#98,.T.);
#748=EDGE_CURVE('',#600,#599,#184,.T.);
#749=EDGE_CURVE('',#547,#601,#99,.T.);
#750=EDGE_CURVE('',#601,#601,#100,.T.);
#751=EDGE_CURVE('',#602,#602,#101,.T.);
#752=EDGE_CURVE('',#602,#601,#185,.T.);
#753=EDGE_CURVE('',#603,#604,#102,.F.);
#754=EDGE_CURVE('',#605,#603,#103,.F.);
#755=EDGE_CURVE('',#604,#605,#104,.F.);
#756=EDGE_CURVE('',#606,#607,#114,.F.);
#757=EDGE_CURVE('',#606,#605,#186,.T.);
#758=EDGE_CURVE('',#603,#607,#187,.T.);
#759=EDGE_CURVE('',#608,#609,#105,.F.);
#760=EDGE_CURVE('',#610,#608,#106,.F.);
#761=EDGE_CURVE('',#609,#610,#107,.F.);
#762=EDGE_CURVE('',#611,#612,#115,.T.);
#763=EDGE_CURVE('',#612,#610,#188,.T.);
#764=EDGE_CURVE('',#608,#611,#189,.T.);
#765=EDGE_CURVE('',#613,#614,#108,.T.);
#766=EDGE_CURVE('',#614,#609,#190,.T.);
#767=EDGE_CURVE('',#610,#613,#191,.T.);
#768=EDGE_CURVE('',#605,#608,#192,.T.);
#769=EDGE_CURVE('',#609,#604,#193,.T.);
#770=EDGE_CURVE('',#615,#616,#109,.T.);
#771=EDGE_CURVE('',#616,#603,#194,.T.);
#772=EDGE_CURVE('',#604,#615,#195,.T.);
#773=EDGE_CURVE('',#617,#618,#516,.T.);
#774=EDGE_CURVE('',#617,#614,#517,.T.);
#775=EDGE_CURVE('',#618,#613,#196,.T.);
#776=EDGE_CURVE('',#619,#620,#518,.T.);
#777=EDGE_CURVE('',#616,#619,#197,.T.);
#778=EDGE_CURVE('',#615,#620,#519,.T.);
#779=EDGE_CURVE('',#607,#616,#198,.T.);
#780=EDGE_CURVE('',#620,#617,#199,.T.);
#781=EDGE_CURVE('',#621,#621,#110,.T.);
#782=EDGE_CURVE('',#622,#622,#111,.T.);
#783=EDGE_CURVE('',#619,#618,#200,.T.);
#784=EDGE_CURVE('',#525,#573,#201,.T.);
#785=EDGE_CURVE('',#613,#612,#202,.T.);
#786=EDGE_CURVE('',#611,#606,#203,.T.);
#787=EDGE_CURVE('',#555,#611,#204,.T.);
#788=EDGE_CURVE('',#623,#554,#205,.T.);
#789=EDGE_CURVE('',#624,#623,#206,.T.);
#790=EDGE_CURVE('',#606,#624,#207,.T.);
#791=EDGE_CURVE('',#624,#573,#208,.T.);
#792=EDGE_CURVE('',#622,#539,#209,.T.);
#793=EDGE_CURVE('',#621,#540,#210,.T.);
#794=EDGE_CURVE('',#538,#623,#211,.T.);
#795=EDGE_CURVE('',#542,#526,#212,.T.);
#796=ORIENTED_EDGE('',*,*,#625,.T.);
#797=ORIENTED_EDGE('',*,*,#626,.T.);
#798=ORIENTED_EDGE('',*,*,#627,.T.);
#799=ORIENTED_EDGE('',*,*,#628,.T.);
#800=ORIENTED_EDGE('',*,*,#628,.F.);
#801=ORIENTED_EDGE('',*,*,#629,.T.);
#802=ORIENTED_EDGE('',*,*,#630,.F.);
#803=ORIENTED_EDGE('',*,*,#631,.F.);
#804=ORIENTED_EDGE('',*,*,#632,.T.);
#805=ORIENTED_EDGE('',*,*,#633,.F.);
#806=ORIENTED_EDGE('',*,*,#634,.F.);
#807=ORIENTED_EDGE('',*,*,#635,.F.);
#808=ORIENTED_EDGE('',*,*,#636,.T.);
#809=ORIENTED_EDGE('',*,*,#637,.T.);
#810=ORIENTED_EDGE('',*,*,#638,.T.);
#811=ORIENTED_EDGE('',*,*,#639,.T.);
#812=ORIENTED_EDGE('',*,*,#640,.T.);
#813=ORIENTED_EDGE('',*,*,#637,.F.);
#814=ORIENTED_EDGE('',*,*,#641,.T.);
#815=ORIENTED_EDGE('',*,*,#642,.T.);
#816=ORIENTED_EDGE('',*,*,#643,.T.);
#817=ORIENTED_EDGE('',*,*,#639,.F.);
#818=ORIENTED_EDGE('',*,*,#644,.T.);
#819=ORIENTED_EDGE('',*,*,#644,.F.);
#820=ORIENTED_EDGE('',*,*,#645,.F.);
#821=ORIENTED_EDGE('',*,*,#646,.T.);
#822=ORIENTED_EDGE('',*,*,#647,.F.);
#823=ORIENTED_EDGE('',*,*,#648,.T.);
#824=ORIENTED_EDGE('',*,*,#649,.T.);
#825=ORIENTED_EDGE('',*,*,#641,.F.);
#826=ORIENTED_EDGE('',*,*,#650,.T.);
#827=ORIENTED_EDGE('',*,*,#651,.T.);
#828=ORIENTED_EDGE('',*,*,#645,.T.);
#829=ORIENTED_EDGE('',*,*,#636,.F.);
#830=ORIENTED_EDGE('',*,*,#652,.F.);
#831=ORIENTED_EDGE('',*,*,#653,.T.);
#832=ORIENTED_EDGE('',*,*,#650,.F.);
#833=ORIENTED_EDGE('',*,*,#654,.F.);
#834=ORIENTED_EDGE('',*,*,#655,.F.);
#835=ORIENTED_EDGE('',*,*,#656,.F.);
#836=ORIENTED_EDGE('',*,*,#657,.F.);
#837=ORIENTED_EDGE('',*,*,#658,.F.);
#838=ORIENTED_EDGE('',*,*,#659,.F.);
#839=ORIENTED_EDGE('',*,*,#660,.F.);
#840=ORIENTED_EDGE('',*,*,#661,.F.);
#841=ORIENTED_EDGE('',*,*,#662,.F.);
#842=ORIENTED_EDGE('',*,*,#663,.T.);
#843=ORIENTED_EDGE('',*,*,#664,.F.);
#844=ORIENTED_EDGE('',*,*,#665,.F.);
#845=ORIENTED_EDGE('',*,*,#635,.T.);
#846=ORIENTED_EDGE('',*,*,#666,.F.);
#847=ORIENTED_EDGE('',*,*,#642,.F.);
#848=ORIENTED_EDGE('',*,*,#667,.T.);
#849=ORIENTED_EDGE('',*,*,#668,.T.);
#850=ORIENTED_EDGE('',*,*,#669,.T.);
#851=ORIENTED_EDGE('',*,*,#633,.T.);
#852=ORIENTED_EDGE('',*,*,#670,.T.);
#853=ORIENTED_EDGE('',*,*,#664,.T.);
#854=ORIENTED_EDGE('',*,*,#643,.F.);
#855=ORIENTED_EDGE('',*,*,#666,.T.);
#856=ORIENTED_EDGE('',*,*,#638,.F.);
#857=ORIENTED_EDGE('',*,*,#640,.F.);
#858=ORIENTED_EDGE('',*,*,#671,.T.);
#859=ORIENTED_EDGE('',*,*,#672,.T.);
#860=ORIENTED_EDGE('',*,*,#673,.T.);
#861=ORIENTED_EDGE('',*,*,#674,.T.);
#862=ORIENTED_EDGE('',*,*,#675,.T.);
#863=ORIENTED_EDGE('',*,*,#673,.F.);
#864=ORIENTED_EDGE('',*,*,#676,.T.);
#865=ORIENTED_EDGE('',*,*,#671,.F.);
#866=ORIENTED_EDGE('',*,*,#677,.F.);
#867=ORIENTED_EDGE('',*,*,#678,.T.);
#868=ORIENTED_EDGE('',*,*,#679,.F.);
#869=ORIENTED_EDGE('',*,*,#680,.F.);
#870=ORIENTED_EDGE('',*,*,#681,.F.);
#871=ORIENTED_EDGE('',*,*,#682,.F.);
#872=ORIENTED_EDGE('',*,*,#674,.F.);
#873=ORIENTED_EDGE('',*,*,#675,.F.);
#874=ORIENTED_EDGE('',*,*,#683,.T.);
#875=ORIENTED_EDGE('',*,*,#684,.F.);
#876=ORIENTED_EDGE('',*,*,#683,.F.);
#877=ORIENTED_EDGE('',*,*,#685,.T.);
#878=ORIENTED_EDGE('',*,*,#686,.T.);
#879=ORIENTED_EDGE('',*,*,#687,.T.);
#880=ORIENTED_EDGE('',*,*,#685,.F.);
#881=ORIENTED_EDGE('',*,*,#682,.T.);
#882=ORIENTED_EDGE('',*,*,#686,.F.);
#883=ORIENTED_EDGE('',*,*,#687,.F.);
#884=ORIENTED_EDGE('',*,*,#688,.T.);
#885=ORIENTED_EDGE('',*,*,#689,.F.);
#886=ORIENTED_EDGE('',*,*,#688,.F.);
#887=ORIENTED_EDGE('',*,*,#690,.T.);
#888=ORIENTED_EDGE('',*,*,#691,.T.);
#889=ORIENTED_EDGE('',*,*,#692,.T.);
#890=ORIENTED_EDGE('',*,*,#690,.F.);
#891=ORIENTED_EDGE('',*,*,#693,.T.);
#892=ORIENTED_EDGE('',*,*,#694,.F.);
#893=ORIENTED_EDGE('',*,*,#695,.T.);
#894=ORIENTED_EDGE('',*,*,#696,.F.);
#895=ORIENTED_EDGE('',*,*,#697,.F.);
#896=ORIENTED_EDGE('',*,*,#625,.F.);
#897=ORIENTED_EDGE('',*,*,#698,.F.);
#898=ORIENTED_EDGE('',*,*,#693,.F.);
#899=ORIENTED_EDGE('',*,*,#699,.F.);
#900=ORIENTED_EDGE('',*,*,#700,.T.);
#901=ORIENTED_EDGE('',*,*,#691,.F.);
#902=ORIENTED_EDGE('',*,*,#692,.F.);
#903=ORIENTED_EDGE('',*,*,#700,.F.);
#904=ORIENTED_EDGE('',*,*,#701,.T.);
#905=ORIENTED_EDGE('',*,*,#702,.T.);
#906=ORIENTED_EDGE('',*,*,#703,.T.);
#907=ORIENTED_EDGE('',*,*,#701,.F.);
#908=ORIENTED_EDGE('',*,*,#698,.T.);
#909=ORIENTED_EDGE('',*,*,#704,.F.);
#910=ORIENTED_EDGE('',*,*,#705,.T.);
#911=ORIENTED_EDGE('',*,*,#702,.F.);
#912=ORIENTED_EDGE('',*,*,#703,.F.);
#913=ORIENTED_EDGE('',*,*,#705,.F.);
#914=ORIENTED_EDGE('',*,*,#672,.F.);
#915=ORIENTED_EDGE('',*,*,#681,.T.);
#916=ORIENTED_EDGE('',*,*,#706,.F.);
#917=ORIENTED_EDGE('',*,*,#630,.T.);
#918=ORIENTED_EDGE('',*,*,#629,.F.);
#919=ORIENTED_EDGE('',*,*,#627,.F.);
#920=ORIENTED_EDGE('',*,*,#707,.T.);
#921=ORIENTED_EDGE('',*,*,#677,.T.);
#922=ORIENTED_EDGE('',*,*,#676,.F.);
#923=ORIENTED_EDGE('',*,*,#708,.T.);
#924=ORIENTED_EDGE('',*,*,#709,.T.);
#925=ORIENTED_EDGE('',*,*,#710,.T.);
#926=ORIENTED_EDGE('',*,*,#709,.F.);
#927=ORIENTED_EDGE('',*,*,#711,.T.);
#928=ORIENTED_EDGE('',*,*,#712,.T.);
#929=ORIENTED_EDGE('',*,*,#708,.F.);
#930=ORIENTED_EDGE('',*,*,#712,.F.);
#931=ORIENTED_EDGE('',*,*,#710,.F.);
#932=ORIENTED_EDGE('',*,*,#713,.T.);
#933=ORIENTED_EDGE('',*,*,#714,.T.);
#934=ORIENTED_EDGE('',*,*,#713,.F.);
#935=ORIENTED_EDGE('',*,*,#699,.T.);
#936=ORIENTED_EDGE('',*,*,#684,.T.);
#937=ORIENTED_EDGE('',*,*,#704,.T.);
#938=ORIENTED_EDGE('',*,*,#689,.T.);
#939=ORIENTED_EDGE('',*,*,#715,.T.);
#940=ORIENTED_EDGE('',*,*,#696,.T.);
#941=ORIENTED_EDGE('',*,*,#716,.T.);
#942=ORIENTED_EDGE('',*,*,#679,.T.);
#943=ORIENTED_EDGE('',*,*,#711,.F.);
#944=ORIENTED_EDGE('',*,*,#654,.T.);
#945=ORIENTED_EDGE('',*,*,#717,.T.);
#946=ORIENTED_EDGE('',*,*,#718,.T.);
#947=ORIENTED_EDGE('',*,*,#717,.F.);
#948=ORIENTED_EDGE('',*,*,#719,.F.);
#949=ORIENTED_EDGE('',*,*,#720,.T.);
#950=ORIENTED_EDGE('',*,*,#718,.F.);
#951=ORIENTED_EDGE('',*,*,#720,.F.);
#952=ORIENTED_EDGE('',*,*,#662,.T.);
#953=ORIENTED_EDGE('',*,*,#721,.T.);
#954=ORIENTED_EDGE('',*,*,#722,.T.);
#955=ORIENTED_EDGE('',*,*,#721,.F.);
#956=ORIENTED_EDGE('',*,*,#723,.F.);
#957=ORIENTED_EDGE('',*,*,#724,.T.);
#958=ORIENTED_EDGE('',*,*,#722,.F.);
#959=ORIENTED_EDGE('',*,*,#724,.F.);
#960=ORIENTED_EDGE('',*,*,#655,.T.);
#961=ORIENTED_EDGE('',*,*,#725,.T.);
#962=ORIENTED_EDGE('',*,*,#726,.T.);
#963=ORIENTED_EDGE('',*,*,#725,.F.);
#964=ORIENTED_EDGE('',*,*,#727,.F.);
#965=ORIENTED_EDGE('',*,*,#728,.T.);
#966=ORIENTED_EDGE('',*,*,#726,.F.);
#967=ORIENTED_EDGE('',*,*,#728,.F.);
#968=ORIENTED_EDGE('',*,*,#661,.T.);
#969=ORIENTED_EDGE('',*,*,#729,.T.);
#970=ORIENTED_EDGE('',*,*,#730,.T.);
#971=ORIENTED_EDGE('',*,*,#729,.F.);
#972=ORIENTED_EDGE('',*,*,#731,.F.);
#973=ORIENTED_EDGE('',*,*,#732,.T.);
#974=ORIENTED_EDGE('',*,*,#730,.F.);
#975=ORIENTED_EDGE('',*,*,#732,.F.);
#976=ORIENTED_EDGE('',*,*,#656,.T.);
#977=ORIENTED_EDGE('',*,*,#733,.T.);
#978=ORIENTED_EDGE('',*,*,#734,.T.);
#979=ORIENTED_EDGE('',*,*,#733,.F.);
#980=ORIENTED_EDGE('',*,*,#735,.F.);
#981=ORIENTED_EDGE('',*,*,#736,.T.);
#982=ORIENTED_EDGE('',*,*,#734,.F.);
#983=ORIENTED_EDGE('',*,*,#736,.F.);
#984=ORIENTED_EDGE('',*,*,#660,.T.);
#985=ORIENTED_EDGE('',*,*,#737,.T.);
#986=ORIENTED_EDGE('',*,*,#738,.T.);
#987=ORIENTED_EDGE('',*,*,#737,.F.);
#988=ORIENTED_EDGE('',*,*,#739,.F.);
#989=ORIENTED_EDGE('',*,*,#740,.T.);
#990=ORIENTED_EDGE('',*,*,#738,.F.);
#991=ORIENTED_EDGE('',*,*,#740,.F.);
#992=ORIENTED_EDGE('',*,*,#657,.T.);
#993=ORIENTED_EDGE('',*,*,#741,.T.);
#994=ORIENTED_EDGE('',*,*,#742,.T.);
#995=ORIENTED_EDGE('',*,*,#741,.F.);
#996=ORIENTED_EDGE('',*,*,#743,.F.);
#997=ORIENTED_EDGE('',*,*,#744,.T.);
#998=ORIENTED_EDGE('',*,*,#742,.F.);
#999=ORIENTED_EDGE('',*,*,#744,.F.);
#1000=ORIENTED_EDGE('',*,*,#659,.T.);
#1001=ORIENTED_EDGE('',*,*,#745,.T.);
#1002=ORIENTED_EDGE('',*,*,#746,.T.);
#1003=ORIENTED_EDGE('',*,*,#745,.F.);
#1004=ORIENTED_EDGE('',*,*,#747,.F.);
#1005=ORIENTED_EDGE('',*,*,#748,.T.);
#1006=ORIENTED_EDGE('',*,*,#746,.F.);
#1007=ORIENTED_EDGE('',*,*,#748,.F.);
#1008=ORIENTED_EDGE('',*,*,#658,.T.);
#1009=ORIENTED_EDGE('',*,*,#749,.T.);
#1010=ORIENTED_EDGE('',*,*,#750,.T.);
#1011=ORIENTED_EDGE('',*,*,#749,.F.);
#1012=ORIENTED_EDGE('',*,*,#751,.F.);
#1013=ORIENTED_EDGE('',*,*,#752,.T.);
#1014=ORIENTED_EDGE('',*,*,#750,.F.);
#1015=ORIENTED_EDGE('',*,*,#752,.F.);
#1016=ORIENTED_EDGE('',*,*,#753,.F.);
#1017=ORIENTED_EDGE('',*,*,#754,.F.);
#1018=ORIENTED_EDGE('',*,*,#755,.F.);
#1019=ORIENTED_EDGE('',*,*,#756,.F.);
#1020=ORIENTED_EDGE('',*,*,#757,.T.);
#1021=ORIENTED_EDGE('',*,*,#754,.T.);
#1022=ORIENTED_EDGE('',*,*,#758,.T.);
#1023=ORIENTED_EDGE('',*,*,#759,.F.);
#1024=ORIENTED_EDGE('',*,*,#760,.F.);
#1025=ORIENTED_EDGE('',*,*,#761,.F.);
#1026=ORIENTED_EDGE('',*,*,#762,.T.);
#1027=ORIENTED_EDGE('',*,*,#763,.T.);
#1028=ORIENTED_EDGE('',*,*,#760,.T.);
#1029=ORIENTED_EDGE('',*,*,#764,.T.);
#1030=ORIENTED_EDGE('',*,*,#765,.T.);
#1031=ORIENTED_EDGE('',*,*,#766,.T.);
#1032=ORIENTED_EDGE('',*,*,#761,.T.);
#1033=ORIENTED_EDGE('',*,*,#767,.T.);
#1034=ORIENTED_EDGE('',*,*,#755,.T.);
#1035=ORIENTED_EDGE('',*,*,#768,.T.);
#1036=ORIENTED_EDGE('',*,*,#759,.T.);
#1037=ORIENTED_EDGE('',*,*,#769,.T.);
#1038=ORIENTED_EDGE('',*,*,#770,.T.);
#1039=ORIENTED_EDGE('',*,*,#771,.T.);
#1040=ORIENTED_EDGE('',*,*,#753,.T.);
#1041=ORIENTED_EDGE('',*,*,#772,.T.);
#1042=ORIENTED_EDGE('',*,*,#773,.F.);
#1043=ORIENTED_EDGE('',*,*,#774,.T.);
#1044=ORIENTED_EDGE('',*,*,#765,.F.);
#1045=ORIENTED_EDGE('',*,*,#775,.F.);
#1046=ORIENTED_EDGE('',*,*,#776,.F.);
#1047=ORIENTED_EDGE('',*,*,#777,.F.);
#1048=ORIENTED_EDGE('',*,*,#770,.F.);
#1049=ORIENTED_EDGE('',*,*,#778,.T.);
#1050=ORIENTED_EDGE('',*,*,#758,.F.);
#1051=ORIENTED_EDGE('',*,*,#771,.F.);
#1052=ORIENTED_EDGE('',*,*,#779,.F.);
#1053=ORIENTED_EDGE('',*,*,#778,.F.);
#1054=ORIENTED_EDGE('',*,*,#772,.F.);
#1055=ORIENTED_EDGE('',*,*,#769,.F.);
#1056=ORIENTED_EDGE('',*,*,#766,.F.);
#1057=ORIENTED_EDGE('',*,*,#774,.F.);
#1058=ORIENTED_EDGE('',*,*,#780,.F.);
#1059=ORIENTED_EDGE('',*,*,#781,.T.);
#1060=ORIENTED_EDGE('',*,*,#782,.T.);
#1061=ORIENTED_EDGE('',*,*,#776,.T.);
#1062=ORIENTED_EDGE('',*,*,#780,.T.);
#1063=ORIENTED_EDGE('',*,*,#773,.T.);
#1064=ORIENTED_EDGE('',*,*,#783,.F.);
#1065=ORIENTED_EDGE('',*,*,#714,.F.);
#1066=ORIENTED_EDGE('',*,*,#626,.F.);
#1067=ORIENTED_EDGE('',*,*,#697,.T.);
#1068=ORIENTED_EDGE('',*,*,#715,.F.);
#1069=ORIENTED_EDGE('',*,*,#678,.F.);
#1070=ORIENTED_EDGE('',*,*,#707,.F.);
#1071=ORIENTED_EDGE('',*,*,#784,.F.);
#1072=ORIENTED_EDGE('',*,*,#706,.T.);
#1073=ORIENTED_EDGE('',*,*,#680,.T.);
#1074=ORIENTED_EDGE('',*,*,#716,.F.);
#1075=ORIENTED_EDGE('',*,*,#695,.F.);
#1076=ORIENTED_EDGE('',*,*,#763,.F.);
#1077=ORIENTED_EDGE('',*,*,#785,.F.);
#1078=ORIENTED_EDGE('',*,*,#767,.F.);
#1079=ORIENTED_EDGE('',*,*,#757,.F.);
#1080=ORIENTED_EDGE('',*,*,#786,.F.);
#1081=ORIENTED_EDGE('',*,*,#764,.F.);
#1082=ORIENTED_EDGE('',*,*,#768,.F.);
#1083=ORIENTED_EDGE('',*,*,#775,.T.);
#1084=ORIENTED_EDGE('',*,*,#785,.T.);
#1085=ORIENTED_EDGE('',*,*,#762,.F.);
#1086=ORIENTED_EDGE('',*,*,#787,.F.);
#1087=ORIENTED_EDGE('',*,*,#668,.F.);
#1088=ORIENTED_EDGE('',*,*,#788,.F.);
#1089=ORIENTED_EDGE('',*,*,#789,.F.);
#1090=ORIENTED_EDGE('',*,*,#790,.F.);
#1091=ORIENTED_EDGE('',*,*,#756,.T.);
#1092=ORIENTED_EDGE('',*,*,#779,.T.);
#1093=ORIENTED_EDGE('',*,*,#777,.T.);
#1094=ORIENTED_EDGE('',*,*,#783,.T.);
#1095=ORIENTED_EDGE('',*,*,#787,.T.);
#1096=ORIENTED_EDGE('',*,*,#786,.T.);
#1097=ORIENTED_EDGE('',*,*,#790,.T.);
#1098=ORIENTED_EDGE('',*,*,#791,.T.);
#1099=ORIENTED_EDGE('',*,*,#694,.T.);
#1100=ORIENTED_EDGE('',*,*,#634,.T.);
#1101=ORIENTED_EDGE('',*,*,#669,.F.);
#1102=ORIENTED_EDGE('',*,*,#727,.T.);
#1103=ORIENTED_EDGE('',*,*,#743,.T.);
#1104=ORIENTED_EDGE('',*,*,#731,.T.);
#1105=ORIENTED_EDGE('',*,*,#751,.T.);
#1106=ORIENTED_EDGE('',*,*,#747,.T.);
#1107=ORIENTED_EDGE('',*,*,#719,.T.);
#1108=ORIENTED_EDGE('',*,*,#735,.T.);
#1109=ORIENTED_EDGE('',*,*,#739,.T.);
#1110=ORIENTED_EDGE('',*,*,#723,.T.);
#1111=ORIENTED_EDGE('',*,*,#782,.F.);
#1112=ORIENTED_EDGE('',*,*,#792,.T.);
#1113=ORIENTED_EDGE('',*,*,#648,.F.);
#1114=ORIENTED_EDGE('',*,*,#792,.F.);
#1115=ORIENTED_EDGE('',*,*,#781,.F.);
#1116=ORIENTED_EDGE('',*,*,#793,.T.);
#1117=ORIENTED_EDGE('',*,*,#649,.F.);
#1118=ORIENTED_EDGE('',*,*,#793,.F.);
#1119=ORIENTED_EDGE('',*,*,#663,.F.);
#1120=ORIENTED_EDGE('',*,*,#647,.T.);
#1121=ORIENTED_EDGE('',*,*,#794,.T.);
#1122=ORIENTED_EDGE('',*,*,#788,.T.);
#1123=ORIENTED_EDGE('',*,*,#667,.F.);
#1124=ORIENTED_EDGE('',*,*,#652,.T.);
#1125=ORIENTED_EDGE('',*,*,#665,.T.);
#1126=ORIENTED_EDGE('',*,*,#670,.F.);
#1127=ORIENTED_EDGE('',*,*,#632,.F.);
#1128=ORIENTED_EDGE('',*,*,#795,.F.);
#1129=ORIENTED_EDGE('',*,*,#653,.F.);
#1130=ORIENTED_EDGE('',*,*,#795,.T.);
#1131=ORIENTED_EDGE('',*,*,#631,.T.);
#1132=ORIENTED_EDGE('',*,*,#784,.T.);
#1133=ORIENTED_EDGE('',*,*,#791,.F.);
#1134=ORIENTED_EDGE('',*,*,#789,.T.);
#1135=ORIENTED_EDGE('',*,*,#794,.F.);
#1136=ORIENTED_EDGE('',*,*,#646,.F.);
#1137=ORIENTED_EDGE('',*,*,#651,.F.);
#1138=B_SPLINE_SURFACE_WITH_KNOTS('',3,3,((#1710,#1711,#1712,#1713,#1714,
#1715),(#1716,#1717,#1718,#1719,#1720,#1721),(#1722,#1723,#1724,#1725,#1726,
#1727),(#1728,#1729,#1730,#1731,#1732,#1733),(#1734,#1735,#1736,#1737,#1738,
#1739)),.UNSPECIFIED.,.F.,.F.,.F.,(4,1,4),(4,1,1,4),(0.,0.571428571428571,
1.),(-0.0490848674875552,2.04465315193449,3.44047849821586,4.83630384449723),
 .UNSPECIFIED.);
#1139=B_SPLINE_SURFACE_WITH_KNOTS('',3,3,((#1907,#1908,#1909,#1910,#1911,
#1912,#1913,#1914,#1915,#1916,#1917,#1918,#1919,#1920,#1921,#1922,#1923,
#1924,#1925,#1926,#1927,#1928,#1929,#1930,#1931,#1932,#1933,#1934,#1935),
(#1936,#1937,#1938,#1939,#1940,#1941,#1942,#1943,#1944,#1945,#1946,#1947,
#1948,#1949,#1950,#1951,#1952,#1953,#1954,#1955,#1956,#1957,#1958,#1959,
#1960,#1961,#1962,#1963,#1964),(#1965,#1966,#1967,#1968,#1969,#1970,#1971,
#1972,#1973,#1974,#1975,#1976,#1977,#1978,#1979,#1980,#1981,#1982,#1983,
#1984,#1985,#1986,#1987,#1988,#1989,#1990,#1991,#1992,#1993),(#1994,#1995,
#1996,#1997,#1998,#1999,#2000,#2001,#2002,#2003,#2004,#2005,#2006,#2007,
#2008,#2009,#2010,#2011,#2012,#2013,#2014,#2015,#2016,#2017,#2018,#2019,
#2020,#2021,#2022)),.UNSPECIFIED.,.F.,.T.,.F.,(4,4),(4,2,2,2,2,2,2,2,2,
2,1,2,2,2,4),(0.,1.),(-1.28640496152558,-1.23466804551043,-1.18297611843422,
-1.1030739369988,-1.02443063079951,-0.962728247675793,-0.905503106424265,
-0.841092356568651,-0.675113005707134,-0.593023176879756,-0.478333203602713,
-0.363643230325669,-0.233064449530595,-0.161344223745341,0.),
 .UNSPECIFIED.);
#1140=B_SPLINE_SURFACE_WITH_KNOTS('',3,3,((#2122,#2123,#2124,#2125),(#2126,
#2127,#2128,#2129),(#2130,#2131,#2132,#2133),(#2134,#2135,#2136,#2137),
(#2138,#2139,#2140,#2141),(#2142,#2143,#2144,#2145)),.UNSPECIFIED.,.F.,
 .F.,.F.,(4,1,1,4),(4,4),(0.,0.285714285714286,0.571428571428571,1.),(0.270688750255094,
1.),.UNSPECIFIED.);
#1141=B_SPLINE_SURFACE_WITH_KNOTS('',3,3,((#2238,#2239,#2240,#2241,#2242,
#2243,#2244,#2245,#2246,#2247,#2248,#2249,#2250,#2251,#2252,#2253,#2254,
#2255,#2256,#2257,#2258,#2259,#2260,#2261,#2262,#2263,#2264,#2265,#2266,
#2267,#2268,#2269,#2270,#2271,#2272,#2273),(#2274,#2275,#2276,#2277,#2278,
#2279,#2280,#2281,#2282,#2283,#2284,#2285,#2286,#2287,#2288,#2289,#2290,
#2291,#2292,#2293,#2294,#2295,#2296,#2297,#2298,#2299,#2300,#2301,#2302,
#2303,#2304,#2305,#2306,#2307,#2308,#2309),(#2310,#2311,#2312,#2313,#2314,
#2315,#2316,#2317,#2318,#2319,#2320,#2321,#2322,#2323,#2324,#2325,#2326,
#2327,#2328,#2329,#2330,#2331,#2332,#2333,#2334,#2335,#2336,#2337,#2338,
#2339,#2340,#2341,#2342,#2343,#2344,#2345),(#2346,#2347,#2348,#2349,#2350,
#2351,#2352,#2353,#2354,#2355,#2356,#2357,#2358,#2359,#2360,#2361,#2362,
#2363,#2364,#2365,#2366,#2367,#2368,#2369,#2370,#2371,#2372,#2373,#2374,
#2375,#2376,#2377,#2378,#2379,#2380,#2381)),.UNSPECIFIED.,.F.,.T.,.F.,(4,
4),(4,2,2,2,2,2,2,2,2,2,2,2,2,2,2,2,2,4),(0.,1.),(-1.2650544959001,-1.22103514649909,
-1.1833526076707,-1.14581714376916,-1.09687999852977,-1.01732840852547,
-0.938072745592013,-0.784484898759884,-0.711675864195827,-0.576197437487815,
-0.537126136075173,-0.500401775476327,-0.455139258366265,-0.305270509143709,
-0.225877190904405,-0.15073744944542,-0.0798975404813792,0.),
 .UNSPECIFIED.);
#1142=B_SPLINE_SURFACE_WITH_KNOTS('',3,3,((#2462,#2463,#2464,#2465,#2466,
#2467,#2468,#2469,#2470,#2471,#2472,#2473,#2474,#2475,#2476,#2477,#2478,
#2479,#2480,#2481,#2482,#2483,#2484,#2485,#2486,#2487,#2488,#2489,#2490,
#2491,#2492),(#2493,#2494,#2495,#2496,#2497,#2498,#2499,#2500,#2501,#2502,
#2503,#2504,#2505,#2506,#2507,#2508,#2509,#2510,#2511,#2512,#2513,#2514,
#2515,#2516,#2517,#2518,#2519,#2520,#2521,#2522,#2523),(#2524,#2525,#2526,
#2527,#2528,#2529,#2530,#2531,#2532,#2533,#2534,#2535,#2536,#2537,#2538,
#2539,#2540,#2541,#2542,#2543,#2544,#2545,#2546,#2547,#2548,#2549,#2550,
#2551,#2552,#2553,#2554),(#2555,#2556,#2557,#2558,#2559,#2560,#2561,#2562,
#2563,#2564,#2565,#2566,#2567,#2568,#2569,#2570,#2571,#2572,#2573,#2574,
#2575,#2576,#2577,#2578,#2579,#2580,#2581,#2582,#2583,#2584,#2585)),
 .UNSPECIFIED.,.F.,.T.,.F.,(4,4),(4,2,1,2,2,2,2,2,2,2,2,2,2,2,2,4),(0.,
1.),(-1.26447908824135,-1.08032843109145,-0.965195303568884,-0.850062176046317,
-0.790909793404213,-0.740331362699567,-0.687372254576093,-0.620448475687341,
-0.540931523018012,-0.461852530654942,-0.384640540163826,-0.229858079241153,
-0.162479487933311,-0.1093523748512,-0.0588301498748948,0.),
 .UNSPECIFIED.);
#1143=B_SPLINE_SURFACE_WITH_KNOTS('',3,3,((#2656,#2657,#2658,#2659),(#2660,
#2661,#2662,#2663),(#2664,#2665,#2666,#2667),(#2668,#2669,#2670,#2671),
(#2672,#2673,#2674,#2675),(#2676,#2677,#2678,#2679),(#2680,#2681,#2682,
#2683)),.UNSPECIFIED.,.F.,.F.,.F.,(4,1,1,1,4),(4,4),(-0.0705225546044967,
0.23534103242536,0.388272825940288,0.694136412970144,1.),(-1.66661425829031E-19,
1.),.UNSPECIFIED.);
#1144=B_SPLINE_SURFACE_WITH_KNOTS('',3,3,((#2769,#2770,#2771,#2772,#2773,
#2774,#2775,#2776,#2777,#2778,#2779,#2780,#2781,#2782,#2783,#2784,#2785,
#2786,#2787,#2788,#2789,#2790,#2791,#2792,#2793,#2794,#2795,#2796,#2797,
#2798,#2799,#2800,#2801,#2802,#2803,#2804,#2805,#2806,#2807,#2808),(#2809,
#2810,#2811,#2812,#2813,#2814,#2815,#2816,#2817,#2818,#2819,#2820,#2821,
#2822,#2823,#2824,#2825,#2826,#2827,#2828,#2829,#2830,#2831,#2832,#2833,
#2834,#2835,#2836,#2837,#2838,#2839,#2840,#2841,#2842,#2843,#2844,#2845,
#2846,#2847,#2848),(#2849,#2850,#2851,#2852,#2853,#2854,#2855,#2856,#2857,
#2858,#2859,#2860,#2861,#2862,#2863,#2864,#2865,#2866,#2867,#2868,#2869,
#2870,#2871,#2872,#2873,#2874,#2875,#2876,#2877,#2878,#2879,#2880,#2881,
#2882,#2883,#2884,#2885,#2886,#2887,#2888),(#2889,#2890,#2891,#2892,#2893,
#2894,#2895,#2896,#2897,#2898,#2899,#2900,#2901,#2902,#2903,#2904,#2905,
#2906,#2907,#2908,#2909,#2910,#2911,#2912,#2913,#2914,#2915,#2916,#2917,
#2918,#2919,#2920,#2921,#2922,#2923,#2924,#2925,#2926,#2927,#2928)),
 .UNSPECIFIED.,.F.,.T.,.F.,(4,4),(4,2,2,2,2,2,2,2,2,2,2,2,2,2,2,2,2,2,2,
4),(0.,1.),(-1.26497641796197,-1.19746545996414,-1.03910319586569,-0.964282827840067,
-0.893710600811382,-0.814459367913443,-0.767831807603768,-0.730862917237278,
-0.692379033554742,-0.639868693667624,-0.559294905112214,-0.480154997690251,
-0.402286520612067,-0.327528745590624,-0.255046382010283,-0.174114063349445,
-0.123191562967068,-0.0851449016032484,-0.0479088427692957,0.),
 .UNSPECIFIED.);
#1145=B_SPLINE_SURFACE_WITH_KNOTS('',3,3,((#3013,#3014,#3015,#3016,#3017,
#3018,#3019),(#3020,#3021,#3022,#3023,#3024,#3025,#3026),(#3027,#3028,#3029,
#3030,#3031,#3032,#3033),(#3034,#3035,#3036,#3037,#3038,#3039,#3040),(#3041,
#3042,#3043,#3044,#3045,#3046,#3047),(#3048,#3049,#3050,#3051,#3052,#3053,
#3054),(#3055,#3056,#3057,#3058,#3059,#3060,#3061)),.UNSPECIFIED.,.F.,.F.,
 .F.,(4,1,1,1,4),(4,1,1,1,4),(0.,0.285714285714286,0.571428571428571,0.785714285714286,
1.),(-0.27628716933275,0.53901545692404,1.35431808318083,2.44138825152321,
3.5284584198656),.UNSPECIFIED.);
#1146=B_SPLINE_SURFACE_WITH_KNOTS('',3,3,((#3212,#3213,#3214,#3215,#3216,
#3217,#3218,#3219,#3220,#3221,#3222),(#3223,#3224,#3225,#3226,#3227,#3228,
#3229,#3230,#3231,#3232,#3233),(#3234,#3235,#3236,#3237,#3238,#3239,#3240,
#3241,#3242,#3243,#3244),(#3245,#3246,#3247,#3248,#3249,#3250,#3251,#3252,
#3253,#3254,#3255),(#3256,#3257,#3258,#3259,#3260,#3261,#3262,#3263,#3264,
#3265,#3266)),.UNSPECIFIED.,.F.,.F.,.F.,(4,1,4),(4,1,1,1,1,1,1,1,4),(0.,
0.571428571428571,1.),(0.209410260096895,0.209441549260769,0.209472838424644,
0.20959799508014,0.209848308391133,0.210098621702126,0.210161200029874,
0.210223778357622,0.21028635668537),.UNSPECIFIED.);
#1147=B_SPLINE_SURFACE_WITH_KNOTS('',3,3,((#3336,#3337,#3338,#3339,#3340,
#3341,#3342,#3343,#3344,#3345,#3346),(#3347,#3348,#3349,#3350,#3351,#3352,
#3353,#3354,#3355,#3356,#3357),(#3358,#3359,#3360,#3361,#3362,#3363,#3364,
#3365,#3366,#3367,#3368),(#3369,#3370,#3371,#3372,#3373,#3374,#3375,#3376,
#3377,#3378,#3379),(#3380,#3381,#3382,#3383,#3384,#3385,#3386,#3387,#3388,
#3389,#3390)),.UNSPECIFIED.,.F.,.F.,.F.,(4,1,4),(4,1,1,1,1,1,1,1,4),(0.,
0.571428571428571,1.),(0.977662990612266,0.97769427977614,0.977725568940014,
0.97785072559551,0.978101038906503,0.978288773889747,0.978413930545244,
0.978476508872992,0.97853908720074),.UNSPECIFIED.);
#1148=B_SPLINE_SURFACE_WITH_KNOTS('',3,3,((#3465,#3466,#3467,#3468),(#3469,
#3470,#3471,#3472),(#3473,#3474,#3475,#3476),(#3477,#3478,#3479,#3480),
(#3481,#3482,#3483,#3484),(#3485,#3486,#3487,#3488),(#3489,#3490,#3491,
#3492)),.UNSPECIFIED.,.F.,.F.,.F.,(4,1,1,1,4),(4,4),(-0.170961937855851,
0.163598615817497,0.498159169490845,0.665439446327519,1.00000000000087),
(0.0458544888733924,1.),.UNSPECIFIED.);
#1149=B_SPLINE_SURFACE_WITH_KNOTS('',3,3,((#3493,#3494,#3495,#3496),(#3497,
#3498,#3499,#3500),(#3501,#3502,#3503,#3504),(#3505,#3506,#3507,#3508),
(#3509,#3510,#3511,#3512),(#3513,#3514,#3515,#3516),(#3517,#3518,#3519,
#3520)),.UNSPECIFIED.,.F.,.F.,.F.,(4,1,1,1,4),(4,4),(-1.0728013785287E-12,
0.398728268741893,0.797456537484858,1.19618480622782,1.39554894059931),
(-1.27125377702399E-16,1.),.UNSPECIFIED.);
#1150=ADVANCED_FACE('',(#313),#1138,.T.);
#1151=ADVANCED_FACE('',(#314),#286,.T.);
#1152=ADVANCED_FACE('',(#315),#116,.F.);
#1153=ADVANCED_FACE('',(#316),#39,.F.);
#1154=ADVANCED_FACE('',(#317),#117,.F.);
#1155=ADVANCED_FACE('',(#318,#18,#19),#287,.T.);
#1156=ADVANCED_FACE('',(#319),#118,.F.);
#1157=ADVANCED_FACE('',(#320,#20,#21,#22,#23,#24,#25,#26,#27,#28),#288,
 .F.);
#1158=ADVANCED_FACE('',(#321),#289,.T.);
#1159=ADVANCED_FACE('',(#322),#290,.T.);
#1160=ADVANCED_FACE('',(#323),#291,.F.);
#1161=ADVANCED_FACE('',(#324),#1139,.T.);
#1162=ADVANCED_FACE('',(#325,#29),#1140,.T.);
#1163=ADVANCED_FACE('',(#326),#119,.F.);
#1164=ADVANCED_FACE('',(#327),#1141,.T.);
#1165=ADVANCED_FACE('',(#328),#120,.F.);
#1166=ADVANCED_FACE('',(#329),#1142,.T.);
#1167=ADVANCED_FACE('',(#330,#30,#31),#1143,.T.);
#1168=ADVANCED_FACE('',(#331),#121,.F.);
#1169=ADVANCED_FACE('',(#332),#1144,.T.);
#1170=ADVANCED_FACE('',(#333),#122,.F.);
#1171=ADVANCED_FACE('',(#334),#1145,.T.);
#1172=ADVANCED_FACE('',(#335),#40,.T.);
#1173=ADVANCED_FACE('',(#336),#17,.F.);
#1174=ADVANCED_FACE('',(#337,#32,#33,#34,#35),#123,.F.);
#1175=ADVANCED_FACE('',(#338,#36),#292,.T.);
#1176=ADVANCED_FACE('',(#339),#41,.F.);
#1177=ADVANCED_FACE('',(#340),#124,.T.);
#1178=ADVANCED_FACE('',(#341),#42,.F.);
#1179=ADVANCED_FACE('',(#342),#125,.T.);
#1180=ADVANCED_FACE('',(#343),#43,.F.);
#1181=ADVANCED_FACE('',(#344),#126,.T.);
#1182=ADVANCED_FACE('',(#345),#44,.F.);
#1183=ADVANCED_FACE('',(#346),#127,.T.);
#1184=ADVANCED_FACE('',(#347),#45,.F.);
#1185=ADVANCED_FACE('',(#348),#128,.T.);
#1186=ADVANCED_FACE('',(#349),#46,.F.);
#1187=ADVANCED_FACE('',(#350),#129,.T.);
#1188=ADVANCED_FACE('',(#351),#47,.F.);
#1189=ADVANCED_FACE('',(#352),#130,.T.);
#1190=ADVANCED_FACE('',(#353),#48,.F.);
#1191=ADVANCED_FACE('',(#354),#131,.T.);
#1192=ADVANCED_FACE('',(#355),#49,.F.);
#1193=ADVANCED_FACE('',(#356),#132,.T.);
#1194=ADVANCED_FACE('',(#357),#15,.F.);
#1195=ADVANCED_FACE('',(#358),#133,.F.);
#1196=ADVANCED_FACE('',(#359),#16,.F.);
#1197=ADVANCED_FACE('',(#360),#134,.F.);
#1198=ADVANCED_FACE('',(#361),#135,.F.);
#1199=ADVANCED_FACE('',(#362),#136,.F.);
#1200=ADVANCED_FACE('',(#363),#137,.F.);
#1201=ADVANCED_FACE('',(#364),#1146,.T.);
#1202=ADVANCED_FACE('',(#365),#1147,.T.);
#1203=ADVANCED_FACE('',(#366),#293,.F.);
#1204=ADVANCED_FACE('',(#367,#37,#38),#294,.F.);
#1205=ADVANCED_FACE('',(#368),#295,.F.);
#1206=ADVANCED_FACE('',(#369),#296,.T.);
#1207=ADVANCED_FACE('',(#370),#1148,.T.);
#1208=ADVANCED_FACE('',(#371),#1149,.T.);
#1209=ADVANCED_FACE('',(#372),#297,.F.);
#1210=ADVANCED_FACE('',(#373),#298,.F.);
#1211=ADVANCED_FACE('',(#374),#299,.T.);
#1212=ADVANCED_FACE('',(#375),#300,.T.);
#1213=ADVANCED_FACE('',(#376),#301,.F.);
#1214=ADVANCED_FACE('',(#377),#302,.F.);
#1215=ADVANCED_FACE('',(#378),#303,.F.);
#1216=ADVANCED_FACE('',(#379),#304,.F.);
#1217=ADVANCED_FACE('',(#380),#305,.F.);
#1218=ADVANCED_FACE('',(#381),#306,.F.);
#1219=ADVANCED_FACE('',(#382),#307,.F.);
#1220=ADVANCED_FACE('',(#383),#308,.F.);
#1221=ADVANCED_FACE('',(#384),#309,.F.);
#1222=ADVANCED_FACE('',(#385),#138,.F.);
#1223=ADVANCED_FACE('',(#386),#139,.F.);
#1224=ADVANCED_FACE('',(#387),#310,.T.);
#1225=ADVANCED_FACE('',(#388),#311,.T.);
#1226=ADVANCED_FACE('',(#389),#312,.T.);
#1227=CLOSED_SHELL('',(#1150,#1151,#1152,#1153,#1154,#1155,#1156,#1157,
#1158,#1159,#1160,#1161,#1162,#1163,#1164,#1165,#1166,#1167,#1168,#1169,
#1170,#1171,#1172,#1173,#1174,#1175,#1176,#1177,#1178,#1179,#1180,#1181,
#1182,#1183,#1184,#1185,#1186,#1187,#1188,#1189,#1190,#1191,#1192,#1193,
#1194,#1195,#1196,#1197,#1198,#1199,#1200,#1201,#1202,#1203,#1204,#1205,
#1206,#1207,#1208,#1209,#1210,#1211,#1212,#1213,#1214,#1215,#1216,#1217,
#1218,#1219,#1220,#1221,#1222,#1223,#1224,#1225,#1226));
#1228=DERIVED_UNIT_ELEMENT(#1230,1.);
#1229=DERIVED_UNIT_ELEMENT(#3558,-3.);
#1230=(
MASS_UNIT()
NAMED_UNIT(*)
SI_UNIT(.KILO.,.GRAM.)
);
#1231=DERIVED_UNIT((#1228,#1229));
#1232=MEASURE_REPRESENTATION_ITEM('density measure',
POSITIVE_RATIO_MEASURE(7850.),#1231);
#1233=PROPERTY_DEFINITION_REPRESENTATION(#1238,#1235);
#1234=PROPERTY_DEFINITION_REPRESENTATION(#1239,#1236);
#1235=REPRESENTATION('material name',(#1237),#3555);
#1236=REPRESENTATION('density',(#1232),#3555);
#1237=DESCRIPTIVE_REPRESENTATION_ITEM('Steel','Steel');
#1238=PROPERTY_DEFINITION('material property','material name',#3565);
#1239=PROPERTY_DEFINITION('material property','density of part',#3565);
#1240=AXIS2_PLACEMENT_3D('',#1709,#1372,#1373);
#1241=AXIS2_PLACEMENT_3D('',#1814,#1374,#1375);
#1242=AXIS2_PLACEMENT_3D('',#1835,#1380,#1381);
#1243=AXIS2_PLACEMENT_3D('',#1838,#1382,#1383);
#1244=AXIS2_PLACEMENT_3D('',#1842,#1385,#1386);
#1245=AXIS2_PLACEMENT_3D('',#1844,#1388,#1389);
#1246=AXIS2_PLACEMENT_3D('',#1847,#1390,#1391);
#1247=AXIS2_PLACEMENT_3D('',#1848,#1392,#1393);
#1248=AXIS2_PLACEMENT_3D('',#1849,#1394,#1395);
#1249=AXIS2_PLACEMENT_3D('',#1850,#1396,#1397);
#1250=AXIS2_PLACEMENT_3D('',#1853,#1398,#1399);
#1251=AXIS2_PLACEMENT_3D('',#1856,#1402,#1403);
#1252=AXIS2_PLACEMENT_3D('',#1863,#1407,#1408);
#1253=AXIS2_PLACEMENT_3D('',#1865,#1409,#1410);
#1254=AXIS2_PLACEMENT_3D('',#1866,#1411,#1412);
#1255=AXIS2_PLACEMENT_3D('',#1869,#1414,#1415);
#1256=AXIS2_PLACEMENT_3D('',#1870,#1416,#1417);
#1257=AXIS2_PLACEMENT_3D('',#1875,#1420,#1421);
#1258=AXIS2_PLACEMENT_3D('',#1877,#1422,#1423);
#1259=AXIS2_PLACEMENT_3D('',#1879,#1424,#1425);
#1260=AXIS2_PLACEMENT_3D('',#1881,#1426,#1427);
#1261=AXIS2_PLACEMENT_3D('',#1883,#1428,#1429);
#1262=AXIS2_PLACEMENT_3D('',#1885,#1430,#1431);
#1263=AXIS2_PLACEMENT_3D('',#1887,#1432,#1433);
#1264=AXIS2_PLACEMENT_3D('',#1889,#1434,#1435);
#1265=AXIS2_PLACEMENT_3D('',#1891,#1436,#1437);
#1266=AXIS2_PLACEMENT_3D('',#1892,#1438,#1439);
#1267=AXIS2_PLACEMENT_3D('',#1899,#1444,#1445);
#1268=AXIS2_PLACEMENT_3D('',#1906,#1450,#1451);
#1269=AXIS2_PLACEMENT_3D('',#2156,#1454,#1455);
#1270=AXIS2_PLACEMENT_3D('',#2201,#1457,#1458);
#1271=AXIS2_PLACEMENT_3D('',#2425,#1461,#1462);
#1272=AXIS2_PLACEMENT_3D('',#2689,#1467,#1468);
#1273=AXIS2_PLACEMENT_3D('',#2732,#1470,#1471);
#1274=AXIS2_PLACEMENT_3D('',#2976,#1474,#1475);
#1275=AXIS2_PLACEMENT_3D('',#3082,#1477,#1478);
#1276=AXIS2_PLACEMENT_3D('',#3084,#1479,#1480);
#1277=AXIS2_PLACEMENT_3D('',#3086,#1481,#1482);
#1278=AXIS2_PLACEMENT_3D('',#3087,#1483,#1484);
#1279=AXIS2_PLACEMENT_3D('',#3088,#1485,#1486);
#1280=AXIS2_PLACEMENT_3D('',#3090,#1487,#1488);
#1281=AXIS2_PLACEMENT_3D('',#3092,#1490,#1491);
#1282=AXIS2_PLACEMENT_3D('',#3095,#1493,#1494);
#1283=AXIS2_PLACEMENT_3D('',#3096,#1495,#1496);
#1284=AXIS2_PLACEMENT_3D('',#3097,#1497,#1498);
#1285=AXIS2_PLACEMENT_3D('',#3098,#1499,#1500);
#1286=AXIS2_PLACEMENT_3D('',#3099,#1501,#1502);
#1287=AXIS2_PLACEMENT_3D('',#3101,#1503,#1504);
#1288=AXIS2_PLACEMENT_3D('',#3102,#1505,#1506);
#1289=AXIS2_PLACEMENT_3D('',#3103,#1507,#1508);
#1290=AXIS2_PLACEMENT_3D('',#3105,#1509,#1510);
#1291=AXIS2_PLACEMENT_3D('',#3107,#1512,#1513);
#1292=AXIS2_PLACEMENT_3D('',#3109,#1514,#1515);
#1293=AXIS2_PLACEMENT_3D('',#3110,#1516,#1517);
#1294=AXIS2_PLACEMENT_3D('',#3111,#1518,#1519);
#1295=AXIS2_PLACEMENT_3D('',#3113,#1520,#1521);
#1296=AXIS2_PLACEMENT_3D('',#3115,#1523,#1524);
#1297=AXIS2_PLACEMENT_3D('',#3117,#1525,#1526);
#1298=AXIS2_PLACEMENT_3D('',#3118,#1527,#1528);
#1299=AXIS2_PLACEMENT_3D('',#3119,#1529,#1530);
#1300=AXIS2_PLACEMENT_3D('',#3121,#1531,#1532);
#1301=AXIS2_PLACEMENT_3D('',#3123,#1534,#1535);
#1302=AXIS2_PLACEMENT_3D('',#3125,#1536,#1537);
#1303=AXIS2_PLACEMENT_3D('',#3126,#1538,#1539);
#1304=AXIS2_PLACEMENT_3D('',#3127,#1540,#1541);
#1305=AXIS2_PLACEMENT_3D('',#3129,#1542,#1543);
#1306=AXIS2_PLACEMENT_3D('',#3131,#1545,#1546);
#1307=AXIS2_PLACEMENT_3D('',#3133,#1547,#1548);
#1308=AXIS2_PLACEMENT_3D('',#3134,#1549,#1550);
#1309=AXIS2_PLACEMENT_3D('',#3135,#1551,#1552);
#1310=AXIS2_PLACEMENT_3D('',#3137,#1553,#1554);
#1311=AXIS2_PLACEMENT_3D('',#3139,#1556,#1557);
#1312=AXIS2_PLACEMENT_3D('',#3141,#1558,#1559);
#1313=AXIS2_PLACEMENT_3D('',#3142,#1560,#1561);
#1314=AXIS2_PLACEMENT_3D('',#3143,#1562,#1563);
#1315=AXIS2_PLACEMENT_3D('',#3145,#1564,#1565);
#1316=AXIS2_PLACEMENT_3D('',#3147,#1567,#1568);
#1317=AXIS2_PLACEMENT_3D('',#3149,#1569,#1570);
#1318=AXIS2_PLACEMENT_3D('',#3150,#1571,#1572);
#1319=AXIS2_PLACEMENT_3D('',#3151,#1573,#1574);
#1320=AXIS2_PLACEMENT_3D('',#3153,#1575,#1576);
#1321=AXIS2_PLACEMENT_3D('',#3155,#1578,#1579);
#1322=AXIS2_PLACEMENT_3D('',#3157,#1580,#1581);
#1323=AXIS2_PLACEMENT_3D('',#3158,#1582,#1583);
#1324=AXIS2_PLACEMENT_3D('',#3159,#1584,#1585);
#1325=AXIS2_PLACEMENT_3D('',#3161,#1586,#1587);
#1326=AXIS2_PLACEMENT_3D('',#3163,#1589,#1590);
#1327=AXIS2_PLACEMENT_3D('',#3165,#1591,#1592);
#1328=AXIS2_PLACEMENT_3D('',#3166,#1593,#1594);
#1329=AXIS2_PLACEMENT_3D('',#3167,#1595,#1596);
#1330=AXIS2_PLACEMENT_3D('',#3169,#1597,#1598);
#1331=AXIS2_PLACEMENT_3D('',#3171,#1600,#1601);
#1332=AXIS2_PLACEMENT_3D('',#3174,#1602,#1603);
#1333=AXIS2_PLACEMENT_3D('',#3176,#1604,#1605);
#1334=AXIS2_PLACEMENT_3D('',#3177,#1606,#1607);
#1335=AXIS2_PLACEMENT_3D('',#3178,#1608,#1609);
#1336=AXIS2_PLACEMENT_3D('',#3181,#1610,#1611);
#1337=AXIS2_PLACEMENT_3D('',#3184,#1614,#1615);
#1338=AXIS2_PLACEMENT_3D('',#3187,#1616,#1617);
#1339=AXIS2_PLACEMENT_3D('',#3189,#1618,#1619);
#1340=AXIS2_PLACEMENT_3D('',#3190,#1620,#1621);
#1341=AXIS2_PLACEMENT_3D('',#3191,#1622,#1623);
#1342=AXIS2_PLACEMENT_3D('',#3194,#1624,#1625);
#1343=AXIS2_PLACEMENT_3D('',#3197,#1628,#1629);
#1344=AXIS2_PLACEMENT_3D('',#3200,#1630,#1631);
#1345=AXIS2_PLACEMENT_3D('',#3203,#1634,#1635);
#1346=AXIS2_PLACEMENT_3D('',#3206,#1638,#1639);
#1347=AXIS2_PLACEMENT_3D('',#3209,#1640,#1641);
#1348=AXIS2_PLACEMENT_3D('',#3454,#1646,#1647);
#1349=AXIS2_PLACEMENT_3D('',#3456,#1649,#1650);
#1350=AXIS2_PLACEMENT_3D('',#3459,#1652,#1653);
#1351=AXIS2_PLACEMENT_3D('',#3461,#1654,#1655);
#1352=AXIS2_PLACEMENT_3D('',#3462,#1656,#1657);
#1353=AXIS2_PLACEMENT_3D('',#3464,#1659,#1660);
#1354=AXIS2_PLACEMENT_3D('',#3522,#1662,#1663);
#1355=AXIS2_PLACEMENT_3D('',#3524,#1665,#1666);
#1356=AXIS2_PLACEMENT_3D('',#3526,#1668,#1669);
#1357=AXIS2_PLACEMENT_3D('',#3533,#1674,#1675);
#1358=AXIS2_PLACEMENT_3D('',#3535,#1677,#1678);
#1359=AXIS2_PLACEMENT_3D('',#3536,#1679,#1680);
#1360=AXIS2_PLACEMENT_3D('',#3537,#1681,#1682);
#1361=AXIS2_PLACEMENT_3D('',#3538,#1683,#1684);
#1362=AXIS2_PLACEMENT_3D('',#3539,#1685,#1686);
#1363=AXIS2_PLACEMENT_3D('',#3540,#1687,#1688);
#1364=AXIS2_PLACEMENT_3D('',#3541,#1689,#1690);
#1365=AXIS2_PLACEMENT_3D('',#3542,#1691,#1692);
#1366=AXIS2_PLACEMENT_3D('',#3543,#1693,#1694);
#1367=AXIS2_PLACEMENT_3D('',#3544,#1695,#1696);
#1368=AXIS2_PLACEMENT_3D('',#3546,#1698,#1699);
#1369=AXIS2_PLACEMENT_3D('',#3548,#1701,#1702);
#1370=AXIS2_PLACEMENT_3D('',#3550,#1704,#1705);
#1371=AXIS2_PLACEMENT_3D('',#3552,#1707,#1708);
#1372=DIRECTION('axis',(0.,0.,1.));
#1373=DIRECTION('refdir',(1.,0.,0.));
#1374=DIRECTION('center_axis',(0.,0.,1.));
#1375=DIRECTION('ref_axis',(-1.,-1.22464679914735E-16,0.));
#1376=DIRECTION('',(1.99717679752613E-13,1.,0.));
#1377=DIRECTION('',(1.,1.22464679914735E-16,0.));
#1378=DIRECTION('',(0.,-1.,0.));
#1379=DIRECTION('',(1.,0.,0.));
#1380=DIRECTION('center_axis',(0.,1.,0.));
#1381=DIRECTION('ref_axis',(0.707106781186548,0.,0.707106781186548));
#1382=DIRECTION('center_axis',(0.,-0.707106781186625,-0.70710678118647));
#1383=DIRECTION('ref_axis',(0.,-0.70710678118647,0.707106781186625));
#1384=DIRECTION('',(0.,1.,0.));
#1385=DIRECTION('center_axis',(0.,1.,0.));
#1386=DIRECTION('ref_axis',(0.,0.,1.));
#1387=DIRECTION('',(0.,-1.,0.));
#1388=DIRECTION('center_axis',(1.,0.,0.));
#1389=DIRECTION('ref_axis',(0.,0.,-1.));
#1390=DIRECTION('center_axis',(0.,0.,-1.));
#1391=DIRECTION('ref_axis',(0.,1.,0.));
#1392=DIRECTION('center_axis',(1.,0.,0.));
#1393=DIRECTION('ref_axis',(0.,0.70710678118655,0.707106781186545));
#1394=DIRECTION('center_axis',(-1.,0.,0.));
#1395=DIRECTION('ref_axis',(0.,0.70710678118655,0.707106781186545));
#1396=DIRECTION('center_axis',(0.,0.,-1.));
#1397=DIRECTION('ref_axis',(0.70710678118654,0.707106781186555,0.));
#1398=DIRECTION('center_axis',(0.,-0.707106781186625,-0.70710678118647));
#1399=DIRECTION('ref_axis',(0.,0.70710678118647,-0.707106781186625));
#1400=DIRECTION('',(0.,0.,1.));
#1401=DIRECTION('',(0.,0.,-1.));
#1402=DIRECTION('center_axis',(1.22464679914735E-16,-1.,0.));
#1403=DIRECTION('ref_axis',(-1.,-1.22464679914735E-16,0.));
#1404=DIRECTION('',(1.,1.22464679914735E-16,0.));
#1405=DIRECTION('',(0.,0.,-1.));
#1406=DIRECTION('',(-1.,-1.22464679914735E-16,0.));
#1407=DIRECTION('center_axis',(-1.22464679914735E-16,1.,0.));
#1408=DIRECTION('ref_axis',(1.,-1.98829501332913E-13,2.72814396388891E-30));
#1409=DIRECTION('center_axis',(-1.22464679914735E-16,1.,0.));
#1410=DIRECTION('ref_axis',(1.,-1.98829501332913E-13,2.72814396388891E-30));
#1411=DIRECTION('center_axis',(1.,1.22464679914735E-16,0.));
#1412=DIRECTION('ref_axis',(-8.65956056235495E-17,0.707106781186549,0.707106781186546));
#1413=DIRECTION('',(-1.,-1.22464679914735E-16,0.));
#1414=DIRECTION('center_axis',(-1.,-1.22464679914735E-16,0.));
#1415=DIRECTION('ref_axis',(-8.65956056235495E-17,0.707106781186549,0.707106781186546));
#1416=DIRECTION('center_axis',(0.,0.,1.));
#1417=DIRECTION('ref_axis',(-1.,-1.22464679914735E-16,0.));
#1418=DIRECTION('',(1.,1.22464679914735E-16,0.));
#1419=DIRECTION('',(1.99717679752613E-13,1.,0.));
#1420=DIRECTION('center_axis',(0.,0.,-1.));
#1421=DIRECTION('ref_axis',(-1.,-1.22464679914735E-16,0.));
#1422=DIRECTION('center_axis',(0.,0.,-1.));
#1423=DIRECTION('ref_axis',(-1.,-1.22464679914735E-16,0.));
#1424=DIRECTION('center_axis',(0.,0.,-1.));
#1425=DIRECTION('ref_axis',(-1.,-1.22464679914735E-16,0.));
#1426=DIRECTION('center_axis',(0.,0.,-1.));
#1427=DIRECTION('ref_axis',(-1.,-1.22464679914735E-16,0.));
#1428=DIRECTION('center_axis',(0.,0.,-1.));
#1429=DIRECTION('ref_axis',(-1.,-1.22464679914735E-16,0.));
#1430=DIRECTION('center_axis',(0.,0.,-1.));
#1431=DIRECTION('ref_axis',(-1.,-1.22464679914735E-16,0.));
#1432=DIRECTION('center_axis',(0.,0.,-1.));
#1433=DIRECTION('ref_axis',(-1.,-1.22464679914735E-16,0.));
#1434=DIRECTION('center_axis',(0.,0.,-1.));
#1435=DIRECTION('ref_axis',(-1.,-1.22464679914735E-16,0.));
#1436=DIRECTION('center_axis',(0.,0.,-1.));
#1437=DIRECTION('ref_axis',(-1.,-1.22464679914735E-16,0.));
#1438=DIRECTION('center_axis',(0.,-0.707106781186625,-0.70710678118647));
#1439=DIRECTION('ref_axis',(0.,0.70710678118647,-0.707106781186625));
#1440=DIRECTION('',(1.,0.,0.));
#1441=DIRECTION('',(0.,0.70710678118647,-0.707106781186625));
#1442=DIRECTION('',(1.,1.22464679914735E-16,0.));
#1443=DIRECTION('',(0.,-0.70710678118647,0.707106781186625));
#1444=DIRECTION('center_axis',(1.,0.,0.));
#1445=DIRECTION('ref_axis',(0.,0.,-1.));
#1446=DIRECTION('',(0.,1.,0.));
#1447=DIRECTION('',(0.,0.695421427515691,0.718602141766944));
#1448=DIRECTION('',(0.,0.,1.));
#1449=DIRECTION('',(0.,-1.11022302462516E-15,-1.));
#1450=DIRECTION('center_axis',(1.,0.,0.));
#1451=DIRECTION('ref_axis',(0.,1.,0.));
#1452=DIRECTION('',(-0.707722443966995,0.662446725270236,-0.245546896710433));
#1453=DIRECTION('',(-0.181005512615251,0.181005512615212,0.966681958456759));
#1454=DIRECTION('center_axis',(0.,0.,1.));
#1455=DIRECTION('ref_axis',(-1.,-1.22464679914735E-16,0.));
#1456=DIRECTION('',(0.181005512615251,0.181005512615213,0.966681958456759));
#1457=DIRECTION('center_axis',(-1.22464679914735E-16,1.,0.));
#1458=DIRECTION('ref_axis',(-1.,-1.22464679914735E-16,0.));
#1459=DIRECTION('',(-1.22464679914735E-16,1.,0.));
#1460=DIRECTION('',(-0.657286278929676,0.651416669967807,-0.378986899006857));
#1461=DIRECTION('center_axis',(-1.22464679914735E-16,1.,0.));
#1462=DIRECTION('ref_axis',(-1.,-1.22464679914735E-16,0.));
#1463=DIRECTION('',(-1.22464679914735E-16,1.,0.));
#1464=DIRECTION('',(-0.598382340417789,-0.67543734722396,-0.430955873206513));
#1465=DIRECTION('',(1.,1.22464679914735E-16,0.));
#1466=DIRECTION('',(0.181005512615251,-0.181005512615212,0.966681958456759));
#1467=DIRECTION('center_axis',(0.,0.,1.));
#1468=DIRECTION('ref_axis',(-1.,-1.22464679914735E-16,0.));
#1469=DIRECTION('',(-0.181005512615251,-0.181005512615213,0.966681958456759));
#1470=DIRECTION('center_axis',(-1.22464679914735E-16,1.,0.));
#1471=DIRECTION('ref_axis',(-1.,-1.22464679914735E-16,0.));
#1472=DIRECTION('',(-1.22464679914735E-16,1.,0.));
#1473=DIRECTION('',(-0.657286278929672,-0.651416669967804,-0.378986899006868));
#1474=DIRECTION('center_axis',(-1.22464679914735E-16,1.,0.));
#1475=DIRECTION('ref_axis',(-1.,-1.22464679914735E-16,0.));
#1476=DIRECTION('',(-1.22464679914735E-16,1.,0.));
#1477=DIRECTION('center_axis',(0.,0.,-1.));
#1478=DIRECTION('ref_axis',(1.,0.,0.));
#1479=DIRECTION('center_axis',(0.,0.,1.));
#1480=DIRECTION('ref_axis',(1.,1.22464679914735E-16,0.));
#1481=DIRECTION('center_axis',(0.,1.,0.));
#1482=DIRECTION('ref_axis',(-1.,0.,0.));
#1483=DIRECTION('center_axis',(0.,0.,-1.));
#1484=DIRECTION('ref_axis',(1.,1.22464679914735E-16,0.));
#1485=DIRECTION('center_axis',(0.,0.,1.));
#1486=DIRECTION('ref_axis',(1.,1.22464679914735E-16,4.61710579009901E-30));
#1487=DIRECTION('center_axis',(-8.95095355626557E-30,2.61553837683131E-31,
1.));
#1488=DIRECTION('ref_axis',(1.,1.22464679914735E-16,8.95095355626557E-30));
#1489=DIRECTION('',(0.173648177666931,4.25315369915155E-17,-0.984807753012208));
#1490=DIRECTION('center_axis',(0.,0.,-1.));
#1491=DIRECTION('ref_axis',(1.,1.22464679914735E-16,0.));
#1492=DIRECTION('',(0.,0.,-1.));
#1493=DIRECTION('center_axis',(3.58038142250623E-29,-1.04621535073252E-30,
-1.));
#1494=DIRECTION('ref_axis',(1.,1.22464679914735E-16,3.58038142250623E-29));
#1495=DIRECTION('center_axis',(-8.95095355626557E-30,2.61553837683131E-31,
1.));
#1496=DIRECTION('ref_axis',(-1.,-1.22464679914735E-16,-8.95095355626557E-30));
#1497=DIRECTION('center_axis',(0.,0.,1.));
#1498=DIRECTION('ref_axis',(-1.,-1.22464679914735E-16,0.));
#1499=DIRECTION('center_axis',(0.,0.,1.));
#1500=DIRECTION('ref_axis',(-1.,-1.22464679914735E-16,0.));
#1501=DIRECTION('center_axis',(0.,0.,-1.));
#1502=DIRECTION('ref_axis',(1.,0.,0.));
#1503=DIRECTION('center_axis',(0.,1.,0.));
#1504=DIRECTION('ref_axis',(-1.,0.,0.));
#1505=DIRECTION('center_axis',(0.,0.,1.));
#1506=DIRECTION('ref_axis',(-1.,-1.22464679914735E-16,0.));
#1507=DIRECTION('center_axis',(0.,0.,-1.));
#1508=DIRECTION('ref_axis',(1.,1.22464679914735E-16,0.));
#1509=DIRECTION('center_axis',(0.,0.,-1.));
#1510=DIRECTION('ref_axis',(1.,1.22464679914735E-16,0.));
#1511=DIRECTION('',(0.,0.,1.));
#1512=DIRECTION('center_axis',(0.,0.,-1.));
#1513=DIRECTION('ref_axis',(1.,0.,0.));
#1514=DIRECTION('center_axis',(0.,1.,0.));
#1515=DIRECTION('ref_axis',(-1.,0.,0.));
#1516=DIRECTION('center_axis',(0.,0.,1.));
#1517=DIRECTION('ref_axis',(-1.,-1.22464679914735E-16,0.));
#1518=DIRECTION('center_axis',(0.,0.,-1.));
#1519=DIRECTION('ref_axis',(1.,1.22464679914735E-16,0.));
#1520=DIRECTION('center_axis',(0.,0.,-1.));
#1521=DIRECTION('ref_axis',(1.,1.22464679914735E-16,0.));
#1522=DIRECTION('',(0.,0.,1.));
#1523=DIRECTION('center_axis',(0.,0.,-1.));
#1524=DIRECTION('ref_axis',(1.,0.,0.));
#1525=DIRECTION('center_axis',(0.,1.,0.));
#1526=DIRECTION('ref_axis',(-1.,0.,0.));
#1527=DIRECTION('center_axis',(0.,0.,1.));
#1528=DIRECTION('ref_axis',(-1.,-1.22464679914735E-16,0.));
#1529=DIRECTION('center_axis',(0.,0.,-1.));
#1530=DIRECTION('ref_axis',(1.,1.22464679914735E-16,0.));
#1531=DIRECTION('center_axis',(0.,0.,-1.));
#1532=DIRECTION('ref_axis',(1.,1.22464679914735E-16,0.));
#1533=DIRECTION('',(0.,0.,1.));
#1534=DIRECTION('center_axis',(0.,0.,-1.));
#1535=DIRECTION('ref_axis',(1.,0.,0.));
#1536=DIRECTION('center_axis',(0.,1.,0.));
#1537=DIRECTION('ref_axis',(-1.,0.,0.));
#1538=DIRECTION('center_axis',(0.,0.,1.));
#1539=DIRECTION('ref_axis',(-1.,-1.22464679914735E-16,0.));
#1540=DIRECTION('center_axis',(0.,0.,-1.));
#1541=DIRECTION('ref_axis',(1.,1.22464679914735E-16,0.));
#1542=DIRECTION('center_axis',(0.,0.,-1.));
#1543=DIRECTION('ref_axis',(1.,1.22464679914735E-16,0.));
#1544=DIRECTION('',(0.,0.,1.));
#1545=DIRECTION('center_axis',(0.,0.,-1.));
#1546=DIRECTION('ref_axis',(1.,0.,0.));
#1547=DIRECTION('center_axis',(0.,1.,0.));
#1548=DIRECTION('ref_axis',(-1.,0.,0.));
#1549=DIRECTION('center_axis',(0.,0.,1.));
#1550=DIRECTION('ref_axis',(-1.,-1.22464679914735E-16,0.));
#1551=DIRECTION('center_axis',(0.,0.,-1.));
#1552=DIRECTION('ref_axis',(1.,1.22464679914735E-16,0.));
#1553=DIRECTION('center_axis',(0.,0.,-1.));
#1554=DIRECTION('ref_axis',(1.,1.22464679914735E-16,0.));
#1555=DIRECTION('',(0.,0.,1.));
#1556=DIRECTION('center_axis',(0.,0.,-1.));
#1557=DIRECTION('ref_axis',(1.,0.,0.));
#1558=DIRECTION('center_axis',(0.,1.,0.));
#1559=DIRECTION('ref_axis',(-1.,0.,0.));
#1560=DIRECTION('center_axis',(0.,0.,1.));
#1561=DIRECTION('ref_axis',(-1.,-1.22464679914735E-16,0.));
#1562=DIRECTION('center_axis',(0.,0.,-1.));
#1563=DIRECTION('ref_axis',(1.,1.22464679914735E-16,0.));
#1564=DIRECTION('center_axis',(0.,0.,-1.));
#1565=DIRECTION('ref_axis',(1.,1.22464679914735E-16,0.));
#1566=DIRECTION('',(0.,0.,1.));
#1567=DIRECTION('center_axis',(0.,0.,-1.));
#1568=DIRECTION('ref_axis',(1.,0.,0.));
#1569=DIRECTION('center_axis',(0.,1.,0.));
#1570=DIRECTION('ref_axis',(-1.,0.,0.));
#1571=DIRECTION('center_axis',(0.,0.,1.));
#1572=DIRECTION('ref_axis',(-1.,-1.22464679914735E-16,0.));
#1573=DIRECTION('center_axis',(0.,0.,-1.));
#1574=DIRECTION('ref_axis',(1.,1.22464679914735E-16,0.));
#1575=DIRECTION('center_axis',(0.,0.,-1.));
#1576=DIRECTION('ref_axis',(1.,1.22464679914735E-16,0.));
#1577=DIRECTION('',(0.,0.,1.));
#1578=DIRECTION('center_axis',(0.,0.,-1.));
#1579=DIRECTION('ref_axis',(1.,0.,0.));
#1580=DIRECTION('center_axis',(0.,1.,0.));
#1581=DIRECTION('ref_axis',(-1.,0.,0.));
#1582=DIRECTION('center_axis',(0.,0.,1.));
#1583=DIRECTION('ref_axis',(-1.,-1.22464679914735E-16,0.));
#1584=DIRECTION('center_axis',(0.,0.,-1.));
#1585=DIRECTION('ref_axis',(1.,1.22464679914735E-16,0.));
#1586=DIRECTION('center_axis',(0.,0.,-1.));
#1587=DIRECTION('ref_axis',(1.,1.22464679914735E-16,0.));
#1588=DIRECTION('',(0.,0.,1.));
#1589=DIRECTION('center_axis',(0.,0.,-1.));
#1590=DIRECTION('ref_axis',(1.,0.,0.));
#1591=DIRECTION('center_axis',(0.,1.,0.));
#1592=DIRECTION('ref_axis',(-1.,0.,0.));
#1593=DIRECTION('center_axis',(0.,0.,1.));
#1594=DIRECTION('ref_axis',(-1.,-1.22464679914735E-16,0.));
#1595=DIRECTION('center_axis',(0.,0.,-1.));
#1596=DIRECTION('ref_axis',(1.,1.22464679914735E-16,0.));
#1597=DIRECTION('center_axis',(0.,0.,-1.));
#1598=DIRECTION('ref_axis',(1.,1.22464679914735E-16,0.));
#1599=DIRECTION('',(0.,0.,1.));
#1600=DIRECTION('center_axis',(0.816496580927725,-0.408248290463866,0.408248290463862));
#1601=DIRECTION('ref_axis',(-0.577350269189625,-0.577350269189628,0.577350269189625));
#1602=DIRECTION('center_axis',(0.,0.,-1.));
#1603=DIRECTION('ref_axis',(-1.,-1.22464679914735E-16,0.));
#1604=DIRECTION('center_axis',(-1.22464679914735E-16,1.,0.));
#1605=DIRECTION('ref_axis',(0.,0.,1.));
#1606=DIRECTION('center_axis',(1.,1.22464679914735E-16,0.));
#1607=DIRECTION('ref_axis',(1.22464679914735E-16,-1.,0.));
#1608=DIRECTION('center_axis',(1.22464679914735E-16,-1.,0.));
#1609=DIRECTION('ref_axis',(-0.707106781186541,-8.65956056235486E-17,0.707106781186554));
#1610=DIRECTION('center_axis',(-8.8003381277532E-17,0.718602141766944,-0.695421427515691));
#1611=DIRECTION('ref_axis',(-3.53015223181441E-17,0.695421427515691,0.718602141766944));
#1612=DIRECTION('',(1.22464679914735E-16,-1.,0.));
#1613=DIRECTION('',(-1.22464679914735E-16,1.,0.));
#1614=DIRECTION('center_axis',(0.816496580927731,0.408248290463858,-0.408248290463858));
#1615=DIRECTION('ref_axis',(0.577350269189625,-0.577350269189628,0.577350269189625));
#1616=DIRECTION('center_axis',(-1.,8.75931951708652E-15,0.));
#1617=DIRECTION('ref_axis',(0.,0.,1.));
#1618=DIRECTION('center_axis',(-1.22464679914735E-16,1.,0.));
#1619=DIRECTION('ref_axis',(1.,1.22464679914735E-16,0.));
#1620=DIRECTION('center_axis',(0.,0.,-1.));
#1621=DIRECTION('ref_axis',(1.22464679914735E-16,-1.,0.));
#1622=DIRECTION('center_axis',(1.22464679914735E-16,-1.,0.));
#1623=DIRECTION('ref_axis',(0.707106781186548,8.65956056235493E-17,0.707106781186548));
#1624=DIRECTION('center_axis',(-8.8003381277532E-17,0.718602141766944,-0.695421427515691));
#1625=DIRECTION('ref_axis',(-8.51645625265574E-17,0.695421427515691,0.718602141766944));
#1626=DIRECTION('',(1.22464679914735E-16,-1.,0.));
#1627=DIRECTION('',(-1.22464679914735E-16,1.,0.));
#1628=DIRECTION('center_axis',(0.,0.,1.));
#1629=DIRECTION('ref_axis',(0.707106781186553,-0.707106781186542,0.));
#1630=DIRECTION('center_axis',(0.,0.,-1.));
#1631=DIRECTION('ref_axis',(1.,1.22464679914735E-16,0.));
#1632=DIRECTION('',(0.,0.,1.));
#1633=DIRECTION('',(0.,0.,-1.));
#1634=DIRECTION('center_axis',(-1.,-1.22464679914735E-16,0.));
#1635=DIRECTION('ref_axis',(8.65956056235495E-17,-0.707106781186549,0.707106781186546));
#1636=DIRECTION('',(1.,1.22464679914735E-16,0.));
#1637=DIRECTION('',(-1.,-1.22464679914735E-16,0.));
#1638=DIRECTION('center_axis',(0.,0.,-1.));
#1639=DIRECTION('ref_axis',(-0.70710678118654,-0.707106781186555,0.));
#1640=DIRECTION('center_axis',(0.,0.,-1.));
#1641=DIRECTION('ref_axis',(1.22464679914735E-16,-1.,0.));
#1642=DIRECTION('',(0.,0.,1.));
#1643=DIRECTION('',(0.,0.,-1.));
#1644=DIRECTION('',(-8.51645625265574E-17,0.695421427515691,0.718602141766944));
#1645=DIRECTION('',(8.51645625265574E-17,-0.695421427515691,-0.718602141766944));
#1646=DIRECTION('center_axis',(-1.,-1.22464679914735E-16,0.));
#1647=DIRECTION('ref_axis',(0.,0.,-1.));
#1648=DIRECTION('',(8.51645625265574E-17,-0.695421427515691,-0.718602141766944));
#1649=DIRECTION('center_axis',(1.22464679914735E-16,-1.,0.));
#1650=DIRECTION('ref_axis',(0.,0.,1.));
#1651=DIRECTION('',(1.,1.22464679914735E-16,0.));
#1652=DIRECTION('center_axis',(-1.99717679752613E-13,-1.,0.));
#1653=DIRECTION('ref_axis',(1.,-1.98829501332913E-13,2.72814396388891E-30));
#1654=DIRECTION('center_axis',(-1.99717679752613E-13,-1.,0.));
#1655=DIRECTION('ref_axis',(1.,-1.98829501332913E-13,2.72814396388891E-30));
#1656=DIRECTION('center_axis',(0.,0.,-1.));
#1657=DIRECTION('ref_axis',(1.,1.22464679914735E-16,0.));
#1658=DIRECTION('',(1.,1.22464679914735E-16,0.));
#1659=DIRECTION('center_axis',(-3.58038142250623E-29,1.04621535073252E-30,
1.));
#1660=DIRECTION('ref_axis',(1.,1.22464679914735E-16,3.58038142250623E-29));
#1661=DIRECTION('',(1.99717679752613E-13,1.,0.));
#1662=DIRECTION('center_axis',(1.,1.22464679914735E-16,0.));
#1663=DIRECTION('ref_axis',(0.,0.,1.));
#1664=DIRECTION('',(-8.51645625265574E-17,0.695421427515691,0.718602141766944));
#1665=DIRECTION('center_axis',(0.,0.,1.));
#1666=DIRECTION('ref_axis',(-1.,-1.22464679914735E-16,0.));
#1667=DIRECTION('',(-1.,-1.22464679914735E-16,0.));
#1668=DIRECTION('center_axis',(-8.8003381277532E-17,0.718602141766944,-0.695421427515691));
#1669=DIRECTION('ref_axis',(-8.51645625265574E-17,0.695421427515691,0.718602141766944));
#1670=DIRECTION('',(-1.,-1.22464679914735E-16,0.));
#1671=DIRECTION('',(1.,1.22464679914735E-16,0.));
#1672=DIRECTION('',(8.51645625265574E-17,-0.695421427515691,-0.718602141766944));
#1673=DIRECTION('',(-1.,-1.22464679914735E-16,0.));
#1674=DIRECTION('center_axis',(-1.22464679914735E-16,1.,0.));
#1675=DIRECTION('ref_axis',(0.,0.,-1.));
#1676=DIRECTION('',(0.,0.,1.));
#1677=DIRECTION('center_axis',(0.,0.,1.));
#1678=DIRECTION('ref_axis',(1.,1.22464679914735E-16,0.));
#1679=DIRECTION('center_axis',(0.,0.,1.));
#1680=DIRECTION('ref_axis',(1.,1.22464679914735E-16,0.));
#1681=DIRECTION('center_axis',(0.,0.,1.));
#1682=DIRECTION('ref_axis',(1.,1.22464679914735E-16,0.));
#1683=DIRECTION('center_axis',(0.,0.,1.));
#1684=DIRECTION('ref_axis',(1.,1.22464679914735E-16,0.));
#1685=DIRECTION('center_axis',(0.,0.,1.));
#1686=DIRECTION('ref_axis',(1.,1.22464679914735E-16,0.));
#1687=DIRECTION('center_axis',(0.,0.,1.));
#1688=DIRECTION('ref_axis',(1.,1.22464679914735E-16,0.));
#1689=DIRECTION('center_axis',(0.,0.,1.));
#1690=DIRECTION('ref_axis',(1.,1.22464679914735E-16,0.));
#1691=DIRECTION('center_axis',(0.,0.,1.));
#1692=DIRECTION('ref_axis',(1.,1.22464679914735E-16,0.));
#1693=DIRECTION('center_axis',(0.,0.,1.));
#1694=DIRECTION('ref_axis',(1.,1.22464679914735E-16,0.));
#1695=DIRECTION('center_axis',(-1.98829501332913E-13,-1.,-2.66453525910038E-15));
#1696=DIRECTION('ref_axis',(1.,-1.98829501332913E-13,2.72814396388891E-30));
#1697=DIRECTION('',(-1.98829501332913E-13,-1.,-2.66453525910038E-15));
#1698=DIRECTION('center_axis',(-1.98829501332913E-13,-1.,-2.66453525910038E-15));
#1699=DIRECTION('ref_axis',(1.,-1.98829501332913E-13,2.72814396388891E-30));
#1700=DIRECTION('',(-1.98829501332913E-13,-1.,-2.66453525910038E-15));
#1701=DIRECTION('center_axis',(0.,0.,-1.));
#1702=DIRECTION('ref_axis',(1.,1.22464679914735E-16,0.));
#1703=DIRECTION('',(-1.22464679914735E-16,1.,0.));
#1704=DIRECTION('center_axis',(1.22464679914735E-16,-1.,0.));
#1705=DIRECTION('ref_axis',(1.,1.22464679914735E-16,0.));
#1706=DIRECTION('',(0.,0.,1.));
#1707=DIRECTION('center_axis',(-1.,-1.22464679914735E-16,0.));
#1708=DIRECTION('ref_axis',(1.22464679914735E-16,-1.,0.));
#1709=CARTESIAN_POINT('',(0.,0.,0.));
#1710=CARTESIAN_POINT('Ctrl Pts',(187.052542014949,26.274881486852,101.366600073276));
#1711=CARTESIAN_POINT('Ctrl Pts',(187.142330823065,33.2566467413464,101.563142939982));
#1712=CARTESIAN_POINT('Ctrl Pts',(187.35764147481,44.8701562714935,101.901919038237));
#1713=CARTESIAN_POINT('Ctrl Pts',(187.428630029244,61.0872994375553,101.986735362853));
#1714=CARTESIAN_POINT('Ctrl Pts',(187.31569948876,70.361753161892,101.837044771764));
#1715=CARTESIAN_POINT('Ctrl Pts',(187.249160951418,75.0050130063016,101.7307687843));
#1716=CARTESIAN_POINT('Ctrl Pts',(187.275838812943,26.2699468003035,100.68587267562));
#1717=CARTESIAN_POINT('Ctrl Pts',(187.330090812189,33.2522725856573,100.829205761079));
#1718=CARTESIAN_POINT('Ctrl Pts',(187.467889213198,44.8688300058796,101.086861513567));
#1719=CARTESIAN_POINT('Ctrl Pts',(187.514498423407,61.0876296371937,101.153926678492));
#1720=CARTESIAN_POINT('Ctrl Pts',(187.441078786282,70.3636612432884,101.037462316226));
#1721=CARTESIAN_POINT('Ctrl Pts',(187.399170878816,75.0078285728038,100.957031637924));
#1722=CARTESIAN_POINT('Ctrl Pts',(188.111075315914,26.2514887195201,99.6464299678223));
#1723=CARTESIAN_POINT('Ctrl Pts',(188.166780089448,33.2329245515746,99.6853539593908));
#1724=CARTESIAN_POINT('Ctrl Pts',(188.280492221119,44.8548199811234,99.7577268455395));
#1725=CARTESIAN_POINT('Ctrl Pts',(188.315986333236,61.0919218113681,99.777523096994));
#1726=CARTESIAN_POINT('Ctrl Pts',(188.258519092282,70.3764508509795,99.7437967181737));
#1727=CARTESIAN_POINT('Ctrl Pts',(188.222884274785,75.0232890152249,99.7211228512072));
#1728=CARTESIAN_POINT('Ctrl Pts',(189.365140684754,26.2237748447033,99.3018646025311));
#1729=CARTESIAN_POINT('Ctrl Pts',(189.489968982449,33.2024004489002,99.3016638663857));
#1730=CARTESIAN_POINT('Ctrl Pts',(189.718650653534,44.8291598092403,99.3017030427452));
#1731=CARTESIAN_POINT('Ctrl Pts',(189.782791671135,61.0999755868965,99.3014927555353));
#1732=CARTESIAN_POINT('Ctrl Pts',(189.674708113977,70.3987829489968,99.3017067843953));
#1733=CARTESIAN_POINT('Ctrl Pts',(189.60277407424,75.0491884444395,99.301864602531));
#1734=CARTESIAN_POINT('Ctrl Pts',(189.902333938395,26.2119032892376,99.3018646025311));
#1735=CARTESIAN_POINT('Ctrl Pts',(190.056529700853,33.1893312742512,99.3018646025311));
#1736=CARTESIAN_POINT('Ctrl Pts',(190.334425492382,44.8181934694905,99.301864602531));
#1737=CARTESIAN_POINT('Ctrl Pts',(190.410635912486,61.1034194206722,99.301864602531));
#1738=CARTESIAN_POINT('Ctrl Pts',(190.281095379685,70.4083484476633,99.301864602531));
#1739=CARTESIAN_POINT('Ctrl Pts',(190.193782318163,75.0602811970526,99.301864602531));
#1740=CARTESIAN_POINT('',(190.193852281914,75.0565533686753,99.301864602531));
#1741=CARTESIAN_POINT('',(187.254938642364,74.6000336505827,101.73996368695));
#1742=CARTESIAN_POINT('Ctrl Pts',(190.193852281937,75.0565533680625,99.301864602531));
#1743=CARTESIAN_POINT('Ctrl Pts',(189.995142058547,75.0565533680625,99.301864602531));
#1744=CARTESIAN_POINT('Ctrl Pts',(189.796996483452,75.0524828364465,99.3216014019148));
#1745=CARTESIAN_POINT('Ctrl Pts',(189.398389891115,75.0364700869621,99.4018312793582));
#1746=CARTESIAN_POINT('Ctrl Pts',(189.199486287301,75.0242131252642,99.4639820562682));
#1747=CARTESIAN_POINT('Ctrl Pts',(188.676767258585,74.9806532444711,99.689206261769));
#1748=CARTESIAN_POINT('Ctrl Pts',(188.374319878783,74.9424192584126,99.8909524905398));
#1749=CARTESIAN_POINT('Ctrl Pts',(187.889449883199,74.8552558444928,100.359336541591));
#1750=CARTESIAN_POINT('Ctrl Pts',(187.699784624817,74.8088105889118,100.611624486832));
#1751=CARTESIAN_POINT('Ctrl Pts',(187.410846945072,74.7085826076318,101.155775486137));
#1752=CARTESIAN_POINT('Ctrl Pts',(187.310531606504,74.6556266147077,101.443062699379));
#1753=CARTESIAN_POINT('Ctrl Pts',(187.254938642363,74.6000336505672,101.739963686953));
#1754=CARTESIAN_POINT('',(187.168394301493,34.4572515450396,101.594589046201));
#1755=CARTESIAN_POINT('Ctrl Pts',(187.254938339302,74.6000335238654,101.73995824464));
#1756=CARTESIAN_POINT('Ctrl Pts',(187.318950396109,70.0921091031306,101.84135500343));
#1757=CARTESIAN_POINT('Ctrl Pts',(187.428040337072,60.9525858564639,101.986030805293));
#1758=CARTESIAN_POINT('Ctrl Pts',(187.36953544955,47.5873026158762,101.916129825181));
#1759=CARTESIAN_POINT('Ctrl Pts',(187.234283514475,38.7032948142534,101.706767621369));
#1760=CARTESIAN_POINT('Ctrl Pts',(187.170018985157,34.457247705099,101.593809069171));
#1761=CARTESIAN_POINT('',(189.902333938395,26.2119032892376,99.301864602531));
#1762=CARTESIAN_POINT('Ctrl Pts',(187.170010824076,34.4567084909509,101.593794724266));
#1763=CARTESIAN_POINT('Ctrl Pts',(187.189381002489,34.2944064004228,101.499071092846));
#1764=CARTESIAN_POINT('Ctrl Pts',(187.213403971989,34.1290473252278,101.4060205704));
#1765=CARTESIAN_POINT('Ctrl Pts',(187.241739603333,33.9606451776044,101.314868363782));
#1766=CARTESIAN_POINT('Ctrl Pts',(187.271110362307,33.7860911389647,101.220386280146));
#1767=CARTESIAN_POINT('Ctrl Pts',(187.305114943055,33.6082676237955,101.127943107131));
#1768=CARTESIAN_POINT('Ctrl Pts',(187.34343238478,33.4271894200845,101.037790133746));
#1769=CARTESIAN_POINT('Ctrl Pts',(187.383003852946,33.240185015526,100.944686696879));
#1770=CARTESIAN_POINT('Ctrl Pts',(187.427175536217,33.049709387817,100.854025066284));
#1771=CARTESIAN_POINT('Ctrl Pts',(187.475648597058,32.8557782781226,100.766093314907));
#1772=CARTESIAN_POINT('Ctrl Pts',(187.525518531307,32.6562585547699,100.675627588515));
#1773=CARTESIAN_POINT('Ctrl Pts',(187.57994189793,32.4530813043791,100.588050482027));
#1774=CARTESIAN_POINT('Ctrl Pts',(187.638642339764,32.2462633538234,100.503699977343));
#1775=CARTESIAN_POINT('Ctrl Pts',(187.697277149395,32.0396766437373,100.419443783866));
#1776=CARTESIAN_POINT('Ctrl Pts',(187.760180283684,31.829457348848,100.338406249692));
#1777=CARTESIAN_POINT('Ctrl Pts',(187.827113740534,31.6156222351316,100.260960017947));
#1778=CARTESIAN_POINT('Ctrl Pts',(187.892478568297,31.4067984863577,100.185328789005));
#1779=CARTESIAN_POINT('Ctrl Pts',(187.961687836584,31.1945263919738,100.113122025555));
#1780=CARTESIAN_POINT('Ctrl Pts',(188.034543503789,30.9788218585369,100.044729602658));
#1781=CARTESIAN_POINT('Ctrl Pts',(188.079798444106,30.8448350849434,100.002247045912));
#1782=CARTESIAN_POINT('Ctrl Pts',(188.126460723817,30.7095239517753,99.9612370815297));
#1783=CARTESIAN_POINT('Ctrl Pts',(188.17448562739,30.5728923786532,99.9218029886708));
#1784=CARTESIAN_POINT('Ctrl Pts',(188.250394783908,30.3569296864258,99.8594726453632));
#1785=CARTESIAN_POINT('Ctrl Pts',(188.328805415871,30.140322001829,99.8018199367861));
#1786=CARTESIAN_POINT('Ctrl Pts',(188.409359923155,29.9231690439474,99.7489659271634));
#1787=CARTESIAN_POINT('Ctrl Pts',(188.483704580474,29.7227561460997,99.7001863694973));
#1788=CARTESIAN_POINT('Ctrl Pts',(188.5598752079,29.5218788124026,99.6554926032095));
#1789=CARTESIAN_POINT('Ctrl Pts',(188.637499473648,29.3206178481625,99.6148091803036));
#1790=CARTESIAN_POINT('Ctrl Pts',(188.717757715062,29.1125276214869,99.5727452722508));
#1791=CARTESIAN_POINT('Ctrl Pts',(188.799570401701,28.9040272810056,99.5349682191246));
#1792=CARTESIAN_POINT('Ctrl Pts',(188.882573934352,28.6952054564717,99.5014243230411));
#1793=CARTESIAN_POINT('Ctrl Pts',(188.969632292877,28.4761824259169,99.4662417658864));
#1794=CARTESIAN_POINT('Ctrl Pts',(189.058001204182,28.256805727184,99.4357156377803));
#1795=CARTESIAN_POINT('Ctrl Pts',(189.14730531988,28.037176989571,99.4098216036768));
#1796=CARTESIAN_POINT('Ctrl Pts',(189.238447417758,27.8130280380473,99.3833946403473));
#1797=CARTESIAN_POINT('Ctrl Pts',(189.330564426092,27.5886165550572,99.3617921034933));
#1798=CARTESIAN_POINT('Ctrl Pts',(189.42329165366,27.3640500774232,99.3450317099851));
#1799=CARTESIAN_POINT('Ctrl Pts',(189.517252894351,27.1364950710939,99.3280482693086));
#1800=CARTESIAN_POINT('Ctrl Pts',(189.611841614283,26.9087809050383,99.3160364293186));
#1801=CARTESIAN_POINT('Ctrl Pts',(189.706700009283,26.6810191427909,99.3090632417363));
#1802=CARTESIAN_POINT('Ctrl Pts',(189.76938879401,26.5304989059411,99.304454892046));
#1803=CARTESIAN_POINT('Ctrl Pts',(189.83219577764,26.379957875441,99.3020481556552));
#1804=CARTESIAN_POINT('Ctrl Pts',(189.895019809952,26.2294282149335,99.3018747005501));
#1805=CARTESIAN_POINT('Ctrl Pts',(189.897457839561,26.2235865687375,99.3018679692298));
#1806=CARTESIAN_POINT('Ctrl Pts',(189.899895884445,26.2177449261841,99.3018646025311));
#1807=CARTESIAN_POINT('Ctrl Pts',(189.902333938396,26.211903289249,99.3018646025311));
#1808=CARTESIAN_POINT('Ctrl Pts',(189.902333938395,26.2119032892376,99.3018646025311));
#1809=CARTESIAN_POINT('Ctrl Pts',(190.056529700853,33.1893312742512,99.3018646025311));
#1810=CARTESIAN_POINT('Ctrl Pts',(190.334425492382,44.8181934694905,99.301864602531));
#1811=CARTESIAN_POINT('Ctrl Pts',(190.410630096176,61.1021765470755,99.301864602531));
#1812=CARTESIAN_POINT('Ctrl Pts',(190.281129979051,70.4058629446983,99.301864602531));
#1813=CARTESIAN_POINT('Ctrl Pts',(190.193852281696,75.0565533686451,99.301864602531));
#1814=CARTESIAN_POINT('Origin',(170.111458359854,23.0565533681,99.301864602531));
#1815=CARTESIAN_POINT('',(187.711458359857,25.9332306589667,99.301864602531));
#1816=CARTESIAN_POINT('Ctrl Pts',(189.902333938396,26.2119032892489,99.301864602531));
#1817=CARTESIAN_POINT('Ctrl Pts',(189.17244173957,26.1159655142731,99.301864602531));
#1818=CARTESIAN_POINT('Ctrl Pts',(188.442153448178,26.0229082040748,99.301864602531));
#1819=CARTESIAN_POINT('Ctrl Pts',(187.711438021842,25.9333966856601,99.301864602531));
#1820=CARTESIAN_POINT('',(152.511458359848,25.9332306589673,99.301864602531));
#1821=CARTESIAN_POINT('Ctrl Pts',(152.511461721088,25.9332580968182,99.3018646025311));
#1822=CARTESIAN_POINT('Ctrl Pts',(155.930113729444,25.514460441205,99.301864602531));
#1823=CARTESIAN_POINT('Ctrl Pts',(162.967673099597,24.8200452457095,99.301864602531));
#1824=CARTESIAN_POINT('Ctrl Pts',(172.7618922526,24.6630570396333,99.301864602531));
#1825=CARTESIAN_POINT('Ctrl Pts',(181.072871954546,25.1820043482929,99.301864602531));
#1826=CARTESIAN_POINT('Ctrl Pts',(185.744600779648,25.6924621416804,99.301864602531));
#1827=CARTESIAN_POINT('Ctrl Pts',(187.711438021842,25.9333966856602,99.301864602531));
#1828=CARTESIAN_POINT('',(152.511458359851,9.05655336810002,99.301864602531));
#1829=CARTESIAN_POINT('',(152.511458359851,37.0565533681,99.301864602531));
#1830=CARTESIAN_POINT('',(190.711458359857,9.0565533681,99.301864602531));
#1831=CARTESIAN_POINT('',(152.511458359851,9.05655336810002,99.301864602531));
#1832=CARTESIAN_POINT('',(190.711458359857,75.0565533680625,99.301864602531));
#1833=CARTESIAN_POINT('',(190.711458359857,75.0565533680625,99.301864602531));
#1834=CARTESIAN_POINT('',(187.711458359857,75.0565533680625,99.301864602531));
#1835=CARTESIAN_POINT('Origin',(186.911458359857,32.5565533680906,94.501864602531));
#1836=CARTESIAN_POINT('',(186.911458359857,9.05655336810002,95.301864602531));
#1837=CARTESIAN_POINT('',(187.711458359857,9.85655336809983,94.501864602531));
#1838=CARTESIAN_POINT('Origin',(186.911458359857,9.85655336809982,94.501864602531));
#1839=CARTESIAN_POINT('',(186.911458359857,39.056553368093,95.301864602531));
#1840=CARTESIAN_POINT('',(186.911458359857,32.5565533680906,95.301864602531));
#1841=CARTESIAN_POINT('',(187.711458359857,39.056553368093,94.501864602531));
#1842=CARTESIAN_POINT('Origin',(186.911458359857,39.056553368093,94.501864602531));
#1843=CARTESIAN_POINT('',(187.711458359857,32.5565533680906,94.501864602531));
#1844=CARTESIAN_POINT('Origin',(186.911458359857,39.056553368093,93.301864602531));
#1845=CARTESIAN_POINT('',(186.911458359857,41.056553368093,93.301864602531));
#1846=CARTESIAN_POINT('',(187.711458359857,40.256553368093,93.301864602531));
#1847=CARTESIAN_POINT('Origin',(186.911458359857,40.256553368093,93.301864602531));
#1848=CARTESIAN_POINT('Origin',(187.711458359857,39.056553368093,93.301864602531));
#1849=CARTESIAN_POINT('Origin',(186.911458359857,39.056553368093,93.301864602531));
#1850=CARTESIAN_POINT('Origin',(186.911458359857,40.256553368093,88.301864602531));
#1851=CARTESIAN_POINT('',(186.911458359857,41.056553368093,63.301864602531));
#1852=CARTESIAN_POINT('',(187.711458359857,40.256553368093,64.1018646025312));
#1853=CARTESIAN_POINT('Origin',(186.911458359857,40.256553368093,64.1018646025312));
#1854=CARTESIAN_POINT('',(187.711458359857,40.256553368093,88.301864602531));
#1855=CARTESIAN_POINT('',(186.911458359857,41.056553368093,88.301864602531));
#1856=CARTESIAN_POINT('Origin',(187.711458359859,41.056553368093,95.301864602531));
#1857=CARTESIAN_POINT('',(152.511458359851,41.056553368093,93.301864602531));
#1858=CARTESIAN_POINT('',(178.911458359856,41.056553368093,93.301864602531));
#1859=CARTESIAN_POINT('',(152.511458359851,41.056553368093,63.301864602531));
#1860=CARTESIAN_POINT('',(152.511458359851,41.056553368093,95.301864602531));
#1861=CARTESIAN_POINT('',(152.511458359851,41.056553368093,63.301864602531));
#1862=CARTESIAN_POINT('',(160.411458359857,41.0565533680985,79.8018646025304));
#1863=CARTESIAN_POINT('Origin',(162.211458359857,41.0565533680981,79.8018646025304));
#1864=CARTESIAN_POINT('',(176.211458359857,41.0565533680953,79.8018646025304));
#1865=CARTESIAN_POINT('Origin',(178.011458359857,41.056553368095,79.8018646025304));
#1866=CARTESIAN_POINT('Origin',(178.911458359856,39.056553368093,93.301864602531));
#1867=CARTESIAN_POINT('',(152.511458359851,39.056553368093,95.301864602531));
#1868=CARTESIAN_POINT('',(178.911458359856,39.056553368093,95.301864602531));
#1869=CARTESIAN_POINT('Origin',(152.511458359851,39.056553368093,93.301864602531));
#1870=CARTESIAN_POINT('Origin',(170.111458359854,23.0565533681,95.301864602531));
#1871=CARTESIAN_POINT('',(152.511458359851,9.05655336810002,95.301864602531));
#1872=CARTESIAN_POINT('',(152.511458359851,9.05655336810002,95.301864602531));
#1873=CARTESIAN_POINT('',(152.511458359851,37.0565533681,95.301864602531));
#1874=CARTESIAN_POINT('',(167.911458359852,17.1565533680965,95.301864602531));
#1875=CARTESIAN_POINT('Origin',(170.111458359852,17.1565533680965,95.301864602531));
#1876=CARTESIAN_POINT('',(160.011458359854,25.0565533680981,95.301864602531));
#1877=CARTESIAN_POINT('Origin',(162.211458359854,25.0565533680981,95.301864602531));
#1878=CARTESIAN_POINT('',(167.911458359855,32.9565533680965,95.301864602531));
#1879=CARTESIAN_POINT('Origin',(170.111458359855,32.9565533680965,95.301864602531));
#1880=CARTESIAN_POINT('',(173.497601931227,19.4704097967217,95.301864602531));
#1881=CARTESIAN_POINT('Origin',(175.697601931227,19.4704097967217,95.301864602531));
#1882=CARTESIAN_POINT('',(175.811458359854,25.0565533680949,95.301864602531));
#1883=CARTESIAN_POINT('Origin',(178.011458359854,25.0565533680949,95.301864602531));
#1884=CARTESIAN_POINT('',(165.811458359854,25.0565533680965,95.301864602531));
#1885=CARTESIAN_POINT('Origin',(170.111458359854,25.0565533680965,95.301864602531));
#1886=CARTESIAN_POINT('',(173.497601931229,30.6426969394691,95.301864602531));
#1887=CARTESIAN_POINT('Origin',(175.697601931229,30.6426969394691,95.301864602531));
#1888=CARTESIAN_POINT('',(162.325314788481,30.6426969394714,95.301864602531));
#1889=CARTESIAN_POINT('Origin',(164.525314788481,30.6426969394714,95.301864602531));
#1890=CARTESIAN_POINT('',(162.325314788479,19.4704097967239,95.301864602531));
#1891=CARTESIAN_POINT('Origin',(164.525314788479,19.4704097967239,95.301864602531));
#1892=CARTESIAN_POINT('Origin',(187.711458359857,9.0565533681,95.301864602531));
#1893=CARTESIAN_POINT('',(190.711458359857,41.056553368093,63.301864602531));
#1894=CARTESIAN_POINT('',(187.711458359857,41.056553368093,63.301864602531));
#1895=CARTESIAN_POINT('',(190.711458359857,9.0565533681,95.301864602531));
#1896=CARTESIAN_POINT('',(190.711458359857,41.056553368093,63.301864602531));
#1897=CARTESIAN_POINT('',(152.511458359851,9.05655336810002,95.301864602531));
#1898=CARTESIAN_POINT('',(187.711458359857,41.056553368093,63.301864602531));
#1899=CARTESIAN_POINT('Origin',(190.711458359857,42.0565533680812,81.301864602531));
#1900=CARTESIAN_POINT('',(190.711458359857,45.056553368093,63.301864602531));
#1901=CARTESIAN_POINT('',(190.711458359857,41.056553368093,63.301864602531));
#1902=CARTESIAN_POINT('',(190.711458359857,75.0565533680625,94.301864602531));
#1903=CARTESIAN_POINT('',(190.711458359857,45.056553368093,63.301864602531));
#1904=CARTESIAN_POINT('',(190.711458359857,75.0565533680625,94.301864602531));
#1905=CARTESIAN_POINT('',(190.711458359857,9.0565533681,99.301864602531));
#1906=CARTESIAN_POINT('Origin',(187.711458359857,42.0565533680812,81.301864602531));
#1907=CARTESIAN_POINT('Ctrl Pts',(173.095296283261,41.2744867762915,112.10153260811));
#1908=CARTESIAN_POINT('Ctrl Pts',(173.12081448317,41.2127227141361,111.856596376768));
#1909=CARTESIAN_POINT('Ctrl Pts',(173.115411469401,41.1443678602508,111.612334732244));
#1910=CARTESIAN_POINT('Ctrl Pts',(173.045765810776,40.9980832800316,111.135914475721));
#1911=CARTESIAN_POINT('Ctrl Pts',(172.981777252906,40.9205654191176,110.904968333347));
#1912=CARTESIAN_POINT('Ctrl Pts',(172.748999198269,40.7189066825034,110.34624322549));
#1913=CARTESIAN_POINT('Ctrl Pts',(172.543344101142,40.593100974473,110.036670497908));
#1914=CARTESIAN_POINT('Ctrl Pts',(172.01948668015,40.3633821858973,109.510224457972));
#1915=CARTESIAN_POINT('Ctrl Pts',(171.705332549438,40.2606532323742,109.294721676003));
#1916=CARTESIAN_POINT('Ctrl Pts',(171.066461805004,40.1260041145243,109.020736484567));
#1917=CARTESIAN_POINT('Ctrl Pts',(170.763117357249,40.0849697120425,108.940764546537));
#1918=CARTESIAN_POINT('Ctrl Pts',(170.15692640868,40.0518026687996,108.876037139486));
#1919=CARTESIAN_POINT('Ctrl Pts',(169.861565778968,40.0567502966634,108.885500647366));
#1920=CARTESIAN_POINT('Ctrl Pts',(169.249815541264,40.1103706979594,108.990516043872));
#1921=CARTESIAN_POINT('Ctrl Pts',(168.942681644377,40.1635029358217,109.095280546237));
#1922=CARTESIAN_POINT('Ctrl Pts',(167.943696721955,40.4163048043708,109.618089172241));
#1923=CARTESIAN_POINT('Ctrl Pts',(167.437292371284,40.7000663687946,110.253070722009));
#1924=CARTESIAN_POINT('Ctrl Pts',(167.118969242336,41.0700414829065,111.352027317161));
#1925=CARTESIAN_POINT('Ctrl Pts',(167.084985840996,41.1841813240084,111.738401171161));
#1926=CARTESIAN_POINT('Ctrl Pts',(167.18981411685,41.4173329577664,112.669583854305));
#1927=CARTESIAN_POINT('Ctrl Pts',(167.626283206454,41.6134678002689,113.749476322271));
#1928=CARTESIAN_POINT('Ctrl Pts',(168.593710959304,41.6681400145675,114.44619030692));
#1929=CARTESIAN_POINT('Ctrl Pts',(169.753802903997,41.6965290641715,114.847217197989));
#1930=CARTESIAN_POINT('Ctrl Pts',(170.439342671251,41.6965948654218,114.850286516582));
#1931=CARTESIAN_POINT('Ctrl Pts',(171.399398534145,41.6741679277336,114.527940252498));
#1932=CARTESIAN_POINT('Ctrl Pts',(171.715865720573,41.6601880885656,114.353455659017));
#1933=CARTESIAN_POINT('Ctrl Pts',(172.621698283561,41.5831893114676,113.621362089149));
#1934=CARTESIAN_POINT('Ctrl Pts',(173.015716469217,41.4671011690952,112.865378796805));
#1935=CARTESIAN_POINT('Ctrl Pts',(173.095296283261,41.2744867762915,112.10153260811));
#1936=CARTESIAN_POINT('Ctrl Pts',(172.767204480743,41.5815892880443,111.987699954319));
#1937=CARTESIAN_POINT('Ctrl Pts',(172.782969208163,41.5249230977817,111.764307779908));
#1938=CARTESIAN_POINT('Ctrl Pts',(172.76997068041,41.4628757863902,111.542835637804));
#1939=CARTESIAN_POINT('Ctrl Pts',(172.690931009875,41.3314685478958,111.114381779596));
#1940=CARTESIAN_POINT('Ctrl Pts',(172.625207645644,41.2625353267834,110.90860368383));
#1941=CARTESIAN_POINT('Ctrl Pts',(172.397964322136,41.0849576492484,110.41583982774));
#1942=CARTESIAN_POINT('Ctrl Pts',(172.205261829722,40.976015445729,110.148279992616));
#1943=CARTESIAN_POINT('Ctrl Pts',(171.733427431174,40.7802670458102,109.701489100047));
#1944=CARTESIAN_POINT('Ctrl Pts',(171.458191871394,40.6944454350829,109.523126579421));
#1945=CARTESIAN_POINT('Ctrl Pts',(170.912054099081,40.5832823062687,109.299143265152));
#1946=CARTESIAN_POINT('Ctrl Pts',(170.656544710503,40.5498563610438,109.234819934969));
#1947=CARTESIAN_POINT('Ctrl Pts',(170.149240141866,40.5228299450964,109.18271220685));
#1948=CARTESIAN_POINT('Ctrl Pts',(169.902796483031,40.5269151660546,109.190394598577));
#1949=CARTESIAN_POINT('Ctrl Pts',(169.389656101638,40.5704796521981,109.274752013182));
#1950=CARTESIAN_POINT('Ctrl Pts',(169.129069088512,40.6142178994936,109.359860996567));
#1951=CARTESIAN_POINT('Ctrl Pts',(168.268634477669,40.8233910100914,109.788798500034));
#1952=CARTESIAN_POINT('Ctrl Pts',(167.796730253159,41.0663651006811,110.327699165821));
#1953=CARTESIAN_POINT('Ctrl Pts',(167.471883288438,41.3957212438217,111.307492608424));
#1954=CARTESIAN_POINT('Ctrl Pts',(167.427948091373,41.498701031659,111.656058961948));
#1955=CARTESIAN_POINT('Ctrl Pts',(167.494549997992,41.712657040349,112.50628936718));
#1956=CARTESIAN_POINT('Ctrl Pts',(167.868370465499,41.8993926177699,113.50271654567));
#1957=CARTESIAN_POINT('Ctrl Pts',(168.741692008156,41.9591400530979,114.144377302214));
#1958=CARTESIAN_POINT('Ctrl Pts',(169.788354153776,41.9908785697288,114.512020396749));
#1959=CARTESIAN_POINT('Ctrl Pts',(170.407405320117,41.9911672198766,114.514774316888));
#1960=CARTESIAN_POINT('Ctrl Pts',(171.273845590375,41.9657038681148,114.219335871619));
#1961=CARTESIAN_POINT('Ctrl Pts',(171.559134826635,41.9506070657201,114.058866147995));
#1962=CARTESIAN_POINT('Ctrl Pts',(172.373606372478,41.8711922317088,113.384951197144));
#1963=CARTESIAN_POINT('Ctrl Pts',(172.718382189779,41.7580404042149,112.684903811317));
#1964=CARTESIAN_POINT('Ctrl Pts',(172.767204480743,41.5815892880443,111.987699954319));
#1965=CARTESIAN_POINT('Ctrl Pts',(172.439112678225,41.8886917997972,111.873867300527));
#1966=CARTESIAN_POINT('Ctrl Pts',(172.445095191611,41.8371461818379,111.6720632283));
#1967=CARTESIAN_POINT('Ctrl Pts',(172.424515188026,41.781362213454,111.47330282968));
#1968=CARTESIAN_POINT('Ctrl Pts',(172.336108838935,41.6648728960849,111.092904774272));
#1969=CARTESIAN_POINT('Ctrl Pts',(172.268594597967,41.6044608832257,110.91217946577));
#1970=CARTESIAN_POINT('Ctrl Pts',(172.047007345904,41.4510621773816,110.485572535639));
#1971=CARTESIAN_POINT('Ctrl Pts',(171.867104797277,41.3589153287741,110.259931875022));
#1972=CARTESIAN_POINT('Ctrl Pts',(171.447471569499,41.1971265701917,109.892765276698));
#1973=CARTESIAN_POINT('Ctrl Pts',(171.211207130561,41.1282653754973,109.751653623472));
#1974=CARTESIAN_POINT('Ctrl Pts',(170.75753600006,41.0404722543461,109.577509402036));
#1975=CARTESIAN_POINT('Ctrl Pts',(170.550200765823,41.0146645251421,109.528851946998));
#1976=CARTESIAN_POINT('Ctrl Pts',(170.141307624457,40.9938520780738,109.489498601254));
#1977=CARTESIAN_POINT('Ctrl Pts',(169.944368717923,40.9968340036307,109.495026967837));
#1978=CARTESIAN_POINT('Ctrl Pts',(169.528976388977,41.0308083990595,109.559467301157));
#1979=CARTESIAN_POINT('Ctrl Pts',(169.316083307533,41.0643918011676,109.623748886853));
#1980=CARTESIAN_POINT('Ctrl Pts',(168.591571966869,41.2317421032523,109.961597046669));
#1981=CARTESIAN_POINT('Ctrl Pts',(168.154883371791,41.4334522421608,110.404386764986));
#1982=CARTESIAN_POINT('Ctrl Pts',(167.82499800989,41.7208897905166,111.261959912313));
#1983=CARTESIAN_POINT('Ctrl Pts',(167.770051526601,41.8130278048699,111.574408395233));
#1984=CARTESIAN_POINT('Ctrl Pts',(167.799833088978,42.0081050440562,112.341867432312));
#1985=CARTESIAN_POINT('Ctrl Pts',(168.110158460061,42.1853097917428,113.256212845827));
#1986=CARTESIAN_POINT('Ctrl Pts',(168.889760913664,42.2501617225002,113.841797870768));
#1987=CARTESIAN_POINT('Ctrl Pts',(169.823282773945,42.2854956654019,114.176605569635));
#1988=CARTESIAN_POINT('Ctrl Pts',(170.375556863432,42.2854790604983,114.179162082444));
#1989=CARTESIAN_POINT('Ctrl Pts',(171.148153547336,42.2576479727322,113.91001999742));
#1990=CARTESIAN_POINT('Ctrl Pts',(171.402585991233,42.2410474128644,113.763869118383));
#1991=CARTESIAN_POINT('Ctrl Pts',(172.12484186662,42.1596455251934,113.147972502042));
#1992=CARTESIAN_POINT('Ctrl Pts',(172.420115084343,42.0497047526585,112.502659726978));
#1993=CARTESIAN_POINT('Ctrl Pts',(172.439112678225,41.8886917997972,111.873867300527));
#1994=CARTESIAN_POINT('Ctrl Pts',(172.111020875707,42.1957943115501,111.760034646736));
#1995=CARTESIAN_POINT('Ctrl Pts',(172.107249916603,42.1493465654835,111.57977463144));
#1996=CARTESIAN_POINT('Ctrl Pts',(172.079074399035,42.0998701395935,111.40380373524));
#1997=CARTESIAN_POINT('Ctrl Pts',(171.981274038034,41.9982581639491,111.071372078148));
#1998=CARTESIAN_POINT('Ctrl Pts',(171.912024990705,41.9464307908915,110.915814816253));
#1999=CARTESIAN_POINT('Ctrl Pts',(171.695972469771,41.8171131441266,110.555169137889));
#2000=CARTESIAN_POINT('Ctrl Pts',(171.529022525857,41.7418298000301,110.37154136973));
#2001=CARTESIAN_POINT('Ctrl Pts',(171.161412320523,41.6140114301047,110.084029918773));
#2002=CARTESIAN_POINT('Ctrl Pts',(170.964066452517,41.562057578206,109.980058526891));
#2003=CARTESIAN_POINT('Ctrl Pts',(170.603128294137,41.4977504460905,109.85591618262));
#2004=CARTESIAN_POINT('Ctrl Pts',(170.443628119076,41.4795511741434,109.822907335431));
#2005=CARTESIAN_POINT('Ctrl Pts',(170.133621357642,41.4648793543705,109.796173668618));
#2006=CARTESIAN_POINT('Ctrl Pts',(169.985599421986,41.466998873022,109.799920919049));
#2007=CARTESIAN_POINT('Ctrl Pts',(169.668816949351,41.4909173532983,109.843703270467));
#2008=CARTESIAN_POINT('Ctrl Pts',(169.502470751668,41.5151067648394,109.888329337183));
#2009=CARTESIAN_POINT('Ctrl Pts',(168.916509722583,41.638828308973,110.132306374462));
#2010=CARTESIAN_POINT('Ctrl Pts',(168.514321253666,41.7997509740472,110.479015208798));
#2011=CARTESIAN_POINT('Ctrl Pts',(168.177912055993,42.0465695514318,111.217425203576));
#2012=CARTESIAN_POINT('Ctrl Pts',(168.113013776979,42.1275475125205,111.49206618602));
#2013=CARTESIAN_POINT('Ctrl Pts',(168.10456897012,42.3034291266389,112.178572945188));
#2014=CARTESIAN_POINT('Ctrl Pts',(168.352245719107,42.4712346092439,113.009453069226));
#2015=CARTESIAN_POINT('Ctrl Pts',(169.037741962515,42.5411617610306,113.539984866062));
#2016=CARTESIAN_POINT('Ctrl Pts',(169.857834023725,42.5798451709593,113.841408768395));
#2017=CARTESIAN_POINT('Ctrl Pts',(170.343619512298,42.5800514149531,113.84364988275));
#2018=CARTESIAN_POINT('Ctrl Pts',(171.022600603566,42.5491839131134,113.601415616541));
#2019=CARTESIAN_POINT('Ctrl Pts',(171.245855097296,42.5314663900189,113.469279607362));
#2020=CARTESIAN_POINT('Ctrl Pts',(171.876749955537,42.4476484454346,112.911561610036));
#2021=CARTESIAN_POINT('Ctrl Pts',(172.122780804905,42.3406439877782,112.322184741491));
#2022=CARTESIAN_POINT('Ctrl Pts',(172.111020875707,42.1957943115501,111.760034646736));
#2023=CARTESIAN_POINT('',(171.797991087161,41.6516249765868,114.273280802338));
#2024=CARTESIAN_POINT('',(168.424925632549,41.6516249765868,114.273280802338));
#2025=CARTESIAN_POINT('Ctrl Pts',(171.79780278326,41.6521205353022,114.273280802338));
#2026=CARTESIAN_POINT('Ctrl Pts',(171.669737862017,41.6605837182197,114.360752042746));
#2027=CARTESIAN_POINT('Ctrl Pts',(171.534553508183,41.6678663653227,114.437755407281));
#2028=CARTESIAN_POINT('Ctrl Pts',(171.393820331936,41.6740251056266,114.50374455803));
#2029=CARTESIAN_POINT('Ctrl Pts',(171.31106381768,41.677646681529,114.542548713811));
#2030=CARTESIAN_POINT('Ctrl Pts',(171.226387563104,41.6808793883038,114.577544273634));
#2031=CARTESIAN_POINT('Ctrl Pts',(171.14010320853,41.6837315568343,114.608620146608));
#2032=CARTESIAN_POINT('Ctrl Pts',(170.987194290362,41.6887860305751,114.663691290632));
#2033=CARTESIAN_POINT('Ctrl Pts',(170.829939611442,41.6926259938957,114.706209131304));
#2034=CARTESIAN_POINT('Ctrl Pts',(170.670147265004,41.6953067389288,114.735937085887));
#2035=CARTESIAN_POINT('Ctrl Pts',(170.640281350551,41.6958077823368,114.741493375461));
#2036=CARTESIAN_POINT('Ctrl Pts',(170.610326703685,41.6962682096931,114.746602872033));
#2037=CARTESIAN_POINT('Ctrl Pts',(170.580295024587,41.6966882100771,114.751264030909));
#2038=CARTESIAN_POINT('Ctrl Pts',(170.418028662944,41.6989575448679,114.776449079317));
#2039=CARTESIAN_POINT('Ctrl Pts',(170.254072032974,41.7000428684939,114.788457450337));
#2040=CARTESIAN_POINT('Ctrl Pts',(170.090269058323,41.6999694201564,114.787328079223));
#2041=CARTESIAN_POINT('Ctrl Pts',(169.926020584126,41.6998957720595,114.786195636528));
#2042=CARTESIAN_POINT('Ctrl Pts',(169.761925584755,41.6986570014733,114.771853892348));
#2043=CARTESIAN_POINT('Ctrl Pts',(169.599845188259,41.6962261768975,114.744342100486));
#2044=CARTESIAN_POINT('Ctrl Pts',(169.534213012122,41.6952418486865,114.733201587454));
#2045=CARTESIAN_POINT('Ctrl Pts',(169.468911286238,41.6940614643736,114.719901540776));
#2046=CARTESIAN_POINT('Ctrl Pts',(169.404064273513,41.692680904779,114.704444566849));
#2047=CARTESIAN_POINT('Ctrl Pts',(169.247519105603,41.6893481385578,114.667130364127));
#2048=CARTESIAN_POINT('Ctrl Pts',(169.094432132067,41.6848677254389,114.61743435125));
#2049=CARTESIAN_POINT('Ctrl Pts',(168.946512122424,41.6791934412322,114.555803504639));
#2050=CARTESIAN_POINT('Ctrl Pts',(168.802007171176,41.6736501603425,114.495595541521));
#2051=CARTESIAN_POINT('Ctrl Pts',(168.66243274566,41.6669666231796,114.423997466892));
#2052=CARTESIAN_POINT('Ctrl Pts',(168.529424330378,41.6590743425942,114.341426008115));
#2053=CARTESIAN_POINT('Ctrl Pts',(168.494078342646,41.656977028284,114.319483262892));
#2054=CARTESIAN_POINT('Ctrl Pts',(168.459196304551,41.6547942527152,114.296765587463));
#2055=CARTESIAN_POINT('Ctrl Pts',(168.424809511499,41.6525245450147,114.273280802338));
#2056=CARTESIAN_POINT('',(173.095296283261,41.2744867762915,112.10153260811));
#2057=CARTESIAN_POINT('Ctrl Pts',(168.423536643219,41.6515379456198,114.27333525393));
#2058=CARTESIAN_POINT('Ctrl Pts',(168.171693544218,41.6349806860089,114.100699373096));
#2059=CARTESIAN_POINT('Ctrl Pts',(167.524580399855,41.5677659065278,113.497847747801));
#2060=CARTESIAN_POINT('Ctrl Pts',(167.18981411685,41.4173329577664,112.669583854305));
#2061=CARTESIAN_POINT('Ctrl Pts',(167.084985840996,41.1841813240084,111.738401171161));
#2062=CARTESIAN_POINT('Ctrl Pts',(167.118969242336,41.0700414829065,111.352027317161));
#2063=CARTESIAN_POINT('Ctrl Pts',(167.437292371284,40.7000663687946,110.253070722009));
#2064=CARTESIAN_POINT('Ctrl Pts',(167.943696721955,40.4163048043708,109.618089172241));
#2065=CARTESIAN_POINT('Ctrl Pts',(168.942681644377,40.1635029358217,109.095280546237));
#2066=CARTESIAN_POINT('Ctrl Pts',(169.249815541264,40.1103706979594,108.990516043872));
#2067=CARTESIAN_POINT('Ctrl Pts',(169.861565778968,40.0567502966634,108.885500647366));
#2068=CARTESIAN_POINT('Ctrl Pts',(170.15692640868,40.0518026687996,108.876037139486));
#2069=CARTESIAN_POINT('Ctrl Pts',(170.763117357249,40.0849697120425,108.940764546537));
#2070=CARTESIAN_POINT('Ctrl Pts',(171.066461805004,40.1260041145243,109.020736484567));
#2071=CARTESIAN_POINT('Ctrl Pts',(171.705332549438,40.2606532323742,109.294721676003));
#2072=CARTESIAN_POINT('Ctrl Pts',(172.01948668015,40.3633821858973,109.510224457972));
#2073=CARTESIAN_POINT('Ctrl Pts',(172.543344101142,40.593100974473,110.036670497908));
#2074=CARTESIAN_POINT('Ctrl Pts',(172.748999198269,40.7189066825034,110.34624322549));
#2075=CARTESIAN_POINT('Ctrl Pts',(172.981777252906,40.9205654191176,110.904968333347));
#2076=CARTESIAN_POINT('Ctrl Pts',(173.045765810776,40.9980832800316,111.135914475721));
#2077=CARTESIAN_POINT('Ctrl Pts',(173.115411469401,41.1443678602508,111.612334732244));
#2078=CARTESIAN_POINT('Ctrl Pts',(173.12081448317,41.2127227141361,111.856596376768));
#2079=CARTESIAN_POINT('Ctrl Pts',(173.095296283261,41.2744867762915,112.10153260811));
#2080=CARTESIAN_POINT('',(172.111020875707,42.1957943115501,111.760034646736));
#2081=CARTESIAN_POINT('',(173.095296283261,41.2744867762915,112.10153260811));
#2082=CARTESIAN_POINT('',(172.111421239492,42.2064928223865,111.801872603659));
#2083=CARTESIAN_POINT('Ctrl Pts',(172.111020875707,42.1957943115501,111.760034646736));
#2084=CARTESIAN_POINT('Ctrl Pts',(172.107249916603,42.1493465654835,111.57977463144));
#2085=CARTESIAN_POINT('Ctrl Pts',(172.079074399035,42.0998701395935,111.40380373524));
#2086=CARTESIAN_POINT('Ctrl Pts',(171.981274038034,41.9982581639491,111.071372078148));
#2087=CARTESIAN_POINT('Ctrl Pts',(171.912024990705,41.9464307908915,110.915814816253));
#2088=CARTESIAN_POINT('Ctrl Pts',(171.695972469771,41.8171131441266,110.555169137889));
#2089=CARTESIAN_POINT('Ctrl Pts',(171.529022525857,41.7418298000301,110.37154136973));
#2090=CARTESIAN_POINT('Ctrl Pts',(171.161412320523,41.6140114301047,110.084029918773));
#2091=CARTESIAN_POINT('Ctrl Pts',(170.964066452517,41.562057578206,109.980058526891));
#2092=CARTESIAN_POINT('Ctrl Pts',(170.603128294137,41.4977504460905,109.85591618262));
#2093=CARTESIAN_POINT('Ctrl Pts',(170.443628119076,41.4795511741434,109.822907335431));
#2094=CARTESIAN_POINT('Ctrl Pts',(170.133621357642,41.4648793543705,109.796173668618));
#2095=CARTESIAN_POINT('Ctrl Pts',(169.985599421986,41.466998873022,109.799920919049));
#2096=CARTESIAN_POINT('Ctrl Pts',(169.668816949351,41.4909173532983,109.843703270467));
#2097=CARTESIAN_POINT('Ctrl Pts',(169.502470751668,41.5151067648394,109.888329337183));
#2098=CARTESIAN_POINT('Ctrl Pts',(168.916509722583,41.638828308973,110.132306374462));
#2099=CARTESIAN_POINT('Ctrl Pts',(168.514321253666,41.7997509740472,110.479015208798));
#2100=CARTESIAN_POINT('Ctrl Pts',(168.177912055993,42.0465695514318,111.217425203576));
#2101=CARTESIAN_POINT('Ctrl Pts',(168.113013776979,42.1275475125205,111.49206618602));
#2102=CARTESIAN_POINT('Ctrl Pts',(168.10456897012,42.3034291266389,112.178572945188));
#2103=CARTESIAN_POINT('Ctrl Pts',(168.352245719107,42.4712346092439,113.009453069226));
#2104=CARTESIAN_POINT('Ctrl Pts',(169.037741962515,42.5411617610306,113.539984866062));
#2105=CARTESIAN_POINT('Ctrl Pts',(169.857834023725,42.5798451709593,113.841408768395));
#2106=CARTESIAN_POINT('Ctrl Pts',(170.343619512298,42.5800514149531,113.84364988275));
#2107=CARTESIAN_POINT('Ctrl Pts',(171.022600603566,42.5491839131134,113.601415616541));
#2108=CARTESIAN_POINT('Ctrl Pts',(171.245855097296,42.5314663900189,113.469279607362));
#2109=CARTESIAN_POINT('Ctrl Pts',(171.865926977398,42.4490863391978,112.921129241812));
#2110=CARTESIAN_POINT('Ctrl Pts',(172.110470086602,42.3459171869198,112.351270173401));
#2111=CARTESIAN_POINT('Ctrl Pts',(172.111421239492,42.2064928223865,111.801872603659));
#2112=CARTESIAN_POINT('Ctrl Pts',(172.111421239492,42.2064928223865,111.801872603659));
#2113=CARTESIAN_POINT('Ctrl Pts',(172.111445408589,42.2029500050482,111.787912237103));
#2114=CARTESIAN_POINT('Ctrl Pts',(172.111312294202,42.1993837782912,111.773965082213));
#2115=CARTESIAN_POINT('Ctrl Pts',(172.111020875707,42.1957943115501,111.760034646736));
#2116=CARTESIAN_POINT('Ctrl Pts',(173.095296283261,41.2744867762915,112.10153260811));
#2117=CARTESIAN_POINT('Ctrl Pts',(173.015716469217,41.4671011690952,112.865378796805));
#2118=CARTESIAN_POINT('Ctrl Pts',(172.621698283561,41.5831893114676,113.621362089149));
#2119=CARTESIAN_POINT('Ctrl Pts',(171.930655464859,41.6419302467535,114.179862660608));
#2120=CARTESIAN_POINT('Ctrl Pts',(171.864710285995,41.646855545588,114.228880089532));
#2121=CARTESIAN_POINT('Ctrl Pts',(171.79694628374,41.6513139074416,114.275109378273));
#2122=CARTESIAN_POINT('Ctrl Pts',(155.0457022014,42.3907972096106,112.836302115286));
#2123=CARTESIAN_POINT('Ctrl Pts',(157.321689587277,44.6667845954871,124.991489611034));
#2124=CARTESIAN_POINT('Ctrl Pts',(159.597676973154,46.9427719813636,137.146677106783));
#2125=CARTESIAN_POINT('Ctrl Pts',(161.873664359031,49.2187593672401,149.301864602531));
#2126=CARTESIAN_POINT('Ctrl Pts',(157.824220336502,42.0572082165106,112.836302115286));
#2127=CARTESIAN_POINT('Ctrl Pts',(159.584742670328,44.0330991489015,124.991489611034));
#2128=CARTESIAN_POINT('Ctrl Pts',(161.345513125909,46.0104973341456,137.146677106783));
#2129=CARTESIAN_POINT('Ctrl Pts',(163.106035459734,47.9863882665364,149.301864602531));
#2130=CARTESIAN_POINT('Ctrl Pts',(163.532579333853,41.5441719570939,112.836302115286));
#2131=CARTESIAN_POINT('Ctrl Pts',(164.398663868806,43.0587129184172,124.991489611034));
#2132=CARTESIAN_POINT('Ctrl Pts',(165.263721630341,44.5765477815598,137.146677106783));
#2133=CARTESIAN_POINT('Ctrl Pts',(166.129806165294,46.0910887428831,149.301864602531));
#2134=CARTESIAN_POINT('Ctrl Pts',(173.773693609016,41.3519640921294,112.836302115286));
#2135=CARTESIAN_POINT('Ctrl Pts',(173.299268655777,42.6947738742548,124.991489611034));
#2136=CARTESIAN_POINT('Ctrl Pts',(172.824889629708,44.0382093151467,137.146677106783));
#2137=CARTESIAN_POINT('Ctrl Pts',(172.350464676469,45.3810190972721,149.301864602531));
#2138=CARTESIAN_POINT('Ctrl Pts',(181.009437315656,41.8904137199607,112.836302115286));
#2139=CARTESIAN_POINT('Ctrl Pts',(179.50807215333,43.7143909366463,124.991489611034));
#2140=CARTESIAN_POINT('Ctrl Pts',(178.00206087195,45.5462254994989,137.146677106783));
#2141=CARTESIAN_POINT('Ctrl Pts',(176.500695709624,47.3702027161845,149.301864602531));
#2142=CARTESIAN_POINT('Ctrl Pts',(185.17721451831,42.3907972096107,112.836302115286));
#2143=CARTESIAN_POINT('Ctrl Pts',(182.901227132433,44.6667845954871,124.991489611034));
#2144=CARTESIAN_POINT('Ctrl Pts',(180.625239746556,46.9427719813636,137.146677106783));
#2145=CARTESIAN_POINT('Ctrl Pts',(178.349252360679,49.2187593672401,149.301864602531));
#2146=CARTESIAN_POINT('',(185.17721451831,42.3907972096106,112.836302115286));
#2147=CARTESIAN_POINT('Ctrl Pts',(185.177123448563,42.3908909346595,112.835830983243));
#2148=CARTESIAN_POINT('Ctrl Pts',(183.523930485392,42.2538640708138,113.128137388228));
#2149=CARTESIAN_POINT('Ctrl Pts',(179.45249062062,41.9321995231034,113.772641487783));
#2150=CARTESIAN_POINT('Ctrl Pts',(175.062400253008,41.7082834218881,114.169797062987));
#2151=CARTESIAN_POINT('Ctrl Pts',(172.257062935108,41.6575440157756,114.261951543636));
#2152=CARTESIAN_POINT('Ctrl Pts',(171.797975650207,41.6517049464942,114.272662761811));
#2153=CARTESIAN_POINT('',(178.349252360679,49.2187593672401,149.301864602531));
#2154=CARTESIAN_POINT('',(187.711458359859,39.8565533680625,99.301864602531));
#2155=CARTESIAN_POINT('',(161.873664359031,49.2187593672401,149.301864602531));
#2156=CARTESIAN_POINT('Origin',(170.111458359855,57.4565533680625,149.301864602531));
#2157=CARTESIAN_POINT('',(155.0457022014,42.3907972096107,112.836302115286));
#2158=CARTESIAN_POINT('',(152.511458359851,39.8565533680625,99.301864602531));
#2159=CARTESIAN_POINT('Ctrl Pts',(168.424955946962,41.6527416224714,114.27261189422));
#2160=CARTESIAN_POINT('Ctrl Pts',(166.883181931368,41.673052892237,114.236646561695));
#2161=CARTESIAN_POINT('Ctrl Pts',(162.519234187693,41.8062225536068,113.996210320753));
#2162=CARTESIAN_POINT('Ctrl Pts',(158.045106308543,42.1425012031477,113.365906479424));
#2163=CARTESIAN_POINT('Ctrl Pts',(155.045744418841,42.3908655119686,112.83609513277));
#2164=CARTESIAN_POINT('',(172.796459498375,44.6412313954957,138.116175027981));
#2165=CARTESIAN_POINT('Ctrl Pts',(172.796459498375,44.6412313954957,138.116175027981));
#2166=CARTESIAN_POINT('Ctrl Pts',(172.620539615023,44.6653772206282,138.474161392943));
#2167=CARTESIAN_POINT('Ctrl Pts',(172.375149998933,44.6766866966953,138.794486436743));
#2168=CARTESIAN_POINT('Ctrl Pts',(171.807293608409,44.6841588078145,139.290444777969));
#2169=CARTESIAN_POINT('Ctrl Pts',(171.501404576887,44.6822426684934,139.474296295049));
#2170=CARTESIAN_POINT('Ctrl Pts',(170.819863965221,44.6774828334234,139.733682758148));
#2171=CARTESIAN_POINT('Ctrl Pts',(170.447166391019,44.6750184354767,139.799673484221));
#2172=CARTESIAN_POINT('Ctrl Pts',(169.675726961644,44.6753398920337,139.789558202318));
#2173=CARTESIAN_POINT('Ctrl Pts',(169.284442629941,44.67836935453,139.704900028004));
#2174=CARTESIAN_POINT('Ctrl Pts',(168.234208000777,44.6855212188387,139.248291653319));
#2175=CARTESIAN_POINT('Ctrl Pts',(167.671277071144,44.6835452941936,138.683706064637));
#2176=CARTESIAN_POINT('Ctrl Pts',(167.280478396737,44.6178024136622,137.792022977893));
#2177=CARTESIAN_POINT('Ctrl Pts',(167.213129363731,44.5986720193431,137.576309612655));
#2178=CARTESIAN_POINT('Ctrl Pts',(167.136100747134,44.5567913995697,137.176627354409));
#2179=CARTESIAN_POINT('Ctrl Pts',(167.117974732777,44.5355549128156,136.99529841434));
#2180=CARTESIAN_POINT('Ctrl Pts',(167.114562930826,44.4873278704071,136.620866542028));
#2181=CARTESIAN_POINT('Ctrl Pts',(167.131496271544,44.4601847751692,136.428710197283));
#2182=CARTESIAN_POINT('Ctrl Pts',(167.288327193372,44.3318496038467,135.584580997577));
#2183=CARTESIAN_POINT('Ctrl Pts',(167.632449240455,44.2145278383684,134.981549896415));
#2184=CARTESIAN_POINT('Ctrl Pts',(168.408968455535,44.0739976690535,134.307667705009));
#2185=CARTESIAN_POINT('Ctrl Pts',(168.722583977738,44.0331340394713,134.121769995884));
#2186=CARTESIAN_POINT('Ctrl Pts',(169.78336235646,43.9452059900382,133.728582278678));
#2187=CARTESIAN_POINT('Ctrl Pts',(170.608698524356,43.9507139444748,133.751442220375));
#2188=CARTESIAN_POINT('Ctrl Pts',(171.673903783611,44.0534218244471,134.214218685292));
#2189=CARTESIAN_POINT('Ctrl Pts',(171.999882514896,44.1024893743527,134.439825778241));
#2190=CARTESIAN_POINT('Ctrl Pts',(172.543814370179,44.216827209373,135.002016679415));
#2191=CARTESIAN_POINT('Ctrl Pts',(172.756833699373,44.2807691260254,135.333470812882));
#2192=CARTESIAN_POINT('Ctrl Pts',(172.987473310861,44.3816807029107,135.919897372357));
#2193=CARTESIAN_POINT('Ctrl Pts',(173.047984759334,44.4192048219924,136.153368139874));
#2194=CARTESIAN_POINT('Ctrl Pts',(173.104185158033,44.4808545722907,136.57529836122));
#2195=CARTESIAN_POINT('Ctrl Pts',(173.111565850656,44.5059407435305,136.760734998385));
#2196=CARTESIAN_POINT('Ctrl Pts',(173.091813018819,44.5516867571275,137.132253772635));
#2197=CARTESIAN_POINT('Ctrl Pts',(173.064575040287,44.5722220404057,137.317530470559));
#2198=CARTESIAN_POINT('Ctrl Pts',(172.968345076553,44.61090529425,137.712099043332));
#2199=CARTESIAN_POINT('Ctrl Pts',(172.893382116583,44.6279283137403,137.918943338682));
#2200=CARTESIAN_POINT('Ctrl Pts',(172.796459498375,44.6412313954957,138.116175027981));
#2201=CARTESIAN_POINT('Origin',(170.111458359855,65.1065533680626,111.801864602531));
#2202=CARTESIAN_POINT('',(172.111458359855,50.0726181029076,111.801864602531));
#2203=CARTESIAN_POINT('',(172.111458359855,65.1065533680626,111.801864602531));
#2204=CARTESIAN_POINT('Ctrl Pts',(172.111458359855,50.0726181029076,111.801864602531));
#2205=CARTESIAN_POINT('Ctrl Pts',(172.111458359855,50.0726181029076,112.054279045287));
#2206=CARTESIAN_POINT('Ctrl Pts',(172.060772193191,50.058325627851,112.322668283885));
#2207=CARTESIAN_POINT('Ctrl Pts',(171.856312249059,50.0074539131945,112.815050763956));
#2208=CARTESIAN_POINT('Ctrl Pts',(171.702597657028,49.971689570219,113.039152430104));
#2209=CARTESIAN_POINT('Ctrl Pts',(171.348775942098,49.9051333270648,113.392974145034));
#2210=CARTESIAN_POINT('Ctrl Pts',(171.124661947072,49.8699101713313,113.546711904616));
#2211=CARTESIAN_POINT('Ctrl Pts',(170.632235521852,49.8202893831467,113.751188799043));
#2212=CARTESIAN_POINT('Ctrl Pts',(170.36383035255,49.8065533680625,113.801864602531));
#2213=CARTESIAN_POINT('Ctrl Pts',(169.859086367161,49.8065533680625,113.801864602531));
#2214=CARTESIAN_POINT('Ctrl Pts',(169.590681197859,49.8202893831467,113.751188799043));
#2215=CARTESIAN_POINT('Ctrl Pts',(169.098254772639,49.8699101713312,113.546711904616));
#2216=CARTESIAN_POINT('Ctrl Pts',(168.874140777612,49.9051333270647,113.392974145034));
#2217=CARTESIAN_POINT('Ctrl Pts',(168.520319062682,49.9716895702188,113.039152430104));
#2218=CARTESIAN_POINT('Ctrl Pts',(168.366604470651,50.0074539131943,112.815050763956));
#2219=CARTESIAN_POINT('Ctrl Pts',(168.16214452652,50.0583256278509,112.322668283885));
#2220=CARTESIAN_POINT('Ctrl Pts',(168.111458359855,50.0726181029074,112.054279045287));
#2221=CARTESIAN_POINT('Ctrl Pts',(168.111458359855,50.0726181029074,111.549450159775));
#2222=CARTESIAN_POINT('Ctrl Pts',(168.16214452652,50.0583256278509,111.281060921177));
#2223=CARTESIAN_POINT('Ctrl Pts',(168.366604470651,50.0074539131943,110.788678441106));
#2224=CARTESIAN_POINT('Ctrl Pts',(168.520319062682,49.9716895702188,110.564576774958));
#2225=CARTESIAN_POINT('Ctrl Pts',(168.874140777612,49.9051333270647,110.210755060028));
#2226=CARTESIAN_POINT('Ctrl Pts',(169.098254772639,49.8699101713312,110.057017300446));
#2227=CARTESIAN_POINT('Ctrl Pts',(169.590681197859,49.8202893831467,109.852540406019));
#2228=CARTESIAN_POINT('Ctrl Pts',(169.859086367161,49.8065533680625,109.801864602531));
#2229=CARTESIAN_POINT('Ctrl Pts',(170.36383035255,49.8065533680625,109.801864602531));
#2230=CARTESIAN_POINT('Ctrl Pts',(170.632235521852,49.8202893831467,109.852540406019));
#2231=CARTESIAN_POINT('Ctrl Pts',(171.124661947072,49.8699101713313,110.057017300446));
#2232=CARTESIAN_POINT('Ctrl Pts',(171.348775942098,49.9051333270648,110.210755060028));
#2233=CARTESIAN_POINT('Ctrl Pts',(171.702597657028,49.971689570219,110.564576774958));
#2234=CARTESIAN_POINT('Ctrl Pts',(171.856312249059,50.0074539131945,110.788678441106));
#2235=CARTESIAN_POINT('Ctrl Pts',(172.060772193191,50.058325627851,111.281060921177));
#2236=CARTESIAN_POINT('Ctrl Pts',(172.111458359855,50.0726181029076,111.549450159775));
#2237=CARTESIAN_POINT('Ctrl Pts',(172.111458359855,50.0726181029076,111.801864602531));
#2238=CARTESIAN_POINT('Ctrl Pts',(172.796459498375,44.6412313954957,138.116175027981));
#2239=CARTESIAN_POINT('Ctrl Pts',(172.893382116583,44.6279283137403,137.918943338682));
#2240=CARTESIAN_POINT('Ctrl Pts',(172.968345076553,44.61090529425,137.712099043332));
#2241=CARTESIAN_POINT('Ctrl Pts',(173.064575040287,44.5722220404057,137.317530470559));
#2242=CARTESIAN_POINT('Ctrl Pts',(173.091813018819,44.5516867571275,137.132253772635));
#2243=CARTESIAN_POINT('Ctrl Pts',(173.111565850656,44.5059407435305,136.760734998385));
#2244=CARTESIAN_POINT('Ctrl Pts',(173.104185158033,44.4808545722907,136.57529836122));
#2245=CARTESIAN_POINT('Ctrl Pts',(173.047984759334,44.4192048219924,136.153368139874));
#2246=CARTESIAN_POINT('Ctrl Pts',(172.987473310861,44.3816807029107,135.919897372357));
#2247=CARTESIAN_POINT('Ctrl Pts',(172.756833699373,44.2807691260254,135.333470812882));
#2248=CARTESIAN_POINT('Ctrl Pts',(172.543814370179,44.216827209373,135.002016679415));
#2249=CARTESIAN_POINT('Ctrl Pts',(171.999882514896,44.1024893743527,134.439825778241));
#2250=CARTESIAN_POINT('Ctrl Pts',(171.673903783611,44.0534218244471,134.214218685292));
#2251=CARTESIAN_POINT('Ctrl Pts',(170.608698524356,43.9507139444748,133.751442220375));
#2252=CARTESIAN_POINT('Ctrl Pts',(169.78336235646,43.9452059900382,133.728582278678));
#2253=CARTESIAN_POINT('Ctrl Pts',(168.722583977738,44.0331340394713,134.121769995884));
#2254=CARTESIAN_POINT('Ctrl Pts',(168.408968455535,44.0739976690535,134.307667705009));
#2255=CARTESIAN_POINT('Ctrl Pts',(167.632449240455,44.2145278383684,134.981549896415));
#2256=CARTESIAN_POINT('Ctrl Pts',(167.288327193372,44.3318496038467,135.584580997577));
#2257=CARTESIAN_POINT('Ctrl Pts',(167.131496271544,44.4601847751692,136.428710197283));
#2258=CARTESIAN_POINT('Ctrl Pts',(167.114562930826,44.4873278704071,136.620866542028));
#2259=CARTESIAN_POINT('Ctrl Pts',(167.117974732777,44.5355549128156,136.99529841434));
#2260=CARTESIAN_POINT('Ctrl Pts',(167.136100747134,44.5567913995697,137.176627354409));
#2261=CARTESIAN_POINT('Ctrl Pts',(167.213129363731,44.5986720193431,137.576309612655));
#2262=CARTESIAN_POINT('Ctrl Pts',(167.280478396737,44.6178024136622,137.792022977893));
#2263=CARTESIAN_POINT('Ctrl Pts',(167.671277071144,44.6835452941936,138.683706064637));
#2264=CARTESIAN_POINT('Ctrl Pts',(168.234208000777,44.6855212188387,139.248291653319));
#2265=CARTESIAN_POINT('Ctrl Pts',(169.284442629941,44.67836935453,139.704900028004));
#2266=CARTESIAN_POINT('Ctrl Pts',(169.675726961644,44.6753398920337,139.789558202318));
#2267=CARTESIAN_POINT('Ctrl Pts',(170.447166391019,44.6750184354767,139.799673484221));
#2268=CARTESIAN_POINT('Ctrl Pts',(170.819863965221,44.6774828334234,139.733682758148));
#2269=CARTESIAN_POINT('Ctrl Pts',(171.501404576887,44.6822426684934,139.474296295049));
#2270=CARTESIAN_POINT('Ctrl Pts',(171.807293608409,44.6841588078145,139.290444777969));
#2271=CARTESIAN_POINT('Ctrl Pts',(172.375149998933,44.6766866966953,138.794486436743));
#2272=CARTESIAN_POINT('Ctrl Pts',(172.620539615023,44.6653772206282,138.474161392943));
#2273=CARTESIAN_POINT('Ctrl Pts',(172.796459498375,44.6412313954957,138.116175027981));
#2274=CARTESIAN_POINT('Ctrl Pts',(172.509758478535,44.9253721566938,137.950865125836));
#2275=CARTESIAN_POINT('Ctrl Pts',(172.595483588864,44.9126473287853,137.772317894456));
#2276=CARTESIAN_POINT('Ctrl Pts',(172.661018088253,44.896796225684,137.585058708496));
#2277=CARTESIAN_POINT('Ctrl Pts',(172.743176499799,44.8614867543593,137.228441169734));
#2278=CARTESIAN_POINT('Ctrl Pts',(172.765316808345,44.8429708402712,137.061220549133));
#2279=CARTESIAN_POINT('Ctrl Pts',(172.777914546191,44.8021358419325,136.726787349316));
#2280=CARTESIAN_POINT('Ctrl Pts',(172.768505730539,44.779921480784,136.560301445871));
#2281=CARTESIAN_POINT('Ctrl Pts',(172.711559710787,44.7257120593044,136.182864321803));
#2282=CARTESIAN_POINT('Ctrl Pts',(172.653624678291,44.6929617309047,135.975033192198));
#2283=CARTESIAN_POINT('Ctrl Pts',(172.438565114803,44.6055012405303,135.456090351787));
#2284=CARTESIAN_POINT('Ctrl Pts',(172.24442500563,44.5505897870793,135.165862035852));
#2285=CARTESIAN_POINT('Ctrl Pts',(171.757967562853,44.4532397248414,134.678472257131));
#2286=CARTESIAN_POINT('Ctrl Pts',(171.470581615455,44.4116657387313,134.484696412295));
#2287=CARTESIAN_POINT('Ctrl Pts',(170.539581168568,44.3254372010308,134.090902601481));
#2288=CARTESIAN_POINT('Ctrl Pts',(169.829397615644,44.3208697951475,134.071849290988));
#2289=CARTESIAN_POINT('Ctrl Pts',(168.904450384875,44.3945626292054,134.405665137405));
#2290=CARTESIAN_POINT('Ctrl Pts',(168.628947483162,44.4291241165863,134.56497398946));
#2291=CARTESIAN_POINT('Ctrl Pts',(167.939175080138,44.5484315602917,135.146671331078));
#2292=CARTESIAN_POINT('Ctrl Pts',(167.62207138324,44.6491943511399,135.675091886266));
#2293=CARTESIAN_POINT('Ctrl Pts',(167.467980800045,44.7617040409262,136.428982291464));
#2294=CARTESIAN_POINT('Ctrl Pts',(167.449898203195,44.7856438374927,136.601117517773));
#2295=CARTESIAN_POINT('Ctrl Pts',(167.447548984073,44.828518421163,136.937794199785));
#2296=CARTESIAN_POINT('Ctrl Pts',(167.461417075741,44.8475779572428,137.101211358422));
#2297=CARTESIAN_POINT('Ctrl Pts',(167.525955930322,44.8855191217999,137.462237615451));
#2298=CARTESIAN_POINT('Ctrl Pts',(167.584298111073,44.9032196572697,137.657301937501));
#2299=CARTESIAN_POINT('Ctrl Pts',(167.928858764706,44.9651855340536,138.465006238519));
#2300=CARTESIAN_POINT('Ctrl Pts',(168.434977857074,44.9721887372264,138.974476937017));
#2301=CARTESIAN_POINT('Ctrl Pts',(169.373730839601,44.9708481891563,139.38357700819));
#2302=CARTESIAN_POINT('Ctrl Pts',(169.722904062388,44.9691996346013,139.459150276261));
#2303=CARTESIAN_POINT('Ctrl Pts',(170.410824113325,44.9690461134079,139.468162882103));
#2304=CARTESIAN_POINT('Ctrl Pts',(170.743296816973,44.970402374061,139.409308272545));
#2305=CARTESIAN_POINT('Ctrl Pts',(171.352288081567,44.9717368354147,139.176982783057));
#2306=CARTESIAN_POINT('Ctrl Pts',(171.626182856385,44.9715381034107,139.011903004668));
#2307=CARTESIAN_POINT('Ctrl Pts',(172.134640883666,44.960706282137,138.564778431389));
#2308=CARTESIAN_POINT('Ctrl Pts',(172.354179054862,44.9484517141306,138.274989839847));
#2309=CARTESIAN_POINT('Ctrl Pts',(172.509758478535,44.9253721566938,137.950865125836));
#2310=CARTESIAN_POINT('Ctrl Pts',(172.223057458696,45.2095129178918,137.785555223691));
#2311=CARTESIAN_POINT('Ctrl Pts',(172.297569402319,45.1973728266157,137.625686608476));
#2312=CARTESIAN_POINT('Ctrl Pts',(172.353675563104,45.1826886714721,137.458019150108));
#2313=CARTESIAN_POINT('Ctrl Pts',(172.421758785404,45.1507525325292,137.13935708203));
#2314=CARTESIAN_POINT('Ctrl Pts',(172.438785197387,45.1342583629379,136.990192628273));
#2315=CARTESIAN_POINT('Ctrl Pts',(172.444241263893,45.0983299173911,136.692847159706));
#2316=CARTESIAN_POINT('Ctrl Pts',(172.432763567507,45.0789954423811,136.545319713101));
#2317=CARTESIAN_POINT('Ctrl Pts',(172.375129351487,45.0322110199965,136.212360224848));
#2318=CARTESIAN_POINT('Ctrl Pts',(172.319643682652,45.0042663516639,136.030232143989));
#2319=CARTESIAN_POINT('Ctrl Pts',(172.120374298571,44.9301893066129,135.578627552088));
#2320=CARTESIAN_POINT('Ctrl Pts',(171.9447724324,44.8844475384713,135.330060481746));
#2321=CARTESIAN_POINT('Ctrl Pts',(171.516159504734,44.8038614969295,134.916721763441));
#2322=CARTESIAN_POINT('Ctrl Pts',(171.266789189093,44.7701119774475,134.755917248597));
#2323=CARTESIAN_POINT('Ctrl Pts',(170.471159657247,44.6997083578437,134.428882368343));
#2324=CARTESIAN_POINT('Ctrl Pts',(169.875351379858,44.6960588265948,134.413564803343));
#2325=CARTESIAN_POINT('Ctrl Pts',(169.086869704545,44.7561877106379,134.690390825377));
#2326=CARTESIAN_POINT('Ctrl Pts',(168.849385467767,44.7841750399214,134.822109075809));
#2327=CARTESIAN_POINT('Ctrl Pts',(168.246086533456,44.8824013509036,135.312277560616));
#2328=CARTESIAN_POINT('Ctrl Pts',(167.955522568774,44.9665733276927,135.766229038147));
#2329=CARTESIAN_POINT('Ctrl Pts',(167.804911304975,45.0631891380624,136.42926372704));
#2330=CARTESIAN_POINT('Ctrl Pts',(167.78544377204,45.0839310687928,136.581577781398));
#2331=CARTESIAN_POINT('Ctrl Pts',(167.777443370822,45.1214646533689,136.880342320588));
#2332=CARTESIAN_POINT('Ctrl Pts',(167.787041863462,45.1383106747362,137.026014369224));
#2333=CARTESIAN_POINT('Ctrl Pts',(167.838989440955,45.172386402164,137.34815385403));
#2334=CARTESIAN_POINT('Ctrl Pts',(167.888538754688,45.1885327514042,137.522926975804));
#2335=CARTESIAN_POINT('Ctrl Pts',(168.186155161703,45.2470899965246,138.245593407205));
#2336=CARTESIAN_POINT('Ctrl Pts',(168.635630519759,45.2589554718486,138.700537791347));
#2337=CARTESIAN_POINT('Ctrl Pts',(169.463142456,45.263295803108,139.062215603308));
#2338=CARTESIAN_POINT('Ctrl Pts',(169.770006927976,45.2630884683044,139.128657865682));
#2339=CARTESIAN_POINT('Ctrl Pts',(170.374592261058,45.2630790349485,139.136595992058));
#2340=CARTESIAN_POINT('Ctrl Pts',(170.666719956811,45.263312463794,139.084913624667));
#2341=CARTESIAN_POINT('Ctrl Pts',(171.203208044873,45.2612650031086,138.879582003268));
#2342=CARTESIAN_POINT('Ctrl Pts',(171.445099062028,45.2589113115598,138.733332808466));
#2343=CARTESIAN_POINT('Ctrl Pts',(171.89411457839,45.2447543760682,138.335017574168));
#2344=CARTESIAN_POINT('Ctrl Pts',(172.087797815482,45.2315645564892,138.07567388608));
#2345=CARTESIAN_POINT('Ctrl Pts',(172.223057458696,45.2095129178918,137.785555223691));
#2346=CARTESIAN_POINT('Ctrl Pts',(171.936356438857,45.4936536790899,137.620245321547));
#2347=CARTESIAN_POINT('Ctrl Pts',(171.9996708746,45.4820918416607,137.47906116425));
#2348=CARTESIAN_POINT('Ctrl Pts',(172.046348574804,45.4685796029061,137.330978815272));
#2349=CARTESIAN_POINT('Ctrl Pts',(172.100360244916,45.4400172464828,137.050267781205));
#2350=CARTESIAN_POINT('Ctrl Pts',(172.112288986913,45.4255424460816,136.919159404772));
#2351=CARTESIAN_POINT('Ctrl Pts',(172.110589959428,45.3945250157931,136.658899510638));
#2352=CARTESIAN_POINT('Ctrl Pts',(172.097084140012,45.3780623508744,136.530322797751));
#2353=CARTESIAN_POINT('Ctrl Pts',(172.038704302941,45.3387182573085,136.241856406777));
#2354=CARTESIAN_POINT('Ctrl Pts',(171.985795050081,45.3155473796578,136.08536796383));
#2355=CARTESIAN_POINT('Ctrl Pts',(171.802105714001,45.2549214211179,135.701247090993));
#2356=CARTESIAN_POINT('Ctrl Pts',(171.645383067851,45.2182101161777,135.493905838182));
#2357=CARTESIAN_POINT('Ctrl Pts',(171.27424455269,45.1546118474182,135.155368242331));
#2358=CARTESIAN_POINT('Ctrl Pts',(171.063467020937,45.1283558917317,135.0263949756));
#2359=CARTESIAN_POINT('Ctrl Pts',(170.402042301458,45.0744316143998,134.768342749449));
#2360=CARTESIAN_POINT('Ctrl Pts',(169.921386639042,45.0717226317041,134.756831815653));
#2361=CARTESIAN_POINT('Ctrl Pts',(169.268736111682,45.117616300372,134.974285966898));
#2362=CARTESIAN_POINT('Ctrl Pts',(169.069364495394,45.1393014874542,135.07941536026));
#2363=CARTESIAN_POINT('Ctrl Pts',(168.552812373138,45.2163050728269,135.477398995278));
#2364=CARTESIAN_POINT('Ctrl Pts',(168.289266758643,45.2839180749859,135.856739926836));
#2365=CARTESIAN_POINT('Ctrl Pts',(168.141395833477,45.3647084038194,136.429535821221));
#2366=CARTESIAN_POINT('Ctrl Pts',(168.120779044408,45.3822470358784,136.561828757143));
#2367=CARTESIAN_POINT('Ctrl Pts',(168.107017622118,45.4144281617164,136.822838106033));
#2368=CARTESIAN_POINT('Ctrl Pts',(168.11235819207,45.4290972324093,136.950598373237));
#2369=CARTESIAN_POINT('Ctrl Pts',(168.151816007547,45.4592335046208,137.234081856827));
#2370=CARTESIAN_POINT('Ctrl Pts',(168.192358469023,45.4739499950117,137.388205935412));
#2371=CARTESIAN_POINT('Ctrl Pts',(168.443736855265,45.5287302363845,138.026893581087));
#2372=CARTESIAN_POINT('Ctrl Pts',(168.836400376057,45.5456229902363,138.426723075044));
#2373=CARTESIAN_POINT('Ctrl Pts',(169.552430665659,45.5557746377343,138.740892583494));
#2374=CARTESIAN_POINT('Ctrl Pts',(169.81718402872,45.556948210872,138.798249939625));
#2375=CARTESIAN_POINT('Ctrl Pts',(170.338249983365,45.5571067128797,138.80508538994));
#2376=CARTESIAN_POINT('Ctrl Pts',(170.590152808563,45.5562320044317,138.760539139064));
#2377=CARTESIAN_POINT('Ctrl Pts',(171.054091549553,45.5507591700299,138.582268491276));
#2378=CARTESIAN_POINT('Ctrl Pts',(171.263988310004,45.546290607156,138.454791035165));
#2379=CARTESIAN_POINT('Ctrl Pts',(171.653605463124,45.52877396151,138.105309568814));
#2380=CARTESIAN_POINT('Ctrl Pts',(171.821437255322,45.5146390499917,137.876502332984));
#2381=CARTESIAN_POINT('Ctrl Pts',(171.936356438857,45.4936536790899,137.620245321547));
#2382=CARTESIAN_POINT('',(171.936356438857,45.4936536790899,137.620245321547));
#2383=CARTESIAN_POINT('',(172.796459498375,44.6412313954957,138.116175027981));
#2384=CARTESIAN_POINT('',(172.11148032154,45.4115588927879,136.801859108107));
#2385=CARTESIAN_POINT('Ctrl Pts',(171.936356438857,45.4936536790899,137.620245321547));
#2386=CARTESIAN_POINT('Ctrl Pts',(171.9996708746,45.4820918416607,137.47906116425));
#2387=CARTESIAN_POINT('Ctrl Pts',(172.046348574804,45.4685796029061,137.330978815272));
#2388=CARTESIAN_POINT('Ctrl Pts',(172.099527111022,45.4404578228836,137.054597769083));
#2389=CARTESIAN_POINT('Ctrl Pts',(172.111476574507,45.4265091831012,136.927927167366));
#2390=CARTESIAN_POINT('Ctrl Pts',(172.11148032154,45.4115588927879,136.801859108107));
#2391=CARTESIAN_POINT('Ctrl Pts',(172.11148032154,45.4115588927879,136.801859108107));
#2392=CARTESIAN_POINT('Ctrl Pts',(172.111480451192,45.4110415936296,136.797496992083));
#2393=CARTESIAN_POINT('Ctrl Pts',(172.111466278854,45.4105230952468,136.793135597452));
#2394=CARTESIAN_POINT('Ctrl Pts',(172.110589959428,45.3945250157931,136.658899510638));
#2395=CARTESIAN_POINT('Ctrl Pts',(172.097084140012,45.3780623508744,136.530322797751));
#2396=CARTESIAN_POINT('Ctrl Pts',(172.038704302941,45.3387182573085,136.241856406777));
#2397=CARTESIAN_POINT('Ctrl Pts',(171.985795050081,45.3155473796578,136.08536796383));
#2398=CARTESIAN_POINT('Ctrl Pts',(171.802105714001,45.2549214211179,135.701247090993));
#2399=CARTESIAN_POINT('Ctrl Pts',(171.645383067851,45.2182101161777,135.493905838182));
#2400=CARTESIAN_POINT('Ctrl Pts',(171.27424455269,45.1546118474182,135.155368242331));
#2401=CARTESIAN_POINT('Ctrl Pts',(171.063467020937,45.1283558917317,135.0263949756));
#2402=CARTESIAN_POINT('Ctrl Pts',(170.402042301458,45.0744316143998,134.768342749449));
#2403=CARTESIAN_POINT('Ctrl Pts',(169.921386639042,45.0717226317041,134.756831815653));
#2404=CARTESIAN_POINT('Ctrl Pts',(169.268736111682,45.117616300372,134.974285966898));
#2405=CARTESIAN_POINT('Ctrl Pts',(169.069364495394,45.1393014874542,135.07941536026));
#2406=CARTESIAN_POINT('Ctrl Pts',(168.552812373138,45.2163050728269,135.477398995278));
#2407=CARTESIAN_POINT('Ctrl Pts',(168.289266758643,45.2839180749859,135.856739926836));
#2408=CARTESIAN_POINT('Ctrl Pts',(168.141395833477,45.3647084038194,136.429535821221));
#2409=CARTESIAN_POINT('Ctrl Pts',(168.120779044408,45.3822470358784,136.561828757143));
#2410=CARTESIAN_POINT('Ctrl Pts',(168.107017622118,45.4144281617164,136.822838106033));
#2411=CARTESIAN_POINT('Ctrl Pts',(168.11235819207,45.4290972324093,136.950598373237));
#2412=CARTESIAN_POINT('Ctrl Pts',(168.151816007547,45.4592335046208,137.234081856827));
#2413=CARTESIAN_POINT('Ctrl Pts',(168.192358469023,45.4739499950117,137.388205935412));
#2414=CARTESIAN_POINT('Ctrl Pts',(168.443736855265,45.5287302363845,138.026893581087));
#2415=CARTESIAN_POINT('Ctrl Pts',(168.836400376057,45.5456229902363,138.426723075044));
#2416=CARTESIAN_POINT('Ctrl Pts',(169.552430665659,45.5557746377343,138.740892583494));
#2417=CARTESIAN_POINT('Ctrl Pts',(169.81718402872,45.556948210872,138.798249939625));
#2418=CARTESIAN_POINT('Ctrl Pts',(170.338249983365,45.5571067128797,138.80508538994));
#2419=CARTESIAN_POINT('Ctrl Pts',(170.590152808563,45.5562320044317,138.760539139064));
#2420=CARTESIAN_POINT('Ctrl Pts',(171.054091549553,45.5507591700299,138.582268491276));
#2421=CARTESIAN_POINT('Ctrl Pts',(171.263988310004,45.546290607156,138.454791035165));
#2422=CARTESIAN_POINT('Ctrl Pts',(171.653605463124,45.52877396151,138.105309568814));
#2423=CARTESIAN_POINT('Ctrl Pts',(171.821437255322,45.5146390499917,137.876502332984));
#2424=CARTESIAN_POINT('Ctrl Pts',(171.936356438857,45.4936536790899,137.620245321547));
#2425=CARTESIAN_POINT('Origin',(170.111458359855,65.1065533680626,136.801864602531));
#2426=CARTESIAN_POINT('',(172.111458359855,50.0726181029076,136.801864602531));
#2427=CARTESIAN_POINT('',(172.111458359855,65.1065533680626,136.801864602531));
#2428=CARTESIAN_POINT('Ctrl Pts',(172.111458359855,50.0726181029076,136.801864602531));
#2429=CARTESIAN_POINT('Ctrl Pts',(172.111458359855,50.0726181029076,137.054279045287));
#2430=CARTESIAN_POINT('Ctrl Pts',(172.060772193191,50.058325627851,137.322668283885));
#2431=CARTESIAN_POINT('Ctrl Pts',(171.856312249059,50.0074539131945,137.815050763956));
#2432=CARTESIAN_POINT('Ctrl Pts',(171.702597657028,49.971689570219,138.039152430104));
#2433=CARTESIAN_POINT('Ctrl Pts',(171.348775942098,49.9051333270648,138.392974145034));
#2434=CARTESIAN_POINT('Ctrl Pts',(171.124661947072,49.8699101713313,138.546711904616));
#2435=CARTESIAN_POINT('Ctrl Pts',(170.632235521852,49.8202893831467,138.751188799043));
#2436=CARTESIAN_POINT('Ctrl Pts',(170.36383035255,49.8065533680625,138.801864602531));
#2437=CARTESIAN_POINT('Ctrl Pts',(169.859086367161,49.8065533680625,138.801864602531));
#2438=CARTESIAN_POINT('Ctrl Pts',(169.590681197859,49.8202893831467,138.751188799043));
#2439=CARTESIAN_POINT('Ctrl Pts',(169.098254772639,49.8699101713312,138.546711904616));
#2440=CARTESIAN_POINT('Ctrl Pts',(168.874140777612,49.9051333270647,138.392974145034));
#2441=CARTESIAN_POINT('Ctrl Pts',(168.520319062682,49.9716895702188,138.039152430104));
#2442=CARTESIAN_POINT('Ctrl Pts',(168.366604470651,50.0074539131943,137.815050763956));
#2443=CARTESIAN_POINT('Ctrl Pts',(168.16214452652,50.0583256278509,137.322668283885));
#2444=CARTESIAN_POINT('Ctrl Pts',(168.111458359855,50.0726181029074,137.054279045287));
#2445=CARTESIAN_POINT('Ctrl Pts',(168.111458359855,50.0726181029074,136.549450159775));
#2446=CARTESIAN_POINT('Ctrl Pts',(168.16214452652,50.0583256278509,136.281060921177));
#2447=CARTESIAN_POINT('Ctrl Pts',(168.366604470651,50.0074539131943,135.788678441106));
#2448=CARTESIAN_POINT('Ctrl Pts',(168.520319062682,49.9716895702188,135.564576774958));
#2449=CARTESIAN_POINT('Ctrl Pts',(168.874140777612,49.9051333270647,135.210755060028));
#2450=CARTESIAN_POINT('Ctrl Pts',(169.098254772639,49.8699101713312,135.057017300446));
#2451=CARTESIAN_POINT('Ctrl Pts',(169.590681197859,49.8202893831467,134.852540406019));
#2452=CARTESIAN_POINT('Ctrl Pts',(169.859086367161,49.8065533680625,134.801864602531));
#2453=CARTESIAN_POINT('Ctrl Pts',(170.36383035255,49.8065533680625,134.801864602531));
#2454=CARTESIAN_POINT('Ctrl Pts',(170.632235521852,49.8202893831467,134.852540406019));
#2455=CARTESIAN_POINT('Ctrl Pts',(171.124661947072,49.8699101713313,135.057017300446));
#2456=CARTESIAN_POINT('Ctrl Pts',(171.348775942098,49.9051333270648,135.210755060028));
#2457=CARTESIAN_POINT('Ctrl Pts',(171.702597657028,49.971689570219,135.564576774958));
#2458=CARTESIAN_POINT('Ctrl Pts',(171.856312249059,50.0074539131945,135.788678441106));
#2459=CARTESIAN_POINT('Ctrl Pts',(172.060772193191,50.058325627851,136.281060921177));
#2460=CARTESIAN_POINT('Ctrl Pts',(172.111458359855,50.0726181029076,136.549450159775));
#2461=CARTESIAN_POINT('Ctrl Pts',(172.111458359855,50.0726181029076,136.801864602531));
#2462=CARTESIAN_POINT('Ctrl Pts',(172.691836469078,73.3587261100245,113.326317665399));
#2463=CARTESIAN_POINT('Ctrl Pts',(172.224787144579,73.2734631421713,114.112853994057));
#2464=CARTESIAN_POINT('Ctrl Pts',(171.381737906021,73.2244718967591,114.665770326099));
#2465=CARTESIAN_POINT('Ctrl Pts',(169.893860161073,73.2089535265872,114.841625165792));
#2466=CARTESIAN_POINT('Ctrl Pts',(168.715032257938,73.2256997504861,114.638547452724));
#2467=CARTESIAN_POINT('Ctrl Pts',(167.835412399572,73.3037633077815,113.833261575187));
#2468=CARTESIAN_POINT('Ctrl Pts',(167.389488670237,73.3840023162615,113.092605427373));
#2469=CARTESIAN_POINT('Ctrl Pts',(167.2754226448,73.4145153333573,112.820436262468));
#2470=CARTESIAN_POINT('Ctrl Pts',(167.141349911324,73.4757550742871,112.294213817358));
#2471=CARTESIAN_POINT('Ctrl Pts',(167.11027088164,73.5055538875869,112.045126216785));
#2472=CARTESIAN_POINT('Ctrl Pts',(167.110899979415,73.5681849346405,111.533702170794));
#2473=CARTESIAN_POINT('Ctrl Pts',(167.145601959202,73.6008289818752,111.273362698526));
#2474=CARTESIAN_POINT('Ctrl Pts',(167.300037799361,73.6737184577415,110.701675074832));
#2475=CARTESIAN_POINT('Ctrl Pts',(167.438794059291,73.7132066233484,110.398682070573));
#2476=CARTESIAN_POINT('Ctrl Pts',(167.845997554156,73.7923387566621,109.797984380692));
#2477=CARTESIAN_POINT('Ctrl Pts',(168.130133468878,73.8298273280722,109.51773323533));
#2478=CARTESIAN_POINT('Ctrl Pts',(168.791508974175,73.8880307292922,109.084045893493));
#2479=CARTESIAN_POINT('Ctrl Pts',(169.16163855414,73.9082497250537,108.934373188524));
#2480=CARTESIAN_POINT('Ctrl Pts',(169.931020888562,73.9279190737618,108.788702768953));
#2481=CARTESIAN_POINT('Ctrl Pts',(170.321559420761,73.9275992328089,108.791010302711));
#2482=CARTESIAN_POINT('Ctrl Pts',(171.461575680404,73.8970163274754,109.017882505077));
#2483=CARTESIAN_POINT('Ctrl Pts',(172.148207096735,73.8353339454089,109.472385663107));
#2484=CARTESIAN_POINT('Ctrl Pts',(172.77239430516,73.7157933044926,110.379060878131));
#2485=CARTESIAN_POINT('Ctrl Pts',(172.914568204796,73.6761595680396,110.683029220404));
#2486=CARTESIAN_POINT('Ctrl Pts',(173.073253794415,73.6029533504739,111.256760723081));
#2487=CARTESIAN_POINT('Ctrl Pts',(173.1095615139,73.5702038887292,111.517724353616));
#2488=CARTESIAN_POINT('Ctrl Pts',(173.112878435615,73.5074498277484,112.029686284208));
#2489=CARTESIAN_POINT('Ctrl Pts',(173.083198363941,73.4776324344938,112.278645219557));
#2490=CARTESIAN_POINT('Ctrl Pts',(172.952424472716,73.4164470816123,112.803804377946));
#2491=CARTESIAN_POINT('Ctrl Pts',(172.841043548675,73.3859648571202,113.075044871626));
#2492=CARTESIAN_POINT('Ctrl Pts',(172.691836469078,73.3587261100245,113.326317665399));
#2493=CARTESIAN_POINT('Ctrl Pts',(172.420480763952,73.0524273354048,113.130886873156));
#2494=CARTESIAN_POINT('Ctrl Pts',(172.010064986899,72.9753759365355,113.841231287072));
#2495=CARTESIAN_POINT('Ctrl Pts',(171.254343270817,72.9297233847991,114.346213062396));
#2496=CARTESIAN_POINT('Ctrl Pts',(169.915594396759,72.9152799283534,114.506432815184));
#2497=CARTESIAN_POINT('Ctrl Pts',(168.854296174813,72.9310173547838,114.32106475415));
#2498=CARTESIAN_POINT('Ctrl Pts',(168.069754255209,73.0027470206906,113.588957060253));
#2499=CARTESIAN_POINT('Ctrl Pts',(167.677833644908,73.0752837266796,112.919586587095));
#2500=CARTESIAN_POINT('Ctrl Pts',(167.579009851095,73.1027619254865,112.674380333971));
#2501=CARTESIAN_POINT('Ctrl Pts',(167.465819910693,73.1575659919528,112.202015241685));
#2502=CARTESIAN_POINT('Ctrl Pts',(167.441458723889,73.1841373900704,111.979193898233));
#2503=CARTESIAN_POINT('Ctrl Pts',(167.448908122219,73.2397556954319,111.523405159676));
#2504=CARTESIAN_POINT('Ctrl Pts',(167.483365450656,73.2686383802152,111.292357732604));
#2505=CARTESIAN_POINT('Ctrl Pts',(167.627933077663,73.3329139670552,110.787090001325));
#2506=CARTESIAN_POINT('Ctrl Pts',(167.754607078533,73.3675912620782,110.520853482195));
#2507=CARTESIAN_POINT('Ctrl Pts',(168.120659810572,73.4368733989324,109.995512213301));
#2508=CARTESIAN_POINT('Ctrl Pts',(168.373254302546,73.4695661672721,109.752076388112));
#2509=CARTESIAN_POINT('Ctrl Pts',(168.95649177846,73.5202234134584,109.376702512548));
#2510=CARTESIAN_POINT('Ctrl Pts',(169.281019806857,73.5377836514817,109.247757987784));
#2511=CARTESIAN_POINT('Ctrl Pts',(169.953782332485,73.5548406097483,109.122472759681));
#2512=CARTESIAN_POINT('Ctrl Pts',(170.294852909801,73.5545884725396,109.124282306635));
#2513=CARTESIAN_POINT('Ctrl Pts',(171.291604233002,73.5279874658948,109.319979516288));
#2514=CARTESIAN_POINT('Ctrl Pts',(171.896227051386,73.4744837834283,109.711027274906));
#2515=CARTESIAN_POINT('Ctrl Pts',(172.45777103513,73.3698578211031,110.503706276691));
#2516=CARTESIAN_POINT('Ctrl Pts',(172.587154296395,73.3350496984725,110.770773174051));
#2517=CARTESIAN_POINT('Ctrl Pts',(172.735659791341,73.2705100866282,111.277718114953));
#2518=CARTESIAN_POINT('Ctrl Pts',(172.771451374706,73.241537209937,111.509297595639));
#2519=CARTESIAN_POINT('Ctrl Pts',(172.781359642214,73.1858170803914,111.96547285474));
#2520=CARTESIAN_POINT('Ctrl Pts',(172.758205141924,73.1592388870853,112.188170933875));
#2521=CARTESIAN_POINT('Ctrl Pts',(172.648010953314,73.1044831156565,112.659471290745));
#2522=CARTESIAN_POINT('Ctrl Pts',(172.551555835814,73.0770586519387,112.903871995495));
#2523=CARTESIAN_POINT('Ctrl Pts',(172.420480763952,73.0524273354048,113.130886873156));
#2524=CARTESIAN_POINT('Ctrl Pts',(172.149125058827,72.7461285607852,112.935456080913));
#2525=CARTESIAN_POINT('Ctrl Pts',(171.795734837159,72.6771556892583,113.570363132541));
#2526=CARTESIAN_POINT('Ctrl Pts',(171.126556737015,72.6349075590739,114.027008973881));
#2527=CARTESIAN_POINT('Ctrl Pts',(169.93764151467,72.6215356850893,114.171259110412));
#2528=CARTESIAN_POINT('Ctrl Pts',(168.993570259781,72.6363127569137,114.00392828018));
#2529=CARTESIAN_POINT('Ctrl Pts',(168.30406971959,72.701673606016,113.344589278548));
#2530=CARTESIAN_POINT('Ctrl Pts',(167.966426436297,72.7665845867827,112.74688407064));
#2531=CARTESIAN_POINT('Ctrl Pts',(167.882694968747,72.7909802148071,112.528434588871));
#2532=CARTESIAN_POINT('Ctrl Pts',(167.790477417993,72.8393800304554,112.11005487455));
#2533=CARTESIAN_POINT('Ctrl Pts',(167.772792150708,72.8627053019411,111.913424928838));
#2534=CARTESIAN_POINT('Ctrl Pts',(167.787074798828,72.9113211812397,111.513316349716));
#2535=CARTESIAN_POINT('Ctrl Pts',(167.821296578993,72.9364345417219,111.311535046113));
#2536=CARTESIAN_POINT('Ctrl Pts',(167.955970213853,72.9921018274953,110.872702261832));
#2537=CARTESIAN_POINT('Ctrl Pts',(168.070595718811,73.0219592376291,110.643241144161));
#2538=CARTESIAN_POINT('Ctrl Pts',(168.395472950201,73.0814015983918,110.193204284976));
#2539=CARTESIAN_POINT('Ctrl Pts',(168.616508629915,73.1092824630551,109.986692549885));
#2540=CARTESIAN_POINT('Ctrl Pts',(169.12171089349,73.152411436759,109.66947576682));
#2541=CARTESIAN_POINT('Ctrl Pts',(169.400468522318,73.1672819349552,109.561491433001));
#2542=CARTESIAN_POINT('Ctrl Pts',(169.976917091097,73.1817699012224,109.45627300652));
#2543=CARTESIAN_POINT('Ctrl Pts',(170.268138981808,73.1815114694987,109.458094755363));
#2544=CARTESIAN_POINT('Ctrl Pts',(171.12231418786,73.1590493788236,109.621525469239));
#2545=CARTESIAN_POINT('Ctrl Pts',(171.645518785797,73.113682363447,109.949522942036));
#2546=CARTESIAN_POINT('Ctrl Pts',(172.142584742603,73.0239089585369,110.628381554284));
#2547=CARTESIAN_POINT('Ctrl Pts',(172.260013315071,72.9939577999374,110.858442628631));
#2548=CARTESIAN_POINT('Ctrl Pts',(172.397829579042,72.9380618650382,111.298676743729));
#2549=CARTESIAN_POINT('Ctrl Pts',(172.433399357959,72.9128770541405,111.500841757096));
#2550=CARTESIAN_POINT('Ctrl Pts',(172.449745156041,72.8641831368764,111.901249463696));
#2551=CARTESIAN_POINT('Ctrl Pts',(172.433214758634,72.8408471856542,112.097685666554));
#2552=CARTESIAN_POINT('Ctrl Pts',(172.343558002372,72.7925187985155,112.5151304604));
#2553=CARTESIAN_POINT('Ctrl Pts',(172.262061179082,72.7681472527049,112.732706837379));
#2554=CARTESIAN_POINT('Ctrl Pts',(172.149125058827,72.7461285607852,112.935456080913));
#2555=CARTESIAN_POINT('Ctrl Pts',(171.877769353702,72.4398297861655,112.74002528867));
#2556=CARTESIAN_POINT('Ctrl Pts',(171.581012679479,72.3790684836226,113.298740425556));
#2557=CARTESIAN_POINT('Ctrl Pts',(170.999162101812,72.3401590471138,113.707451710178));
#2558=CARTESIAN_POINT('Ctrl Pts',(169.959375750355,72.3278620868555,113.836066759803));
#2559=CARTESIAN_POINT('Ctrl Pts',(169.132834176656,72.3416303612114,113.686445581606));
#2560=CARTESIAN_POINT('Ctrl Pts',(168.538411575227,72.4006573189251,113.100284763614));
#2561=CARTESIAN_POINT('Ctrl Pts',(168.254771410969,72.4578659972008,112.573865230362));
#2562=CARTESIAN_POINT('Ctrl Pts',(168.186282175042,72.4792268069364,112.382378660374));
#2563=CARTESIAN_POINT('Ctrl Pts',(168.114947417362,72.5211909481211,112.017856298876));
#2564=CARTESIAN_POINT('Ctrl Pts',(168.103979992957,72.5412888044246,111.847492610285));
#2565=CARTESIAN_POINT('Ctrl Pts',(168.125082941632,72.5828919420311,111.503019338597));
#2566=CARTESIAN_POINT('Ctrl Pts',(168.159060070448,72.6042439400618,111.330530080191));
#2567=CARTESIAN_POINT('Ctrl Pts',(168.283865492156,72.651297336809,110.958117188325));
#2568=CARTESIAN_POINT('Ctrl Pts',(168.386408738053,72.6763438763589,110.765412555783));
#2569=CARTESIAN_POINT('Ctrl Pts',(168.670135206617,72.7259362406621,110.390732117584));
#2570=CARTESIAN_POINT('Ctrl Pts',(168.859629463583,72.749021302255,110.221035702667));
#2571=CARTESIAN_POINT('Ctrl Pts',(169.286693697774,72.7846041209252,109.962132385875));
#2572=CARTESIAN_POINT('Ctrl Pts',(169.519849775035,72.7968158613832,109.874876232261));
#2573=CARTESIAN_POINT('Ctrl Pts',(169.999678535021,72.8086914372089,109.790042997248));
#2574=CARTESIAN_POINT('Ctrl Pts',(170.241432470848,72.8085007092294,109.791366759286));
#2575=CARTESIAN_POINT('Ctrl Pts',(170.952342740458,72.790020517243,109.92362248045));
#2576=CARTESIAN_POINT('Ctrl Pts',(171.393538740447,72.7528322014664,110.188164553835));
#2577=CARTESIAN_POINT('Ctrl Pts',(171.827961472573,72.6779734751474,110.753026952845));
#2578=CARTESIAN_POINT('Ctrl Pts',(171.93259940667,72.6528479303703,110.946186582279));
#2579=CARTESIAN_POINT('Ctrl Pts',(172.060235575968,72.6056186011925,111.319634135601));
#2580=CARTESIAN_POINT('Ctrl Pts',(172.095289218766,72.5842103753482,111.492414999119));
#2581=CARTESIAN_POINT('Ctrl Pts',(172.11822636264,72.5425503895194,111.837036034228));
#2582=CARTESIAN_POINT('Ctrl Pts',(172.108221536617,72.5224536382457,112.007211380872));
#2583=CARTESIAN_POINT('Ctrl Pts',(172.03914448297,72.4805548325597,112.3707973732));
#2584=CARTESIAN_POINT('Ctrl Pts',(171.972573466221,72.4592410475235,112.561533961248));
#2585=CARTESIAN_POINT('Ctrl Pts',(171.877769353702,72.4398297861655,112.74002528867));
#2586=CARTESIAN_POINT('',(172.691836469078,73.3587261100245,113.326317665399));
#2587=CARTESIAN_POINT('',(171.877769353702,72.4398297861655,112.74002528867));
#2588=CARTESIAN_POINT('',(172.691836469078,73.3587261100245,113.326317665399));
#2589=CARTESIAN_POINT('',(172.111458063416,72.5469003198832,111.801866535863));
#2590=CARTESIAN_POINT('Ctrl Pts',(171.877769353702,72.4398297861655,112.74002528867));
#2591=CARTESIAN_POINT('Ctrl Pts',(171.581012679479,72.3790684836226,113.298740425556));
#2592=CARTESIAN_POINT('Ctrl Pts',(170.999162101812,72.3401590471138,113.707451710178));
#2593=CARTESIAN_POINT('Ctrl Pts',(169.959375750355,72.3278620868555,113.836066759803));
#2594=CARTESIAN_POINT('Ctrl Pts',(169.132834176656,72.3416303612114,113.686445581606));
#2595=CARTESIAN_POINT('Ctrl Pts',(168.538411575227,72.4006573189251,113.100284763614));
#2596=CARTESIAN_POINT('Ctrl Pts',(168.254771410969,72.4578659972008,112.573865230362));
#2597=CARTESIAN_POINT('Ctrl Pts',(168.186282175042,72.4792268069364,112.382378660374));
#2598=CARTESIAN_POINT('Ctrl Pts',(168.114947417362,72.5211909481211,112.017856298876));
#2599=CARTESIAN_POINT('Ctrl Pts',(168.103979992957,72.5412888044246,111.847492610285));
#2600=CARTESIAN_POINT('Ctrl Pts',(168.125082941632,72.5828919420311,111.503019338597));
#2601=CARTESIAN_POINT('Ctrl Pts',(168.159060070448,72.6042439400618,111.330530080191));
#2602=CARTESIAN_POINT('Ctrl Pts',(168.283865492156,72.651297336809,110.958117188325));
#2603=CARTESIAN_POINT('Ctrl Pts',(168.386408738053,72.6763438763589,110.765412555783));
#2604=CARTESIAN_POINT('Ctrl Pts',(168.670135206617,72.7259362406621,110.390732117584));
#2605=CARTESIAN_POINT('Ctrl Pts',(168.859629463583,72.749021302255,110.221035702667));
#2606=CARTESIAN_POINT('Ctrl Pts',(169.286693697774,72.7846041209252,109.962132385875));
#2607=CARTESIAN_POINT('Ctrl Pts',(169.519849775035,72.7968158613832,109.874876232261));
#2608=CARTESIAN_POINT('Ctrl Pts',(169.999678535021,72.8086914372089,109.790042997248));
#2609=CARTESIAN_POINT('Ctrl Pts',(170.241432470848,72.8085007092294,109.791366759286));
#2610=CARTESIAN_POINT('Ctrl Pts',(170.952342740458,72.790020517243,109.92362248045));
#2611=CARTESIAN_POINT('Ctrl Pts',(171.393538740447,72.7528322014664,110.188164553835));
#2612=CARTESIAN_POINT('Ctrl Pts',(171.827961472573,72.6779734751474,110.753026952845));
#2613=CARTESIAN_POINT('Ctrl Pts',(171.93259940667,72.6528479303703,110.946186582279));
#2614=CARTESIAN_POINT('Ctrl Pts',(172.060235575968,72.6056186011925,111.319634135601));
#2615=CARTESIAN_POINT('Ctrl Pts',(172.095289218766,72.5842103753482,111.492414999119));
#2616=CARTESIAN_POINT('Ctrl Pts',(172.109984208752,72.5575203446295,111.713201104308));
#2617=CARTESIAN_POINT('Ctrl Pts',(172.111459274492,72.5521982867286,111.757497844065));
#2618=CARTESIAN_POINT('Ctrl Pts',(172.111458063416,72.5469003198832,111.801866535863));
#2619=CARTESIAN_POINT('Ctrl Pts',(172.111458063416,72.5469003198832,111.801866535863));
#2620=CARTESIAN_POINT('Ctrl Pts',(172.111454666132,72.5320385801641,111.926328611303));
#2621=CARTESIAN_POINT('Ctrl Pts',(172.099834412225,72.5173664135219,112.051356879033));
#2622=CARTESIAN_POINT('Ctrl Pts',(172.03914448297,72.4805548325597,112.3707973732));
#2623=CARTESIAN_POINT('Ctrl Pts',(171.972573466221,72.4592410475235,112.561533961248));
#2624=CARTESIAN_POINT('Ctrl Pts',(171.877769353702,72.4398297861655,112.74002528867));
#2625=CARTESIAN_POINT('Ctrl Pts',(172.691836469078,73.3587261100245,113.326317665399));
#2626=CARTESIAN_POINT('Ctrl Pts',(172.841043548675,73.3859648571202,113.075044871626));
#2627=CARTESIAN_POINT('Ctrl Pts',(172.952424472716,73.4164470816123,112.803804377946));
#2628=CARTESIAN_POINT('Ctrl Pts',(173.083198363941,73.4776324344938,112.278645219557));
#2629=CARTESIAN_POINT('Ctrl Pts',(173.112878435615,73.5074498277484,112.029686284208));
#2630=CARTESIAN_POINT('Ctrl Pts',(173.1095615139,73.5702038887292,111.517724353616));
#2631=CARTESIAN_POINT('Ctrl Pts',(173.073253794415,73.6029533504739,111.256760723081));
#2632=CARTESIAN_POINT('Ctrl Pts',(172.914568204796,73.6761595680396,110.683029220404));
#2633=CARTESIAN_POINT('Ctrl Pts',(172.77239430516,73.7157933044926,110.379060878131));
#2634=CARTESIAN_POINT('Ctrl Pts',(172.148207096735,73.8353339454089,109.472385663107));
#2635=CARTESIAN_POINT('Ctrl Pts',(171.461575680404,73.8970163274754,109.017882505077));
#2636=CARTESIAN_POINT('Ctrl Pts',(170.321559420761,73.9275992328089,108.791010302711));
#2637=CARTESIAN_POINT('Ctrl Pts',(169.931020888562,73.9279190737618,108.788702768953));
#2638=CARTESIAN_POINT('Ctrl Pts',(169.16163855414,73.9082497250537,108.934373188524));
#2639=CARTESIAN_POINT('Ctrl Pts',(168.791508974175,73.8880307292922,109.084045893493));
#2640=CARTESIAN_POINT('Ctrl Pts',(168.130133468878,73.8298273280722,109.51773323533));
#2641=CARTESIAN_POINT('Ctrl Pts',(167.845997554156,73.7923387566621,109.797984380692));
#2642=CARTESIAN_POINT('Ctrl Pts',(167.438794059291,73.7132066233484,110.398682070573));
#2643=CARTESIAN_POINT('Ctrl Pts',(167.300037799361,73.6737184577415,110.701675074832));
#2644=CARTESIAN_POINT('Ctrl Pts',(167.145601959202,73.6008289818752,111.273362698526));
#2645=CARTESIAN_POINT('Ctrl Pts',(167.110899979415,73.5681849346405,111.533702170794));
#2646=CARTESIAN_POINT('Ctrl Pts',(167.11027088164,73.5055538875869,112.045126216785));
#2647=CARTESIAN_POINT('Ctrl Pts',(167.141349911324,73.4757550742871,112.294213817358));
#2648=CARTESIAN_POINT('Ctrl Pts',(167.2754226448,73.4145153333573,112.820436262468));
#2649=CARTESIAN_POINT('Ctrl Pts',(167.389488670237,73.3840023162615,113.092605427373));
#2650=CARTESIAN_POINT('Ctrl Pts',(167.835412399572,73.3037633077815,113.833261575187));
#2651=CARTESIAN_POINT('Ctrl Pts',(168.715032257938,73.2256997504861,114.638547452724));
#2652=CARTESIAN_POINT('Ctrl Pts',(169.893860161073,73.2089535265872,114.841625165792));
#2653=CARTESIAN_POINT('Ctrl Pts',(171.381737906021,73.2244718967591,114.665770326099));
#2654=CARTESIAN_POINT('Ctrl Pts',(172.224787144579,73.2734631421713,114.112853994057));
#2655=CARTESIAN_POINT('Ctrl Pts',(172.691836469078,73.3587261100245,113.326317665399));
#2656=CARTESIAN_POINT('Ctrl Pts',(190.193852281937,75.0565533680625,99.301864602531));
#2657=CARTESIAN_POINT('Ctrl Pts',(186.532384357202,71.6154238760148,115.968531269198));
#2658=CARTESIAN_POINT('Ctrl Pts',(182.870916432467,68.1742943839671,132.635197935864));
#2659=CARTESIAN_POINT('Ctrl Pts',(179.209448507732,64.7331648919194,149.301864602531));
#2660=CARTESIAN_POINT('Ctrl Pts',(186.605052860786,75.0565533680625,99.301864602531));
#2661=CARTESIAN_POINT('Ctrl Pts',(183.752191384423,72.1026105799631,115.968531269198));
#2662=CARTESIAN_POINT('Ctrl Pts',(180.896962106281,69.1441489795916,132.635197935864));
#2663=CARTESIAN_POINT('Ctrl Pts',(178.044100629918,66.1902061914921,149.301864602531));
#2664=CARTESIAN_POINT('Ctrl Pts',(181.22185372906,75.0565533680625,99.301864602531));
#2665=CARTESIAN_POINT('Ctrl Pts',(179.401698193614,72.6850153150122,115.968531269198));
#2666=CARTESIAN_POINT('Ctrl Pts',(177.581626104197,70.31453908841,132.635197935864));
#2667=CARTESIAN_POINT('Ctrl Pts',(175.76147056875,67.9430010353598,149.301864602531));
#2668=CARTESIAN_POINT('Ctrl Pts',(172.249855176182,75.0565533680625,99.301864602531));
#2669=CARTESIAN_POINT('Ctrl Pts',(171.921879659635,73.1428594858227,115.968531269198));
#2670=CARTESIAN_POINT('Ctrl Pts',(171.593947920752,71.2271110870353,132.635197935864));
#2671=CARTESIAN_POINT('Ctrl Pts',(171.265972404205,69.3134172047954,149.301864602531));
#2672=CARTESIAN_POINT('Ctrl Pts',(163.277856623304,75.0565533680625,99.3018646025311));
#2673=CARTESIAN_POINT('Ctrl Pts',(164.344544607653,73.0399607333661,115.968531269198));
#2674=CARTESIAN_POINT('Ctrl Pts',(165.410870041011,71.0220160431099,132.635197935864));
#2675=CARTESIAN_POINT('Ctrl Pts',(166.47755802536,69.0054234084135,149.301864602531));
#2676=CARTESIAN_POINT('Ctrl Pts',(156.100257781002,75.0565533680625,99.301864602531));
#2677=CARTESIAN_POINT('Ctrl Pts',(158.463599371044,72.3756150934975,115.968531269198));
#2678=CARTESIAN_POINT('Ctrl Pts',(160.829603827935,69.6945667023961,132.635197935864));
#2679=CARTESIAN_POINT('Ctrl Pts',(163.192945417977,67.013628427831,149.301864602531));
#2680=CARTESIAN_POINT('Ctrl Pts',(152.511458359851,75.0565533680625,99.301864602531));
#2681=CARTESIAN_POINT('Ctrl Pts',(155.632193692911,71.9358180350033,115.968531269198));
#2682=CARTESIAN_POINT('Ctrl Pts',(158.752929025971,68.8150827019441,132.635197935864));
#2683=CARTESIAN_POINT('Ctrl Pts',(161.873664359031,65.6943473688849,149.301864602531));
#2684=CARTESIAN_POINT('',(152.511458359852,75.0565533680625,99.301864602531));
#2685=CARTESIAN_POINT('',(187.711458359859,75.0565533680625,99.301864602531));
#2686=CARTESIAN_POINT('',(161.873664359031,65.6943473688849,149.301864602531));
#2687=CARTESIAN_POINT('',(152.511458359851,75.0565533680625,99.301864602531));
#2688=CARTESIAN_POINT('',(178.349252360679,65.6943473688849,149.301864602531));
#2689=CARTESIAN_POINT('Origin',(170.111458359855,57.4565533680625,149.301864602531));
#2690=CARTESIAN_POINT('',(187.711458359859,75.0565533680625,99.301864602531));
#2691=CARTESIAN_POINT('',(172.796459498375,70.2718753406293,138.116175027981));
#2692=CARTESIAN_POINT('Ctrl Pts',(172.796459498375,70.2718753406293,138.116175027981));
#2693=CARTESIAN_POINT('Ctrl Pts',(172.901946075067,70.2863538656607,137.901516199072));
#2694=CARTESIAN_POINT('Ctrl Pts',(172.981353920584,70.3052435998788,137.675548659406));
#2695=CARTESIAN_POINT('Ctrl Pts',(173.073680775658,70.3468159213307,137.262707012182));
#2696=CARTESIAN_POINT('Ctrl Pts',(173.097260535524,70.3675988565812,137.079271795306));
#2697=CARTESIAN_POINT('Ctrl Pts',(173.110697399312,70.4142154091363,136.707327625755));
#2698=CARTESIAN_POINT('Ctrl Pts',(173.099781219157,70.4400393767559,136.519613623781));
#2699=CARTESIAN_POINT('Ctrl Pts',(173.033501227191,70.5042476884525,136.086904380222));
#2700=CARTESIAN_POINT('Ctrl Pts',(172.964598206885,70.5436900394859,135.84559037698));
#2701=CARTESIAN_POINT('Ctrl Pts',(172.710309357814,70.647657061154,135.251113494597));
#2702=CARTESIAN_POINT('Ctrl Pts',(172.482438725001,70.7122721956803,134.920919048668));
#2703=CARTESIAN_POINT('Ctrl Pts',(171.936948471132,70.8199987384339,134.396802225329));
#2704=CARTESIAN_POINT('Ctrl Pts',(171.635169572124,70.863730693228,134.196273376564));
#2705=CARTESIAN_POINT('Ctrl Pts',(170.960085337131,70.9279175856442,133.90642620263));
#2706=CARTESIAN_POINT('Ctrl Pts',(170.59119239614,70.9468879847101,133.823692049704));
#2707=CARTESIAN_POINT('Ctrl Pts',(169.824628166776,70.9529103122012,133.797241364601));
#2708=CARTESIAN_POINT('Ctrl Pts',(169.435104319249,70.9385021132408,133.859782222033));
#2709=CARTESIAN_POINT('Ctrl Pts',(168.69847511149,70.8782105751004,134.13025341694));
#2710=CARTESIAN_POINT('Ctrl Pts',(168.360128275631,70.8325738394681,134.337436480089));
#2711=CARTESIAN_POINT('Ctrl Pts',(167.780623873397,70.7221631228174,134.871488227431));
#2712=CARTESIAN_POINT('Ctrl Pts',(167.54662188839,70.6582677430056,135.195349521342));
#2713=CARTESIAN_POINT('Ctrl Pts',(167.276501578306,70.553126939098,135.789436146845));
#2714=CARTESIAN_POINT('Ctrl Pts',(167.200832069101,70.5121728255459,136.036930571878));
#2715=CARTESIAN_POINT('Ctrl Pts',(167.126588241626,70.4459345050452,136.478335329346));
#2716=CARTESIAN_POINT('Ctrl Pts',(167.112976519887,70.4195253243671,136.667995435756));
#2717=CARTESIAN_POINT('Ctrl Pts',(167.121794452193,70.3722047575432,137.04081168534));
#2718=CARTESIAN_POINT('Ctrl Pts',(167.142806583743,70.3512227996037,137.223162704631));
#2719=CARTESIAN_POINT('Ctrl Pts',(167.2278354309,70.3095279797902,137.629587890622));
#2720=CARTESIAN_POINT('Ctrl Pts',(167.301349730917,70.2905082126132,137.850685445164));
#2721=CARTESIAN_POINT('Ctrl Pts',(167.567014382436,70.250475854061,138.420027123212));
#2722=CARTESIAN_POINT('Ctrl Pts',(167.803335175137,70.238045801268,138.742899169496));
#2723=CARTESIAN_POINT('Ctrl Pts',(168.356025324207,70.2290184789133,139.249005058099));
#2724=CARTESIAN_POINT('Ctrl Pts',(168.656218134449,70.2305120183469,139.439474071678));
#2725=CARTESIAN_POINT('Ctrl Pts',(169.328389192064,70.2351120093061,139.714749561185));
#2726=CARTESIAN_POINT('Ctrl Pts',(169.697675557872,70.2377289288515,139.78967741893));
#2727=CARTESIAN_POINT('Ctrl Pts',(170.861488748169,70.2386899688964,139.80659550275));
#2728=CARTESIAN_POINT('Ctrl Pts',(171.646469775765,70.222671225397,139.489327893965));
#2729=CARTESIAN_POINT('Ctrl Pts',(172.449240538912,70.240053089976,138.694459275098));
#2730=CARTESIAN_POINT('Ctrl Pts',(172.647812621582,70.2514728629495,138.418662467559));
#2731=CARTESIAN_POINT('Ctrl Pts',(172.796459498375,70.2718753406293,138.116175027981));
#2732=CARTESIAN_POINT('Origin',(170.111458359855,65.1065533680626,111.801864602531));
#2733=CARTESIAN_POINT('',(172.111458359855,64.8404886332175,111.801864602531));
#2734=CARTESIAN_POINT('Ctrl Pts',(172.111458359855,64.8404886332175,111.801864602531));
#2735=CARTESIAN_POINT('Ctrl Pts',(172.111458359855,64.8404886332175,111.549450159775));
#2736=CARTESIAN_POINT('Ctrl Pts',(172.060772193191,64.854781108274,111.281060921177));
#2737=CARTESIAN_POINT('Ctrl Pts',(171.856312249059,64.9056528229305,110.788678441106));
#2738=CARTESIAN_POINT('Ctrl Pts',(171.702597657028,64.941417165906,110.564576774958));
#2739=CARTESIAN_POINT('Ctrl Pts',(171.348775942098,65.0079734090603,110.210755060028));
#2740=CARTESIAN_POINT('Ctrl Pts',(171.124661947072,65.0431965647938,110.057017300446));
#2741=CARTESIAN_POINT('Ctrl Pts',(170.632235521852,65.0928173529783,109.852540406019));
#2742=CARTESIAN_POINT('Ctrl Pts',(170.36383035255,65.1065533680625,109.801864602531));
#2743=CARTESIAN_POINT('Ctrl Pts',(169.859086367161,65.1065533680625,109.801864602531));
#2744=CARTESIAN_POINT('Ctrl Pts',(169.590681197859,65.0928173529784,109.852540406019));
#2745=CARTESIAN_POINT('Ctrl Pts',(169.098254772639,65.0431965647939,110.057017300446));
#2746=CARTESIAN_POINT('Ctrl Pts',(168.874140777612,65.0079734090604,110.210755060028));
#2747=CARTESIAN_POINT('Ctrl Pts',(168.520319062682,64.9414171659062,110.564576774958));
#2748=CARTESIAN_POINT('Ctrl Pts',(168.366604470651,64.9056528229307,110.788678441106));
#2749=CARTESIAN_POINT('Ctrl Pts',(168.16214452652,64.8547811082742,111.281060921177));
#2750=CARTESIAN_POINT('Ctrl Pts',(168.111458359855,64.8404886332176,111.549450159775));
#2751=CARTESIAN_POINT('Ctrl Pts',(168.111458359855,64.8404886332176,112.054279045287));
#2752=CARTESIAN_POINT('Ctrl Pts',(168.16214452652,64.8547811082742,112.322668283885));
#2753=CARTESIAN_POINT('Ctrl Pts',(168.366604470651,64.9056528229307,112.815050763956));
#2754=CARTESIAN_POINT('Ctrl Pts',(168.520319062682,64.9414171659062,113.039152430104));
#2755=CARTESIAN_POINT('Ctrl Pts',(168.874140777612,65.0079734090604,113.392974145034));
#2756=CARTESIAN_POINT('Ctrl Pts',(169.098254772639,65.0431965647939,113.546711904616));
#2757=CARTESIAN_POINT('Ctrl Pts',(169.590681197859,65.0928173529784,113.751188799043));
#2758=CARTESIAN_POINT('Ctrl Pts',(169.859086367161,65.1065533680625,113.801864602531));
#2759=CARTESIAN_POINT('Ctrl Pts',(170.36383035255,65.1065533680625,113.801864602531));
#2760=CARTESIAN_POINT('Ctrl Pts',(170.632235521852,65.0928173529783,113.751188799043));
#2761=CARTESIAN_POINT('Ctrl Pts',(171.124661947072,65.0431965647938,113.546711904616));
#2762=CARTESIAN_POINT('Ctrl Pts',(171.348775942098,65.0079734090603,113.392974145034));
#2763=CARTESIAN_POINT('Ctrl Pts',(171.702597657028,64.941417165906,113.039152430104));
#2764=CARTESIAN_POINT('Ctrl Pts',(171.856312249059,64.9056528229305,112.815050763956));
#2765=CARTESIAN_POINT('Ctrl Pts',(172.060772193191,64.854781108274,112.322668283885));
#2766=CARTESIAN_POINT('Ctrl Pts',(172.111458359855,64.8404886332175,112.054279045287));
#2767=CARTESIAN_POINT('Ctrl Pts',(172.111458359855,64.8404886332175,111.801864602531));
#2768=CARTESIAN_POINT('',(172.111458359855,65.1065533680626,111.801864602531));
#2769=CARTESIAN_POINT('Ctrl Pts',(172.796459498375,70.2718753406293,138.116175027981));
#2770=CARTESIAN_POINT('Ctrl Pts',(172.647812621582,70.2514728629495,138.418662467559));
#2771=CARTESIAN_POINT('Ctrl Pts',(172.449240538912,70.240053089976,138.694459275098));
#2772=CARTESIAN_POINT('Ctrl Pts',(171.646469775765,70.222671225397,139.489327893965));
#2773=CARTESIAN_POINT('Ctrl Pts',(170.861488748169,70.2386899688964,139.80659550275));
#2774=CARTESIAN_POINT('Ctrl Pts',(169.697675557872,70.2377289288515,139.78967741893));
#2775=CARTESIAN_POINT('Ctrl Pts',(169.328389192064,70.2351120093061,139.714749561185));
#2776=CARTESIAN_POINT('Ctrl Pts',(168.656218134449,70.2305120183469,139.439474071678));
#2777=CARTESIAN_POINT('Ctrl Pts',(168.356025324207,70.2290184789133,139.249005058099));
#2778=CARTESIAN_POINT('Ctrl Pts',(167.803335175137,70.238045801268,138.742899169496));
#2779=CARTESIAN_POINT('Ctrl Pts',(167.567014382436,70.250475854061,138.420027123212));
#2780=CARTESIAN_POINT('Ctrl Pts',(167.301349730917,70.2905082126132,137.850685445164));
#2781=CARTESIAN_POINT('Ctrl Pts',(167.2278354309,70.3095279797902,137.629587890622));
#2782=CARTESIAN_POINT('Ctrl Pts',(167.142806583743,70.3512227996037,137.223162704631));
#2783=CARTESIAN_POINT('Ctrl Pts',(167.121794452193,70.3722047575432,137.04081168534));
#2784=CARTESIAN_POINT('Ctrl Pts',(167.112976519887,70.4195253243671,136.667995435756));
#2785=CARTESIAN_POINT('Ctrl Pts',(167.126588241626,70.4459345050452,136.478335329346));
#2786=CARTESIAN_POINT('Ctrl Pts',(167.200832069101,70.5121728255459,136.036930571878));
#2787=CARTESIAN_POINT('Ctrl Pts',(167.276501578306,70.553126939098,135.789436146845));
#2788=CARTESIAN_POINT('Ctrl Pts',(167.54662188839,70.6582677430056,135.195349521342));
#2789=CARTESIAN_POINT('Ctrl Pts',(167.780623873397,70.7221631228174,134.871488227431));
#2790=CARTESIAN_POINT('Ctrl Pts',(168.360128275631,70.8325738394681,134.337436480089));
#2791=CARTESIAN_POINT('Ctrl Pts',(168.69847511149,70.8782105751004,134.13025341694));
#2792=CARTESIAN_POINT('Ctrl Pts',(169.435104319249,70.9385021132408,133.859782222033));
#2793=CARTESIAN_POINT('Ctrl Pts',(169.824628166776,70.9529103122012,133.797241364601));
#2794=CARTESIAN_POINT('Ctrl Pts',(170.59119239614,70.9468879847101,133.823692049704));
#2795=CARTESIAN_POINT('Ctrl Pts',(170.960085337131,70.9279175856442,133.90642620263));
#2796=CARTESIAN_POINT('Ctrl Pts',(171.635169572124,70.863730693228,134.196273376564));
#2797=CARTESIAN_POINT('Ctrl Pts',(171.936948471132,70.8199987384339,134.396802225329));
#2798=CARTESIAN_POINT('Ctrl Pts',(172.482438725001,70.7122721956803,134.920919048668));
#2799=CARTESIAN_POINT('Ctrl Pts',(172.710309357814,70.647657061154,135.251113494597));
#2800=CARTESIAN_POINT('Ctrl Pts',(172.964598206885,70.5436900394859,135.84559037698));
#2801=CARTESIAN_POINT('Ctrl Pts',(173.033501227191,70.5042476884525,136.086904380222));
#2802=CARTESIAN_POINT('Ctrl Pts',(173.099781219157,70.4400393767559,136.519613623781));
#2803=CARTESIAN_POINT('Ctrl Pts',(173.110697399312,70.4142154091363,136.707327625755));
#2804=CARTESIAN_POINT('Ctrl Pts',(173.097260535524,70.3675988565812,137.079271795306));
#2805=CARTESIAN_POINT('Ctrl Pts',(173.073680775658,70.3468159213307,137.262707012182));
#2806=CARTESIAN_POINT('Ctrl Pts',(172.981353920584,70.3052435998788,137.675548659406));
#2807=CARTESIAN_POINT('Ctrl Pts',(172.901946075067,70.2863538656607,137.901516199072));
#2808=CARTESIAN_POINT('Ctrl Pts',(172.796459498375,70.2718753406293,138.116175027981));
#2809=CARTESIAN_POINT('Ctrl Pts',(172.509758478535,69.9877345794313,137.950865125836));
#2810=CARTESIAN_POINT('Ctrl Pts',(172.378134461529,69.9681909322221,138.224695331888));
#2811=CARTESIAN_POINT('Ctrl Pts',(172.201112997341,69.9563389496312,138.474316868372));
#2812=CARTESIAN_POINT('Ctrl Pts',(171.48168765118,69.9344736902353,139.191624481832));
#2813=CARTESIAN_POINT('Ctrl Pts',(170.779939664335,69.944341642446,139.474103788979));
#2814=CARTESIAN_POINT('Ctrl Pts',(169.742461693839,69.9439391247982,139.459363041345));
#2815=CARTESIAN_POINT('Ctrl Pts',(169.412848275899,69.9424460016178,139.392351785593));
#2816=CARTESIAN_POINT('Ctrl Pts',(168.812165162603,69.9414521418301,139.145793218716));
#2817=CARTESIAN_POINT('Ctrl Pts',(168.543282349404,69.9420193386364,138.974619227354));
#2818=CARTESIAN_POINT('Ctrl Pts',(168.048465977713,69.9542322095349,138.51819461677));
#2819=CARTESIAN_POINT('Ctrl Pts',(167.837171700672,69.967405191575,138.225978404772));
#2820=CARTESIAN_POINT('Ctrl Pts',(167.602627688947,70.0054612879444,137.710532166737));
#2821=CARTESIAN_POINT('Ctrl Pts',(167.538626736423,70.0230814390233,137.510421764781));
#2822=CARTESIAN_POINT('Ctrl Pts',(167.466911169794,70.060957702752,137.143272257921));
#2823=CARTESIAN_POINT('Ctrl Pts',(167.450419186053,70.0798091501956,136.978821156834));
#2824=CARTESIAN_POINT('Ctrl Pts',(167.447796485507,70.1219353461203,136.643496278587));
#2825=CARTESIAN_POINT('Ctrl Pts',(167.462919055434,70.145259947331,136.473422072388));
#2826=CARTESIAN_POINT('Ctrl Pts',(167.536376003916,70.2033773007399,136.079077068635));
#2827=CARTESIAN_POINT('Ctrl Pts',(167.608084522897,70.2390195689818,135.859247596354));
#2828=CARTESIAN_POINT('Ctrl Pts',(167.858003774642,70.3299317235535,135.33479437548));
#2829=CARTESIAN_POINT('Ctrl Pts',(168.07016197603,70.3846256587187,135.052237208827));
#2830=CARTESIAN_POINT('Ctrl Pts',(168.586138935821,70.4785016928405,134.59031751052));
#2831=CARTESIAN_POINT('Ctrl Pts',(168.883601322945,70.5169961156166,134.413196992444));
#2832=CARTESIAN_POINT('Ctrl Pts',(169.525699145109,70.5676965919414,134.182885798565));
#2833=CARTESIAN_POINT('Ctrl Pts',(169.863013347888,70.5797513169337,134.130043407404));
#2834=CARTESIAN_POINT('Ctrl Pts',(170.526951466296,70.5747068050773,134.152442965146));
#2835=CARTESIAN_POINT('Ctrl Pts',(170.846857770455,70.5588165408765,134.222448853475));
#2836=CARTESIAN_POINT('Ctrl Pts',(171.436539346635,70.5047800594083,134.469657480168));
#2837=CARTESIAN_POINT('Ctrl Pts',(171.702461378073,70.46783708644,134.641461370037));
#2838=CARTESIAN_POINT('Ctrl Pts',(172.188864916462,70.3761732748145,135.095245673228));
#2839=CARTESIAN_POINT('Ctrl Pts',(172.395933163974,70.320811497037,135.383672655102));
#2840=CARTESIAN_POINT('Ctrl Pts',(172.631945080413,70.2308123621011,135.909060338933));
#2841=CARTESIAN_POINT('Ctrl Pts',(172.697522456206,70.1964495191226,136.123587644584));
#2842=CARTESIAN_POINT('Ctrl Pts',(172.76368973632,70.1400581795592,136.510391083422));
#2843=CARTESIAN_POINT('Ctrl Pts',(172.776343872496,70.1172269358761,136.67880250184));
#2844=CARTESIAN_POINT('Ctrl Pts',(172.769502796692,70.0756794547874,137.013462479419));
#2845=CARTESIAN_POINT('Ctrl Pts',(172.750682947959,70.0569805001267,137.178948108081));
#2846=CARTESIAN_POINT('Ctrl Pts',(172.672375841977,70.0191400862783,137.551970245228));
#2847=CARTESIAN_POINT('Ctrl Pts',(172.603059777101,70.0015844516566,137.756541538606));
#2848=CARTESIAN_POINT('Ctrl Pts',(172.509758478535,69.9877345794313,137.950865125836));
#2849=CARTESIAN_POINT('Ctrl Pts',(172.223057458696,69.7035938182332,137.785555223691));
#2850=CARTESIAN_POINT('Ctrl Pts',(172.108931432454,69.6850029964523,138.030741729978));
#2851=CARTESIAN_POINT('Ctrl Pts',(171.952410697043,69.6725064397537,138.254112497199));
#2852=CARTESIAN_POINT('Ctrl Pts',(171.318329493245,69.6465673393624,138.894035539147));
#2853=CARTESIAN_POINT('Ctrl Pts',(170.699131292587,69.6504149372972,139.142214234943));
#2854=CARTESIAN_POINT('Ctrl Pts',(169.787300953303,69.6499205971964,139.128570424924));
#2855=CARTESIAN_POINT('Ctrl Pts',(169.497679915713,69.64986990236,139.070007347417));
#2856=CARTESIAN_POINT('Ctrl Pts',(168.968251671572,69.6522585036943,138.851810554581));
#2857=CARTESIAN_POINT('Ctrl Pts',(168.730755302794,69.6550350835705,138.700171673998));
#2858=CARTESIAN_POINT('Ctrl Pts',(168.293785050372,69.6703358902281,138.293294498509));
#2859=CARTESIAN_POINT('Ctrl Pts',(168.107513925352,69.6843017256358,138.031777166795));
#2860=CARTESIAN_POINT('Ctrl Pts',(167.904043345129,69.7203877196919,137.570303332011));
#2861=CARTESIAN_POINT('Ctrl Pts',(167.849574647299,69.7366035973577,137.391139316847));
#2862=CARTESIAN_POINT('Ctrl Pts',(167.791142876784,69.7706695116558,137.063304771644));
#2863=CARTESIAN_POINT('Ctrl Pts',(167.779186655724,69.7873873138361,136.916728331217));
#2864=CARTESIAN_POINT('Ctrl Pts',(167.782735841588,69.8243211857384,136.618925251604));
#2865=CARTESIAN_POINT('Ctrl Pts',(167.799393332467,69.8445624067018,136.468404743064));
#2866=CARTESIAN_POINT('Ctrl Pts',(167.87201282246,69.8945567235292,136.121175356379));
#2867=CARTESIAN_POINT('Ctrl Pts',(167.93983089934,69.924889430371,135.928956463639));
#2868=CARTESIAN_POINT('Ctrl Pts',(168.169407624447,70.0015755522839,135.474218075999));
#2869=CARTESIAN_POINT('Ctrl Pts',(168.359814613794,70.0470551247455,135.232982027544));
#2870=CARTESIAN_POINT('Ctrl Pts',(168.812196125447,70.1244287324403,134.843093848436));
#2871=CARTESIAN_POINT('Ctrl Pts',(169.068739287253,70.1557545458425,134.696152456987));
#2872=CARTESIAN_POINT('Ctrl Pts',(169.616407005658,70.1968934519528,134.505887678784));
#2873=CARTESIAN_POINT('Ctrl Pts',(169.901367627958,70.2065875659454,134.462791533178));
#2874=CARTESIAN_POINT('Ctrl Pts',(170.462842548075,70.202512468842,134.481175409706));
#2875=CARTESIAN_POINT('Ctrl Pts',(170.733640139376,70.1897236711783,134.538380704877));
#2876=CARTESIAN_POINT('Ctrl Pts',(171.237986242294,70.1458068341051,134.743082740118));
#2877=CARTESIAN_POINT('Ctrl Pts',(171.468022633726,70.1156805207912,134.886056953446));
#2878=CARTESIAN_POINT('Ctrl Pts',(171.895308876696,70.0400549194141,135.269616644219));
#2879=CARTESIAN_POINT('Ctrl Pts',(172.081644944448,69.9939590639041,135.516276915178));
#2880=CARTESIAN_POINT('Ctrl Pts',(172.299262866978,69.9179312170021,135.972493592598));
#2881=CARTESIAN_POINT('Ctrl Pts',(172.361574334983,69.8886450566588,136.160294454973));
#2882=CARTESIAN_POINT('Ctrl Pts',(172.42758975909,69.8400751587488,136.501143545056));
#2883=CARTESIAN_POINT('Ctrl Pts',(172.442000996486,69.8202348637909,136.650282533495));
#2884=CARTESIAN_POINT('Ctrl Pts',(172.44174163172,69.7837574314878,136.947639605969));
#2885=CARTESIAN_POINT('Ctrl Pts',(172.427687878175,69.7671425163175,137.095189153231));
#2886=CARTESIAN_POINT('Ctrl Pts',(172.363394960064,69.7330344004812,137.428383773939));
#2887=CARTESIAN_POINT('Ctrl Pts',(172.304151555066,69.7168058976245,137.611560973294));
#2888=CARTESIAN_POINT('Ctrl Pts',(172.223057458696,69.7035938182332,137.785555223691));
#2889=CARTESIAN_POINT('Ctrl Pts',(171.936356438857,69.4194530570352,137.620245321547));
#2890=CARTESIAN_POINT('Ctrl Pts',(171.839253272401,69.401721065725,137.836774594307));
#2891=CARTESIAN_POINT('Ctrl Pts',(171.704283155472,69.3887922994088,138.033970090473));
#2892=CARTESIAN_POINT('Ctrl Pts',(171.15354736866,69.3583698042007,138.596332127013));
#2893=CARTESIAN_POINT('Ctrl Pts',(170.617582208754,69.3560666108467,138.809722521172));
#2894=CARTESIAN_POINT('Ctrl Pts',(169.83208708927,69.3561307931432,138.798256047339));
#2895=CARTESIAN_POINT('Ctrl Pts',(169.582138999548,69.3572038946717,138.747609571825));
#2896=CARTESIAN_POINT('Ctrl Pts',(169.124198699726,69.3631986271775,138.558129701618));
#2897=CARTESIAN_POINT('Ctrl Pts',(168.918012327991,69.3680359432936,138.425785843253));
#2898=CARTESIAN_POINT('Ctrl Pts',(168.538915852948,69.3865222984951,138.068589945784));
#2899=CARTESIAN_POINT('Ctrl Pts',(168.377671243588,69.4012310631498,137.837728448355));
#2900=CARTESIAN_POINT('Ctrl Pts',(168.205321303159,69.4353407950231,137.430150053584));
#2901=CARTESIAN_POINT('Ctrl Pts',(168.160365952822,69.4501570565908,137.271973191007));
#2902=CARTESIAN_POINT('Ctrl Pts',(168.115247462835,69.4804044148041,136.983414324933));
#2903=CARTESIAN_POINT('Ctrl Pts',(168.107811389583,69.4949917064885,136.85473780271));
#2904=CARTESIAN_POINT('Ctrl Pts',(168.117555807208,69.5267312074917,136.594426094434));
#2905=CARTESIAN_POINT('Ctrl Pts',(168.135724146275,69.5438878489876,136.463491486106));
#2906=CARTESIAN_POINT('Ctrl Pts',(168.207556757275,69.5857611987232,136.163321853136));
#2907=CARTESIAN_POINT('Ctrl Pts',(168.271413843932,69.6107820602548,135.998767913148));
#2908=CARTESIAN_POINT('Ctrl Pts',(168.480789510698,69.6732395328318,135.613662930137));
#2909=CARTESIAN_POINT('Ctrl Pts',(168.649352716427,69.7095176606467,135.413731008941));
#2910=CARTESIAN_POINT('Ctrl Pts',(169.038206785637,69.7703565858127,135.095974878867));
#2911=CARTESIAN_POINT('Ctrl Pts',(169.253865498707,69.7945400863586,134.979096032491));
#2912=CARTESIAN_POINT('Ctrl Pts',(169.707001831519,69.8260879306533,134.828991255317));
#2913=CARTESIAN_POINT('Ctrl Pts',(169.939752809069,69.833428570678,134.795593575981));
#2914=CARTESIAN_POINT('Ctrl Pts',(170.398601618231,69.8303312892092,134.809926325148));
#2915=CARTESIAN_POINT('Ctrl Pts',(170.6204125727,69.8206226264107,134.854403355721));
#2916=CARTESIAN_POINT('Ctrl Pts',(171.039356016805,69.7868562002855,135.016466843722));
#2917=CARTESIAN_POINT('Ctrl Pts',(171.233535540667,69.7635188687973,135.130716098155));
#2918=CARTESIAN_POINT('Ctrl Pts',(171.601735068156,69.7039559985483,135.44394326878));
#2919=CARTESIAN_POINT('Ctrl Pts',(171.767268750608,69.6671134997872,135.648836075682));
#2920=CARTESIAN_POINT('Ctrl Pts',(171.966609740506,69.6050535396173,136.035963554551));
#2921=CARTESIAN_POINT('Ctrl Pts',(172.025595563998,69.5808468873289,136.196977719336));
#2922=CARTESIAN_POINT('Ctrl Pts',(172.091498276253,69.5400939615521,136.491921004696));
#2923=CARTESIAN_POINT('Ctrl Pts',(172.10764746967,69.5232463905307,136.62175740958));
#2924=CARTESIAN_POINT('Ctrl Pts',(172.113983892888,69.491838029694,136.881830290081));
#2925=CARTESIAN_POINT('Ctrl Pts',(172.104690050476,69.4773070951135,137.01143024913));
#2926=CARTESIAN_POINT('Ctrl Pts',(172.054416881456,69.4469308868807,137.304805359762));
#2927=CARTESIAN_POINT('Ctrl Pts',(172.0052652571,69.4320364836204,137.466586312827));
#2928=CARTESIAN_POINT('Ctrl Pts',(171.936356438857,69.4194530570351,137.620245321547));
#2929=CARTESIAN_POINT('',(171.936356438857,69.4194530570351,137.620245321547));
#2930=CARTESIAN_POINT('',(172.796459498375,70.2718753406293,138.116175027981));
#2931=CARTESIAN_POINT('',(172.111442037797,69.5015483931154,136.801866398532));
#2932=CARTESIAN_POINT('Ctrl Pts',(171.936356438857,69.4194530570352,137.620245321547));
#2933=CARTESIAN_POINT('Ctrl Pts',(171.839253272401,69.401721065725,137.836774594307));
#2934=CARTESIAN_POINT('Ctrl Pts',(171.704283155472,69.3887922994088,138.033970090473));
#2935=CARTESIAN_POINT('Ctrl Pts',(171.15354736866,69.3583698042007,138.596332127013));
#2936=CARTESIAN_POINT('Ctrl Pts',(170.617582208754,69.3560666108467,138.809722521172));
#2937=CARTESIAN_POINT('Ctrl Pts',(169.83208708927,69.3561307931432,138.798256047339));
#2938=CARTESIAN_POINT('Ctrl Pts',(169.582138999548,69.3572038946717,138.747609571825));
#2939=CARTESIAN_POINT('Ctrl Pts',(169.124198699726,69.3631986271775,138.558129701618));
#2940=CARTESIAN_POINT('Ctrl Pts',(168.918012327991,69.3680359432936,138.425785843253));
#2941=CARTESIAN_POINT('Ctrl Pts',(168.538915852948,69.3865222984951,138.068589945784));
#2942=CARTESIAN_POINT('Ctrl Pts',(168.377671243588,69.4012310631498,137.837728448355));
#2943=CARTESIAN_POINT('Ctrl Pts',(168.205321303159,69.4353407950231,137.430150053584));
#2944=CARTESIAN_POINT('Ctrl Pts',(168.160365952822,69.4501570565908,137.271973191007));
#2945=CARTESIAN_POINT('Ctrl Pts',(168.115247462835,69.4804044148041,136.983414324933));
#2946=CARTESIAN_POINT('Ctrl Pts',(168.107811389583,69.4949917064885,136.85473780271));
#2947=CARTESIAN_POINT('Ctrl Pts',(168.117555807208,69.5267312074917,136.594426094434));
#2948=CARTESIAN_POINT('Ctrl Pts',(168.135724146275,69.5438878489876,136.463491486106));
#2949=CARTESIAN_POINT('Ctrl Pts',(168.207556757275,69.5857611987232,136.163321853136));
#2950=CARTESIAN_POINT('Ctrl Pts',(168.271413843932,69.6107820602548,135.998767913148));
#2951=CARTESIAN_POINT('Ctrl Pts',(168.480789510698,69.6732395328318,135.613662930137));
#2952=CARTESIAN_POINT('Ctrl Pts',(168.649352716427,69.7095176606467,135.413731008941));
#2953=CARTESIAN_POINT('Ctrl Pts',(169.038206785637,69.7703565858127,135.095974878867));
#2954=CARTESIAN_POINT('Ctrl Pts',(169.253865498707,69.7945400863586,134.979096032491));
#2955=CARTESIAN_POINT('Ctrl Pts',(169.707001831519,69.8260879306533,134.828991255317));
#2956=CARTESIAN_POINT('Ctrl Pts',(169.939752809069,69.833428570678,134.795593575981));
#2957=CARTESIAN_POINT('Ctrl Pts',(170.398601618231,69.8303312892092,134.809926325148));
#2958=CARTESIAN_POINT('Ctrl Pts',(170.6204125727,69.8206226264107,134.854403355721));
#2959=CARTESIAN_POINT('Ctrl Pts',(171.039356016805,69.7868562002855,135.016466843722));
#2960=CARTESIAN_POINT('Ctrl Pts',(171.233535540667,69.7635188687973,135.130716098155));
#2961=CARTESIAN_POINT('Ctrl Pts',(171.601735068156,69.7039559985483,135.44394326878));
#2962=CARTESIAN_POINT('Ctrl Pts',(171.767268750608,69.6671134997872,135.648836075682));
#2963=CARTESIAN_POINT('Ctrl Pts',(171.966609740506,69.6050535396173,136.035963554551));
#2964=CARTESIAN_POINT('Ctrl Pts',(172.025595563998,69.5808468873289,136.196977719336));
#2965=CARTESIAN_POINT('Ctrl Pts',(172.091498276253,69.5400939615521,136.491921004696));
#2966=CARTESIAN_POINT('Ctrl Pts',(172.10764746967,69.5232463905307,136.62175740958));
#2967=CARTESIAN_POINT('Ctrl Pts',(172.111244743912,69.5054154339245,136.769404345719));
#2968=CARTESIAN_POINT('Ctrl Pts',(172.11144233432,69.5034736978058,136.785629984875));
#2969=CARTESIAN_POINT('Ctrl Pts',(172.111442037797,69.5015483931154,136.801866398532));
#2970=CARTESIAN_POINT('Ctrl Pts',(172.111442037797,69.5015483931154,136.801866398532));
#2971=CARTESIAN_POINT('Ctrl Pts',(172.111439981273,69.4881955420719,136.914473205192));
#2972=CARTESIAN_POINT('Ctrl Pts',(172.101919475812,69.4756330500003,137.027598270054));
#2973=CARTESIAN_POINT('Ctrl Pts',(172.054416881456,69.4469308868807,137.304805359762));
#2974=CARTESIAN_POINT('Ctrl Pts',(172.0052652571,69.4320364836204,137.466586312827));
#2975=CARTESIAN_POINT('Ctrl Pts',(171.936356438857,69.4194530570351,137.620245321547));
#2976=CARTESIAN_POINT('Origin',(170.111458359855,65.1065533680626,136.801864602531));
#2977=CARTESIAN_POINT('',(172.111458359855,64.8404886332175,136.801864602531));
#2978=CARTESIAN_POINT('Ctrl Pts',(172.111458359855,64.8404886332175,136.801864602531));
#2979=CARTESIAN_POINT('Ctrl Pts',(172.111458359855,64.8404886332175,136.549450159775));
#2980=CARTESIAN_POINT('Ctrl Pts',(172.060772193191,64.854781108274,136.281060921177));
#2981=CARTESIAN_POINT('Ctrl Pts',(171.856312249059,64.9056528229305,135.788678441106));
#2982=CARTESIAN_POINT('Ctrl Pts',(171.702597657028,64.941417165906,135.564576774958));
#2983=CARTESIAN_POINT('Ctrl Pts',(171.348775942098,65.0079734090603,135.210755060028));
#2984=CARTESIAN_POINT('Ctrl Pts',(171.124661947072,65.0431965647938,135.057017300446));
#2985=CARTESIAN_POINT('Ctrl Pts',(170.632235521852,65.0928173529783,134.852540406019));
#2986=CARTESIAN_POINT('Ctrl Pts',(170.36383035255,65.1065533680625,134.801864602531));
#2987=CARTESIAN_POINT('Ctrl Pts',(169.859086367161,65.1065533680625,134.801864602531));
#2988=CARTESIAN_POINT('Ctrl Pts',(169.590681197859,65.0928173529784,134.852540406019));
#2989=CARTESIAN_POINT('Ctrl Pts',(169.098254772639,65.0431965647939,135.057017300446));
#2990=CARTESIAN_POINT('Ctrl Pts',(168.874140777612,65.0079734090604,135.210755060028));
#2991=CARTESIAN_POINT('Ctrl Pts',(168.520319062682,64.9414171659062,135.564576774958));
#2992=CARTESIAN_POINT('Ctrl Pts',(168.366604470651,64.9056528229307,135.788678441106));
#2993=CARTESIAN_POINT('Ctrl Pts',(168.16214452652,64.8547811082742,136.281060921177));
#2994=CARTESIAN_POINT('Ctrl Pts',(168.111458359855,64.8404886332176,136.549450159775));
#2995=CARTESIAN_POINT('Ctrl Pts',(168.111458359855,64.8404886332176,137.054279045287));
#2996=CARTESIAN_POINT('Ctrl Pts',(168.16214452652,64.8547811082742,137.322668283885));
#2997=CARTESIAN_POINT('Ctrl Pts',(168.366604470651,64.9056528229307,137.815050763956));
#2998=CARTESIAN_POINT('Ctrl Pts',(168.520319062682,64.9414171659062,138.039152430104));
#2999=CARTESIAN_POINT('Ctrl Pts',(168.874140777612,65.0079734090604,138.392974145034));
#3000=CARTESIAN_POINT('Ctrl Pts',(169.098254772639,65.0431965647939,138.546711904616));
#3001=CARTESIAN_POINT('Ctrl Pts',(169.590681197859,65.0928173529784,138.751188799043));
#3002=CARTESIAN_POINT('Ctrl Pts',(169.859086367161,65.1065533680625,138.801864602531));
#3003=CARTESIAN_POINT('Ctrl Pts',(170.36383035255,65.1065533680625,138.801864602531));
#3004=CARTESIAN_POINT('Ctrl Pts',(170.632235521852,65.0928173529783,138.751188799043));
#3005=CARTESIAN_POINT('Ctrl Pts',(171.124661947072,65.0431965647938,138.546711904616));
#3006=CARTESIAN_POINT('Ctrl Pts',(171.348775942098,65.0079734090603,138.392974145034));
#3007=CARTESIAN_POINT('Ctrl Pts',(171.702597657028,64.941417165906,138.039152430104));
#3008=CARTESIAN_POINT('Ctrl Pts',(171.856312249059,64.9056528229305,137.815050763956));
#3009=CARTESIAN_POINT('Ctrl Pts',(172.060772193191,64.854781108274,137.322668283885));
#3010=CARTESIAN_POINT('Ctrl Pts',(172.111458359855,64.8404886332175,137.054279045287));
#3011=CARTESIAN_POINT('Ctrl Pts',(172.111458359855,64.8404886332175,136.801864602531));
#3012=CARTESIAN_POINT('',(172.111458359855,65.1065533680626,136.801864602531));
#3013=CARTESIAN_POINT('Ctrl Pts',(189.902333938396,26.2119032892489,99.301864602531));
#3014=CARTESIAN_POINT('Ctrl Pts',(187.207820345661,25.8577336746883,99.301864602531));
#3015=CARTESIAN_POINT('Ctrl Pts',(181.807996983087,25.2279064162526,99.301864602531));
#3016=CARTESIAN_POINT('Ctrl Pts',(172.7618922526,24.6630570396333,99.301864602531));
#3017=CARTESIAN_POINT('Ctrl Pts',(162.787994207102,24.822925257537,99.301864602531));
#3018=CARTESIAN_POINT('Ctrl Pts',(155.572633964657,25.5501111151867,99.301864602531));
#3019=CARTESIAN_POINT('Ctrl Pts',(151.976975938224,25.9993925975841,99.301864602531));
#3020=CARTESIAN_POINT('Ctrl Pts',(189.620286944754,28.3577097811529,99.301864602531));
#3021=CARTESIAN_POINT('Ctrl Pts',(186.939640476993,28.0540539071138,99.3017602831683));
#3022=CARTESIAN_POINT('Ctrl Pts',(181.594441786787,27.5135393071211,99.3017740934224));
#3023=CARTESIAN_POINT('Ctrl Pts',(172.706599831609,27.0278107755902,99.3015714910359));
#3024=CARTESIAN_POINT('Ctrl Pts',(162.935445329193,27.1654538278677,99.3017058212695));
#3025=CARTESIAN_POINT('Ctrl Pts',(155.819046372986,27.7901570337475,99.3017279675261));
#3026=CARTESIAN_POINT('Ctrl Pts',(152.248884656412,28.1755133666659,99.301864602531));
#3027=CARTESIAN_POINT('Ctrl Pts',(189.056268719232,32.6487463713591,100.139253619594));
#3028=CARTESIAN_POINT('Ctrl Pts',(186.403348618294,32.446302267046,100.177075510455));
#3029=CARTESIAN_POINT('Ctrl Pts',(181.16730043593,32.084244781601,100.244032878539));
#3030=CARTESIAN_POINT('Ctrl Pts',(172.596039742773,31.7571265726399,100.302420997973));
#3031=CARTESIAN_POINT('Ctrl Pts',(163.230322659511,31.8500274996096,100.286226279143));
#3032=CARTESIAN_POINT('Ctrl Pts',(156.311796270999,32.2698737138794,100.209856693073));
#3033=CARTESIAN_POINT('Ctrl Pts',(152.792624931721,32.5271373747957,100.161974274888));
#3034=CARTESIAN_POINT('Ctrl Pts',(188.392559463117,37.6982298355037,103.42442248366));
#3035=CARTESIAN_POINT('Ctrl Pts',(185.777210314836,37.5771597361949,103.603450664032));
#3036=CARTESIAN_POINT('Ctrl Pts',(180.67655957983,37.3535646589252,103.917733476804));
#3037=CARTESIAN_POINT('Ctrl Pts',(172.471101501768,37.1441856384432,104.190047685918));
#3038=CARTESIAN_POINT('Ctrl Pts',(163.565124980488,37.2045899480113,104.114625113686));
#3039=CARTESIAN_POINT('Ctrl Pts',(156.883037675307,37.4695213640549,103.757817422267));
#3040=CARTESIAN_POINT('Ctrl Pts',(153.429621324609,37.6251021978142,103.53166440097));
#3041=CARTESIAN_POINT('Ctrl Pts',(187.95385967245,41.0358468994312,107.731910883049));
#3042=CARTESIAN_POINT('Ctrl Pts',(185.371259238788,40.9083390495861,108.077519926129));
#3043=CARTESIAN_POINT('Ctrl Pts',(180.370981775382,40.6627527405111,108.678354485045));
#3044=CARTESIAN_POINT('Ctrl Pts',(172.396665470868,40.4239818325838,109.19293543587));
#3045=CARTESIAN_POINT('Ctrl Pts',(163.767184419624,40.4938550110702,109.051189917602));
#3046=CARTESIAN_POINT('Ctrl Pts',(157.246873473621,40.7918849232925,108.373746882982));
#3047=CARTESIAN_POINT('Ctrl Pts',(153.846102024466,40.9582513035954,107.938534519134));
#3048=CARTESIAN_POINT('Ctrl Pts',(187.796351975539,42.2341615284646,110.780374663925));
#3049=CARTESIAN_POINT('Ctrl Pts',(185.232007517581,42.0549712366007,111.227578896375));
#3050=CARTESIAN_POINT('Ctrl Pts',(180.276515573436,41.7092824087579,111.998694328167));
#3051=CARTESIAN_POINT('Ctrl Pts',(172.376518864214,41.3744029894886,112.651855663985));
#3052=CARTESIAN_POINT('Ctrl Pts',(163.824176617412,41.4721109415319,112.472974713532));
#3053=CARTESIAN_POINT('Ctrl Pts',(157.366250758198,41.8911058389144,111.608971338157));
#3054=CARTESIAN_POINT('Ctrl Pts',(153.991891798581,42.1250257913138,111.047402127612));
#3055=CARTESIAN_POINT('Ctrl Pts',(187.747293878881,42.6073943040765,112.359317618081));
#3056=CARTESIAN_POINT('Ctrl Pts',(185.191507512535,42.3901895695359,112.853070447707));
#3057=CARTESIAN_POINT('Ctrl Pts',(180.253821787058,41.9730713356508,113.700147959475));
#3058=CARTESIAN_POINT('Ctrl Pts',(172.373100451782,41.5711159660809,114.413088275699));
#3059=CARTESIAN_POINT('Ctrl Pts',(163.835138816598,41.6881334543699,114.218453610569));
#3060=CARTESIAN_POINT('Ctrl Pts',(157.39848296766,42.1921174343402,113.272860502134));
#3061=CARTESIAN_POINT('Ctrl Pts',(154.03565306283,42.4752528699023,112.653868332841));
#3062=CARTESIAN_POINT('Ctrl Pts',(155.0457022014,42.3907972096106,112.836302115286));
#3063=CARTESIAN_POINT('Ctrl Pts',(154.891381077737,42.236476085948,112.012131382041));
#3064=CARTESIAN_POINT('Ctrl Pts',(154.746905968553,42.0191414503116,111.199378372182));
#3065=CARTESIAN_POINT('Ctrl Pts',(154.45975760361,41.4373539788908,109.543760970957));
#3066=CARTESIAN_POINT('Ctrl Pts',(154.31884811236,41.0630261375887,108.70746220015));
#3067=CARTESIAN_POINT('Ctrl Pts',(153.928726613724,39.7842697633139,106.389079260301));
#3068=CARTESIAN_POINT('Ctrl Pts',(153.69637074139,38.7128482503283,105.010670503482));
#3069=CARTESIAN_POINT('Ctrl Pts',(153.229670031543,35.9593114661291,102.429682004636));
#3070=CARTESIAN_POINT('Ctrl Pts',(153.004512565075,34.2267960435903,101.319897896349));
#3071=CARTESIAN_POINT('Ctrl Pts',(152.639822848733,30.3048122617707,99.7226484090807));
#3072=CARTESIAN_POINT('Ctrl Pts',(152.511458359851,28.1311550764099,99.301864602531));
#3073=CARTESIAN_POINT('Ctrl Pts',(152.511458359851,25.9332306589669,99.301864602531));
#3074=CARTESIAN_POINT('Ctrl Pts',(187.168394301493,34.4572515450396,101.594589046201));
#3075=CARTESIAN_POINT('Ctrl Pts',(187.04060986434,35.520105024476,102.215184184906));
#3076=CARTESIAN_POINT('Ctrl Pts',(186.898942467413,36.5120453834756,102.952225633705));
#3077=CARTESIAN_POINT('Ctrl Pts',(186.515069481142,38.7859726887187,105.072639292314));
#3078=CARTESIAN_POINT('Ctrl Pts',(186.263373166397,39.9291283623321,106.573805434217));
#3079=CARTESIAN_POINT('Ctrl Pts',(185.739717796901,41.5543436047515,109.682485930236));
#3080=CARTESIAN_POINT('Ctrl Pts',(185.476979452222,42.0910322756989,111.235371020958));
#3081=CARTESIAN_POINT('Ctrl Pts',(185.17721451831,42.3907972096106,112.836302115286));
#3082=CARTESIAN_POINT('Origin',(170.111458359855,57.4565533680625,146.396232761901));
#3083=CARTESIAN_POINT('',(162.449304562265,57.4565533680625,146.535151304035));
#3084=CARTESIAN_POINT('Origin',(170.111458359855,57.4565533680625,146.535151304035));
#3085=CARTESIAN_POINT('',(162.461458359855,57.4565533680625,146.396232761901));
#3086=CARTESIAN_POINT('Origin',(161.661458359855,57.4565533680625,146.396232761901));
#3087=CARTESIAN_POINT('Origin',(170.111458359855,57.4565533680625,146.396232761901));
#3088=CARTESIAN_POINT('Origin',(170.111458359855,57.4565533680625,147.884044147627));
#3089=CARTESIAN_POINT('',(161.961458359855,57.4565533680625,149.301864602531));
#3090=CARTESIAN_POINT('Origin',(170.111458359855,57.4565533680625,149.301864602531));
#3091=CARTESIAN_POINT('',(162.211458359855,57.4565533680625,147.884044147627));
#3092=CARTESIAN_POINT('Origin',(170.111458359855,57.4565533680625,149.301864602531));
#3093=CARTESIAN_POINT('',(162.461458359855,57.4565533680625,99.3018646025311));
#3094=CARTESIAN_POINT('',(162.461458359855,57.4565533680625,149.301864602531));
#3095=CARTESIAN_POINT('Origin',(170.111458359855,57.4565533680625,99.3018646025311));
#3096=CARTESIAN_POINT('Origin',(170.111458359855,57.4565533680625,149.301864602531));
#3097=CARTESIAN_POINT('Origin',(170.111458359855,57.4565533680625,149.301864602531));
#3098=CARTESIAN_POINT('Origin',(170.111458359855,57.4565533680625,149.301864602531));
#3099=CARTESIAN_POINT('Origin',(170.111458359852,17.1565533680965,94.901864602531));
#3100=CARTESIAN_POINT('',(168.311458359852,17.1565533680965,94.901864602531));
#3101=CARTESIAN_POINT('Origin',(167.911458359852,17.1565533680965,94.901864602531));
#3102=CARTESIAN_POINT('Origin',(170.111458359852,17.1565533680965,94.901864602531));
#3103=CARTESIAN_POINT('Origin',(170.111458359852,17.1565533680965,99.301864602531));
#3104=CARTESIAN_POINT('',(168.311458359852,17.1565533680965,91.301864602531));
#3105=CARTESIAN_POINT('Origin',(170.111458359852,17.1565533680965,91.301864602531));
#3106=CARTESIAN_POINT('',(168.311458359852,17.1565533680965,99.301864602531));
#3107=CARTESIAN_POINT('Origin',(164.525314788479,19.4704097967239,94.901864602531));
#3108=CARTESIAN_POINT('',(162.725314788479,19.4704097967239,94.901864602531));
#3109=CARTESIAN_POINT('Origin',(162.325314788479,19.4704097967239,94.901864602531));
#3110=CARTESIAN_POINT('Origin',(164.525314788479,19.4704097967239,94.901864602531));
#3111=CARTESIAN_POINT('Origin',(164.525314788479,19.4704097967239,99.301864602531));
#3112=CARTESIAN_POINT('',(162.725314788479,19.4704097967239,91.301864602531));
#3113=CARTESIAN_POINT('Origin',(164.525314788479,19.4704097967239,91.301864602531));
#3114=CARTESIAN_POINT('',(162.725314788479,19.4704097967239,99.301864602531));
#3115=CARTESIAN_POINT('Origin',(162.211458359854,25.0565533680981,94.901864602531));
#3116=CARTESIAN_POINT('',(160.411458359854,25.0565533680981,94.901864602531));
#3117=CARTESIAN_POINT('Origin',(160.011458359854,25.0565533680981,94.901864602531));
#3118=CARTESIAN_POINT('Origin',(162.211458359854,25.0565533680981,94.901864602531));
#3119=CARTESIAN_POINT('Origin',(162.211458359854,25.0565533680981,99.301864602531));
#3120=CARTESIAN_POINT('',(160.411458359854,25.0565533680981,91.301864602531));
#3121=CARTESIAN_POINT('Origin',(162.211458359854,25.0565533680981,91.301864602531));
#3122=CARTESIAN_POINT('',(160.411458359854,25.0565533680981,99.301864602531));
#3123=CARTESIAN_POINT('Origin',(164.525314788481,30.6426969394714,94.901864602531));
#3124=CARTESIAN_POINT('',(162.725314788481,30.6426969394714,94.901864602531));
#3125=CARTESIAN_POINT('Origin',(162.325314788481,30.6426969394714,94.901864602531));
#3126=CARTESIAN_POINT('Origin',(164.525314788481,30.6426969394714,94.901864602531));
#3127=CARTESIAN_POINT('Origin',(164.525314788481,30.6426969394714,99.301864602531));
#3128=CARTESIAN_POINT('',(162.725314788481,30.6426969394714,91.301864602531));
#3129=CARTESIAN_POINT('Origin',(164.525314788481,30.6426969394714,91.301864602531));
#3130=CARTESIAN_POINT('',(162.725314788481,30.6426969394714,99.301864602531));
#3131=CARTESIAN_POINT('Origin',(170.111458359855,32.9565533680965,94.901864602531));
#3132=CARTESIAN_POINT('',(168.311458359855,32.9565533680965,94.901864602531));
#3133=CARTESIAN_POINT('Origin',(167.911458359855,32.9565533680965,94.901864602531));
#3134=CARTESIAN_POINT('Origin',(170.111458359855,32.9565533680965,94.901864602531));
#3135=CARTESIAN_POINT('Origin',(170.111458359855,32.9565533680965,99.301864602531));
#3136=CARTESIAN_POINT('',(168.311458359855,32.9565533680965,91.301864602531));
#3137=CARTESIAN_POINT('Origin',(170.111458359855,32.9565533680965,91.301864602531));
#3138=CARTESIAN_POINT('',(168.311458359855,32.9565533680965,99.301864602531));
#3139=CARTESIAN_POINT('Origin',(175.697601931229,30.6426969394691,94.901864602531));
#3140=CARTESIAN_POINT('',(173.897601931229,30.6426969394691,94.901864602531));
#3141=CARTESIAN_POINT('Origin',(173.497601931229,30.6426969394691,94.901864602531));
#3142=CARTESIAN_POINT('Origin',(175.697601931229,30.6426969394691,94.901864602531));
#3143=CARTESIAN_POINT('Origin',(175.697601931229,30.6426969394691,99.301864602531));
#3144=CARTESIAN_POINT('',(173.897601931229,30.6426969394691,91.301864602531));
#3145=CARTESIAN_POINT('Origin',(175.697601931229,30.6426969394691,91.301864602531));
#3146=CARTESIAN_POINT('',(173.897601931229,30.6426969394691,99.301864602531));
#3147=CARTESIAN_POINT('Origin',(175.697601931227,19.4704097967217,94.901864602531));
#3148=CARTESIAN_POINT('',(173.897601931227,19.4704097967217,94.901864602531));
#3149=CARTESIAN_POINT('Origin',(173.497601931227,19.4704097967217,94.901864602531));
#3150=CARTESIAN_POINT('Origin',(175.697601931227,19.4704097967217,94.901864602531));
#3151=CARTESIAN_POINT('Origin',(175.697601931227,19.4704097967217,99.301864602531));
#3152=CARTESIAN_POINT('',(173.897601931227,19.4704097967217,91.301864602531));
#3153=CARTESIAN_POINT('Origin',(175.697601931227,19.4704097967217,91.301864602531));
#3154=CARTESIAN_POINT('',(173.897601931227,19.4704097967217,99.301864602531));
#3155=CARTESIAN_POINT('Origin',(170.111458359854,25.0565533680965,94.901864602531));
#3156=CARTESIAN_POINT('',(166.211458359854,25.0565533680965,94.901864602531));
#3157=CARTESIAN_POINT('Origin',(165.811458359854,25.0565533680965,94.901864602531));
#3158=CARTESIAN_POINT('Origin',(170.111458359854,25.0565533680965,94.901864602531));
#3159=CARTESIAN_POINT('Origin',(170.111458359854,25.0565533680965,99.301864602531));
#3160=CARTESIAN_POINT('',(166.211458359854,25.0565533680965,91.301864602531));
#3161=CARTESIAN_POINT('Origin',(170.111458359854,25.0565533680965,91.301864602531));
#3162=CARTESIAN_POINT('',(166.211458359854,25.0565533680965,99.301864602531));
#3163=CARTESIAN_POINT('Origin',(178.011458359854,25.0565533680949,94.901864602531));
#3164=CARTESIAN_POINT('',(176.211458359854,25.0565533680949,94.901864602531));
#3165=CARTESIAN_POINT('Origin',(175.811458359854,25.0565533680949,94.901864602531));
#3166=CARTESIAN_POINT('Origin',(178.011458359854,25.0565533680949,94.901864602531));
#3167=CARTESIAN_POINT('Origin',(178.011458359854,25.0565533680949,99.301864602531));
#3168=CARTESIAN_POINT('',(176.211458359854,25.0565533680949,91.301864602531));
#3169=CARTESIAN_POINT('Origin',(178.011458359854,25.0565533680949,91.301864602531));
#3170=CARTESIAN_POINT('',(176.211458359854,25.0565533680949,99.301864602531));
#3171=CARTESIAN_POINT('Origin',(158.511458359852,47.0565533680625,92.3018646025311));
#3172=CARTESIAN_POINT('',(156.511458359852,47.0565533680625,92.3018646025311));
#3173=CARTESIAN_POINT('',(158.511458359852,45.0565533680625,92.3018646025311));
#3174=CARTESIAN_POINT('Origin',(158.511458359852,47.0565533680625,92.3018646025311));
#3175=CARTESIAN_POINT('',(158.511458359852,47.0565533680625,94.301864602531));
#3176=CARTESIAN_POINT('Origin',(158.511458359852,47.0565533680625,92.3018646025311));
#3177=CARTESIAN_POINT('Origin',(158.511458359852,47.0565533680625,92.3018646025311));
#3178=CARTESIAN_POINT('Origin',(158.511458359852,75.0565533680625,92.3018646025311));
#3179=CARTESIAN_POINT('',(158.511458359852,75.0565533680625,94.301864602531));
#3180=CARTESIAN_POINT('',(156.511458359852,73.1210694970967,92.3018646025311));
#3181=CARTESIAN_POINT('Origin',(158.511458359852,73.1210694970967,92.3018646025311));
#3182=CARTESIAN_POINT('',(158.511458359852,75.0565533680625,94.301864602531));
#3183=CARTESIAN_POINT('',(156.511458359852,75.0565533680625,92.3018646025311));
#3184=CARTESIAN_POINT('Origin',(181.711458359859,47.0565533680625,92.3018646025311));
#3185=CARTESIAN_POINT('',(181.711458359859,47.0565533680625,94.301864602531));
#3186=CARTESIAN_POINT('',(181.711458359859,45.0565533680625,92.3018646025311));
#3187=CARTESIAN_POINT('Origin',(181.711458359859,47.0565533680625,92.3018646025311));
#3188=CARTESIAN_POINT('',(183.711458359859,47.0565533680625,92.3018646025311));
#3189=CARTESIAN_POINT('Origin',(181.711458359859,47.0565533680625,92.3018646025311));
#3190=CARTESIAN_POINT('Origin',(181.711458359859,47.0565533680625,92.3018646025311));
#3191=CARTESIAN_POINT('Origin',(181.711458359859,75.0565533680625,92.3018646025311));
#3192=CARTESIAN_POINT('',(181.711458359859,75.0565533680625,94.301864602531));
#3193=CARTESIAN_POINT('',(183.711458359859,73.1210694970968,92.3018646025311));
#3194=CARTESIAN_POINT('Origin',(181.711458359859,73.1210694970967,92.3018646025311));
#3195=CARTESIAN_POINT('',(183.711458359859,75.0565533680625,92.3018646025311));
#3196=CARTESIAN_POINT('',(181.711458359859,75.0565533680625,94.301864602531));
#3197=CARTESIAN_POINT('Origin',(181.711458359859,47.0565533680625,72.5984711267944));
#3198=CARTESIAN_POINT('',(183.711458359859,47.0565533680625,65.3685312691683));
#3199=CARTESIAN_POINT('',(181.711458359859,45.0565533680625,65.3685312691683));
#3200=CARTESIAN_POINT('Origin',(181.711458359859,47.0565533680625,65.3685312691683));
#3201=CARTESIAN_POINT('',(181.711458359859,45.0565533680625,72.5984711267944));
#3202=CARTESIAN_POINT('',(183.711458359859,47.0565533680625,72.5984711267944));
#3203=CARTESIAN_POINT('Origin',(176.911458359857,47.0565533680625,92.3018646025311));
#3204=CARTESIAN_POINT('',(176.911458359857,47.0565533680625,94.301864602531));
#3205=CARTESIAN_POINT('',(176.911458359857,45.0565533680625,92.3018646025311));
#3206=CARTESIAN_POINT('Origin',(158.511458359852,47.0565533680625,87.0674001106188));
#3207=CARTESIAN_POINT('',(158.511458359852,45.0565533680625,65.3685312691683));
#3208=CARTESIAN_POINT('',(156.511458359852,47.0565533680625,65.3685312691683));
#3209=CARTESIAN_POINT('Origin',(158.511458359852,47.0565533680625,65.3685312691683));
#3210=CARTESIAN_POINT('',(156.511458359852,47.0565533680625,87.0674001106188));
#3211=CARTESIAN_POINT('',(158.511458359852,45.0565533680625,87.0674001106188));
#3212=CARTESIAN_POINT('Ctrl Pts',(183.711458359859,47.0521746897211,65.3640066348821));
#3213=CARTESIAN_POINT('Ctrl Pts',(183.711458359859,47.0522268233114,65.3640605062588));
#3214=CARTESIAN_POINT('Ctrl Pts',(183.711458359859,47.0523310900353,65.3641682485402));
#3215=CARTESIAN_POINT('Ctrl Pts',(183.711458359859,47.0526438874624,65.3644914725482));
#3216=CARTESIAN_POINT('Ctrl Pts',(183.711458359859,47.0533216003379,65.3651917758529));
#3217=CARTESIAN_POINT('Ctrl Pts',(183.711458359859,47.0543641803155,65.3662691084964));
#3218=CARTESIAN_POINT('Ctrl Pts',(183.711458359859,47.0553024354088,65.3672386387595));
#3219=CARTESIAN_POINT('Ctrl Pts',(183.711458359859,47.0559279106733,65.3678849631994));
#3220=CARTESIAN_POINT('Ctrl Pts',(183.711458359859,47.0562406426662,65.3682081195921));
#3221=CARTESIAN_POINT('Ctrl Pts',(183.711458359859,47.0564491268932,65.3684235532934));
#3222=CARTESIAN_POINT('Ctrl Pts',(183.711458359859,47.0565533680625,65.3685312691683));
#3223=CARTESIAN_POINT('Ctrl Pts',(183.710150091283,46.4546115558001,65.3640038630206));
#3224=CARTESIAN_POINT('Ctrl Pts',(183.710166129309,46.4546536726181,65.3640576383381));
#3225=CARTESIAN_POINT('Ctrl Pts',(183.710197631975,46.4547379689754,65.3641653796489));
#3226=CARTESIAN_POINT('Ctrl Pts',(183.710292429701,46.4549908330755,65.3644884916491));
#3227=CARTESIAN_POINT('Ctrl Pts',(183.710494701831,46.4555390748377,65.3651895413111));
#3228=CARTESIAN_POINT('Ctrl Pts',(183.710803991275,46.4563828516816,65.3662684303841));
#3229=CARTESIAN_POINT('Ctrl Pts',(183.711080709195,46.4571425755848,65.3672396367156));
#3230=CARTESIAN_POINT('Ctrl Pts',(183.711268916377,46.4576487185357,65.3678857070724));
#3231=CARTESIAN_POINT('Ctrl Pts',(183.711364654291,46.4579016264701,65.3682081629071));
#3232=CARTESIAN_POINT('Ctrl Pts',(183.711426200964,46.4580704850898,65.3684238813429));
#3233=CARTESIAN_POINT('Ctrl Pts',(183.711458359859,46.4581547673788,65.3685312691683));
#3234=CARTESIAN_POINT('Ctrl Pts',(183.207161937675,45.4211658650256,65.3629381693645));
#3235=CARTESIAN_POINT('Ctrl Pts',(183.207186606353,45.4211785388259,65.3630048550555));
#3236=CARTESIAN_POINT('Ctrl Pts',(183.20723609222,45.4212038530829,65.363138174005));
#3237=CARTESIAN_POINT('Ctrl Pts',(183.207384508524,45.4212798162554,65.3635381284265));
#3238=CARTESIAN_POINT('Ctrl Pts',(183.207707026349,45.4214442362986,65.3644042904437));
#3239=CARTESIAN_POINT('Ctrl Pts',(183.208204304167,45.4216971435313,65.3657361542633));
#3240=CARTESIAN_POINT('Ctrl Pts',(183.208653010289,45.421924741558,65.3669340517042));
#3241=CARTESIAN_POINT('Ctrl Pts',(183.208951525976,45.4220767266898,65.3677326937355));
#3242=CARTESIAN_POINT('Ctrl Pts',(183.209100437341,45.4221528223988,65.3681320978387));
#3243=CARTESIAN_POINT('Ctrl Pts',(183.209200322476,45.4222034225594,65.3683981407238));
#3244=CARTESIAN_POINT('Ctrl Pts',(183.209249929048,45.4222288056236,65.3685312691683));
#3245=CARTESIAN_POINT('Ctrl Pts',(182.159640060655,45.0565533680625,65.3607187584083));
#3246=CARTESIAN_POINT('Ctrl Pts',(182.159647231861,45.0565532367783,65.3608118195841));
#3247=CARTESIAN_POINT('Ctrl Pts',(182.159661675632,45.0565531305146,65.3609979067688));
#3248=CARTESIAN_POINT('Ctrl Pts',(182.159705002644,45.0565527351983,65.3615561730039));
#3249=CARTESIAN_POINT('Ctrl Pts',(182.159799624983,45.0565527401958,65.3627655038353));
#3250=CARTESIAN_POINT('Ctrl Pts',(182.159946374705,45.0565533093461,65.3646256609119));
#3251=CARTESIAN_POINT('Ctrl Pts',(182.160079756877,45.0565543223476,65.3662994154686));
#3252=CARTESIAN_POINT('Ctrl Pts',(182.160168498289,45.0565540061977,65.36741534531));
#3253=CARTESIAN_POINT('Ctrl Pts',(182.160212687071,45.0565534081728,65.3679733802816));
#3254=CARTESIAN_POINT('Ctrl Pts',(182.160242578006,45.0565536321283,65.3683452555161));
#3255=CARTESIAN_POINT('Ctrl Pts',(182.160257310371,45.0565533680625,65.3685312691683));
#3256=CARTESIAN_POINT('Ctrl Pts',(181.711467642041,45.0565533680625,65.3597692042291));
#3257=CARTESIAN_POINT('Ctrl Pts',(181.711467421008,45.0565533680625,65.3598735274675));
#3258=CARTESIAN_POINT('Ctrl Pts',(181.711466986841,45.0565533680625,65.36008217303));
#3259=CARTESIAN_POINT('Ctrl Pts',(181.711465731719,45.0565533680625,65.3607081042255));
#3260=CARTESIAN_POINT('Ctrl Pts',(181.711463268927,45.0565533680625,65.3620642587));
#3261=CARTESIAN_POINT('Ctrl Pts',(181.711460427502,45.0565533680625,65.364150539709));
#3262=CARTESIAN_POINT('Ctrl Pts',(181.711459006958,45.0565533680625,65.3660280587721));
#3263=CARTESIAN_POINT('Ctrl Pts',(181.711458533466,45.0565533680625,65.367279681855));
#3264=CARTESIAN_POINT('Ctrl Pts',(181.711458391423,45.0565533680625,65.3679054821118));
#3265=CARTESIAN_POINT('Ctrl Pts',(181.711458359859,45.0565533680625,65.3683226747425));
#3266=CARTESIAN_POINT('Ctrl Pts',(181.711458359859,45.0565533680625,65.3685312691683));
#3267=CARTESIAN_POINT('',(181.711460835019,45.0565533680625,65.3640066348821));
#3268=CARTESIAN_POINT('',(183.711458359859,47.0521746897211,65.3640066348821));
#3269=CARTESIAN_POINT('Ctrl Pts',(181.711460835019,45.0565533680625,65.3640066348821));
#3270=CARTESIAN_POINT('Ctrl Pts',(181.785272920236,45.0565533672787,65.3640066347553));
#3271=CARTESIAN_POINT('Ctrl Pts',(181.858908023753,45.0607876111823,65.3640065798317));
#3272=CARTESIAN_POINT('Ctrl Pts',(181.932032587883,45.0690662656548,65.3640065759392));
#3273=CARTESIAN_POINT('Ctrl Pts',(182.006256365146,45.0774693653918,65.3640065719881));
#3274=CARTESIAN_POINT('Ctrl Pts',(182.079955087721,45.0900395847672,65.3640066234257));
#3275=CARTESIAN_POINT('Ctrl Pts',(182.152780909227,45.1066326270127,65.364006761754));
#3276=CARTESIAN_POINT('Ctrl Pts',(182.225542450966,45.1232110233966,65.3640068999602));
#3277=CARTESIAN_POINT('Ctrl Pts',(182.297433599096,45.1438054673254,65.3640071280865));
#3278=CARTESIAN_POINT('Ctrl Pts',(182.368093958222,45.1683215902081,65.3640073543822));
#3279=CARTESIAN_POINT('Ctrl Pts',(182.402829838464,45.1803734551999,65.3640074656268));
#3280=CARTESIAN_POINT('Ctrl Pts',(182.43726798989,45.1933737600832,65.3640075742552));
#3281=CARTESIAN_POINT('Ctrl Pts',(182.471363308208,45.2073153366856,65.3640076545658));
#3282=CARTESIAN_POINT('Ctrl Pts',(182.540930569651,45.2357613918112,65.3640078184295));
#3283=CARTESIAN_POINT('Ctrl Pts',(182.608693312547,45.267968329915,65.3640076688556));
#3284=CARTESIAN_POINT('Ctrl Pts',(182.674308080741,45.3037868716349,65.3640075497447));
#3285=CARTESIAN_POINT('Ctrl Pts',(182.739328418967,45.3392809191108,65.3640074317129));
#3286=CARTESIAN_POINT('Ctrl Pts',(182.802240442094,45.3783218300062,65.3640073442044));
#3287=CARTESIAN_POINT('Ctrl Pts',(182.862691082834,45.4208111246763,65.3640072391127));
#3288=CARTESIAN_POINT('Ctrl Pts',(182.895150411793,45.4436260026672,65.3640071826831));
#3289=CARTESIAN_POINT('Ctrl Pts',(182.92689966563,45.4674358906286,65.3640071145631));
#3290=CARTESIAN_POINT('Ctrl Pts',(182.957880507429,45.4922305958877,65.3640069801566));
#3291=CARTESIAN_POINT('Ctrl Pts',(183.012889528201,45.5362556248212,65.364006741507));
#3292=CARTESIAN_POINT('Ctrl Pts',(183.065477884963,45.5833842210458,65.3640063061729));
#3293=CARTESIAN_POINT('Ctrl Pts',(183.115510448636,45.6333631188179,65.3640054887923));
#3294=CARTESIAN_POINT('Ctrl Pts',(183.119761355675,45.6376094662515,65.3640054193454));
#3295=CARTESIAN_POINT('Ctrl Pts',(183.123991942061,45.6418745541594,65.364005347027));
#3296=CARTESIAN_POINT('Ctrl Pts',(183.128202164151,45.6461581836029,65.3640052722655));
#3297=CARTESIAN_POINT('Ctrl Pts',(183.180129563045,45.6989909629843,65.3640043501831));
#3298=CARTESIAN_POINT('Ctrl Pts',(183.228961852521,45.7546406181559,65.364003094072));
#3299=CARTESIAN_POINT('Ctrl Pts',(183.274600042381,45.8127585588767,65.3640020561059));
#3300=CARTESIAN_POINT('Ctrl Pts',(183.320845457527,45.8716497704769,65.3640010043296));
#3301=CARTESIAN_POINT('Ctrl Pts',(183.363811732832,45.9330761713323,65.3640001707874));
#3302=CARTESIAN_POINT('Ctrl Pts',(183.403357982532,45.9967132672609,65.3639997138297));
#3303=CARTESIAN_POINT('Ctrl Pts',(183.442840030334,46.0602470506788,65.3639992576138));
#3304=CARTESIAN_POINT('Ctrl Pts',(183.478913601954,46.125985230444,65.3639991692952));
#3305=CARTESIAN_POINT('Ctrl Pts',(183.511393781335,46.1936300933347,65.3639992947404));
#3306=CARTESIAN_POINT('Ctrl Pts',(183.522579756486,46.2169265704401,65.3639993379429));
#3307=CARTESIAN_POINT('Ctrl Pts',(183.533339108074,46.2404493535704,65.3639994043035));
#3308=CARTESIAN_POINT('Ctrl Pts',(183.543662898495,46.2641866870925,65.3639994815642));
#3309=CARTESIAN_POINT('Ctrl Pts',(183.545098883173,46.2674884247143,65.3639994923107));
#3310=CARTESIAN_POINT('Ctrl Pts',(183.546526439714,46.2707943135277,65.3639995032645));
#3311=CARTESIAN_POINT('Ctrl Pts',(183.54794554291,46.2741043220877,65.3639995143876));
#3312=CARTESIAN_POINT('Ctrl Pts',(183.577599959199,46.3432722106513,65.3639997468212));
#3313=CARTESIAN_POINT('Ctrl Pts',(183.603444360708,46.413951196855,65.3640003333325));
#3314=CARTESIAN_POINT('Ctrl Pts',(183.625317950265,46.4858266556771,65.364001081423));
#3315=CARTESIAN_POINT('Ctrl Pts',(183.626826576378,46.4907839213218,65.364001133019));
#3316=CARTESIAN_POINT('Ctrl Pts',(183.628316294746,46.4957468863281,65.3640011854088));
#3317=CARTESIAN_POINT('Ctrl Pts',(183.629787044006,46.5007154506841,65.3640012385442));
#3318=CARTESIAN_POINT('Ctrl Pts',(183.644844343176,46.5515828296136,65.3640017825362));
#3319=CARTESIAN_POINT('Ctrl Pts',(183.657914520324,46.6030368937583,65.3640024019368));
#3320=CARTESIAN_POINT('Ctrl Pts',(183.668924509289,46.65497184086,65.3640030718557));
#3321=CARTESIAN_POINT('Ctrl Pts',(183.684276073025,46.7273863231102,65.364004005944));
#3322=CARTESIAN_POINT('Ctrl Pts',(183.695581531121,46.8005339336785,65.3640050862582));
#3323=CARTESIAN_POINT('Ctrl Pts',(183.702667385903,46.8741225485301,65.3640057753708));
#3324=CARTESIAN_POINT('Ctrl Pts',(183.708359600271,46.9332378117768,65.3640063289493));
#3325=CARTESIAN_POINT('Ctrl Pts',(183.711328013597,46.9926381601858,65.3640066348821));
#3326=CARTESIAN_POINT('Ctrl Pts',(183.711458359859,47.0521746897211,65.3640066348821));
#3327=CARTESIAN_POINT('Ctrl Pts',(181.711460835019,45.0565533680625,65.3640066348821));
#3328=CARTESIAN_POINT('Ctrl Pts',(181.711460782549,45.0565533680625,65.3640545933415));
#3329=CARTESIAN_POINT('Ctrl Pts',(181.711459832433,45.0565533680625,65.3649370360723));
#3330=CARTESIAN_POINT('Ctrl Pts',(181.711459006958,45.0565533680625,65.3660280587721));
#3331=CARTESIAN_POINT('Ctrl Pts',(181.711458533466,45.0565533680625,65.367279681855));
#3332=CARTESIAN_POINT('Ctrl Pts',(181.711458391423,45.0565533680625,65.3679054821118));
#3333=CARTESIAN_POINT('Ctrl Pts',(181.711458359859,45.0565533680625,65.3683226747425));
#3334=CARTESIAN_POINT('Ctrl Pts',(181.711458359859,45.0565533680625,65.3685312691683));
#3335=CARTESIAN_POINT('',(183.711458359859,52.8259762832007,71.3302682814838));
#3336=CARTESIAN_POINT('Ctrl Pts',(156.511458359852,47.0565533680625,65.3685312691683));
#3337=CARTESIAN_POINT('Ctrl Pts',(156.511458359852,47.0565012474779,65.3684774112308));
#3338=CARTESIAN_POINT('Ctrl Pts',(156.511458359852,47.0563970058365,65.3683696948681));
#3339=CARTESIAN_POINT('Ctrl Pts',(156.511458359852,47.0560842780828,65.368046542856));
#3340=CARTESIAN_POINT('Ctrl Pts',(156.511458359852,47.0554066859747,65.3673463643443));
#3341=CARTESIAN_POINT('Ctrl Pts',(156.511458359852,47.0544684308815,65.3663768340812));
#3342=CARTESIAN_POINT('Ctrl Pts',(156.511458359852,47.0535301172625,65.3654072433416));
#3343=CARTESIAN_POINT('Ctrl Pts',(156.511458359852,47.0529045471766,65.3647608209195));
#3344=CARTESIAN_POINT('Ctrl Pts',(156.511458359852,47.0524874894358,65.364329861254));
#3345=CARTESIAN_POINT('Ctrl Pts',(156.511458359852,47.0522789569018,65.3641143776356));
#3346=CARTESIAN_POINT('Ctrl Pts',(156.511458359852,47.0521746897211,65.3640066348821));
#3347=CARTESIAN_POINT('Ctrl Pts',(156.511458359852,46.4581547673787,65.3685312691683));
#3348=CARTESIAN_POINT('Ctrl Pts',(156.511474439299,46.4581126262343,65.3684775752556));
#3349=CARTESIAN_POINT('Ctrl Pts',(156.511506037119,46.4580282846043,65.3683699960816));
#3350=CARTESIAN_POINT('Ctrl Pts',(156.511600865135,46.4577752695692,65.3680472556596));
#3351=CARTESIAN_POINT('Ctrl Pts',(156.511804277585,46.4572268832194,65.3673472163573));
#3352=CARTESIAN_POINT('Ctrl Pts',(156.51207975315,46.4564670256569,65.3663755916994));
#3353=CARTESIAN_POINT('Ctrl Pts',(156.512360303164,46.4557078435539,65.3654053721534));
#3354=CARTESIAN_POINT('Ctrl Pts',(156.512546317095,46.4552016742977,65.3647580716854));
#3355=CARTESIAN_POINT('Ctrl Pts',(156.512672911655,46.45486453103,65.3643273509803));
#3356=CARTESIAN_POINT('Ctrl Pts',(156.512734552375,46.4546957894361,65.3641114136556));
#3357=CARTESIAN_POINT('Ctrl Pts',(156.512766628427,46.4546115558002,65.3640038630206));
#3358=CARTESIAN_POINT('Ctrl Pts',(157.013656964233,45.422220620215,65.3685312691683));
#3359=CARTESIAN_POINT('Ctrl Pts',(157.013681767519,45.4222079286828,65.3684647049461));
#3360=CARTESIAN_POINT('Ctrl Pts',(157.013731510021,45.4221825797546,65.3683316192645));
#3361=CARTESIAN_POINT('Ctrl Pts',(157.013880697823,45.4221065341671,65.367932332437));
#3362=CARTESIAN_POINT('Ctrl Pts',(157.014204285133,45.4219419090497,65.3670672379188));
#3363=CARTESIAN_POINT('Ctrl Pts',(157.014653322656,45.4217143949311,65.3658694514174));
#3364=CARTESIAN_POINT('Ctrl Pts',(157.015100431446,45.4214866456376,65.3646706753372));
#3365=CARTESIAN_POINT('Ctrl Pts',(157.015398449283,45.4213349065,65.3638713098027));
#3366=CARTESIAN_POINT('Ctrl Pts',(157.0155963532,45.4212336053734,65.3633380749563));
#3367=CARTESIAN_POINT('Ctrl Pts',(157.01569568024,45.4211830583491,65.3630715614347));
#3368=CARTESIAN_POINT('Ctrl Pts',(157.015745017597,45.4211577107485,65.3629381900527));
#3369=CARTESIAN_POINT('Ctrl Pts',(158.062659409339,45.0565533680625,65.3685312691683));
#3370=CARTESIAN_POINT('Ctrl Pts',(158.062666775522,45.0565535000954,65.3684382623422));
#3371=CARTESIAN_POINT('Ctrl Pts',(158.062681592813,45.0565536119554,65.3682522790916));
#3372=CARTESIAN_POINT('Ctrl Pts',(158.062725995808,45.0565539591754,65.367694315095));
#3373=CARTESIAN_POINT('Ctrl Pts',(158.062822304569,45.0565541666341,65.3664854452409));
#3374=CARTESIAN_POINT('Ctrl Pts',(158.062955890731,45.0565528157843,65.3648117625232));
#3375=CARTESIAN_POINT('Ctrl Pts',(158.063087735687,45.0565528922095,65.3631375310249));
#3376=CARTESIAN_POINT('Ctrl Pts',(158.063175367171,45.0565526885205,65.3620213144468));
#3377=CARTESIAN_POINT('Ctrl Pts',(158.063233190614,45.0565532648166,65.3612769721989));
#3378=CARTESIAN_POINT('Ctrl Pts',(158.063262316644,45.056553105494,65.3609048807598));
#3379=CARTESIAN_POINT('Ctrl Pts',(158.063276659055,45.0565533680625,65.3607187584084));
#3380=CARTESIAN_POINT('Ctrl Pts',(158.511458359852,45.0565533680625,65.3685312691683));
#3381=CARTESIAN_POINT('Ctrl Pts',(158.511458359852,45.0565533680625,65.3684269719554));
#3382=CARTESIAN_POINT('Ctrl Pts',(158.511458351961,45.0565533680625,65.3682183765848));
#3383=CARTESIAN_POINT('Ctrl Pts',(158.51145828094,45.0565533680625,65.3675925848111));
#3384=CARTESIAN_POINT('Ctrl Pts',(158.511457870591,45.0565533680625,65.3662366720013));
#3385=CARTESIAN_POINT('Ctrl Pts',(158.511456450046,45.0565533680625,65.3643591529383));
#3386=CARTESIAN_POINT('Ctrl Pts',(158.511454034856,45.0565533680625,65.3624815167609));
#3387=CARTESIAN_POINT('Ctrl Pts',(158.511451951012,45.0565533680625,65.3612297039332));
#3388=CARTESIAN_POINT('Ctrl Pts',(158.511450372275,45.0565533680625,65.3603951400024));
#3389=CARTESIAN_POINT('Ctrl Pts',(158.511449519734,45.0565533680625,65.3599778507058));
#3390=CARTESIAN_POINT('Ctrl Pts',(158.51144907767,45.0565533680625,65.3597692042292));
#3391=CARTESIAN_POINT('',(156.511458359852,47.0521746897211,65.3640066348821));
#3392=CARTESIAN_POINT('',(158.511455884691,45.0565533680625,65.3640066348821));
#3393=CARTESIAN_POINT('Ctrl Pts',(156.511458359852,47.0521746897211,65.3640066348821));
#3394=CARTESIAN_POINT('Ctrl Pts',(156.511618636908,46.9789670687967,65.3640066348821));
#3395=CARTESIAN_POINT('Ctrl Pts',(156.516068031632,46.9060593018129,65.3640064632375));
#3396=CARTESIAN_POINT('Ctrl Pts',(156.524567443497,46.8337253376191,65.3640059364107));
#3397=CARTESIAN_POINT('Ctrl Pts',(156.53323981905,46.7599193716648,65.3640053988631));
#3398=CARTESIAN_POINT('Ctrl Pts',(156.546128996507,46.6867099739833,65.3640045027541));
#3399=CARTESIAN_POINT('Ctrl Pts',(156.563036110837,46.6143890106491,65.3640034803122));
#3400=CARTESIAN_POINT('Ctrl Pts',(156.580142813929,46.5412142971505,65.3640024458003));
#3401=CARTESIAN_POINT('Ctrl Pts',(156.601363237238,46.46894820934,65.3640012937515));
#3402=CARTESIAN_POINT('Ctrl Pts',(156.626542319209,46.3979071506135,65.3640005147308));
#3403=CARTESIAN_POINT('Ctrl Pts',(156.638826163817,46.3632491226851,65.3640001346784));
#3404=CARTESIAN_POINT('Ctrl Pts',(156.652052925499,46.3288829568686,65.3639998459809));
#3405=CARTESIAN_POINT('Ctrl Pts',(156.666208529908,46.2948476002111,65.3639997160338));
#3406=CARTESIAN_POINT('Ctrl Pts',(156.670477501373,46.2845833993923,65.363999676845));
#3407=CARTESIAN_POINT('Ctrl Pts',(156.674827531335,46.2743575528233,65.3639996390191));
#3408=CARTESIAN_POINT('Ctrl Pts',(156.679257881703,46.2641709870423,65.3639996034131));
#3409=CARTESIAN_POINT('Ctrl Pts',(156.709301594377,46.1950924198801,65.3639993619567));
#3410=CARTESIAN_POINT('Ctrl Pts',(156.743034765274,46.1278190997852,65.3639992366641));
#3411=CARTESIAN_POINT('Ctrl Pts',(156.780257611545,46.0626468488149,65.3639994582324));
#3412=CARTESIAN_POINT('Ctrl Pts',(156.808417663509,46.0133423447842,65.3639996258546));
#3413=CARTESIAN_POINT('Ctrl Pts',(156.838576129927,45.9652404337915,65.3639999909796));
#3414=CARTESIAN_POINT('Ctrl Pts',(156.87066464807,45.9184771111629,65.3640005541932));
#3415=CARTESIAN_POINT('Ctrl Pts',(156.912374193935,45.8576928474186,65.364001286274));
#3416=CARTESIAN_POINT('Ctrl Pts',(156.957343636366,45.7991685996143,65.3640023688945));
#3417=CARTESIAN_POINT('Ctrl Pts',(157.005456985996,45.7432300042558,65.3640034685417));
#3418=CARTESIAN_POINT('Ctrl Pts',(157.033182791752,45.7109948212752,65.3640041022246));
#3419=CARTESIAN_POINT('Ctrl Pts',(157.061953301948,45.6796188823745,65.3640047346897));
#3420=CARTESIAN_POINT('Ctrl Pts',(157.091751402466,45.6491705901292,65.3640052379605));
#3421=CARTESIAN_POINT('Ctrl Pts',(157.146425516256,45.5933034923614,65.3640061613711));
#3422=CARTESIAN_POINT('Ctrl Pts',(157.204246015569,45.540874431176,65.3640066429738));
#3423=CARTESIAN_POINT('Ctrl Pts',(157.265031439277,45.4922265793618,65.3640069187794));
#3424=CARTESIAN_POINT('Ctrl Pts',(157.297660112756,45.4661131663838,65.3640070668275));
#3425=CARTESIAN_POINT('Ctrl Pts',(157.331143947092,45.4410898415744,65.3640071499855));
#3426=CARTESIAN_POINT('Ctrl Pts',(157.365415302701,45.4171691772325,65.3640072259423));
#3427=CARTESIAN_POINT('Ctrl Pts',(157.426573157554,45.374482318432,65.3640073614887));
#3428=CARTESIAN_POINT('Ctrl Pts',(157.490237581408,45.3353041903616,65.3640074976828));
#3429=CARTESIAN_POINT('Ctrl Pts',(157.556048267945,45.2997409572747,65.3640076355062));
#3430=CARTESIAN_POINT('Ctrl Pts',(157.612920952925,45.2690077031693,65.3640077546112));
#3431=CARTESIAN_POINT('Ctrl Pts',(157.671397390623,45.2409746753922,65.3640078678214));
#3432=CARTESIAN_POINT('Ctrl Pts',(157.73125629293,45.2157396449037,65.3640077321162));
#3433=CARTESIAN_POINT('Ctrl Pts',(157.800365229526,45.186605029085,65.3640075754404));
#3434=CARTESIAN_POINT('Ctrl Pts',(157.871031569671,45.161318990299,65.3640073784248));
#3435=CARTESIAN_POINT('Ctrl Pts',(157.94289124366,45.1399832498726,65.3640072359618));
#3436=CARTESIAN_POINT('Ctrl Pts',(157.999100490168,45.1232942527412,65.3640071245261));
#3437=CARTESIAN_POINT('Ctrl Pts',(158.056040601005,45.1090230923486,65.3640070415183));
#3438=CARTESIAN_POINT('Ctrl Pts',(158.113543707232,45.0972397528574,65.3640069557269));
#3439=CARTESIAN_POINT('Ctrl Pts',(158.186592474562,45.0822708497609,65.3640068467424));
#3440=CARTESIAN_POINT('Ctrl Pts',(158.260345536105,45.0713569739099,65.3640067564727));
#3441=CARTESIAN_POINT('Ctrl Pts',(158.334454199715,45.064618968494,65.3640067049359));
#3442=CARTESIAN_POINT('Ctrl Pts',(158.39328762911,45.0592697967968,65.3640066640219));
#3443=CARTESIAN_POINT('Ctrl Pts',(158.452345694766,45.056553318315,65.3640066452253));
#3444=CARTESIAN_POINT('Ctrl Pts',(158.511455884691,45.0565533680625,65.3640066348822));
#3445=CARTESIAN_POINT('',(156.511458359852,60.0565533680778,78.801864602531));
#3446=CARTESIAN_POINT('Ctrl Pts',(158.511458359852,45.0565533680625,65.3685312691683));
#3447=CARTESIAN_POINT('Ctrl Pts',(158.511458359852,45.0565533680625,65.3684269719554));
#3448=CARTESIAN_POINT('Ctrl Pts',(158.511458351961,45.0565533680625,65.3682183765848));
#3449=CARTESIAN_POINT('Ctrl Pts',(158.51145828094,45.0565533680625,65.3675925848111));
#3450=CARTESIAN_POINT('Ctrl Pts',(158.511457870591,45.0565533680625,65.3662366720013));
#3451=CARTESIAN_POINT('Ctrl Pts',(158.511456887277,45.0565533680625,65.3649370360723));
#3452=CARTESIAN_POINT('Ctrl Pts',(158.511455937162,45.0565533680625,65.3640545933415));
#3453=CARTESIAN_POINT('Ctrl Pts',(158.511455884691,45.0565533680625,65.3640066348821));
#3454=CARTESIAN_POINT('Origin',(156.511458359852,75.0565533680625,94.301864602531));
#3455=CARTESIAN_POINT('',(156.511458359852,60.0565533680778,78.801864602531));
#3456=CARTESIAN_POINT('Origin',(170.111458359855,45.0565533680625,79.8329356187066));
#3457=CARTESIAN_POINT('',(156.511458359852,45.0565533680625,65.3640066348821));
#3458=CARTESIAN_POINT('',(176.211458359858,45.0565533680953,79.8018646025304));
#3459=CARTESIAN_POINT('Origin',(178.011458359858,45.056553368095,79.8018646025304));
#3460=CARTESIAN_POINT('',(160.411458359858,45.0565533680985,79.8018646025304));
#3461=CARTESIAN_POINT('Origin',(162.211458359858,45.0565533680981,79.8018646025304));
#3462=CARTESIAN_POINT('Origin',(156.511458359852,75.0565533680625,65.3640066348821));
#3463=CARTESIAN_POINT('',(154.511458359851,47.0521746897211,65.3640066348821));
#3464=CARTESIAN_POINT('Origin',(170.111458359855,57.4565533680625,99.3018646025311));
#3465=CARTESIAN_POINT('Ctrl Pts',(187.168394301493,34.4572515450396,101.594589046201));
#3466=CARTESIAN_POINT('Ctrl Pts',(183.401681043424,38.7475963961445,117.497014231644));
#3467=CARTESIAN_POINT('Ctrl Pts',(179.634967785355,43.0379412472493,133.399439417088));
#3468=CARTESIAN_POINT('Ctrl Pts',(175.868254527286,47.3282860983542,149.301864602531));
#3469=CARTESIAN_POINT('Ctrl Pts',(187.249750447407,38.249001706226,101.594589046201));
#3470=CARTESIAN_POINT('Ctrl Pts',(184.04695606333,41.6103265969167,117.497014231644));
#3471=CARTESIAN_POINT('Ctrl Pts',(180.845273156658,44.9754108332003,133.399439417088));
#3472=CARTESIAN_POINT('Ctrl Pts',(177.642478772581,48.3367357238911,149.301864602531));
#3473=CARTESIAN_POINT('Ctrl Pts',(187.387588569498,45.8762411276184,101.594589046201));
#3474=CARTESIAN_POINT('Ctrl Pts',(185.141710827456,47.6868025791527,117.497014231644));
#3475=CARTESIAN_POINT('Ctrl Pts',(182.894346232914,49.4969408566908,133.399439417088));
#3476=CARTESIAN_POINT('Ctrl Pts',(180.648468490871,51.3075023082251,149.301864602531));
#3477=CARTESIAN_POINT('Ctrl Pts',(187.450905483914,55.4735392979241,101.594589046201));
#3478=CARTESIAN_POINT('Ctrl Pts',(185.644587761762,55.7824669151338,117.497014231644));
#3479=CARTESIAN_POINT('Ctrl Pts',(183.83560881014,56.0913721119703,133.399439417088));
#3480=CARTESIAN_POINT('Ctrl Pts',(182.029291087988,56.4002997291799,149.301864602531));
#3481=CARTESIAN_POINT('Ctrl Pts',(187.420535696122,65.0714590988117,101.594589046201));
#3482=CARTESIAN_POINT('Ctrl Pts',(185.402762883474,63.883260294115,117.497014231644));
#3483=CARTESIAN_POINT('Ctrl Pts',(183.384756053842,62.6948525465008,133.399439417088));
#3484=CARTESIAN_POINT('Ctrl Pts',(181.366983241194,61.5066537418041,149.301864602531));
#3485=CARTESIAN_POINT('Ctrl Pts',(187.348329951806,70.8155752154525,101.594589046201));
#3486=CARTESIAN_POINT('Ctrl Pts',(184.831748573014,68.6282537086794,117.497014231644));
#3487=CARTESIAN_POINT('Ctrl Pts',(182.3088933917,66.4386092234329,133.399439417088));
#3488=CARTESIAN_POINT('Ctrl Pts',(179.792312012908,64.2512877166598,149.301864602531));
#3489=CARTESIAN_POINT('Ctrl Pts',(187.282159189038,74.6272541972725,101.594589046201));
#3490=CARTESIAN_POINT('Ctrl Pts',(184.304523579581,71.6496185878137,117.497014231644));
#3491=CARTESIAN_POINT('Ctrl Pts',(181.326887970125,68.6719829783549,133.399439417088));
#3492=CARTESIAN_POINT('Ctrl Pts',(178.349252360668,65.6943473688961,149.301864602531));
#3493=CARTESIAN_POINT('Ctrl Pts',(152.511458359851,75.0565533681003,99.301864602531));
#3494=CARTESIAN_POINT('Ctrl Pts',(155.632193692916,71.9358180350331,115.968531269198));
#3495=CARTESIAN_POINT('Ctrl Pts',(158.75292902598,68.815082701966,132.635197935864));
#3496=CARTESIAN_POINT('Ctrl Pts',(161.873664359045,65.6943473688988,149.301864602531));
#3497=CARTESIAN_POINT('Ctrl Pts',(152.511458359851,70.3781416815162,99.301864602531));
#3498=CARTESIAN_POINT('Ctrl Pts',(155.057930564112,68.2454764854805,115.968531269198));
#3499=CARTESIAN_POINT('Ctrl Pts',(157.607357970768,66.1071783809242,132.635197935864));
#3500=CARTESIAN_POINT('Ctrl Pts',(160.153830175029,63.9745131848885,149.301864602531));
#3501=CARTESIAN_POINT('Ctrl Pts',(152.511458359851,61.0213183083479,99.3018646025311));
#3502=CARTESIAN_POINT('Ctrl Pts',(154.28429809125,60.4893463681776,115.968531269198));
#3503=CARTESIAN_POINT('Ctrl Pts',(156.058741023096,59.9582271351855,132.635197935864));
#3504=CARTESIAN_POINT('Ctrl Pts',(157.831580754495,59.4262551950151,149.301864602531));
#3505=CARTESIAN_POINT('Ctrl Pts',(152.511458359851,46.9860832485955,99.3018646025311));
#3506=CARTESIAN_POINT('Ctrl Pts',(154.675908870749,48.6088597824052,115.968531269198));
#3507=CARTESIAN_POINT('Ctrl Pts',(156.840278983442,50.2281494891098,132.635197935864));
#3508=CARTESIAN_POINT('Ctrl Pts',(159.00472949434,51.8509260229195,149.301864602531));
#3509=CARTESIAN_POINT('Ctrl Pts',(152.511458359851,35.2900540321352,99.301864602531));
#3510=CARTESIAN_POINT('Ctrl Pts',(156.173837240355,39.2981097061026,115.968531269198));
#3511=CARTESIAN_POINT('Ctrl Pts',(159.836542331448,43.3081278928957,132.635197935864));
#3512=CARTESIAN_POINT('Ctrl Pts',(163.498921211952,47.3161835668631,149.301864602531));
#3513=CARTESIAN_POINT('Ctrl Pts',(152.511458359851,28.272436502259,99.301864602531));
#3514=CARTESIAN_POINT('Ctrl Pts',(157.344409731245,34.2370252595226,115.968531269198));
#3515=CARTESIAN_POINT('Ctrl Pts',(162.175865431949,40.1970529164981,132.635197935864));
#3516=CARTESIAN_POINT('Ctrl Pts',(167.008816803342,46.1616416737617,149.301864602531));
#3517=CARTESIAN_POINT('Ctrl Pts',(152.511458359851,25.9332306589669,99.301864602531));
#3518=CARTESIAN_POINT('Ctrl Pts',(157.743836064262,32.6098229249557,115.968531269198));
#3519=CARTESIAN_POINT('Ctrl Pts',(162.976213768673,39.2864151909446,132.635197935864));
#3520=CARTESIAN_POINT('Ctrl Pts',(168.208591473085,45.9630074569334,149.301864602531));
#3521=CARTESIAN_POINT('',(152.511458359851,37.0565533681,99.301864602531));
#3522=CARTESIAN_POINT('Origin',(183.711458359859,75.0565533680625,65.3640066348821));
#3523=CARTESIAN_POINT('',(183.711458359859,52.8259762832007,71.3302682814838));
#3524=CARTESIAN_POINT('Origin',(183.711458359859,75.0565533680625,94.301864602531));
#3525=CARTESIAN_POINT('',(152.511458359852,75.0565533680625,94.301864602531));
#3526=CARTESIAN_POINT('Origin',(152.511458359851,45.056553368093,63.301864602531));
#3527=CARTESIAN_POINT('',(152.511458359852,75.0565533680625,94.301864602531));
#3528=CARTESIAN_POINT('',(152.511458359851,45.056553368093,63.301864602531));
#3529=CARTESIAN_POINT('',(187.711458359859,45.056553368093,63.301864602531));
#3530=CARTESIAN_POINT('',(152.511458359852,75.0565533680625,94.301864602531));
#3531=CARTESIAN_POINT('',(152.511458359851,75.0565533680625,94.301864602531));
#3532=CARTESIAN_POINT('',(152.511458359852,75.0565533680625,94.301864602531));
#3533=CARTESIAN_POINT('Origin',(170.111458359855,75.0565533680625,96.801864602531));
#3534=CARTESIAN_POINT('',(152.511458359852,75.0565533680625,99.301864602531));
#3535=CARTESIAN_POINT('Origin',(162.211458359854,25.0565533680981,91.301864602531));
#3536=CARTESIAN_POINT('Origin',(175.697601931227,19.4704097967217,91.301864602531));
#3537=CARTESIAN_POINT('Origin',(164.525314788481,30.6426969394714,91.301864602531));
#3538=CARTESIAN_POINT('Origin',(178.011458359854,25.0565533680949,91.301864602531));
#3539=CARTESIAN_POINT('Origin',(170.111458359854,25.0565533680965,91.301864602531));
#3540=CARTESIAN_POINT('Origin',(170.111458359852,17.1565533680965,91.301864602531));
#3541=CARTESIAN_POINT('Origin',(170.111458359855,32.9565533680965,91.301864602531));
#3542=CARTESIAN_POINT('Origin',(175.697601931229,30.6426969394691,91.301864602531));
#3543=CARTESIAN_POINT('Origin',(164.525314788479,19.4704097967239,91.301864602531));
#3544=CARTESIAN_POINT('Origin',(162.211458359859,51.0565533680981,79.8018646025304));
#3545=CARTESIAN_POINT('',(160.411458359859,51.0565533680985,79.8018646025304));
#3546=CARTESIAN_POINT('Origin',(178.011458359859,51.056553368095,79.8018646025304));
#3547=CARTESIAN_POINT('',(176.211458359859,51.0565533680953,79.8018646025304));
#3548=CARTESIAN_POINT('Origin',(170.111458359855,43.056553368093,63.301864602531));
#3549=CARTESIAN_POINT('',(152.511458359851,45.056553368093,63.301864602531));
#3550=CARTESIAN_POINT('Origin',(152.511458359851,9.05655336810002,95.301864602531));
#3551=CARTESIAN_POINT('',(152.511458359851,9.05655336810002,95.301864602531));
#3552=CARTESIAN_POINT('Origin',(152.511458359851,37.0565533681,95.301864602531));
#3553=UNCERTAINTY_MEASURE_WITH_UNIT(LENGTH_MEASURE(0.01),#3557,
'DISTANCE_ACCURACY_VALUE',
'Maximum model space distance between geometric entities at asserted c
onnectivities');
#3554=UNCERTAINTY_MEASURE_WITH_UNIT(LENGTH_MEASURE(0.01),#3557,
'DISTANCE_ACCURACY_VALUE',
'Maximum model space distance between geometric entities at asserted c
onnectivities');
#3555=(
GEOMETRIC_REPRESENTATION_CONTEXT(3)
GLOBAL_UNCERTAINTY_ASSIGNED_CONTEXT((#3553))
GLOBAL_UNIT_ASSIGNED_CONTEXT((#3557,#3559,#3560))
REPRESENTATION_CONTEXT('','3D')
);
#3556=(
GEOMETRIC_REPRESENTATION_CONTEXT(3)
GLOBAL_UNCERTAINTY_ASSIGNED_CONTEXT((#3554))
GLOBAL_UNIT_ASSIGNED_CONTEXT((#3557,#3559,#3560))
REPRESENTATION_CONTEXT('','3D')
);
#3557=(
LENGTH_UNIT()
NAMED_UNIT(*)
SI_UNIT(.MILLI.,.METRE.)
);
#3558=(
LENGTH_UNIT()
NAMED_UNIT(*)
SI_UNIT($,.METRE.)
);
#3559=(
NAMED_UNIT(*)
PLANE_ANGLE_UNIT()
SI_UNIT($,.RADIAN.)
);
#3560=(
NAMED_UNIT(*)
SI_UNIT($,.STERADIAN.)
SOLID_ANGLE_UNIT()
);
#3561=SHAPE_DEFINITION_REPRESENTATION(#3562,#3563);
#3562=PRODUCT_DEFINITION_SHAPE('',$,#3565);
#3563=SHAPE_REPRESENTATION('',(#1240),#3555);
#3564=PRODUCT_DEFINITION_CONTEXT('part definition',#3569,'design');
#3565=PRODUCT_DEFINITION(
'Assem1 final prj_Support Structure Base Back Left',
'Assem1 final prj_Support Structure Base Back Left v2',#3566,#3564);
#3566=PRODUCT_DEFINITION_FORMATION('',$,#3571);
#3567=PRODUCT_RELATED_PRODUCT_CATEGORY(
'Assem1 final prj_Support Structure Base Back Left v2',
'Assem1 final prj_Support Structure Base Back Left v2',(#3571));
#3568=APPLICATION_PROTOCOL_DEFINITION('international standard',
'automotive_design',2009,#3569);
#3569=APPLICATION_CONTEXT(
'Core Data for Automotive Mechanical Design Process');
#3570=PRODUCT_CONTEXT('part definition',#3569,'mechanical');
#3571=PRODUCT('Assem1 final prj_Support Structure Base Back Left',
'Assem1 final prj_Support Structure Base Back Left v2',$,(#3570));
#3572=PRESENTATION_STYLE_ASSIGNMENT((#3573));
#3573=SURFACE_STYLE_USAGE(.BOTH.,#3574);
#3574=SURFACE_SIDE_STYLE('',(#3575));
#3575=SURFACE_STYLE_FILL_AREA(#3576);
#3576=FILL_AREA_STYLE('Steel - Satin',(#3577));
#3577=FILL_AREA_STYLE_COLOUR('Steel - Satin',#3578);
#3578=COLOUR_RGB('Steel - Satin',0.627450980392157,0.627450980392157,0.627450980392157);
ENDSEC;
END-ISO-10303-21;
