ISO-10303-21;
HEADER;
/* Generated by software containing ST-Developer
 * from STEP Tools, Inc. (www.steptools.com) 
 */

FILE_DESCRIPTION(
/* description */ (''),
/* implementation_level */ '2;1');

FILE_NAME(
/* name */ 
'Assem1 final prj_Support structure base Front Right v2.step',
/* time_stamp */ '2026-03-01T00:19:35+05:30',
/* author */ (''),
/* organization */ (''),
/* preprocessor_version */ 'ST-DEVELOPER v20.1',
/* originating_system */ 'Autodesk Translation Framework v14.24.0.0',
/* authorisation */ '');

FILE_SCHEMA (('AUTOMOTIVE_DESIGN { 1 0 10303 214 3 1 1 }'));
ENDSEC;

DATA;
#10=MECHANICAL_DESIGN_GEOMETRIC_PRESENTATION_REPRESENTATION('',(#13),#3546);
#11=SHAPE_REPRESENTATION_RELATIONSHIP('SRR','None',#3553,#12);
#12=ADVANCED_BREP_SHAPE_REPRESENTATION('',(#14),#3545);
#13=STYLED_ITEM('',(#3563),#14);
#14=MANIFOLD_SOLID_BREP('Support structure base',#1288);
#15=ELLIPSE('',#1342,1.30618785246008,0.8);
#16=ELLIPSE('',#1349,1.01202494253916,0.8);
#17=B_SPLINE_SURFACE_WITH_KNOTS('',3,3,((#2037,#2038,#2039,#2040,#2041,
#2042),(#2043,#2044,#2045,#2046,#2047,#2048),(#2049,#2050,#2051,#2052,#2053,
#2054),(#2055,#2056,#2057,#2058,#2059,#2060),(#2061,#2062,#2063,#2064,#2065,
#2066),(#2067,#2068,#2069,#2070,#2071,#2072),(#2073,#2074,#2075,#2076,#2077,
#2078)),.UNSPECIFIED.,.F.,.F.,.F.,(4,1,1,1,4),(4,1,1,4),(0.,0.285714285714286,
0.571428571428571,0.714285714285714,1.),(-0.0723109325485957,0.924700140137287,
1.92171121282317,3.417227821852),.UNSPECIFIED.);
#18=B_SPLINE_SURFACE_WITH_KNOTS('',3,3,((#2315,#2316,#2317,#2318,#2319),
(#2320,#2321,#2322,#2323,#2324),(#2325,#2326,#2327,#2328,#2329),(#2330,
#2331,#2332,#2333,#2334),(#2335,#2336,#2337,#2338,#2339)),.UNSPECIFIED.,
 .F.,.F.,.F.,(4,1,4),(4,1,4),(0.,0.571428571428571,1.),(-0.0524229737651228,
1.36411336188842,3.25282847609315),.UNSPECIFIED.);
#19=B_SPLINE_SURFACE_WITH_KNOTS('',3,3,((#2447,#2448,#2449,#2450,#2451,
#2452,#2453,#2454,#2455,#2456,#2457,#2458,#2459,#2460,#2461,#2462,#2463,
#2464,#2465,#2466,#2467,#2468,#2469,#2470,#2471,#2472,#2473,#2474,#2475,
#2476,#2477,#2478,#2479,#2480,#2481),(#2482,#2483,#2484,#2485,#2486,#2487,
#2488,#2489,#2490,#2491,#2492,#2493,#2494,#2495,#2496,#2497,#2498,#2499,
#2500,#2501,#2502,#2503,#2504,#2505,#2506,#2507,#2508,#2509,#2510,#2511,
#2512,#2513,#2514,#2515,#2516),(#2517,#2518,#2519,#2520,#2521,#2522,#2523,
#2524,#2525,#2526,#2527,#2528,#2529,#2530,#2531,#2532,#2533,#2534,#2535,
#2536,#2537,#2538,#2539,#2540,#2541,#2542,#2543,#2544,#2545,#2546,#2547,
#2548,#2549,#2550,#2551),(#2552,#2553,#2554,#2555,#2556,#2557,#2558,#2559,
#2560,#2561,#2562,#2563,#2564,#2565,#2566,#2567,#2568,#2569,#2570,#2571,
#2572,#2573,#2574,#2575,#2576,#2577,#2578,#2579,#2580,#2581,#2582,#2583,
#2584,#2585,#2586)),.UNSPECIFIED.,.F.,.T.,.F.,(4,4),(4,2,2,2,2,2,1,2,2,
2,2,2,2,2,2,2,2,4),(0.,1.),(-1.35863196780794,-1.29293915251834,-1.25538374869736,
-1.21839793300244,-1.16989623280598,-1.08636842142681,-0.961333465806104,
-0.836298510185402,-0.760917501203656,-0.675571208309596,-0.627816542481605,
-0.590916171114317,-0.553016544378115,-0.501306179214667,-0.414982587427688,
-0.33001493072862,-0.164974430475999,0.),.UNSPECIFIED.);
#20=B_SPLINE_SURFACE_WITH_KNOTS('',3,3,((#2665,#2666,#2667,#2668),(#2669,
#2670,#2671,#2672),(#2673,#2674,#2675,#2676),(#2677,#2678,#2679,#2680),
(#2681,#2682,#2683,#2684),(#2685,#2686,#2687,#2688),(#2689,#2690,#2691,
#2692),(#2693,#2694,#2695,#2696),(#2697,#2698,#2699,#2700),(#2701,#2702,
#2703,#2704)),.UNSPECIFIED.,.F.,.F.,.F.,(4,1,1,1,1,1,1,4),(4,4),(-0.479996963164792,
-0.248864004214157,-0.0177310452635224,0.213401913687112,0.444534872637747,
0.675667831588382,0.906800790539016,1.13793374948965),(-4.36430706778824E-17,
1.),.UNSPECIFIED.);
#21=B_SPLINE_SURFACE_WITH_KNOTS('',3,3,((#2740,#2741,#2742,#2743,#2744,
#2745,#2746,#2747,#2748,#2749,#2750,#2751,#2752,#2753,#2754,#2755,#2756,
#2757,#2758,#2759,#2760,#2761,#2762,#2763,#2764,#2765,#2766,#2767,#2768),
(#2769,#2770,#2771,#2772,#2773,#2774,#2775,#2776,#2777,#2778,#2779,#2780,
#2781,#2782,#2783,#2784,#2785,#2786,#2787,#2788,#2789,#2790,#2791,#2792,
#2793,#2794,#2795,#2796,#2797),(#2798,#2799,#2800,#2801,#2802,#2803,#2804,
#2805,#2806,#2807,#2808,#2809,#2810,#2811,#2812,#2813,#2814,#2815,#2816,
#2817,#2818,#2819,#2820,#2821,#2822,#2823,#2824,#2825,#2826),(#2827,#2828,
#2829,#2830,#2831,#2832,#2833,#2834,#2835,#2836,#2837,#2838,#2839,#2840,
#2841,#2842,#2843,#2844,#2845,#2846,#2847,#2848,#2849,#2850,#2851,#2852,
#2853,#2854,#2855)),.UNSPECIFIED.,.F.,.T.,.F.,(4,4),(4,2,2,2,1,2,2,2,2,
2,2,2,2,2,4),(0.,1.),(-1.35774293599834,-1.35192919984457,-1.25169707513678,
-1.1955423160913,-1.03068512244285,-0.8658279287944,-0.708624958401334,
-0.653341994878614,-0.605213611460281,-0.552511086594816,-0.483436694740492,
-0.398319803117277,-0.230343124796529,-0.150489296988471,0.),
 .UNSPECIFIED.);
#22=B_SPLINE_SURFACE_WITH_KNOTS('',3,3,((#2894,#2895,#2896,#2897,#2898,
#2899,#2900,#2901,#2902,#2903,#2904,#2905,#2906,#2907,#2908,#2909,#2910,
#2911,#2912,#2913,#2914,#2915,#2916,#2917,#2918,#2919,#2920,#2921,#2922,
#2923,#2924,#2925,#2926,#2927,#2928,#2929,#2930,#2931,#2932,#2933),(#2934,
#2935,#2936,#2937,#2938,#2939,#2940,#2941,#2942,#2943,#2944,#2945,#2946,
#2947,#2948,#2949,#2950,#2951,#2952,#2953,#2954,#2955,#2956,#2957,#2958,
#2959,#2960,#2961,#2962,#2963,#2964,#2965,#2966,#2967,#2968,#2969,#2970,
#2971,#2972,#2973),(#2974,#2975,#2976,#2977,#2978,#2979,#2980,#2981,#2982,
#2983,#2984,#2985,#2986,#2987,#2988,#2989,#2990,#2991,#2992,#2993,#2994,
#2995,#2996,#2997,#2998,#2999,#3000,#3001,#3002,#3003,#3004,#3005,#3006,
#3007,#3008,#3009,#3010,#3011,#3012,#3013),(#3014,#3015,#3016,#3017,#3018,
#3019,#3020,#3021,#3022,#3023,#3024,#3025,#3026,#3027,#3028,#3029,#3030,
#3031,#3032,#3033,#3034,#3035,#3036,#3037,#3038,#3039,#3040,#3041,#3042,
#3043,#3044,#3045,#3046,#3047,#3048,#3049,#3050,#3051,#3052,#3053)),
 .UNSPECIFIED.,.F.,.T.,.F.,(4,4),(4,2,2,2,2,2,2,2,2,2,2,2,2,2,2,2,2,2,2,
4),(0.,1.),(-1.35840694048231,-1.31348927955532,-1.22824759992277,-1.14357447316998,
-1.06194531998397,-0.983313591865419,-0.834711391470054,-0.790357012784788,
-0.754043103172747,-0.714732522974015,-0.657497285899202,-0.572931499452057,
-0.488011868111579,-0.32534709380265,-0.251270898328113,-0.176206152818747,
-0.131692229516165,-0.0954535361755891,-0.0563400390084558,0.),
 .UNSPECIFIED.);
#23=B_SPLINE_SURFACE_WITH_KNOTS('',3,3,((#3142,#3143,#3144,#3145),(#3146,
#3147,#3148,#3149),(#3150,#3151,#3152,#3153),(#3154,#3155,#3156,#3157),
(#3158,#3159,#3160,#3161),(#3162,#3163,#3164,#3165),(#3166,#3167,#3168,
#3169)),.UNSPECIFIED.,.F.,.F.,.F.,(4,1,1,1,4),(4,4),(-0.137933749489651,
0.324332168411619,0.786598086312889,1.24886400421416,1.47999696316479),
(-7.4433839351675E-20,1.),.UNSPECIFIED.);
#24=B_SPLINE_SURFACE_WITH_KNOTS('',3,3,((#3208,#3209,#3210,#3211,#3212,
#3213,#3214,#3215,#3216,#3217,#3218,#3219,#3220,#3221,#3222,#3223,#3224,
#3225,#3226,#3227,#3228,#3229,#3230,#3231,#3232,#3233,#3234,#3235,#3236,
#3237,#3238,#3239,#3240),(#3241,#3242,#3243,#3244,#3245,#3246,#3247,#3248,
#3249,#3250,#3251,#3252,#3253,#3254,#3255,#3256,#3257,#3258,#3259,#3260,
#3261,#3262,#3263,#3264,#3265,#3266,#3267,#3268,#3269,#3270,#3271,#3272,
#3273),(#3274,#3275,#3276,#3277,#3278,#3279,#3280,#3281,#3282,#3283,#3284,
#3285,#3286,#3287,#3288,#3289,#3290,#3291,#3292,#3293,#3294,#3295,#3296,
#3297,#3298,#3299,#3300,#3301,#3302,#3303,#3304,#3305,#3306),(#3307,#3308,
#3309,#3310,#3311,#3312,#3313,#3314,#3315,#3316,#3317,#3318,#3319,#3320,
#3321,#3322,#3323,#3324,#3325,#3326,#3327,#3328,#3329,#3330,#3331,#3332,
#3333,#3334,#3335,#3336,#3337,#3338,#3339)),.UNSPECIFIED.,.F.,.T.,.F.,(4,
4),(4,1,2,2,2,2,2,2,2,2,2,2,2,2,2,2,4),(0.,1.),(-1.35780469093454,-1.23717530896696,
-1.11654592699938,-1.03380154883669,-0.95410902062795,-0.868209622616572,
-0.799267239819191,-0.747594294216144,-0.699293959939945,-0.642470636237783,
-0.561804482587001,-0.476873532043167,-0.391970292985457,-0.311531336872733,
-0.10115713411139,-0.0530918420361239,0.),.UNSPECIFIED.);
#25=B_SPLINE_SURFACE_WITH_KNOTS('',3,3,((#3469,#3470,#3471,#3472),(#3473,
#3474,#3475,#3476),(#3477,#3478,#3479,#3480),(#3481,#3482,#3483,#3484),
(#3485,#3486,#3487,#3488),(#3489,#3490,#3491,#3492),(#3493,#3494,#3495,
#3496)),.UNSPECIFIED.,.F.,.F.,.F.,(4,1,1,1,4),(4,4),(0.,0.285714285714286,
0.571428571428571,0.714285714285714,1.),(0.,0.915579874454541),
 .UNSPECIFIED.);
#26=B_SPLINE_SURFACE_WITH_KNOTS('',3,3,((#3497,#3498,#3499,#3500),(#3501,
#3502,#3503,#3504),(#3505,#3506,#3507,#3508),(#3509,#3510,#3511,#3512),
(#3513,#3514,#3515,#3516),(#3517,#3518,#3519,#3520),(#3521,#3522,#3523,
#3524)),.UNSPECIFIED.,.F.,.F.,.F.,(4,1,1,1,4),(4,4),(0.,0.285714285714286,
0.571428571428571,0.714285714285714,1.),(0.,0.709899541262215),
 .UNSPECIFIED.);
#27=B_SPLINE_CURVE_WITH_KNOTS('',3,(#1854,#1855,#1856,#1857,#1858,#1859,
#1860,#1861,#1862,#1863,#1864,#1865),.UNSPECIFIED.,.F.,.F.,(4,2,2,2,2,4),
(0.309970221158549,0.325465097782214,0.407124997592012,0.488784897401811,
0.570282887637654,0.651780877873497),.UNSPECIFIED.);
#28=B_SPLINE_CURVE_WITH_KNOTS('',3,(#1867,#1868,#1869,#1870,#1871,#1872,
#1873,#1874,#1875,#1876,#1877,#1878),.UNSPECIFIED.,.F.,.F.,(4,2,2,2,2,4),
(0.651780877873497,0.73327886810934,0.814776858345183,0.896436758154982,
0.97809665796478,0.993591534588442),.UNSPECIFIED.);
#29=B_SPLINE_CURVE_WITH_KNOTS('',3,(#1882,#1883,#1884,#1885,#1886,#1887,
#1888,#1889,#1890,#1891,#1892,#1893),.UNSPECIFIED.,.F.,.F.,(4,2,2,2,2,4),
(0.309970221158549,0.325465097782214,0.407124997592012,0.488784897401811,
0.570282887637654,0.651780877873497),.UNSPECIFIED.);
#30=B_SPLINE_CURVE_WITH_KNOTS('',3,(#1895,#1896,#1897,#1898,#1899,#1900,
#1901,#1902,#1903,#1904,#1905,#1906),.UNSPECIFIED.,.F.,.F.,(4,2,2,2,2,4),
(0.651780877873497,0.73327886810934,0.814776858345182,0.896436758154981,
0.978096657964779,0.993591534588441),.UNSPECIFIED.);
#31=B_SPLINE_CURVE_WITH_KNOTS('',3,(#1911,#1912,#1913,#1914,#1915,#1916,
#1917,#1918,#1919,#1920),.UNSPECIFIED.,.F.,.F.,(4,2,2,2,4),(0.993591534588441,
1.05938270901124,1.1406687600577,1.22211525790235,1.30356175574699),
 .UNSPECIFIED.);
#32=B_SPLINE_CURVE_WITH_KNOTS('',3,(#1921,#1922,#1923,#1924,#1925,#1926,
#1927,#1928,#1929,#1930),.UNSPECIFIED.,.F.,.F.,(4,2,2,2,4),(0.,0.0814464978446443,
0.162892995689289,0.244179046735751,0.309970221158549),.UNSPECIFIED.);
#33=B_SPLINE_CURVE_WITH_KNOTS('',3,(#1932,#1933,#1934,#1935,#1936,#1937,
#1938,#1939,#1940,#1941),.UNSPECIFIED.,.F.,.F.,(4,2,2,2,4),(0.993591534588442,
1.05938270901124,1.14066876005771,1.22211525790235,1.30356175574699),
 .UNSPECIFIED.);
#34=B_SPLINE_CURVE_WITH_KNOTS('',3,(#1942,#1943,#1944,#1945,#1946,#1947,
#1948,#1949,#1950,#1951),.UNSPECIFIED.,.F.,.F.,(4,2,2,2,4),(0.,0.0814464978446443,
0.162892995689289,0.244179046735751,0.309970221158549),.UNSPECIFIED.);
#35=B_SPLINE_CURVE_WITH_KNOTS('',3,(#1954,#1955,#1956,#1957,#1958,#1959,
#1960,#1961,#1962,#1963,#1964,#1965,#1966,#1967,#1968,#1969,#1970,#1971),
 .UNSPECIFIED.,.F.,.F.,(4,2,2,2,2,2,2,2,4),(0.,0.0814464978446448,0.16289299568929,
0.244179046735752,0.325465097782215,0.407124997592013,0.488784897401812,
0.570282887637654,0.651780877873497),.UNSPECIFIED.);
#36=B_SPLINE_CURVE_WITH_KNOTS('',3,(#1972,#1973,#1974,#1975,#1976,#1977,
#1978,#1979,#1980,#1981,#1982,#1983,#1984,#1985,#1986,#1987,#1988,#1989),
 .UNSPECIFIED.,.F.,.F.,(4,2,2,2,2,2,2,2,4),(0.651780877873497,0.73327886810934,
0.814776858345183,0.896436758154982,0.97809665796478,1.05938270901124,1.14066876005771,
1.22211525790235,1.30356175574699),.UNSPECIFIED.);
#37=B_SPLINE_CURVE_WITH_KNOTS('',3,(#1992,#1993,#1994,#1995,#1996,#1997,
#1998,#1999,#2000,#2001,#2002,#2003,#2004,#2005,#2006,#2007,#2008,#2009),
 .UNSPECIFIED.,.F.,.F.,(4,2,2,2,2,2,2,2,4),(0.,0.0814464978446443,0.162892995689289,
0.244179046735751,0.325465097782214,0.407124997592012,0.488784897401811,
0.570282887637654,0.651780877873497),.UNSPECIFIED.);
#38=B_SPLINE_CURVE_WITH_KNOTS('',3,(#2010,#2011,#2012,#2013,#2014,#2015,
#2016,#2017,#2018,#2019,#2020,#2021,#2022,#2023,#2024,#2025,#2026,#2027),
 .UNSPECIFIED.,.F.,.F.,(4,2,2,2,2,2,2,2,4),(0.651780877873497,0.73327886810934,
0.814776858345183,0.896436758154982,0.97809665796478,1.05938270901124,1.14066876005771,
1.22211525790235,1.30356175574699),.UNSPECIFIED.);
#39=B_SPLINE_CURVE_WITH_KNOTS('',3,(#2081,#2082,#2083,#2084,#2085,#2086,
#2087,#2088,#2089,#2090,#2091,#2092),.UNSPECIFIED.,.F.,.F.,(4,2,2,2,2,4),
(-2.45868046001803,-2.11398507442159,-1.75180454984686,-1.08049123972335,
-0.493016811492254,0.),.UNSPECIFIED.);
#40=B_SPLINE_CURVE_WITH_KNOTS('',3,(#2094,#2095,#2096,#2097,#2098,#2099),
 .UNSPECIFIED.,.F.,.F.,(4,1,1,4),(-3.34525228967244,-1.92171121282317,-0.924700140137287,
-4.24254865302428E-6),.UNSPECIFIED.);
#41=B_SPLINE_CURVE_WITH_KNOTS('',3,(#2101,#2102,#2103,#2104,#2105,#2106,
#2107,#2108,#2109,#2110,#2111,#2112),.UNSPECIFIED.,.F.,.F.,(4,2,2,2,2,4),
(-2.45921823335081,-2.18958026376158,-1.89208699991447,-1.31278604943775,
-0.683844680157939,0.),.UNSPECIFIED.);
#42=B_SPLINE_CURVE_WITH_KNOTS('',3,(#2114,#2115,#2116,#2117),
 .UNSPECIFIED.,.F.,.F.,(4,4),(0.0161142567316138,0.31827880217943),
 .UNSPECIFIED.);
#43=B_SPLINE_CURVE_WITH_KNOTS('',3,(#2119,#2120,#2121,#2122,#2123,#2124,
#2125,#2126,#2127,#2128,#2129,#2130,#2131,#2132,#2133,#2134,#2135,#2136,
#2137,#2138,#2139,#2140,#2141,#2142,#2143,#2144,#2145,#2146,#2147,#2148,
#2149,#2150,#2151,#2152,#2153,#2154,#2155,#2156,#2157,#2158,#2159,#2160,
#2161,#2162,#2163,#2164,#2165,#2166,#2167,#2168,#2169,#2170,#2171,#2172,
#2173,#2174,#2175,#2176),.UNSPECIFIED.,.F.,.F.,(4,3,3,3,3,3,3,3,3,3,3,3,
3,3,3,3,3,3,3,4),(0.,0.0315761916555891,0.0656156996749044,0.0704740256931754,
0.104853378622373,0.138923479630323,0.167737955296822,0.181788517994508,
0.204612782392984,0.222746099813217,0.242602695737029,0.270686269704832,
0.273453649620758,0.303622389617584,0.33560595041621,0.337424038733809,
0.372467564371344,0.392091796036506,0.422483409875576,0.437863972605345),
 .UNSPECIFIED.);
#44=B_SPLINE_CURVE_WITH_KNOTS('',3,(#2178,#2179,#2180,#2181,#2182),
 .UNSPECIFIED.,.F.,.F.,(4,1,4),(0.655595705676299,0.924700140137287,1.88272258857375),
 .UNSPECIFIED.);
#45=B_SPLINE_CURVE_WITH_KNOTS('',3,(#2184,#2185,#2186,#2187),
 .UNSPECIFIED.,.F.,.F.,(4,4),(0.,0.00497702215122385),.UNSPECIFIED.);
#46=B_SPLINE_CURVE_WITH_KNOTS('',3,(#2189,#2190,#2191,#2192,#2193,#2194,
#2195,#2196,#2197,#2198,#2199,#2200,#2201,#2202,#2203,#2204,#2205,#2206,
#2207,#2208,#2209,#2210,#2211,#2212,#2213,#2214,#2215,#2216,#2217,#2218,
#2219,#2220,#2221,#2222,#2223,#2224,#2225,#2226,#2227,#2228,#2229,#2230,
#2231,#2232,#2233,#2234,#2235,#2236,#2237,#2238,#2239,#2240,#2241,#2242,
#2243,#2244,#2245,#2246,#2247,#2248,#2249,#2250,#2251,#2252,#2253,#2254,
#2255,#2256,#2257,#2258,#2259,#2260,#2261,#2262,#2263,#2264),
 .UNSPECIFIED.,.F.,.F.,(4,3,3,3,3,3,3,3,3,3,3,3,3,3,3,3,3,3,3,3,3,3,3,3,
3,4),(0.00497702215122385,0.0328615757670904,0.0612977778758873,0.0716443012258899,
0.103353488319054,0.121690445814171,0.142181154336665,0.176736053321685,
0.20836405344947,0.211290952306705,0.239725496678324,0.249739422815031,
0.271910511766863,0.290494794843236,0.31188379176211,0.34011396781831,0.347252113791718,
0.378473638990229,0.412233036666964,0.419447892013794,0.4531217381981,0.481480477501372,
0.510604679536311,0.523198383052878,0.551024193239404,0.562995988287435),
 .UNSPECIFIED.);
#47=B_SPLINE_CURVE_WITH_KNOTS('',3,(#2265,#2266,#2267,#2268),
 .UNSPECIFIED.,.F.,.F.,(4,4),(2.24279923298242,3.32913991341599),
 .UNSPECIFIED.);
#48=B_SPLINE_CURVE_WITH_KNOTS('',3,(#2276,#2277,#2278,#2279,#2280,#2281,
#2282,#2283),.UNSPECIFIED.,.F.,.F.,(4,2,2,4),(0.,0.101069494816092,0.151604242224137,
0.202138989632183),.UNSPECIFIED.);
#49=B_SPLINE_CURVE_WITH_KNOTS('',3,(#2342,#2343,#2344,#2345,#2346,#2347,
#2348,#2349,#2350,#2351,#2352,#2353),.UNSPECIFIED.,.F.,.F.,(4,2,2,2,2,4),
(-0.711589920458523,-0.610656225069982,-0.505469622925897,-0.317853168373902,
-0.154023593021085,0.),.UNSPECIFIED.);
#50=B_SPLINE_CURVE_WITH_KNOTS('',3,(#2355,#2356,#2357,#2358,#2359),
 .UNSPECIFIED.,.F.,.F.,(4,1,4),(-3.20099542194612,-1.36411336188842,-9.23855230681088E-7),
 .UNSPECIFIED.);
#51=B_SPLINE_CURVE_WITH_KNOTS('',3,(#2361,#2362,#2363,#2364,#2365,#2366,
#2367,#2368,#2369,#2370,#2371,#2372),.UNSPECIFIED.,.F.,.F.,(4,2,2,2,2,4),
(-0.711474175491716,-0.626510679531992,-0.537401110079191,-0.378325749188267,
-0.195589200118082,0.),.UNSPECIFIED.);
#52=B_SPLINE_CURVE_WITH_KNOTS('',3,(#2374,#2375,#2376,#2377),
 .UNSPECIFIED.,.F.,.F.,(4,4),(-0.0499615326078504,0.655263946549879),
 .UNSPECIFIED.);
#53=B_SPLINE_CURVE_WITH_KNOTS('',3,(#2379,#2380,#2381,#2382,#2383,#2384),
 .UNSPECIFIED.,.F.,.F.,(4,2,4),(0.,0.84244304962446,1.69731732833031),
 .UNSPECIFIED.);
#54=B_SPLINE_CURVE_WITH_KNOTS('',3,(#2385,#2386,#2387,#2388),
 .UNSPECIFIED.,.F.,.F.,(4,4),(2.54572855929293,3.2509581193779),
 .UNSPECIFIED.);
#55=B_SPLINE_CURVE_WITH_KNOTS('',3,(#2591,#2592,#2593,#2594,#2595,#2596,
#2597,#2598),.UNSPECIFIED.,.F.,.F.,(4,2,2,4),(-1.35863196780794,-1.29293915251834,
-1.25538374869736,-1.25529959908701),.UNSPECIFIED.);
#56=B_SPLINE_CURVE_WITH_KNOTS('',3,(#2599,#2600,#2601,#2602,#2603,#2604,
#2605,#2606,#2607,#2608,#2609,#2610,#2611,#2612,#2613,#2614,#2615,#2616,
#2617,#2618,#2619,#2620,#2621,#2622,#2623,#2624,#2625,#2626,#2627,#2628,
#2629),.UNSPECIFIED.,.F.,.F.,(4,2,2,2,1,2,2,2,2,2,2,2,2,2,2,4),(-1.25529959908701,
-1.21839793300244,-1.16989623280598,-1.08636842142681,-0.961333465806104,
-0.836298510185402,-0.760917501203656,-0.675571208309596,-0.627816542481605,
-0.590916171114317,-0.553016544378115,-0.501306179214667,-0.414982587427688,
-0.33001493072862,-0.164974430475999,0.),.UNSPECIFIED.);
#57=B_SPLINE_CURVE_WITH_KNOTS('',3,(#2630,#2631,#2632,#2633,#2634,#2635,
#2636,#2637,#2638,#2639,#2640,#2641,#2642,#2643,#2644,#2645,#2646,#2647,
#2648,#2649,#2650,#2651,#2652,#2653,#2654,#2655,#2656,#2657,#2658,#2659,
#2660,#2661,#2662,#2663,#2664),.UNSPECIFIED.,.T.,.F.,(4,2,2,2,2,2,2,2,2,
2,2,1,2,2,2,2,2,4),(0.,0.164974430475999,0.33001493072862,0.414982587427688,
0.501306179214667,0.553016544378115,0.590916171114317,0.627816542481605,
0.675571208309596,0.760917501203656,0.836298510185402,0.961333465806104,
1.08636842142681,1.16989623280598,1.21839793300244,1.25538374869736,1.29293915251834,
1.35863196780794),.UNSPECIFIED.);
#58=B_SPLINE_CURVE_WITH_KNOTS('',3,(#2709,#2710,#2711,#2712,#2713,#2714,
#2715,#2716,#2717,#2718,#2719,#2720,#2721,#2722,#2723,#2724,#2725,#2726,
#2727,#2728,#2729,#2730,#2731,#2732,#2733,#2734,#2735,#2736,#2737),
 .UNSPECIFIED.,.T.,.F.,(4,2,2,2,2,2,2,2,2,2,1,2,2,2,4),(0.,0.150489296988471,
0.230343124796529,0.398319803117277,0.483436694740492,0.552511086594816,
0.605213611460281,0.653341994878614,0.708624958401334,0.8658279287944,1.03068512244285,
1.1955423160913,1.25169707513678,1.35192919984457,1.35774293599834),
 .UNSPECIFIED.);
#59=B_SPLINE_CURVE_WITH_KNOTS('',3,(#2859,#2860,#2861,#2862,#2863,#2864),
 .UNSPECIFIED.,.F.,.F.,(4,2,4),(-1.35774293599834,-1.35192919984457,-1.28577856889459),
 .UNSPECIFIED.);
#60=B_SPLINE_CURVE_WITH_KNOTS('',3,(#2865,#2866,#2867,#2868,#2869,#2870,
#2871,#2872,#2873,#2874,#2875,#2876,#2877,#2878,#2879,#2880,#2881,#2882,
#2883,#2884,#2885,#2886,#2887,#2888,#2889,#2890,#2891),.UNSPECIFIED.,.F.,
 .F.,(4,2,2,1,2,2,2,2,2,2,2,2,2,4),(-1.28577856889459,-1.25169707513678,
-1.1955423160913,-1.03068512244285,-0.8658279287944,-0.708624958401334,
-0.653341994878614,-0.605213611460281,-0.552511086594816,-0.483436694740492,
-0.398319803117277,-0.230343124796529,-0.150489296988471,0.),
 .UNSPECIFIED.);
#61=B_SPLINE_CURVE_WITH_KNOTS('',3,(#3058,#3059,#3060,#3061,#3062,#3063,
#3064,#3065,#3066,#3067,#3068,#3069,#3070,#3071,#3072,#3073,#3074,#3075,
#3076,#3077,#3078,#3079,#3080,#3081,#3082,#3083,#3084,#3085,#3086,#3087,
#3088,#3089,#3090,#3091,#3092,#3093),.UNSPECIFIED.,.F.,.F.,(4,2,2,2,2,2,
2,2,2,2,2,2,2,2,2,2,2,4),(-1.35840694048231,-1.31348927955532,-1.22824759992277,
-1.14357447316998,-1.06194531998397,-0.983313591865419,-0.834711391470054,
-0.790357012784788,-0.754043103172747,-0.714732522974015,-0.657497285899202,
-0.572931499452057,-0.488011868111579,-0.32534709380265,-0.251270898328113,
-0.176206152818747,-0.131692229516165,-0.103381912814873),.UNSPECIFIED.);
#62=B_SPLINE_CURVE_WITH_KNOTS('',3,(#3094,#3095,#3096,#3097,#3098,#3099,
#3100,#3101),.UNSPECIFIED.,.F.,.F.,(4,2,2,4),(-0.103381912814873,-0.0954535361755891,
-0.0563400390084558,0.),.UNSPECIFIED.);
#63=B_SPLINE_CURVE_WITH_KNOTS('',3,(#3102,#3103,#3104,#3105,#3106,#3107,
#3108,#3109,#3110,#3111,#3112,#3113,#3114,#3115,#3116,#3117,#3118,#3119,
#3120,#3121,#3122,#3123,#3124,#3125,#3126,#3127,#3128,#3129,#3130,#3131,
#3132,#3133,#3134,#3135,#3136,#3137,#3138,#3139,#3140,#3141),
 .UNSPECIFIED.,.T.,.F.,(4,2,2,2,2,2,2,2,2,2,2,2,2,2,2,2,2,2,2,4),(0.,0.0563400390084558,
0.0954535361755891,0.131692229516165,0.176206152818747,0.251270898328113,
0.32534709380265,0.488011868111579,0.572931499452057,0.657497285899202,
0.714732522974015,0.754043103172747,0.790357012784788,0.834711391470054,
0.983313591865419,1.06194531998397,1.14357447316998,1.22824759992277,1.31348927955532,
1.35840694048231),.UNSPECIFIED.);
#64=B_SPLINE_CURVE_WITH_KNOTS('',3,(#3173,#3174,#3175,#3176,#3177,#3178,
#3179,#3180,#3181,#3182,#3183,#3184,#3185,#3186,#3187,#3188,#3189,#3190,
#3191,#3192,#3193,#3194,#3195,#3196,#3197,#3198,#3199,#3200,#3201,#3202,
#3203,#3204,#3205),.UNSPECIFIED.,.T.,.F.,(4,2,2,2,2,2,2,2,2,2,2,2,2,2,2,
1,4),(0.,0.0530918420361239,0.10115713411139,0.311531336872733,0.391970292985457,
0.476873532043167,0.561804482587001,0.642470636237783,0.699293959939945,
0.747594294216144,0.799267239819191,0.868209622616572,0.95410902062795,
1.03380154883669,1.11654592699938,1.23717530896696,1.35780469093454),
 .UNSPECIFIED.);
#65=B_SPLINE_CURVE_WITH_KNOTS('',3,(#3343,#3344,#3345,#3346,#3347,#3348,
#3349,#3350,#3351,#3352,#3353,#3354,#3355,#3356,#3357,#3358,#3359,#3360,
#3361,#3362,#3363,#3364,#3365,#3366,#3367,#3368,#3369,#3370,#3371,#3372,
#3373),.UNSPECIFIED.,.F.,.F.,(4,1,2,2,2,2,2,2,2,2,2,2,2,2,2,4),(-1.35780469093454,
-1.23717530896696,-1.11654592699938,-1.03380154883669,-0.95410902062795,
-0.868209622616572,-0.799267239819191,-0.747594294216144,-0.699293959939945,
-0.642470636237783,-0.561804482587001,-0.476873532043167,-0.391970292985457,
-0.311531336872733,-0.10115713411139,-0.0719930679264001),.UNSPECIFIED.);
#66=B_SPLINE_CURVE_WITH_KNOTS('',3,(#3374,#3375,#3376,#3377,#3378,#3379),
 .UNSPECIFIED.,.F.,.F.,(4,2,4),(-0.0719930679264001,-0.0530918420361239,
0.),.UNSPECIFIED.);
#67=CONICAL_SURFACE('',#1324,7.85,0.174532925199433);
#68=CYLINDRICAL_SURFACE('',#1318,3.90000000000001);
#69=CYLINDRICAL_SURFACE('',#1326,7.65000000000001);
#70=CYLINDRICAL_SURFACE('',#1337,0.8);
#71=CYLINDRICAL_SURFACE('',#1341,0.8);
#72=CYLINDRICAL_SURFACE('',#1348,0.8);
#73=CYLINDRICAL_SURFACE('',#1353,3.);
#74=CYLINDRICAL_SURFACE('',#1359,2.);
#75=CYLINDRICAL_SURFACE('',#1365,10.);
#76=CYLINDRICAL_SURFACE('',#1368,10.);
#77=CYLINDRICAL_SURFACE('',#1371,2.15);
#78=CYLINDRICAL_SURFACE('',#1372,2.15);
#79=CYLINDRICAL_SURFACE('',#1373,2.15);
#80=CYLINDRICAL_SURFACE('',#1374,2.15);
#81=CYLINDRICAL_SURFACE('',#1375,1.8);
#82=CYLINDRICAL_SURFACE('',#1377,1.8);
#83=CYLINDRICAL_SURFACE('',#1386,1.8);
#84=CYLINDRICAL_SURFACE('',#1391,1.8);
#85=CYLINDRICAL_SURFACE('',#1396,1.8);
#86=CYLINDRICAL_SURFACE('',#1401,1.8);
#87=CYLINDRICAL_SURFACE('',#1406,1.8);
#88=CYLINDRICAL_SURFACE('',#1411,3.90000000000001);
#89=CYLINDRICAL_SURFACE('',#1416,1.8);
#90=CYLINDRICAL_SURFACE('',#1421,1.8);
#91=CYLINDRICAL_SURFACE('',#1426,1.8);
#92=CYLINDRICAL_SURFACE('',#1428,1.8);
#93=CYLINDRICAL_SURFACE('',#1430,1.8);
#94=FACE_BOUND('',#361,.T.);
#95=FACE_BOUND('',#362,.T.);
#96=FACE_BOUND('',#363,.T.);
#97=FACE_BOUND('',#364,.T.);
#98=FACE_BOUND('',#365,.T.);
#99=FACE_BOUND('',#366,.T.);
#100=FACE_BOUND('',#367,.T.);
#101=FACE_BOUND('',#368,.T.);
#102=FACE_BOUND('',#369,.T.);
#103=FACE_BOUND('',#370,.T.);
#104=FACE_BOUND('',#371,.T.);
#105=FACE_BOUND('',#372,.T.);
#106=FACE_BOUND('',#377,.T.);
#107=FACE_BOUND('',#378,.T.);
#108=FACE_BOUND('',#380,.T.);
#109=FACE_BOUND('',#399,.T.);
#110=FACE_BOUND('',#400,.T.);
#111=FACE_BOUND('',#407,.T.);
#112=FACE_BOUND('',#408,.T.);
#113=FACE_BOUND('',#414,.T.);
#114=FACE_BOUND('',#415,.T.);
#115=FACE_BOUND('',#447,.T.);
#116=FACE_BOUND('',#448,.T.);
#117=LINE('',#1804,#187);
#118=LINE('',#1806,#188);
#119=LINE('',#1808,#189);
#120=LINE('',#1810,#190);
#121=LINE('',#1812,#191);
#122=LINE('',#1813,#192);
#123=LINE('',#1839,#193);
#124=LINE('',#1849,#194);
#125=LINE('',#1852,#195);
#126=LINE('',#1880,#196);
#127=LINE('',#1908,#197);
#128=LINE('',#2285,#198);
#129=LINE('',#2291,#199);
#130=LINE('',#2293,#200);
#131=LINE('',#2294,#201);
#132=LINE('',#2299,#202);
#133=LINE('',#2311,#203);
#134=LINE('',#2312,#204);
#135=LINE('',#2314,#205);
#136=LINE('',#2391,#206);
#137=LINE('',#2392,#207);
#138=LINE('',#2395,#208);
#139=LINE('',#2396,#209);
#140=LINE('',#2402,#210);
#141=LINE('',#2405,#211);
#142=LINE('',#2408,#212);
#143=LINE('',#2410,#213);
#144=LINE('',#2411,#214);
#145=LINE('',#2414,#215);
#146=LINE('',#2415,#216);
#147=LINE('',#2416,#217);
#148=LINE('',#2419,#218);
#149=LINE('',#2420,#219);
#150=LINE('',#2421,#220);
#151=LINE('',#2422,#221);
#152=LINE('',#2424,#222);
#153=LINE('',#2429,#223);
#154=LINE('',#2438,#224);
#155=LINE('',#2441,#225);
#156=LINE('',#2442,#226);
#157=LINE('',#2446,#227);
#158=LINE('',#2589,#228);
#159=LINE('',#2705,#229);
#160=LINE('',#2706,#230);
#161=LINE('',#2707,#231);
#162=LINE('',#2739,#232);
#163=LINE('',#2857,#233);
#164=LINE('',#2893,#234);
#165=LINE('',#3056,#235);
#166=LINE('',#3170,#236);
#167=LINE('',#3171,#237);
#168=LINE('',#3207,#238);
#169=LINE('',#3341,#239);
#170=LINE('',#3381,#240);
#171=LINE('',#3383,#241);
#172=LINE('',#3387,#242);
#173=LINE('',#3393,#243);
#174=LINE('',#3394,#244);
#175=LINE('',#3396,#245);
#176=LINE('',#3404,#246);
#177=LINE('',#3412,#247);
#178=LINE('',#3420,#248);
#179=LINE('',#3428,#249);
#180=LINE('',#3436,#250);
#181=LINE('',#3444,#251);
#182=LINE('',#3452,#252);
#183=LINE('',#3460,#253);
#184=LINE('',#3468,#254);
#185=LINE('',#3528,#255);
#186=LINE('',#3532,#256);
#187=VECTOR('',#1454,10.);
#188=VECTOR('',#1455,10.);
#189=VECTOR('',#1456,10.);
#190=VECTOR('',#1457,10.);
#191=VECTOR('',#1458,10.);
#192=VECTOR('',#1459,10.);
#193=VECTOR('',#1486,3.90000000000001);
#194=VECTOR('',#1499,7.85);
#195=VECTOR('',#1502,7.65000000000001);
#196=VECTOR('',#1503,7.65000000000001);
#197=VECTOR('',#1504,7.65);
#198=VECTOR('',#1527,10.);
#199=VECTOR('',#1534,10.);
#200=VECTOR('',#1535,10.);
#201=VECTOR('',#1536,10.);
#202=VECTOR('',#1541,10.);
#203=VECTOR('',#1556,10.);
#204=VECTOR('',#1557,10.);
#205=VECTOR('',#1560,10.);
#206=VECTOR('',#1563,10.);
#207=VECTOR('',#1564,10.);
#208=VECTOR('',#1567,10.);
#209=VECTOR('',#1568,10.);
#210=VECTOR('',#1573,3.);
#211=VECTOR('',#1576,3.);
#212=VECTOR('',#1579,10.);
#213=VECTOR('',#1580,10.);
#214=VECTOR('',#1581,10.);
#215=VECTOR('',#1584,10.);
#216=VECTOR('',#1585,10.);
#217=VECTOR('',#1586,10.);
#218=VECTOR('',#1589,10.);
#219=VECTOR('',#1590,10.);
#220=VECTOR('',#1591,10.);
#221=VECTOR('',#1592,10.);
#222=VECTOR('',#1595,10.);
#223=VECTOR('',#1600,10.);
#224=VECTOR('',#1611,10.);
#225=VECTOR('',#1614,10.);
#226=VECTOR('',#1615,10.);
#227=VECTOR('',#1622,10.);
#228=VECTOR('',#1623,10.);
#229=VECTOR('',#1624,51.2147831028558);
#230=VECTOR('',#1625,10.);
#231=VECTOR('',#1626,51.2147831028558);
#232=VECTOR('',#1629,2.15);
#233=VECTOR('',#1630,10.);
#234=VECTOR('',#1633,2.15);
#235=VECTOR('',#1634,10.);
#236=VECTOR('',#1635,51.2147831028558);
#237=VECTOR('',#1636,51.2147831028558);
#238=VECTOR('',#1639,2.15);
#239=VECTOR('',#1640,10.);
#240=VECTOR('',#1643,2.15);
#241=VECTOR('',#1646,1.8);
#242=VECTOR('',#1651,1.8);
#243=VECTOR('',#1660,10.);
#244=VECTOR('',#1661,10.);
#245=VECTOR('',#1664,10.);
#246=VECTOR('',#1675,1.8);
#247=VECTOR('',#1686,1.8);
#248=VECTOR('',#1697,1.8);
#249=VECTOR('',#1708,1.8);
#250=VECTOR('',#1719,1.8);
#251=VECTOR('',#1730,3.90000000000001);
#252=VECTOR('',#1741,1.8);
#253=VECTOR('',#1752,1.8);
#254=VECTOR('',#1763,1.8);
#255=VECTOR('',#1768,1.8);
#256=VECTOR('',#1773,1.8);
#257=PLANE('',#1306);
#258=PLANE('',#1328);
#259=PLANE('',#1336);
#260=PLANE('',#1339);
#261=PLANE('',#1350);
#262=PLANE('',#1351);
#263=PLANE('',#1352);
#264=PLANE('',#1356);
#265=PLANE('',#1357);
#266=PLANE('',#1358);
#267=PLANE('',#1360);
#268=PLANE('',#1367);
#269=PLANE('',#1370);
#270=PLANE('',#1380);
#271=PLANE('',#1381);
#272=PLANE('',#1382);
#273=PLANE('',#1432);
#274=PLANE('',#1433);
#275=PLANE('',#1434);
#276=PLANE('',#1435);
#277=PLANE('',#1436);
#278=PLANE('',#1437);
#279=PLANE('',#1438);
#280=PLANE('',#1439);
#281=PLANE('',#1440);
#282=PLANE('',#1441);
#283=FACE_OUTER_BOUND('',#359,.T.);
#284=FACE_OUTER_BOUND('',#360,.T.);
#285=FACE_OUTER_BOUND('',#373,.T.);
#286=FACE_OUTER_BOUND('',#374,.T.);
#287=FACE_OUTER_BOUND('',#375,.T.);
#288=FACE_OUTER_BOUND('',#376,.T.);
#289=FACE_OUTER_BOUND('',#379,.T.);
#290=FACE_OUTER_BOUND('',#381,.T.);
#291=FACE_OUTER_BOUND('',#382,.T.);
#292=FACE_OUTER_BOUND('',#383,.T.);
#293=FACE_OUTER_BOUND('',#384,.T.);
#294=FACE_OUTER_BOUND('',#385,.T.);
#295=FACE_OUTER_BOUND('',#386,.T.);
#296=FACE_OUTER_BOUND('',#387,.T.);
#297=FACE_OUTER_BOUND('',#388,.T.);
#298=FACE_OUTER_BOUND('',#389,.T.);
#299=FACE_OUTER_BOUND('',#390,.T.);
#300=FACE_OUTER_BOUND('',#391,.T.);
#301=FACE_OUTER_BOUND('',#392,.T.);
#302=FACE_OUTER_BOUND('',#393,.T.);
#303=FACE_OUTER_BOUND('',#394,.T.);
#304=FACE_OUTER_BOUND('',#395,.T.);
#305=FACE_OUTER_BOUND('',#396,.T.);
#306=FACE_OUTER_BOUND('',#397,.T.);
#307=FACE_OUTER_BOUND('',#398,.T.);
#308=FACE_OUTER_BOUND('',#401,.T.);
#309=FACE_OUTER_BOUND('',#402,.T.);
#310=FACE_OUTER_BOUND('',#403,.T.);
#311=FACE_OUTER_BOUND('',#404,.T.);
#312=FACE_OUTER_BOUND('',#405,.T.);
#313=FACE_OUTER_BOUND('',#406,.T.);
#314=FACE_OUTER_BOUND('',#409,.T.);
#315=FACE_OUTER_BOUND('',#410,.T.);
#316=FACE_OUTER_BOUND('',#411,.T.);
#317=FACE_OUTER_BOUND('',#412,.T.);
#318=FACE_OUTER_BOUND('',#413,.T.);
#319=FACE_OUTER_BOUND('',#416,.T.);
#320=FACE_OUTER_BOUND('',#417,.T.);
#321=FACE_OUTER_BOUND('',#418,.T.);
#322=FACE_OUTER_BOUND('',#419,.T.);
#323=FACE_OUTER_BOUND('',#420,.T.);
#324=FACE_OUTER_BOUND('',#421,.T.);
#325=FACE_OUTER_BOUND('',#422,.T.);
#326=FACE_OUTER_BOUND('',#423,.T.);
#327=FACE_OUTER_BOUND('',#424,.T.);
#328=FACE_OUTER_BOUND('',#425,.T.);
#329=FACE_OUTER_BOUND('',#426,.T.);
#330=FACE_OUTER_BOUND('',#427,.T.);
#331=FACE_OUTER_BOUND('',#428,.T.);
#332=FACE_OUTER_BOUND('',#429,.T.);
#333=FACE_OUTER_BOUND('',#430,.T.);
#334=FACE_OUTER_BOUND('',#431,.T.);
#335=FACE_OUTER_BOUND('',#432,.T.);
#336=FACE_OUTER_BOUND('',#433,.T.);
#337=FACE_OUTER_BOUND('',#434,.T.);
#338=FACE_OUTER_BOUND('',#435,.T.);
#339=FACE_OUTER_BOUND('',#436,.T.);
#340=FACE_OUTER_BOUND('',#437,.T.);
#341=FACE_OUTER_BOUND('',#438,.T.);
#342=FACE_OUTER_BOUND('',#439,.T.);
#343=FACE_OUTER_BOUND('',#440,.T.);
#344=FACE_OUTER_BOUND('',#441,.T.);
#345=FACE_OUTER_BOUND('',#442,.T.);
#346=FACE_OUTER_BOUND('',#443,.T.);
#347=FACE_OUTER_BOUND('',#444,.T.);
#348=FACE_OUTER_BOUND('',#445,.T.);
#349=FACE_OUTER_BOUND('',#446,.T.);
#350=FACE_OUTER_BOUND('',#449,.T.);
#351=FACE_OUTER_BOUND('',#450,.T.);
#352=FACE_OUTER_BOUND('',#451,.T.);
#353=FACE_OUTER_BOUND('',#452,.T.);
#354=FACE_OUTER_BOUND('',#453,.T.);
#355=FACE_OUTER_BOUND('',#454,.T.);
#356=FACE_OUTER_BOUND('',#455,.T.);
#357=FACE_OUTER_BOUND('',#456,.T.);
#358=FACE_OUTER_BOUND('',#457,.T.);
#359=EDGE_LOOP('',(#831,#832,#833,#834));
#360=EDGE_LOOP('',(#835,#836,#837,#838,#839,#840));
#361=EDGE_LOOP('',(#841));
#362=EDGE_LOOP('',(#842));
#363=EDGE_LOOP('',(#843));
#364=EDGE_LOOP('',(#844));
#365=EDGE_LOOP('',(#845));
#366=EDGE_LOOP('',(#846));
#367=EDGE_LOOP('',(#847));
#368=EDGE_LOOP('',(#848));
#369=EDGE_LOOP('',(#849));
#370=EDGE_LOOP('',(#850));
#371=EDGE_LOOP('',(#851));
#372=EDGE_LOOP('',(#852));
#373=EDGE_LOOP('',(#853,#854,#855,#856));
#374=EDGE_LOOP('',(#857,#858,#859,#860));
#375=EDGE_LOOP('',(#861,#862,#863,#864));
#376=EDGE_LOOP('',(#865,#866,#867,#868,#869,#870,#871,#872,#873,#874,#875,
#876,#877,#878,#879,#880));
#377=EDGE_LOOP('',(#881,#882));
#378=EDGE_LOOP('',(#883,#884));
#379=EDGE_LOOP('',(#885,#886,#887,#888));
#380=EDGE_LOOP('',(#889));
#381=EDGE_LOOP('',(#890,#891,#892,#893,#894,#895,#896,#897,#898));
#382=EDGE_LOOP('',(#899,#900,#901,#902));
#383=EDGE_LOOP('',(#903));
#384=EDGE_LOOP('',(#904,#905,#906,#907));
#385=EDGE_LOOP('',(#908,#909,#910,#911,#912));
#386=EDGE_LOOP('',(#913,#914,#915,#916));
#387=EDGE_LOOP('',(#917,#918,#919,#920));
#388=EDGE_LOOP('',(#921,#922,#923,#924));
#389=EDGE_LOOP('',(#925,#926,#927,#928));
#390=EDGE_LOOP('',(#929,#930,#931,#932,#933,#934));
#391=EDGE_LOOP('',(#935,#936,#937));
#392=EDGE_LOOP('',(#938,#939,#940));
#393=EDGE_LOOP('',(#941,#942,#943,#944));
#394=EDGE_LOOP('',(#945,#946,#947,#948));
#395=EDGE_LOOP('',(#949,#950,#951,#952,#953,#954,#955));
#396=EDGE_LOOP('',(#956,#957,#958,#959,#960,#961,#962));
#397=EDGE_LOOP('',(#963,#964,#965,#966,#967));
#398=EDGE_LOOP('',(#968,#969,#970,#971,#972,#973,#974,#975));
#399=EDGE_LOOP('',(#976));
#400=EDGE_LOOP('',(#977));
#401=EDGE_LOOP('',(#978,#979,#980,#981));
#402=EDGE_LOOP('',(#982,#983,#984,#985));
#403=EDGE_LOOP('',(#986,#987,#988,#989));
#404=EDGE_LOOP('',(#990,#991,#992,#993,#994,#995,#996));
#405=EDGE_LOOP('',(#997,#998,#999,#1000,#1001));
#406=EDGE_LOOP('',(#1002,#1003,#1004,#1005,#1006,#1007));
#407=EDGE_LOOP('',(#1008));
#408=EDGE_LOOP('',(#1009));
#409=EDGE_LOOP('',(#1010,#1011,#1012,#1013,#1014,#1015,#1016,#1017));
#410=EDGE_LOOP('',(#1018,#1019,#1020,#1021,#1022));
#411=EDGE_LOOP('',(#1023,#1024,#1025,#1026,#1027,#1028,#1029,#1030));
#412=EDGE_LOOP('',(#1031,#1032,#1033,#1034,#1035));
#413=EDGE_LOOP('',(#1036,#1037,#1038,#1039,#1040,#1041));
#414=EDGE_LOOP('',(#1042));
#415=EDGE_LOOP('',(#1043));
#416=EDGE_LOOP('',(#1044,#1045,#1046,#1047,#1048,#1049));
#417=EDGE_LOOP('',(#1050,#1051,#1052,#1053,#1054));
#418=EDGE_LOOP('',(#1055,#1056,#1057,#1058,#1059,#1060));
#419=EDGE_LOOP('',(#1061,#1062,#1063,#1064,#1065,#1066));
#420=EDGE_LOOP('',(#1067,#1068,#1069,#1070,#1071,#1072));
#421=EDGE_LOOP('',(#1073));
#422=EDGE_LOOP('',(#1074,#1075,#1076,#1077,#1078,#1079,#1080,#1081,#1082));
#423=EDGE_LOOP('',(#1083,#1084,#1085,#1086));
#424=EDGE_LOOP('',(#1087,#1088,#1089,#1090));
#425=EDGE_LOOP('',(#1091,#1092,#1093,#1094));
#426=EDGE_LOOP('',(#1095,#1096,#1097,#1098));
#427=EDGE_LOOP('',(#1099,#1100,#1101,#1102));
#428=EDGE_LOOP('',(#1103,#1104,#1105,#1106));
#429=EDGE_LOOP('',(#1107,#1108,#1109,#1110));
#430=EDGE_LOOP('',(#1111,#1112,#1113,#1114));
#431=EDGE_LOOP('',(#1115,#1116,#1117,#1118));
#432=EDGE_LOOP('',(#1119,#1120,#1121,#1122));
#433=EDGE_LOOP('',(#1123,#1124,#1125,#1126));
#434=EDGE_LOOP('',(#1127,#1128,#1129,#1130));
#435=EDGE_LOOP('',(#1131,#1132,#1133,#1134));
#436=EDGE_LOOP('',(#1135,#1136,#1137,#1138));
#437=EDGE_LOOP('',(#1139,#1140,#1141,#1142));
#438=EDGE_LOOP('',(#1143,#1144,#1145,#1146));
#439=EDGE_LOOP('',(#1147,#1148,#1149,#1150));
#440=EDGE_LOOP('',(#1151,#1152,#1153,#1154));
#441=EDGE_LOOP('',(#1155,#1156,#1157,#1158));
#442=EDGE_LOOP('',(#1159,#1160,#1161,#1162));
#443=EDGE_LOOP('',(#1163,#1164,#1165,#1166));
#444=EDGE_LOOP('',(#1167,#1168,#1169,#1170));
#445=EDGE_LOOP('',(#1171,#1172,#1173,#1174));
#446=EDGE_LOOP('',(#1175,#1176,#1177,#1178,#1179,#1180,#1181,#1182,#1183,
#1184,#1185,#1186,#1187));
#447=EDGE_LOOP('',(#1188));
#448=EDGE_LOOP('',(#1189));
#449=EDGE_LOOP('',(#1190));
#450=EDGE_LOOP('',(#1191));
#451=EDGE_LOOP('',(#1192));
#452=EDGE_LOOP('',(#1193));
#453=EDGE_LOOP('',(#1194));
#454=EDGE_LOOP('',(#1195));
#455=EDGE_LOOP('',(#1196));
#456=EDGE_LOOP('',(#1197));
#457=EDGE_LOOP('',(#1198));
#458=CIRCLE('',#1303,3.90000000000001);
#459=CIRCLE('',#1304,0.8);
#460=CIRCLE('',#1305,4.70000000000001);
#461=CIRCLE('',#1307,2.4);
#462=CIRCLE('',#1308,2.4);
#463=CIRCLE('',#1309,2.4);
#464=CIRCLE('',#1310,2.4);
#465=CIRCLE('',#1311,2.4);
#466=CIRCLE('',#1312,2.4);
#467=CIRCLE('',#1313,4.50000000000001);
#468=CIRCLE('',#1314,2.4);
#469=CIRCLE('',#1315,2.4);
#470=CIRCLE('',#1316,1.8);
#471=CIRCLE('',#1317,1.8);
#472=CIRCLE('',#1319,3.90000000000001);
#473=CIRCLE('',#1321,7.66215379759023);
#474=CIRCLE('',#1322,0.8);
#475=CIRCLE('',#1323,7.65000000000001);
#476=CIRCLE('',#1325,8.05);
#477=CIRCLE('',#1327,7.65000000000001);
#478=CIRCLE('',#1329,11.55);
#479=CIRCLE('',#1330,11.55);
#480=CIRCLE('',#1331,11.55);
#481=CIRCLE('',#1332,11.55);
#482=CIRCLE('',#1334,7.15000000000001);
#483=CIRCLE('',#1335,0.5);
#484=CIRCLE('',#1338,0.8);
#485=CIRCLE('',#1340,2.);
#486=CIRCLE('',#1343,0.799999999999983);
#487=CIRCLE('',#1345,0.799999999999983);
#488=CIRCLE('',#1346,2.);
#489=CIRCLE('',#1347,1.2);
#490=CIRCLE('',#1354,3.);
#491=CIRCLE('',#1355,3.);
#492=CIRCLE('',#1361,10.);
#493=CIRCLE('',#1362,10.);
#494=CIRCLE('',#1363,1.8);
#495=CIRCLE('',#1364,1.8);
#496=CIRCLE('',#1366,10.);
#497=CIRCLE('',#1369,10.);
#498=CIRCLE('',#1376,1.8);
#499=CIRCLE('',#1378,1.8);
#500=CIRCLE('',#1379,1.8);
#501=CIRCLE('',#1384,1.8);
#502=CIRCLE('',#1385,0.6);
#503=CIRCLE('',#1387,1.8);
#504=CIRCLE('',#1389,1.8);
#505=CIRCLE('',#1390,0.6);
#506=CIRCLE('',#1392,1.8);
#507=CIRCLE('',#1394,1.8);
#508=CIRCLE('',#1395,0.6);
#509=CIRCLE('',#1397,1.8);
#510=CIRCLE('',#1399,1.8);
#511=CIRCLE('',#1400,0.6);
#512=CIRCLE('',#1402,1.8);
#513=CIRCLE('',#1404,1.8);
#514=CIRCLE('',#1405,0.6);
#515=CIRCLE('',#1407,1.8);
#516=CIRCLE('',#1409,3.90000000000001);
#517=CIRCLE('',#1410,0.6);
#518=CIRCLE('',#1412,3.90000000000001);
#519=CIRCLE('',#1414,1.8);
#520=CIRCLE('',#1415,0.6);
#521=CIRCLE('',#1417,1.8);
#522=CIRCLE('',#1419,1.8);
#523=CIRCLE('',#1420,0.6);
#524=CIRCLE('',#1422,1.8);
#525=CIRCLE('',#1424,1.8);
#526=CIRCLE('',#1425,0.6);
#527=CIRCLE('',#1427,1.8);
#528=CIRCLE('',#1429,1.8);
#529=CIRCLE('',#1431,1.8);
#530=VERTEX_POINT('',#1796);
#531=VERTEX_POINT('',#1798);
#532=VERTEX_POINT('',#1802);
#533=VERTEX_POINT('',#1803);
#534=VERTEX_POINT('',#1805);
#535=VERTEX_POINT('',#1807);
#536=VERTEX_POINT('',#1809);
#537=VERTEX_POINT('',#1811);
#538=VERTEX_POINT('',#1814);
#539=VERTEX_POINT('',#1816);
#540=VERTEX_POINT('',#1818);
#541=VERTEX_POINT('',#1820);
#542=VERTEX_POINT('',#1822);
#543=VERTEX_POINT('',#1824);
#544=VERTEX_POINT('',#1826);
#545=VERTEX_POINT('',#1828);
#546=VERTEX_POINT('',#1830);
#547=VERTEX_POINT('',#1832);
#548=VERTEX_POINT('',#1834);
#549=VERTEX_POINT('',#1837);
#550=VERTEX_POINT('',#1841);
#551=VERTEX_POINT('',#1843);
#552=VERTEX_POINT('',#1847);
#553=VERTEX_POINT('',#1851);
#554=VERTEX_POINT('',#1853);
#555=VERTEX_POINT('',#1866);
#556=VERTEX_POINT('',#1879);
#557=VERTEX_POINT('',#1881);
#558=VERTEX_POINT('',#1894);
#559=VERTEX_POINT('',#1907);
#560=VERTEX_POINT('',#1910);
#561=VERTEX_POINT('',#1931);
#562=VERTEX_POINT('',#1952);
#563=VERTEX_POINT('',#1953);
#564=VERTEX_POINT('',#1990);
#565=VERTEX_POINT('',#1991);
#566=VERTEX_POINT('',#2029);
#567=VERTEX_POINT('',#2030);
#568=VERTEX_POINT('',#2032);
#569=VERTEX_POINT('',#2034);
#570=VERTEX_POINT('',#2079);
#571=VERTEX_POINT('',#2080);
#572=VERTEX_POINT('',#2093);
#573=VERTEX_POINT('',#2100);
#574=VERTEX_POINT('',#2113);
#575=VERTEX_POINT('',#2118);
#576=VERTEX_POINT('',#2177);
#577=VERTEX_POINT('',#2183);
#578=VERTEX_POINT('',#2188);
#579=VERTEX_POINT('',#2270);
#580=VERTEX_POINT('',#2275);
#581=VERTEX_POINT('',#2284);
#582=VERTEX_POINT('',#2288);
#583=VERTEX_POINT('',#2290);
#584=VERTEX_POINT('',#2292);
#585=VERTEX_POINT('',#2296);
#586=VERTEX_POINT('',#2298);
#587=VERTEX_POINT('',#2302);
#588=VERTEX_POINT('',#2303);
#589=VERTEX_POINT('',#2308);
#590=VERTEX_POINT('',#2309);
#591=VERTEX_POINT('',#2340);
#592=VERTEX_POINT('',#2341);
#593=VERTEX_POINT('',#2354);
#594=VERTEX_POINT('',#2360);
#595=VERTEX_POINT('',#2373);
#596=VERTEX_POINT('',#2378);
#597=VERTEX_POINT('',#2390);
#598=VERTEX_POINT('',#2394);
#599=VERTEX_POINT('',#2398);
#600=VERTEX_POINT('',#2399);
#601=VERTEX_POINT('',#2401);
#602=VERTEX_POINT('',#2403);
#603=VERTEX_POINT('',#2407);
#604=VERTEX_POINT('',#2409);
#605=VERTEX_POINT('',#2413);
#606=VERTEX_POINT('',#2418);
#607=VERTEX_POINT('',#2426);
#608=VERTEX_POINT('',#2428);
#609=VERTEX_POINT('',#2431);
#610=VERTEX_POINT('',#2433);
#611=VERTEX_POINT('',#2436);
#612=VERTEX_POINT('',#2440);
#613=VERTEX_POINT('',#2587);
#614=VERTEX_POINT('',#2588);
#615=VERTEX_POINT('',#2590);
#616=VERTEX_POINT('',#2708);
#617=VERTEX_POINT('',#2856);
#618=VERTEX_POINT('',#2858);
#619=VERTEX_POINT('',#3054);
#620=VERTEX_POINT('',#3055);
#621=VERTEX_POINT('',#3057);
#622=VERTEX_POINT('',#3172);
#623=VERTEX_POINT('',#3340);
#624=VERTEX_POINT('',#3342);
#625=VERTEX_POINT('',#3386);
#626=VERTEX_POINT('',#3392);
#627=VERTEX_POINT('',#3398);
#628=VERTEX_POINT('',#3402);
#629=VERTEX_POINT('',#3406);
#630=VERTEX_POINT('',#3410);
#631=VERTEX_POINT('',#3414);
#632=VERTEX_POINT('',#3418);
#633=VERTEX_POINT('',#3422);
#634=VERTEX_POINT('',#3426);
#635=VERTEX_POINT('',#3430);
#636=VERTEX_POINT('',#3434);
#637=VERTEX_POINT('',#3438);
#638=VERTEX_POINT('',#3442);
#639=VERTEX_POINT('',#3446);
#640=VERTEX_POINT('',#3450);
#641=VERTEX_POINT('',#3454);
#642=VERTEX_POINT('',#3458);
#643=VERTEX_POINT('',#3462);
#644=VERTEX_POINT('',#3466);
#645=VERTEX_POINT('',#3526);
#646=VERTEX_POINT('',#3530);
#647=EDGE_CURVE('',#530,#530,#458,.T.);
#648=EDGE_CURVE('',#530,#531,#459,.T.);
#649=EDGE_CURVE('',#531,#531,#460,.T.);
#650=EDGE_CURVE('',#532,#533,#117,.T.);
#651=EDGE_CURVE('',#532,#534,#118,.T.);
#652=EDGE_CURVE('',#535,#534,#119,.T.);
#653=EDGE_CURVE('',#535,#536,#120,.T.);
#654=EDGE_CURVE('',#537,#536,#121,.T.);
#655=EDGE_CURVE('',#533,#537,#122,.T.);
#656=EDGE_CURVE('',#538,#538,#461,.T.);
#657=EDGE_CURVE('',#539,#539,#462,.T.);
#658=EDGE_CURVE('',#540,#540,#463,.T.);
#659=EDGE_CURVE('',#541,#541,#464,.T.);
#660=EDGE_CURVE('',#542,#542,#465,.T.);
#661=EDGE_CURVE('',#543,#543,#466,.T.);
#662=EDGE_CURVE('',#544,#544,#467,.T.);
#663=EDGE_CURVE('',#545,#545,#468,.T.);
#664=EDGE_CURVE('',#546,#546,#469,.T.);
#665=EDGE_CURVE('',#547,#547,#470,.T.);
#666=EDGE_CURVE('',#548,#548,#471,.T.);
#667=EDGE_CURVE('',#549,#549,#472,.T.);
#668=EDGE_CURVE('',#549,#530,#123,.T.);
#669=EDGE_CURVE('',#550,#550,#473,.T.);
#670=EDGE_CURVE('',#550,#551,#474,.T.);
#671=EDGE_CURVE('',#551,#551,#475,.T.);
#672=EDGE_CURVE('',#552,#552,#476,.T.);
#673=EDGE_CURVE('',#552,#550,#124,.T.);
#674=EDGE_CURVE('',#551,#553,#125,.T.);
#675=EDGE_CURVE('',#553,#554,#27,.T.);
#676=EDGE_CURVE('',#554,#555,#28,.T.);
#677=EDGE_CURVE('',#555,#556,#126,.T.);
#678=EDGE_CURVE('',#556,#557,#29,.T.);
#679=EDGE_CURVE('',#557,#558,#30,.T.);
#680=EDGE_CURVE('',#558,#559,#127,.T.);
#681=EDGE_CURVE('',#559,#559,#477,.T.);
#682=EDGE_CURVE('',#558,#560,#31,.T.);
#683=EDGE_CURVE('',#560,#556,#32,.T.);
#684=EDGE_CURVE('',#555,#561,#33,.T.);
#685=EDGE_CURVE('',#561,#553,#34,.T.);
#686=EDGE_CURVE('',#562,#563,#35,.T.);
#687=EDGE_CURVE('',#563,#562,#36,.T.);
#688=EDGE_CURVE('',#564,#565,#37,.T.);
#689=EDGE_CURVE('',#565,#564,#38,.T.);
#690=EDGE_CURVE('',#566,#567,#478,.T.);
#691=EDGE_CURVE('',#567,#568,#479,.T.);
#692=EDGE_CURVE('',#568,#569,#480,.T.);
#693=EDGE_CURVE('',#569,#566,#481,.T.);
#694=EDGE_CURVE('',#570,#571,#39,.F.);
#695=EDGE_CURVE('',#570,#572,#40,.T.);
#696=EDGE_CURVE('',#572,#573,#41,.T.);
#697=EDGE_CURVE('',#573,#574,#42,.T.);
#698=EDGE_CURVE('',#575,#574,#43,.F.);
#699=EDGE_CURVE('',#575,#576,#44,.T.);
#700=EDGE_CURVE('',#577,#576,#45,.F.);
#701=EDGE_CURVE('',#578,#577,#46,.F.);
#702=EDGE_CURVE('',#578,#571,#47,.T.);
#703=EDGE_CURVE('',#579,#579,#482,.T.);
#704=EDGE_CURVE('',#579,#559,#483,.T.);
#705=EDGE_CURVE('',#533,#580,#48,.T.);
#706=EDGE_CURVE('',#580,#581,#128,.T.);
#707=EDGE_CURVE('',#581,#532,#484,.T.);
#708=EDGE_CURVE('',#582,#580,#485,.T.);
#709=EDGE_CURVE('',#582,#583,#129,.T.);
#710=EDGE_CURVE('',#584,#583,#130,.T.);
#711=EDGE_CURVE('',#584,#581,#131,.F.);
#712=EDGE_CURVE('',#536,#585,#15,.T.);
#713=EDGE_CURVE('',#585,#586,#132,.T.);
#714=EDGE_CURVE('',#586,#537,#486,.T.);
#715=EDGE_CURVE('',#587,#588,#487,.T.);
#716=EDGE_CURVE('',#588,#537,#488,.T.);
#717=EDGE_CURVE('',#586,#587,#489,.T.);
#718=EDGE_CURVE('',#589,#590,#16,.T.);
#719=EDGE_CURVE('',#590,#588,#133,.T.);
#720=EDGE_CURVE('',#587,#589,#134,.T.);
#721=EDGE_CURVE('',#585,#589,#135,.T.);
#722=EDGE_CURVE('',#591,#592,#49,.T.);
#723=EDGE_CURVE('',#592,#593,#50,.T.);
#724=EDGE_CURVE('',#594,#593,#51,.F.);
#725=EDGE_CURVE('',#594,#595,#52,.T.);
#726=EDGE_CURVE('',#596,#595,#53,.F.);
#727=EDGE_CURVE('',#596,#591,#54,.T.);
#728=EDGE_CURVE('',#594,#597,#136,.T.);
#729=EDGE_CURVE('',#595,#597,#137,.T.);
#730=EDGE_CURVE('',#598,#596,#138,.T.);
#731=EDGE_CURVE('',#591,#598,#139,.T.);
#732=EDGE_CURVE('',#599,#600,#490,.T.);
#733=EDGE_CURVE('',#600,#601,#140,.T.);
#734=EDGE_CURVE('',#602,#601,#491,.F.);
#735=EDGE_CURVE('',#602,#599,#141,.T.);
#736=EDGE_CURVE('',#602,#603,#142,.T.);
#737=EDGE_CURVE('',#604,#603,#143,.T.);
#738=EDGE_CURVE('',#599,#604,#144,.T.);
#739=EDGE_CURVE('',#603,#605,#145,.T.);
#740=EDGE_CURVE('',#590,#602,#146,.T.);
#741=EDGE_CURVE('',#536,#605,#147,.T.);
#742=EDGE_CURVE('',#606,#535,#148,.T.);
#743=EDGE_CURVE('',#573,#606,#149,.T.);
#744=EDGE_CURVE('',#573,#591,#150,.T.);
#745=EDGE_CURVE('',#605,#598,#151,.T.);
#746=EDGE_CURVE('',#588,#582,#152,.T.);
#747=EDGE_CURVE('',#607,#601,#492,.T.);
#748=EDGE_CURVE('',#608,#607,#153,.T.);
#749=EDGE_CURVE('',#583,#608,#493,.T.);
#750=EDGE_CURVE('',#609,#609,#494,.T.);
#751=EDGE_CURVE('',#610,#610,#495,.T.);
#752=EDGE_CURVE('',#600,#611,#496,.T.);
#753=EDGE_CURVE('',#611,#607,#154,.T.);
#754=EDGE_CURVE('',#611,#612,#155,.T.);
#755=EDGE_CURVE('',#608,#612,#156,.T.);
#756=EDGE_CURVE('',#612,#584,#497,.T.);
#757=EDGE_CURVE('',#597,#604,#157,.T.);
#758=EDGE_CURVE('',#613,#614,#158,.T.);
#759=EDGE_CURVE('',#614,#615,#55,.T.);
#760=EDGE_CURVE('',#615,#614,#56,.T.);
#761=EDGE_CURVE('',#613,#613,#57,.T.);
#762=EDGE_CURVE('',#569,#570,#159,.T.);
#763=EDGE_CURVE('',#594,#571,#160,.T.);
#764=EDGE_CURVE('',#566,#593,#161,.T.);
#765=EDGE_CURVE('',#616,#616,#58,.T.);
#766=EDGE_CURVE('',#615,#554,#162,.T.);
#767=EDGE_CURVE('',#616,#617,#163,.T.);
#768=EDGE_CURVE('',#617,#618,#59,.T.);
#769=EDGE_CURVE('',#618,#617,#60,.T.);
#770=EDGE_CURVE('',#618,#557,#164,.T.);
#771=EDGE_CURVE('',#619,#620,#165,.T.);
#772=EDGE_CURVE('',#620,#621,#61,.T.);
#773=EDGE_CURVE('',#621,#620,#62,.T.);
#774=EDGE_CURVE('',#619,#619,#63,.T.);
#775=EDGE_CURVE('',#567,#592,#166,.T.);
#776=EDGE_CURVE('',#568,#572,#167,.T.);
#777=EDGE_CURVE('',#622,#622,#64,.T.);
#778=EDGE_CURVE('',#565,#621,#168,.T.);
#779=EDGE_CURVE('',#622,#623,#169,.T.);
#780=EDGE_CURVE('',#623,#624,#65,.T.);
#781=EDGE_CURVE('',#624,#623,#66,.T.);
#782=EDGE_CURVE('',#563,#624,#170,.T.);
#783=EDGE_CURVE('',#548,#577,#171,.T.);
#784=EDGE_CURVE('',#578,#576,#498,.T.);
#785=EDGE_CURVE('',#547,#625,#172,.T.);
#786=EDGE_CURVE('',#575,#625,#499,.T.);
#787=EDGE_CURVE('',#625,#574,#500,.T.);
#788=EDGE_CURVE('',#626,#606,#173,.T.);
#789=EDGE_CURVE('',#571,#626,#174,.T.);
#790=EDGE_CURVE('',#534,#626,#175,.T.);
#791=EDGE_CURVE('',#627,#627,#501,.T.);
#792=EDGE_CURVE('',#627,#538,#502,.T.);
#793=EDGE_CURVE('',#628,#628,#503,.T.);
#794=EDGE_CURVE('',#628,#627,#176,.T.);
#795=EDGE_CURVE('',#629,#629,#504,.T.);
#796=EDGE_CURVE('',#629,#546,#505,.T.);
#797=EDGE_CURVE('',#630,#630,#506,.T.);
#798=EDGE_CURVE('',#630,#629,#177,.T.);
#799=EDGE_CURVE('',#631,#631,#507,.T.);
#800=EDGE_CURVE('',#631,#539,#508,.T.);
#801=EDGE_CURVE('',#632,#632,#509,.T.);
#802=EDGE_CURVE('',#632,#631,#178,.T.);
#803=EDGE_CURVE('',#633,#633,#510,.T.);
#804=EDGE_CURVE('',#633,#545,#511,.T.);
#805=EDGE_CURVE('',#634,#634,#512,.T.);
#806=EDGE_CURVE('',#634,#633,#179,.T.);
#807=EDGE_CURVE('',#635,#635,#513,.T.);
#808=EDGE_CURVE('',#635,#540,#514,.T.);
#809=EDGE_CURVE('',#636,#636,#515,.T.);
#810=EDGE_CURVE('',#636,#635,#180,.T.);
#811=EDGE_CURVE('',#637,#637,#516,.T.);
#812=EDGE_CURVE('',#637,#544,#517,.T.);
#813=EDGE_CURVE('',#638,#638,#518,.T.);
#814=EDGE_CURVE('',#638,#637,#181,.T.);
#815=EDGE_CURVE('',#639,#639,#519,.T.);
#816=EDGE_CURVE('',#639,#541,#520,.T.);
#817=EDGE_CURVE('',#640,#640,#521,.T.);
#818=EDGE_CURVE('',#640,#639,#182,.T.);
#819=EDGE_CURVE('',#641,#641,#522,.T.);
#820=EDGE_CURVE('',#641,#543,#523,.T.);
#821=EDGE_CURVE('',#642,#642,#524,.T.);
#822=EDGE_CURVE('',#642,#641,#183,.T.);
#823=EDGE_CURVE('',#643,#643,#525,.T.);
#824=EDGE_CURVE('',#643,#542,#526,.T.);
#825=EDGE_CURVE('',#644,#644,#527,.T.);
#826=EDGE_CURVE('',#644,#643,#184,.T.);
#827=EDGE_CURVE('',#645,#645,#528,.T.);
#828=EDGE_CURVE('',#645,#610,#185,.T.);
#829=EDGE_CURVE('',#646,#646,#529,.T.);
#830=EDGE_CURVE('',#646,#609,#186,.T.);
#831=ORIENTED_EDGE('',*,*,#647,.T.);
#832=ORIENTED_EDGE('',*,*,#648,.T.);
#833=ORIENTED_EDGE('',*,*,#649,.T.);
#834=ORIENTED_EDGE('',*,*,#648,.F.);
#835=ORIENTED_EDGE('',*,*,#650,.F.);
#836=ORIENTED_EDGE('',*,*,#651,.T.);
#837=ORIENTED_EDGE('',*,*,#652,.F.);
#838=ORIENTED_EDGE('',*,*,#653,.T.);
#839=ORIENTED_EDGE('',*,*,#654,.F.);
#840=ORIENTED_EDGE('',*,*,#655,.F.);
#841=ORIENTED_EDGE('',*,*,#656,.F.);
#842=ORIENTED_EDGE('',*,*,#657,.F.);
#843=ORIENTED_EDGE('',*,*,#658,.F.);
#844=ORIENTED_EDGE('',*,*,#659,.F.);
#845=ORIENTED_EDGE('',*,*,#660,.F.);
#846=ORIENTED_EDGE('',*,*,#661,.F.);
#847=ORIENTED_EDGE('',*,*,#662,.F.);
#848=ORIENTED_EDGE('',*,*,#663,.F.);
#849=ORIENTED_EDGE('',*,*,#664,.F.);
#850=ORIENTED_EDGE('',*,*,#665,.T.);
#851=ORIENTED_EDGE('',*,*,#666,.T.);
#852=ORIENTED_EDGE('',*,*,#649,.F.);
#853=ORIENTED_EDGE('',*,*,#667,.F.);
#854=ORIENTED_EDGE('',*,*,#668,.T.);
#855=ORIENTED_EDGE('',*,*,#647,.F.);
#856=ORIENTED_EDGE('',*,*,#668,.F.);
#857=ORIENTED_EDGE('',*,*,#669,.T.);
#858=ORIENTED_EDGE('',*,*,#670,.T.);
#859=ORIENTED_EDGE('',*,*,#671,.T.);
#860=ORIENTED_EDGE('',*,*,#670,.F.);
#861=ORIENTED_EDGE('',*,*,#672,.T.);
#862=ORIENTED_EDGE('',*,*,#673,.T.);
#863=ORIENTED_EDGE('',*,*,#669,.F.);
#864=ORIENTED_EDGE('',*,*,#673,.F.);
#865=ORIENTED_EDGE('',*,*,#671,.F.);
#866=ORIENTED_EDGE('',*,*,#674,.T.);
#867=ORIENTED_EDGE('',*,*,#675,.T.);
#868=ORIENTED_EDGE('',*,*,#676,.T.);
#869=ORIENTED_EDGE('',*,*,#677,.T.);
#870=ORIENTED_EDGE('',*,*,#678,.T.);
#871=ORIENTED_EDGE('',*,*,#679,.T.);
#872=ORIENTED_EDGE('',*,*,#680,.T.);
#873=ORIENTED_EDGE('',*,*,#681,.F.);
#874=ORIENTED_EDGE('',*,*,#680,.F.);
#875=ORIENTED_EDGE('',*,*,#682,.T.);
#876=ORIENTED_EDGE('',*,*,#683,.T.);
#877=ORIENTED_EDGE('',*,*,#677,.F.);
#878=ORIENTED_EDGE('',*,*,#684,.T.);
#879=ORIENTED_EDGE('',*,*,#685,.T.);
#880=ORIENTED_EDGE('',*,*,#674,.F.);
#881=ORIENTED_EDGE('',*,*,#686,.T.);
#882=ORIENTED_EDGE('',*,*,#687,.T.);
#883=ORIENTED_EDGE('',*,*,#688,.T.);
#884=ORIENTED_EDGE('',*,*,#689,.T.);
#885=ORIENTED_EDGE('',*,*,#690,.T.);
#886=ORIENTED_EDGE('',*,*,#691,.T.);
#887=ORIENTED_EDGE('',*,*,#692,.T.);
#888=ORIENTED_EDGE('',*,*,#693,.T.);
#889=ORIENTED_EDGE('',*,*,#672,.F.);
#890=ORIENTED_EDGE('',*,*,#694,.F.);
#891=ORIENTED_EDGE('',*,*,#695,.T.);
#892=ORIENTED_EDGE('',*,*,#696,.T.);
#893=ORIENTED_EDGE('',*,*,#697,.T.);
#894=ORIENTED_EDGE('',*,*,#698,.F.);
#895=ORIENTED_EDGE('',*,*,#699,.T.);
#896=ORIENTED_EDGE('',*,*,#700,.F.);
#897=ORIENTED_EDGE('',*,*,#701,.F.);
#898=ORIENTED_EDGE('',*,*,#702,.T.);
#899=ORIENTED_EDGE('',*,*,#703,.T.);
#900=ORIENTED_EDGE('',*,*,#704,.T.);
#901=ORIENTED_EDGE('',*,*,#681,.T.);
#902=ORIENTED_EDGE('',*,*,#704,.F.);
#903=ORIENTED_EDGE('',*,*,#703,.F.);
#904=ORIENTED_EDGE('',*,*,#705,.T.);
#905=ORIENTED_EDGE('',*,*,#706,.T.);
#906=ORIENTED_EDGE('',*,*,#707,.T.);
#907=ORIENTED_EDGE('',*,*,#650,.T.);
#908=ORIENTED_EDGE('',*,*,#706,.F.);
#909=ORIENTED_EDGE('',*,*,#708,.F.);
#910=ORIENTED_EDGE('',*,*,#709,.T.);
#911=ORIENTED_EDGE('',*,*,#710,.F.);
#912=ORIENTED_EDGE('',*,*,#711,.T.);
#913=ORIENTED_EDGE('',*,*,#712,.T.);
#914=ORIENTED_EDGE('',*,*,#713,.T.);
#915=ORIENTED_EDGE('',*,*,#714,.T.);
#916=ORIENTED_EDGE('',*,*,#654,.T.);
#917=ORIENTED_EDGE('',*,*,#715,.T.);
#918=ORIENTED_EDGE('',*,*,#716,.T.);
#919=ORIENTED_EDGE('',*,*,#714,.F.);
#920=ORIENTED_EDGE('',*,*,#717,.T.);
#921=ORIENTED_EDGE('',*,*,#718,.T.);
#922=ORIENTED_EDGE('',*,*,#719,.T.);
#923=ORIENTED_EDGE('',*,*,#715,.F.);
#924=ORIENTED_EDGE('',*,*,#720,.T.);
#925=ORIENTED_EDGE('',*,*,#720,.F.);
#926=ORIENTED_EDGE('',*,*,#717,.F.);
#927=ORIENTED_EDGE('',*,*,#713,.F.);
#928=ORIENTED_EDGE('',*,*,#721,.T.);
#929=ORIENTED_EDGE('',*,*,#722,.T.);
#930=ORIENTED_EDGE('',*,*,#723,.T.);
#931=ORIENTED_EDGE('',*,*,#724,.F.);
#932=ORIENTED_EDGE('',*,*,#725,.T.);
#933=ORIENTED_EDGE('',*,*,#726,.F.);
#934=ORIENTED_EDGE('',*,*,#727,.T.);
#935=ORIENTED_EDGE('',*,*,#725,.F.);
#936=ORIENTED_EDGE('',*,*,#728,.T.);
#937=ORIENTED_EDGE('',*,*,#729,.F.);
#938=ORIENTED_EDGE('',*,*,#727,.F.);
#939=ORIENTED_EDGE('',*,*,#730,.F.);
#940=ORIENTED_EDGE('',*,*,#731,.F.);
#941=ORIENTED_EDGE('',*,*,#732,.T.);
#942=ORIENTED_EDGE('',*,*,#733,.T.);
#943=ORIENTED_EDGE('',*,*,#734,.F.);
#944=ORIENTED_EDGE('',*,*,#735,.T.);
#945=ORIENTED_EDGE('',*,*,#735,.F.);
#946=ORIENTED_EDGE('',*,*,#736,.T.);
#947=ORIENTED_EDGE('',*,*,#737,.F.);
#948=ORIENTED_EDGE('',*,*,#738,.F.);
#949=ORIENTED_EDGE('',*,*,#739,.F.);
#950=ORIENTED_EDGE('',*,*,#736,.F.);
#951=ORIENTED_EDGE('',*,*,#740,.F.);
#952=ORIENTED_EDGE('',*,*,#718,.F.);
#953=ORIENTED_EDGE('',*,*,#721,.F.);
#954=ORIENTED_EDGE('',*,*,#712,.F.);
#955=ORIENTED_EDGE('',*,*,#741,.T.);
#956=ORIENTED_EDGE('',*,*,#653,.F.);
#957=ORIENTED_EDGE('',*,*,#742,.F.);
#958=ORIENTED_EDGE('',*,*,#743,.F.);
#959=ORIENTED_EDGE('',*,*,#744,.T.);
#960=ORIENTED_EDGE('',*,*,#731,.T.);
#961=ORIENTED_EDGE('',*,*,#745,.F.);
#962=ORIENTED_EDGE('',*,*,#741,.F.);
#963=ORIENTED_EDGE('',*,*,#716,.F.);
#964=ORIENTED_EDGE('',*,*,#746,.T.);
#965=ORIENTED_EDGE('',*,*,#708,.T.);
#966=ORIENTED_EDGE('',*,*,#705,.F.);
#967=ORIENTED_EDGE('',*,*,#655,.T.);
#968=ORIENTED_EDGE('',*,*,#740,.T.);
#969=ORIENTED_EDGE('',*,*,#734,.T.);
#970=ORIENTED_EDGE('',*,*,#747,.F.);
#971=ORIENTED_EDGE('',*,*,#748,.F.);
#972=ORIENTED_EDGE('',*,*,#749,.F.);
#973=ORIENTED_EDGE('',*,*,#709,.F.);
#974=ORIENTED_EDGE('',*,*,#746,.F.);
#975=ORIENTED_EDGE('',*,*,#719,.F.);
#976=ORIENTED_EDGE('',*,*,#750,.T.);
#977=ORIENTED_EDGE('',*,*,#751,.T.);
#978=ORIENTED_EDGE('',*,*,#733,.F.);
#979=ORIENTED_EDGE('',*,*,#752,.T.);
#980=ORIENTED_EDGE('',*,*,#753,.T.);
#981=ORIENTED_EDGE('',*,*,#747,.T.);
#982=ORIENTED_EDGE('',*,*,#753,.F.);
#983=ORIENTED_EDGE('',*,*,#754,.T.);
#984=ORIENTED_EDGE('',*,*,#755,.F.);
#985=ORIENTED_EDGE('',*,*,#748,.T.);
#986=ORIENTED_EDGE('',*,*,#749,.T.);
#987=ORIENTED_EDGE('',*,*,#755,.T.);
#988=ORIENTED_EDGE('',*,*,#756,.T.);
#989=ORIENTED_EDGE('',*,*,#710,.T.);
#990=ORIENTED_EDGE('',*,*,#737,.T.);
#991=ORIENTED_EDGE('',*,*,#739,.T.);
#992=ORIENTED_EDGE('',*,*,#745,.T.);
#993=ORIENTED_EDGE('',*,*,#730,.T.);
#994=ORIENTED_EDGE('',*,*,#726,.T.);
#995=ORIENTED_EDGE('',*,*,#729,.T.);
#996=ORIENTED_EDGE('',*,*,#757,.T.);
#997=ORIENTED_EDGE('',*,*,#758,.T.);
#998=ORIENTED_EDGE('',*,*,#759,.T.);
#999=ORIENTED_EDGE('',*,*,#760,.T.);
#1000=ORIENTED_EDGE('',*,*,#758,.F.);
#1001=ORIENTED_EDGE('',*,*,#761,.T.);
#1002=ORIENTED_EDGE('',*,*,#693,.F.);
#1003=ORIENTED_EDGE('',*,*,#762,.T.);
#1004=ORIENTED_EDGE('',*,*,#694,.T.);
#1005=ORIENTED_EDGE('',*,*,#763,.F.);
#1006=ORIENTED_EDGE('',*,*,#724,.T.);
#1007=ORIENTED_EDGE('',*,*,#764,.F.);
#1008=ORIENTED_EDGE('',*,*,#765,.F.);
#1009=ORIENTED_EDGE('',*,*,#761,.F.);
#1010=ORIENTED_EDGE('',*,*,#759,.F.);
#1011=ORIENTED_EDGE('',*,*,#760,.F.);
#1012=ORIENTED_EDGE('',*,*,#766,.T.);
#1013=ORIENTED_EDGE('',*,*,#675,.F.);
#1014=ORIENTED_EDGE('',*,*,#685,.F.);
#1015=ORIENTED_EDGE('',*,*,#684,.F.);
#1016=ORIENTED_EDGE('',*,*,#676,.F.);
#1017=ORIENTED_EDGE('',*,*,#766,.F.);
#1018=ORIENTED_EDGE('',*,*,#767,.T.);
#1019=ORIENTED_EDGE('',*,*,#768,.T.);
#1020=ORIENTED_EDGE('',*,*,#769,.T.);
#1021=ORIENTED_EDGE('',*,*,#767,.F.);
#1022=ORIENTED_EDGE('',*,*,#765,.T.);
#1023=ORIENTED_EDGE('',*,*,#768,.F.);
#1024=ORIENTED_EDGE('',*,*,#769,.F.);
#1025=ORIENTED_EDGE('',*,*,#770,.T.);
#1026=ORIENTED_EDGE('',*,*,#678,.F.);
#1027=ORIENTED_EDGE('',*,*,#683,.F.);
#1028=ORIENTED_EDGE('',*,*,#682,.F.);
#1029=ORIENTED_EDGE('',*,*,#679,.F.);
#1030=ORIENTED_EDGE('',*,*,#770,.F.);
#1031=ORIENTED_EDGE('',*,*,#771,.T.);
#1032=ORIENTED_EDGE('',*,*,#772,.T.);
#1033=ORIENTED_EDGE('',*,*,#773,.T.);
#1034=ORIENTED_EDGE('',*,*,#771,.F.);
#1035=ORIENTED_EDGE('',*,*,#774,.T.);
#1036=ORIENTED_EDGE('',*,*,#691,.F.);
#1037=ORIENTED_EDGE('',*,*,#775,.T.);
#1038=ORIENTED_EDGE('',*,*,#722,.F.);
#1039=ORIENTED_EDGE('',*,*,#744,.F.);
#1040=ORIENTED_EDGE('',*,*,#696,.F.);
#1041=ORIENTED_EDGE('',*,*,#776,.F.);
#1042=ORIENTED_EDGE('',*,*,#777,.F.);
#1043=ORIENTED_EDGE('',*,*,#774,.F.);
#1044=ORIENTED_EDGE('',*,*,#688,.F.);
#1045=ORIENTED_EDGE('',*,*,#689,.F.);
#1046=ORIENTED_EDGE('',*,*,#778,.T.);
#1047=ORIENTED_EDGE('',*,*,#772,.F.);
#1048=ORIENTED_EDGE('',*,*,#773,.F.);
#1049=ORIENTED_EDGE('',*,*,#778,.F.);
#1050=ORIENTED_EDGE('',*,*,#779,.T.);
#1051=ORIENTED_EDGE('',*,*,#780,.T.);
#1052=ORIENTED_EDGE('',*,*,#781,.T.);
#1053=ORIENTED_EDGE('',*,*,#779,.F.);
#1054=ORIENTED_EDGE('',*,*,#777,.T.);
#1055=ORIENTED_EDGE('',*,*,#686,.F.);
#1056=ORIENTED_EDGE('',*,*,#687,.F.);
#1057=ORIENTED_EDGE('',*,*,#782,.T.);
#1058=ORIENTED_EDGE('',*,*,#780,.F.);
#1059=ORIENTED_EDGE('',*,*,#781,.F.);
#1060=ORIENTED_EDGE('',*,*,#782,.F.);
#1061=ORIENTED_EDGE('',*,*,#666,.F.);
#1062=ORIENTED_EDGE('',*,*,#783,.T.);
#1063=ORIENTED_EDGE('',*,*,#700,.T.);
#1064=ORIENTED_EDGE('',*,*,#784,.F.);
#1065=ORIENTED_EDGE('',*,*,#701,.T.);
#1066=ORIENTED_EDGE('',*,*,#783,.F.);
#1067=ORIENTED_EDGE('',*,*,#665,.F.);
#1068=ORIENTED_EDGE('',*,*,#785,.T.);
#1069=ORIENTED_EDGE('',*,*,#786,.F.);
#1070=ORIENTED_EDGE('',*,*,#698,.T.);
#1071=ORIENTED_EDGE('',*,*,#787,.F.);
#1072=ORIENTED_EDGE('',*,*,#785,.F.);
#1073=ORIENTED_EDGE('',*,*,#667,.T.);
#1074=ORIENTED_EDGE('',*,*,#702,.F.);
#1075=ORIENTED_EDGE('',*,*,#784,.T.);
#1076=ORIENTED_EDGE('',*,*,#699,.F.);
#1077=ORIENTED_EDGE('',*,*,#786,.T.);
#1078=ORIENTED_EDGE('',*,*,#787,.T.);
#1079=ORIENTED_EDGE('',*,*,#697,.F.);
#1080=ORIENTED_EDGE('',*,*,#743,.T.);
#1081=ORIENTED_EDGE('',*,*,#788,.F.);
#1082=ORIENTED_EDGE('',*,*,#789,.F.);
#1083=ORIENTED_EDGE('',*,*,#742,.T.);
#1084=ORIENTED_EDGE('',*,*,#652,.T.);
#1085=ORIENTED_EDGE('',*,*,#790,.T.);
#1086=ORIENTED_EDGE('',*,*,#788,.T.);
#1087=ORIENTED_EDGE('',*,*,#791,.T.);
#1088=ORIENTED_EDGE('',*,*,#792,.T.);
#1089=ORIENTED_EDGE('',*,*,#656,.T.);
#1090=ORIENTED_EDGE('',*,*,#792,.F.);
#1091=ORIENTED_EDGE('',*,*,#793,.F.);
#1092=ORIENTED_EDGE('',*,*,#794,.T.);
#1093=ORIENTED_EDGE('',*,*,#791,.F.);
#1094=ORIENTED_EDGE('',*,*,#794,.F.);
#1095=ORIENTED_EDGE('',*,*,#795,.T.);
#1096=ORIENTED_EDGE('',*,*,#796,.T.);
#1097=ORIENTED_EDGE('',*,*,#664,.T.);
#1098=ORIENTED_EDGE('',*,*,#796,.F.);
#1099=ORIENTED_EDGE('',*,*,#797,.F.);
#1100=ORIENTED_EDGE('',*,*,#798,.T.);
#1101=ORIENTED_EDGE('',*,*,#795,.F.);
#1102=ORIENTED_EDGE('',*,*,#798,.F.);
#1103=ORIENTED_EDGE('',*,*,#799,.T.);
#1104=ORIENTED_EDGE('',*,*,#800,.T.);
#1105=ORIENTED_EDGE('',*,*,#657,.T.);
#1106=ORIENTED_EDGE('',*,*,#800,.F.);
#1107=ORIENTED_EDGE('',*,*,#801,.F.);
#1108=ORIENTED_EDGE('',*,*,#802,.T.);
#1109=ORIENTED_EDGE('',*,*,#799,.F.);
#1110=ORIENTED_EDGE('',*,*,#802,.F.);
#1111=ORIENTED_EDGE('',*,*,#803,.T.);
#1112=ORIENTED_EDGE('',*,*,#804,.T.);
#1113=ORIENTED_EDGE('',*,*,#663,.T.);
#1114=ORIENTED_EDGE('',*,*,#804,.F.);
#1115=ORIENTED_EDGE('',*,*,#805,.F.);
#1116=ORIENTED_EDGE('',*,*,#806,.T.);
#1117=ORIENTED_EDGE('',*,*,#803,.F.);
#1118=ORIENTED_EDGE('',*,*,#806,.F.);
#1119=ORIENTED_EDGE('',*,*,#807,.T.);
#1120=ORIENTED_EDGE('',*,*,#808,.T.);
#1121=ORIENTED_EDGE('',*,*,#658,.T.);
#1122=ORIENTED_EDGE('',*,*,#808,.F.);
#1123=ORIENTED_EDGE('',*,*,#809,.F.);
#1124=ORIENTED_EDGE('',*,*,#810,.T.);
#1125=ORIENTED_EDGE('',*,*,#807,.F.);
#1126=ORIENTED_EDGE('',*,*,#810,.F.);
#1127=ORIENTED_EDGE('',*,*,#811,.T.);
#1128=ORIENTED_EDGE('',*,*,#812,.T.);
#1129=ORIENTED_EDGE('',*,*,#662,.T.);
#1130=ORIENTED_EDGE('',*,*,#812,.F.);
#1131=ORIENTED_EDGE('',*,*,#813,.F.);
#1132=ORIENTED_EDGE('',*,*,#814,.T.);
#1133=ORIENTED_EDGE('',*,*,#811,.F.);
#1134=ORIENTED_EDGE('',*,*,#814,.F.);
#1135=ORIENTED_EDGE('',*,*,#815,.T.);
#1136=ORIENTED_EDGE('',*,*,#816,.T.);
#1137=ORIENTED_EDGE('',*,*,#659,.T.);
#1138=ORIENTED_EDGE('',*,*,#816,.F.);
#1139=ORIENTED_EDGE('',*,*,#817,.F.);
#1140=ORIENTED_EDGE('',*,*,#818,.T.);
#1141=ORIENTED_EDGE('',*,*,#815,.F.);
#1142=ORIENTED_EDGE('',*,*,#818,.F.);
#1143=ORIENTED_EDGE('',*,*,#819,.T.);
#1144=ORIENTED_EDGE('',*,*,#820,.T.);
#1145=ORIENTED_EDGE('',*,*,#661,.T.);
#1146=ORIENTED_EDGE('',*,*,#820,.F.);
#1147=ORIENTED_EDGE('',*,*,#821,.F.);
#1148=ORIENTED_EDGE('',*,*,#822,.T.);
#1149=ORIENTED_EDGE('',*,*,#819,.F.);
#1150=ORIENTED_EDGE('',*,*,#822,.F.);
#1151=ORIENTED_EDGE('',*,*,#823,.T.);
#1152=ORIENTED_EDGE('',*,*,#824,.T.);
#1153=ORIENTED_EDGE('',*,*,#660,.T.);
#1154=ORIENTED_EDGE('',*,*,#824,.F.);
#1155=ORIENTED_EDGE('',*,*,#825,.F.);
#1156=ORIENTED_EDGE('',*,*,#826,.T.);
#1157=ORIENTED_EDGE('',*,*,#823,.F.);
#1158=ORIENTED_EDGE('',*,*,#826,.F.);
#1159=ORIENTED_EDGE('',*,*,#723,.F.);
#1160=ORIENTED_EDGE('',*,*,#775,.F.);
#1161=ORIENTED_EDGE('',*,*,#690,.F.);
#1162=ORIENTED_EDGE('',*,*,#764,.T.);
#1163=ORIENTED_EDGE('',*,*,#695,.F.);
#1164=ORIENTED_EDGE('',*,*,#762,.F.);
#1165=ORIENTED_EDGE('',*,*,#692,.F.);
#1166=ORIENTED_EDGE('',*,*,#776,.T.);
#1167=ORIENTED_EDGE('',*,*,#827,.F.);
#1168=ORIENTED_EDGE('',*,*,#828,.T.);
#1169=ORIENTED_EDGE('',*,*,#751,.F.);
#1170=ORIENTED_EDGE('',*,*,#828,.F.);
#1171=ORIENTED_EDGE('',*,*,#829,.F.);
#1172=ORIENTED_EDGE('',*,*,#830,.T.);
#1173=ORIENTED_EDGE('',*,*,#750,.F.);
#1174=ORIENTED_EDGE('',*,*,#830,.F.);
#1175=ORIENTED_EDGE('',*,*,#763,.T.);
#1176=ORIENTED_EDGE('',*,*,#789,.T.);
#1177=ORIENTED_EDGE('',*,*,#790,.F.);
#1178=ORIENTED_EDGE('',*,*,#651,.F.);
#1179=ORIENTED_EDGE('',*,*,#707,.F.);
#1180=ORIENTED_EDGE('',*,*,#711,.F.);
#1181=ORIENTED_EDGE('',*,*,#756,.F.);
#1182=ORIENTED_EDGE('',*,*,#754,.F.);
#1183=ORIENTED_EDGE('',*,*,#752,.F.);
#1184=ORIENTED_EDGE('',*,*,#732,.F.);
#1185=ORIENTED_EDGE('',*,*,#738,.T.);
#1186=ORIENTED_EDGE('',*,*,#757,.F.);
#1187=ORIENTED_EDGE('',*,*,#728,.F.);
#1188=ORIENTED_EDGE('',*,*,#827,.T.);
#1189=ORIENTED_EDGE('',*,*,#829,.T.);
#1190=ORIENTED_EDGE('',*,*,#813,.T.);
#1191=ORIENTED_EDGE('',*,*,#825,.T.);
#1192=ORIENTED_EDGE('',*,*,#809,.T.);
#1193=ORIENTED_EDGE('',*,*,#817,.T.);
#1194=ORIENTED_EDGE('',*,*,#793,.T.);
#1195=ORIENTED_EDGE('',*,*,#801,.T.);
#1196=ORIENTED_EDGE('',*,*,#805,.T.);
#1197=ORIENTED_EDGE('',*,*,#797,.T.);
#1198=ORIENTED_EDGE('',*,*,#821,.T.);
#1199=TOROIDAL_SURFACE('',#1302,4.70000000000001,0.8);
#1200=TOROIDAL_SURFACE('',#1320,8.45000000000001,0.8);
#1201=TOROIDAL_SURFACE('',#1333,7.15000000000001,0.5);
#1202=TOROIDAL_SURFACE('',#1344,1.2,0.8);
#1203=TOROIDAL_SURFACE('',#1383,2.4,0.6);
#1204=TOROIDAL_SURFACE('',#1388,2.4,0.6);
#1205=TOROIDAL_SURFACE('',#1393,2.4,0.6);
#1206=TOROIDAL_SURFACE('',#1398,2.4,0.6);
#1207=TOROIDAL_SURFACE('',#1403,2.4,0.6);
#1208=TOROIDAL_SURFACE('',#1408,4.50000000000001,0.6);
#1209=TOROIDAL_SURFACE('',#1413,2.4,0.6);
#1210=TOROIDAL_SURFACE('',#1418,2.4,0.6);
#1211=TOROIDAL_SURFACE('',#1423,2.4,0.6);
#1212=ADVANCED_FACE('',(#283),#1199,.F.);
#1213=ADVANCED_FACE('',(#284,#94,#95,#96,#97,#98,#99,#100,#101,#102,#103,
#104,#105),#257,.F.);
#1214=ADVANCED_FACE('',(#285),#68,.T.);
#1215=ADVANCED_FACE('',(#286),#1200,.T.);
#1216=ADVANCED_FACE('',(#287),#67,.F.);
#1217=ADVANCED_FACE('',(#288,#106,#107),#69,.F.);
#1218=ADVANCED_FACE('',(#289,#108),#258,.T.);
#1219=ADVANCED_FACE('',(#290),#17,.T.);
#1220=ADVANCED_FACE('',(#291),#1201,.F.);
#1221=ADVANCED_FACE('',(#292),#259,.T.);
#1222=ADVANCED_FACE('',(#293),#70,.F.);
#1223=ADVANCED_FACE('',(#294),#260,.T.);
#1224=ADVANCED_FACE('',(#295),#71,.F.);
#1225=ADVANCED_FACE('',(#296),#1202,.F.);
#1226=ADVANCED_FACE('',(#297),#72,.F.);
#1227=ADVANCED_FACE('',(#298),#261,.F.);
#1228=ADVANCED_FACE('',(#299),#18,.T.);
#1229=ADVANCED_FACE('',(#300),#262,.T.);
#1230=ADVANCED_FACE('',(#301),#263,.T.);
#1231=ADVANCED_FACE('',(#302),#73,.F.);
#1232=ADVANCED_FACE('',(#303),#264,.T.);
#1233=ADVANCED_FACE('',(#304),#265,.T.);
#1234=ADVANCED_FACE('',(#305),#266,.T.);
#1235=ADVANCED_FACE('',(#306),#74,.F.);
#1236=ADVANCED_FACE('',(#307,#109,#110),#267,.T.);
#1237=ADVANCED_FACE('',(#308),#75,.T.);
#1238=ADVANCED_FACE('',(#309),#268,.T.);
#1239=ADVANCED_FACE('',(#310),#76,.T.);
#1240=ADVANCED_FACE('',(#311),#269,.T.);
#1241=ADVANCED_FACE('',(#312),#19,.T.);
#1242=ADVANCED_FACE('',(#313,#111,#112),#20,.F.);
#1243=ADVANCED_FACE('',(#314),#77,.F.);
#1244=ADVANCED_FACE('',(#315),#21,.T.);
#1245=ADVANCED_FACE('',(#316),#78,.F.);
#1246=ADVANCED_FACE('',(#317),#22,.T.);
#1247=ADVANCED_FACE('',(#318,#113,#114),#23,.F.);
#1248=ADVANCED_FACE('',(#319),#79,.F.);
#1249=ADVANCED_FACE('',(#320),#24,.T.);
#1250=ADVANCED_FACE('',(#321),#80,.F.);
#1251=ADVANCED_FACE('',(#322),#81,.F.);
#1252=ADVANCED_FACE('',(#323),#82,.F.);
#1253=ADVANCED_FACE('',(#324),#270,.T.);
#1254=ADVANCED_FACE('',(#325),#271,.T.);
#1255=ADVANCED_FACE('',(#326),#272,.T.);
#1256=ADVANCED_FACE('',(#327),#1203,.F.);
#1257=ADVANCED_FACE('',(#328),#83,.T.);
#1258=ADVANCED_FACE('',(#329),#1204,.F.);
#1259=ADVANCED_FACE('',(#330),#84,.T.);
#1260=ADVANCED_FACE('',(#331),#1205,.F.);
#1261=ADVANCED_FACE('',(#332),#85,.T.);
#1262=ADVANCED_FACE('',(#333),#1206,.F.);
#1263=ADVANCED_FACE('',(#334),#86,.T.);
#1264=ADVANCED_FACE('',(#335),#1207,.F.);
#1265=ADVANCED_FACE('',(#336),#87,.T.);
#1266=ADVANCED_FACE('',(#337),#1208,.F.);
#1267=ADVANCED_FACE('',(#338),#88,.T.);
#1268=ADVANCED_FACE('',(#339),#1209,.F.);
#1269=ADVANCED_FACE('',(#340),#89,.T.);
#1270=ADVANCED_FACE('',(#341),#1210,.F.);
#1271=ADVANCED_FACE('',(#342),#90,.T.);
#1272=ADVANCED_FACE('',(#343),#1211,.F.);
#1273=ADVANCED_FACE('',(#344),#91,.T.);
#1274=ADVANCED_FACE('',(#345),#25,.F.);
#1275=ADVANCED_FACE('',(#346),#26,.F.);
#1276=ADVANCED_FACE('',(#347),#92,.F.);
#1277=ADVANCED_FACE('',(#348),#93,.F.);
#1278=ADVANCED_FACE('',(#349,#115,#116),#273,.T.);
#1279=ADVANCED_FACE('',(#350),#274,.F.);
#1280=ADVANCED_FACE('',(#351),#275,.F.);
#1281=ADVANCED_FACE('',(#352),#276,.F.);
#1282=ADVANCED_FACE('',(#353),#277,.F.);
#1283=ADVANCED_FACE('',(#354),#278,.F.);
#1284=ADVANCED_FACE('',(#355),#279,.F.);
#1285=ADVANCED_FACE('',(#356),#280,.F.);
#1286=ADVANCED_FACE('',(#357),#281,.F.);
#1287=ADVANCED_FACE('',(#358),#282,.F.);
#1288=CLOSED_SHELL('',(#1212,#1213,#1214,#1215,#1216,#1217,#1218,#1219,
#1220,#1221,#1222,#1223,#1224,#1225,#1226,#1227,#1228,#1229,#1230,#1231,
#1232,#1233,#1234,#1235,#1236,#1237,#1238,#1239,#1240,#1241,#1242,#1243,
#1244,#1245,#1246,#1247,#1248,#1249,#1250,#1251,#1252,#1253,#1254,#1255,
#1256,#1257,#1258,#1259,#1260,#1261,#1262,#1263,#1264,#1265,#1266,#1267,
#1268,#1269,#1270,#1271,#1272,#1273,#1274,#1275,#1276,#1277,#1278,#1279,
#1280,#1281,#1282,#1283,#1284,#1285,#1286,#1287));
#1289=DERIVED_UNIT_ELEMENT(#1291,1.);
#1290=DERIVED_UNIT_ELEMENT(#3548,-3.);
#1291=(
MASS_UNIT()
NAMED_UNIT(*)
SI_UNIT(.KILO.,.GRAM.)
);
#1292=DERIVED_UNIT((#1289,#1290));
#1293=MEASURE_REPRESENTATION_ITEM('density measure',
POSITIVE_RATIO_MEASURE(7850.),#1292);
#1294=PROPERTY_DEFINITION_REPRESENTATION(#1299,#1296);
#1295=PROPERTY_DEFINITION_REPRESENTATION(#1300,#1297);
#1296=REPRESENTATION('material name',(#1298),#3545);
#1297=REPRESENTATION('density',(#1293),#3545);
#1298=DESCRIPTIVE_REPRESENTATION_ITEM('Steel','Steel');
#1299=PROPERTY_DEFINITION('material property','material name',#3555);
#1300=PROPERTY_DEFINITION('material property','density of part',#3555);
#1301=AXIS2_PLACEMENT_3D('',#1794,#1442,#1443);
#1302=AXIS2_PLACEMENT_3D('',#1795,#1444,#1445);
#1303=AXIS2_PLACEMENT_3D('',#1797,#1446,#1447);
#1304=AXIS2_PLACEMENT_3D('',#1799,#1448,#1449);
#1305=AXIS2_PLACEMENT_3D('',#1800,#1450,#1451);
#1306=AXIS2_PLACEMENT_3D('',#1801,#1452,#1453);
#1307=AXIS2_PLACEMENT_3D('',#1815,#1460,#1461);
#1308=AXIS2_PLACEMENT_3D('',#1817,#1462,#1463);
#1309=AXIS2_PLACEMENT_3D('',#1819,#1464,#1465);
#1310=AXIS2_PLACEMENT_3D('',#1821,#1466,#1467);
#1311=AXIS2_PLACEMENT_3D('',#1823,#1468,#1469);
#1312=AXIS2_PLACEMENT_3D('',#1825,#1470,#1471);
#1313=AXIS2_PLACEMENT_3D('',#1827,#1472,#1473);
#1314=AXIS2_PLACEMENT_3D('',#1829,#1474,#1475);
#1315=AXIS2_PLACEMENT_3D('',#1831,#1476,#1477);
#1316=AXIS2_PLACEMENT_3D('',#1833,#1478,#1479);
#1317=AXIS2_PLACEMENT_3D('',#1835,#1480,#1481);
#1318=AXIS2_PLACEMENT_3D('',#1836,#1482,#1483);
#1319=AXIS2_PLACEMENT_3D('',#1838,#1484,#1485);
#1320=AXIS2_PLACEMENT_3D('',#1840,#1487,#1488);
#1321=AXIS2_PLACEMENT_3D('',#1842,#1489,#1490);
#1322=AXIS2_PLACEMENT_3D('',#1844,#1491,#1492);
#1323=AXIS2_PLACEMENT_3D('',#1845,#1493,#1494);
#1324=AXIS2_PLACEMENT_3D('',#1846,#1495,#1496);
#1325=AXIS2_PLACEMENT_3D('',#1848,#1497,#1498);
#1326=AXIS2_PLACEMENT_3D('',#1850,#1500,#1501);
#1327=AXIS2_PLACEMENT_3D('',#1909,#1505,#1506);
#1328=AXIS2_PLACEMENT_3D('',#2028,#1507,#1508);
#1329=AXIS2_PLACEMENT_3D('',#2031,#1509,#1510);
#1330=AXIS2_PLACEMENT_3D('',#2033,#1511,#1512);
#1331=AXIS2_PLACEMENT_3D('',#2035,#1513,#1514);
#1332=AXIS2_PLACEMENT_3D('',#2036,#1515,#1516);
#1333=AXIS2_PLACEMENT_3D('',#2269,#1517,#1518);
#1334=AXIS2_PLACEMENT_3D('',#2271,#1519,#1520);
#1335=AXIS2_PLACEMENT_3D('',#2272,#1521,#1522);
#1336=AXIS2_PLACEMENT_3D('',#2273,#1523,#1524);
#1337=AXIS2_PLACEMENT_3D('',#2274,#1525,#1526);
#1338=AXIS2_PLACEMENT_3D('',#2286,#1528,#1529);
#1339=AXIS2_PLACEMENT_3D('',#2287,#1530,#1531);
#1340=AXIS2_PLACEMENT_3D('',#2289,#1532,#1533);
#1341=AXIS2_PLACEMENT_3D('',#2295,#1537,#1538);
#1342=AXIS2_PLACEMENT_3D('',#2297,#1539,#1540);
#1343=AXIS2_PLACEMENT_3D('',#2300,#1542,#1543);
#1344=AXIS2_PLACEMENT_3D('',#2301,#1544,#1545);
#1345=AXIS2_PLACEMENT_3D('',#2304,#1546,#1547);
#1346=AXIS2_PLACEMENT_3D('',#2305,#1548,#1549);
#1347=AXIS2_PLACEMENT_3D('',#2306,#1550,#1551);
#1348=AXIS2_PLACEMENT_3D('',#2307,#1552,#1553);
#1349=AXIS2_PLACEMENT_3D('',#2310,#1554,#1555);
#1350=AXIS2_PLACEMENT_3D('',#2313,#1558,#1559);
#1351=AXIS2_PLACEMENT_3D('',#2389,#1561,#1562);
#1352=AXIS2_PLACEMENT_3D('',#2393,#1565,#1566);
#1353=AXIS2_PLACEMENT_3D('',#2397,#1569,#1570);
#1354=AXIS2_PLACEMENT_3D('',#2400,#1571,#1572);
#1355=AXIS2_PLACEMENT_3D('',#2404,#1574,#1575);
#1356=AXIS2_PLACEMENT_3D('',#2406,#1577,#1578);
#1357=AXIS2_PLACEMENT_3D('',#2412,#1582,#1583);
#1358=AXIS2_PLACEMENT_3D('',#2417,#1587,#1588);
#1359=AXIS2_PLACEMENT_3D('',#2423,#1593,#1594);
#1360=AXIS2_PLACEMENT_3D('',#2425,#1596,#1597);
#1361=AXIS2_PLACEMENT_3D('',#2427,#1598,#1599);
#1362=AXIS2_PLACEMENT_3D('',#2430,#1601,#1602);
#1363=AXIS2_PLACEMENT_3D('',#2432,#1603,#1604);
#1364=AXIS2_PLACEMENT_3D('',#2434,#1605,#1606);
#1365=AXIS2_PLACEMENT_3D('',#2435,#1607,#1608);
#1366=AXIS2_PLACEMENT_3D('',#2437,#1609,#1610);
#1367=AXIS2_PLACEMENT_3D('',#2439,#1612,#1613);
#1368=AXIS2_PLACEMENT_3D('',#2443,#1616,#1617);
#1369=AXIS2_PLACEMENT_3D('',#2444,#1618,#1619);
#1370=AXIS2_PLACEMENT_3D('',#2445,#1620,#1621);
#1371=AXIS2_PLACEMENT_3D('',#2738,#1627,#1628);
#1372=AXIS2_PLACEMENT_3D('',#2892,#1631,#1632);
#1373=AXIS2_PLACEMENT_3D('',#3206,#1637,#1638);
#1374=AXIS2_PLACEMENT_3D('',#3380,#1641,#1642);
#1375=AXIS2_PLACEMENT_3D('',#3382,#1644,#1645);
#1376=AXIS2_PLACEMENT_3D('',#3384,#1647,#1648);
#1377=AXIS2_PLACEMENT_3D('',#3385,#1649,#1650);
#1378=AXIS2_PLACEMENT_3D('',#3388,#1652,#1653);
#1379=AXIS2_PLACEMENT_3D('',#3389,#1654,#1655);
#1380=AXIS2_PLACEMENT_3D('',#3390,#1656,#1657);
#1381=AXIS2_PLACEMENT_3D('',#3391,#1658,#1659);
#1382=AXIS2_PLACEMENT_3D('',#3395,#1662,#1663);
#1383=AXIS2_PLACEMENT_3D('',#3397,#1665,#1666);
#1384=AXIS2_PLACEMENT_3D('',#3399,#1667,#1668);
#1385=AXIS2_PLACEMENT_3D('',#3400,#1669,#1670);
#1386=AXIS2_PLACEMENT_3D('',#3401,#1671,#1672);
#1387=AXIS2_PLACEMENT_3D('',#3403,#1673,#1674);
#1388=AXIS2_PLACEMENT_3D('',#3405,#1676,#1677);
#1389=AXIS2_PLACEMENT_3D('',#3407,#1678,#1679);
#1390=AXIS2_PLACEMENT_3D('',#3408,#1680,#1681);
#1391=AXIS2_PLACEMENT_3D('',#3409,#1682,#1683);
#1392=AXIS2_PLACEMENT_3D('',#3411,#1684,#1685);
#1393=AXIS2_PLACEMENT_3D('',#3413,#1687,#1688);
#1394=AXIS2_PLACEMENT_3D('',#3415,#1689,#1690);
#1395=AXIS2_PLACEMENT_3D('',#3416,#1691,#1692);
#1396=AXIS2_PLACEMENT_3D('',#3417,#1693,#1694);
#1397=AXIS2_PLACEMENT_3D('',#3419,#1695,#1696);
#1398=AXIS2_PLACEMENT_3D('',#3421,#1698,#1699);
#1399=AXIS2_PLACEMENT_3D('',#3423,#1700,#1701);
#1400=AXIS2_PLACEMENT_3D('',#3424,#1702,#1703);
#1401=AXIS2_PLACEMENT_3D('',#3425,#1704,#1705);
#1402=AXIS2_PLACEMENT_3D('',#3427,#1706,#1707);
#1403=AXIS2_PLACEMENT_3D('',#3429,#1709,#1710);
#1404=AXIS2_PLACEMENT_3D('',#3431,#1711,#1712);
#1405=AXIS2_PLACEMENT_3D('',#3432,#1713,#1714);
#1406=AXIS2_PLACEMENT_3D('',#3433,#1715,#1716);
#1407=AXIS2_PLACEMENT_3D('',#3435,#1717,#1718);
#1408=AXIS2_PLACEMENT_3D('',#3437,#1720,#1721);
#1409=AXIS2_PLACEMENT_3D('',#3439,#1722,#1723);
#1410=AXIS2_PLACEMENT_3D('',#3440,#1724,#1725);
#1411=AXIS2_PLACEMENT_3D('',#3441,#1726,#1727);
#1412=AXIS2_PLACEMENT_3D('',#3443,#1728,#1729);
#1413=AXIS2_PLACEMENT_3D('',#3445,#1731,#1732);
#1414=AXIS2_PLACEMENT_3D('',#3447,#1733,#1734);
#1415=AXIS2_PLACEMENT_3D('',#3448,#1735,#1736);
#1416=AXIS2_PLACEMENT_3D('',#3449,#1737,#1738);
#1417=AXIS2_PLACEMENT_3D('',#3451,#1739,#1740);
#1418=AXIS2_PLACEMENT_3D('',#3453,#1742,#1743);
#1419=AXIS2_PLACEMENT_3D('',#3455,#1744,#1745);
#1420=AXIS2_PLACEMENT_3D('',#3456,#1746,#1747);
#1421=AXIS2_PLACEMENT_3D('',#3457,#1748,#1749);
#1422=AXIS2_PLACEMENT_3D('',#3459,#1750,#1751);
#1423=AXIS2_PLACEMENT_3D('',#3461,#1753,#1754);
#1424=AXIS2_PLACEMENT_3D('',#3463,#1755,#1756);
#1425=AXIS2_PLACEMENT_3D('',#3464,#1757,#1758);
#1426=AXIS2_PLACEMENT_3D('',#3465,#1759,#1760);
#1427=AXIS2_PLACEMENT_3D('',#3467,#1761,#1762);
#1428=AXIS2_PLACEMENT_3D('',#3525,#1764,#1765);
#1429=AXIS2_PLACEMENT_3D('',#3527,#1766,#1767);
#1430=AXIS2_PLACEMENT_3D('',#3529,#1769,#1770);
#1431=AXIS2_PLACEMENT_3D('',#3531,#1771,#1772);
#1432=AXIS2_PLACEMENT_3D('',#3533,#1774,#1775);
#1433=AXIS2_PLACEMENT_3D('',#3534,#1776,#1777);
#1434=AXIS2_PLACEMENT_3D('',#3535,#1778,#1779);
#1435=AXIS2_PLACEMENT_3D('',#3536,#1780,#1781);
#1436=AXIS2_PLACEMENT_3D('',#3537,#1782,#1783);
#1437=AXIS2_PLACEMENT_3D('',#3538,#1784,#1785);
#1438=AXIS2_PLACEMENT_3D('',#3539,#1786,#1787);
#1439=AXIS2_PLACEMENT_3D('',#3540,#1788,#1789);
#1440=AXIS2_PLACEMENT_3D('',#3541,#1790,#1791);
#1441=AXIS2_PLACEMENT_3D('',#3542,#1792,#1793);
#1442=DIRECTION('axis',(0.,0.,1.));
#1443=DIRECTION('refdir',(1.,0.,0.));
#1444=DIRECTION('center_axis',(0.,0.,1.));
#1445=DIRECTION('ref_axis',(1.,0.,0.));
#1446=DIRECTION('center_axis',(0.,0.,1.));
#1447=DIRECTION('ref_axis',(1.,0.,0.));
#1448=DIRECTION('center_axis',(0.,-1.,0.));
#1449=DIRECTION('ref_axis',(-1.,0.,0.));
#1450=DIRECTION('center_axis',(0.,0.,-1.));
#1451=DIRECTION('ref_axis',(1.,0.,0.));
#1452=DIRECTION('center_axis',(0.,0.,1.));
#1453=DIRECTION('ref_axis',(-1.,0.,0.));
#1454=DIRECTION('',(-1.,-1.4210854715202E-15,0.));
#1455=DIRECTION('',(0.,-1.,0.));
#1456=DIRECTION('',(1.,0.,0.));
#1457=DIRECTION('',(0.,1.,0.));
#1458=DIRECTION('',(-1.,0.,0.));
#1459=DIRECTION('',(-5.73018335290403E-16,1.,0.));
#1460=DIRECTION('center_axis',(0.,0.,-1.));
#1461=DIRECTION('ref_axis',(1.,0.,0.));
#1462=DIRECTION('center_axis',(0.,0.,-1.));
#1463=DIRECTION('ref_axis',(1.,0.,0.));
#1464=DIRECTION('center_axis',(0.,0.,-1.));
#1465=DIRECTION('ref_axis',(1.,0.,0.));
#1466=DIRECTION('center_axis',(0.,0.,-1.));
#1467=DIRECTION('ref_axis',(1.,0.,0.));
#1468=DIRECTION('center_axis',(0.,0.,-1.));
#1469=DIRECTION('ref_axis',(1.,0.,0.));
#1470=DIRECTION('center_axis',(0.,0.,-1.));
#1471=DIRECTION('ref_axis',(1.,0.,0.));
#1472=DIRECTION('center_axis',(0.,0.,-1.));
#1473=DIRECTION('ref_axis',(1.,0.,0.));
#1474=DIRECTION('center_axis',(0.,0.,-1.));
#1475=DIRECTION('ref_axis',(1.,0.,0.));
#1476=DIRECTION('center_axis',(0.,0.,-1.));
#1477=DIRECTION('ref_axis',(1.,0.,0.));
#1478=DIRECTION('center_axis',(0.,0.,1.));
#1479=DIRECTION('ref_axis',(1.,0.,0.));
#1480=DIRECTION('center_axis',(0.,0.,1.));
#1481=DIRECTION('ref_axis',(1.,0.,0.));
#1482=DIRECTION('center_axis',(0.,0.,-1.));
#1483=DIRECTION('ref_axis',(1.,0.,0.));
#1484=DIRECTION('center_axis',(0.,0.,-1.));
#1485=DIRECTION('ref_axis',(1.,0.,0.));
#1486=DIRECTION('',(0.,0.,1.));
#1487=DIRECTION('center_axis',(0.,0.,-1.));
#1488=DIRECTION('ref_axis',(-1.,0.,0.));
#1489=DIRECTION('center_axis',(0.,2.31835184508945E-15,1.));
#1490=DIRECTION('ref_axis',(-1.,0.,0.));
#1491=DIRECTION('center_axis',(0.,-1.,0.));
#1492=DIRECTION('ref_axis',(1.,0.,0.));
#1493=DIRECTION('center_axis',(0.,0.,-1.));
#1494=DIRECTION('ref_axis',(-1.,0.,0.));
#1495=DIRECTION('center_axis',(0.,0.,1.));
#1496=DIRECTION('ref_axis',(-1.,4.7169637377506E-58,-1.86855104470051E-29));
#1497=DIRECTION('center_axis',(-3.6442548325215E-29,-2.5243965109375E-29,
1.));
#1498=DIRECTION('ref_axis',(-1.,9.1995441841844E-58,-3.6442548325215E-29));
#1499=DIRECTION('',(-0.173648177666931,-2.12657684957578E-17,-0.984807753012208));
#1500=DIRECTION('center_axis',(0.,0.,-1.));
#1501=DIRECTION('ref_axis',(-1.,0.,0.));
#1502=DIRECTION('',(0.,0.,-1.));
#1503=DIRECTION('',(0.,0.,-1.));
#1504=DIRECTION('',(0.,0.,-1.));
#1505=DIRECTION('center_axis',(-2.73319112439112E-29,-1.86902433982873E-29,
1.));
#1506=DIRECTION('ref_axis',(-1.,-1.22158453583576E-30,0.));
#1507=DIRECTION('center_axis',(-3.6442548325215E-29,-2.5243965109375E-29,
1.));
#1508=DIRECTION('ref_axis',(1.,0.,3.6442548325215E-29));
#1509=DIRECTION('center_axis',(0.,0.,1.));
#1510=DIRECTION('ref_axis',(1.,0.,0.));
#1511=DIRECTION('center_axis',(0.,0.,1.));
#1512=DIRECTION('ref_axis',(1.,0.,0.));
#1513=DIRECTION('center_axis',(0.,0.,1.));
#1514=DIRECTION('ref_axis',(1.,0.,0.));
#1515=DIRECTION('center_axis',(0.,0.,1.));
#1516=DIRECTION('ref_axis',(1.,0.,0.));
#1517=DIRECTION('center_axis',(2.73319112439112E-29,1.86902433982873E-29,
-1.));
#1518=DIRECTION('ref_axis',(-1.,0.,0.));
#1519=DIRECTION('center_axis',(2.73319112439112E-29,1.86902433982873E-29,
-1.));
#1520=DIRECTION('ref_axis',(-1.,-1.22158453583576E-30,-2.73319112439112E-29));
#1521=DIRECTION('center_axis',(0.,-1.,-1.86902433982873E-29));
#1522=DIRECTION('ref_axis',(1.,0.,0.));
#1523=DIRECTION('center_axis',(-2.73319112439112E-29,-1.86902433982873E-29,
1.));
#1524=DIRECTION('ref_axis',(-1.,0.,-2.73319112439112E-29));
#1525=DIRECTION('center_axis',(-1.,-1.4210854715202E-15,0.));
#1526=DIRECTION('ref_axis',(0.,0.70710678118654,0.707106781186555));
#1527=DIRECTION('',(1.,1.4210854715202E-15,0.));
#1528=DIRECTION('center_axis',(1.,5.73018335290404E-16,0.));
#1529=DIRECTION('ref_axis',(0.,0.70710678118654,0.707106781186555));
#1530=DIRECTION('center_axis',(1.4210854715202E-15,-1.,0.));
#1531=DIRECTION('ref_axis',(1.,1.4210854715202E-15,0.));
#1532=DIRECTION('center_axis',(1.4210854715202E-15,-1.,0.));
#1533=DIRECTION('ref_axis',(0.707106781186548,0.,0.707106781186548));
#1534=DIRECTION('',(0.,0.,-1.));
#1535=DIRECTION('',(-1.,-1.4210854715202E-15,0.));
#1536=DIRECTION('',(0.,0.,-1.));
#1537=DIRECTION('center_axis',(1.,0.,0.));
#1538=DIRECTION('ref_axis',(0.,0.70710678118654,0.707106781186555));
#1539=DIRECTION('center_axis',(-0.612469330880147,0.,-0.790494350853455));
#1540=DIRECTION('ref_axis',(-0.790494350853455,0.,0.612469330880147));
#1541=DIRECTION('',(1.,0.,0.));
#1542=DIRECTION('center_axis',(1.,0.,0.));
#1543=DIRECTION('ref_axis',(0.,1.,0.));
#1544=DIRECTION('center_axis',(0.,1.,0.));
#1545=DIRECTION('ref_axis',(0.,0.,1.));
#1546=DIRECTION('center_axis',(0.,0.,-1.));
#1547=DIRECTION('ref_axis',(0.,1.,0.));
#1548=DIRECTION('center_axis',(0.,-1.,0.));
#1549=DIRECTION('ref_axis',(0.707106781186548,0.,0.707106781186548));
#1550=DIRECTION('center_axis',(0.,1.,0.));
#1551=DIRECTION('ref_axis',(0.707106781186547,0.,0.707106781186547));
#1552=DIRECTION('center_axis',(0.,0.,-1.));
#1553=DIRECTION('ref_axis',(0.707106781186563,0.707106781186532,0.));
#1554=DIRECTION('center_axis',(-0.612469330880147,0.,-0.790494350853455));
#1555=DIRECTION('ref_axis',(0.790494350853455,-6.85644554026267E-17,-0.612469330880147));
#1556=DIRECTION('',(0.,0.,1.));
#1557=DIRECTION('',(0.,0.,-1.));
#1558=DIRECTION('center_axis',(0.,1.,0.));
#1559=DIRECTION('ref_axis',(-1.,0.,0.));
#1560=DIRECTION('',(0.790494350853455,0.,-0.612469330880147));
#1561=DIRECTION('center_axis',(0.,0.,1.));
#1562=DIRECTION('ref_axis',(1.,0.,0.));
#1563=DIRECTION('',(0.,1.,0.));
#1564=DIRECTION('',(1.,0.,0.));
#1565=DIRECTION('center_axis',(0.,0.,1.));
#1566=DIRECTION('ref_axis',(1.,0.,0.));
#1567=DIRECTION('',(1.,0.,0.));
#1568=DIRECTION('',(0.,1.,0.));
#1569=DIRECTION('center_axis',(1.,0.,0.));
#1570=DIRECTION('ref_axis',(0.,0.,-1.));
#1571=DIRECTION('center_axis',(1.,5.73018335290404E-16,0.));
#1572=DIRECTION('ref_axis',(0.,0.,-1.));
#1573=DIRECTION('',(-1.,0.,0.));
#1574=DIRECTION('center_axis',(-1.,-5.73018335290403E-16,0.));
#1575=DIRECTION('ref_axis',(0.,0.,-1.));
#1576=DIRECTION('',(1.,0.,0.));
#1577=DIRECTION('center_axis',(0.,0.,-1.));
#1578=DIRECTION('ref_axis',(-1.,0.,0.));
#1579=DIRECTION('',(0.,1.,0.));
#1580=DIRECTION('',(-1.,0.,0.));
#1581=DIRECTION('',(0.,1.,0.));
#1582=DIRECTION('center_axis',(-0.612469330880147,0.,-0.790494350853455));
#1583=DIRECTION('ref_axis',(0.790494350853455,0.,-0.612469330880147));
#1584=DIRECTION('',(-0.790494350853455,0.,0.612469330880147));
#1585=DIRECTION('',(0.,1.,0.));
#1586=DIRECTION('',(0.,1.,0.));
#1587=DIRECTION('center_axis',(-1.,-5.73018335290403E-16,0.));
#1588=DIRECTION('ref_axis',(5.73018335290403E-16,-1.,0.));
#1589=DIRECTION('',(0.,0.,-1.));
#1590=DIRECTION('',(0.,-1.,0.));
#1591=DIRECTION('',(0.,1.,0.));
#1592=DIRECTION('',(0.,0.,1.));
#1593=DIRECTION('center_axis',(5.73018335290403E-16,-1.,0.));
#1594=DIRECTION('ref_axis',(0.707106781186548,0.,0.707106781186548));
#1595=DIRECTION('',(5.73018335290403E-16,-1.,0.));
#1596=DIRECTION('center_axis',(-1.,-5.73018335290403E-16,0.));
#1597=DIRECTION('ref_axis',(-5.73018335290403E-16,1.,0.));
#1598=DIRECTION('center_axis',(1.,5.73018335290403E-16,0.));
#1599=DIRECTION('ref_axis',(0.,0.707106781186547,-0.707106781186547));
#1600=DIRECTION('',(-5.73018335290403E-16,1.,0.));
#1601=DIRECTION('center_axis',(1.,5.73018335290403E-16,0.));
#1602=DIRECTION('ref_axis',(2.51214793389404E-15,-0.707106781186547,-0.707106781186547));
#1603=DIRECTION('center_axis',(1.,5.73018335290403E-16,0.));
#1604=DIRECTION('ref_axis',(0.,1.,0.));
#1605=DIRECTION('center_axis',(1.,5.73018335290403E-16,0.));
#1606=DIRECTION('ref_axis',(0.,1.,0.));
#1607=DIRECTION('center_axis',(1.,0.,0.));
#1608=DIRECTION('ref_axis',(0.,0.707106781186547,-0.707106781186547));
#1609=DIRECTION('center_axis',(-1.,-5.73018335290404E-16,0.));
#1610=DIRECTION('ref_axis',(0.,0.707106781186547,-0.707106781186547));
#1611=DIRECTION('',(-1.,0.,0.));
#1612=DIRECTION('center_axis',(0.,0.,-1.));
#1613=DIRECTION('ref_axis',(-1.,0.,0.));
#1614=DIRECTION('',(0.,-1.,0.));
#1615=DIRECTION('',(1.,1.4210854715202E-15,0.));
#1616=DIRECTION('center_axis',(-1.,-1.4210854715202E-15,0.));
#1617=DIRECTION('ref_axis',(2.51214793389404E-15,-0.707106781186547,-0.707106781186547));
#1618=DIRECTION('center_axis',(-1.,-5.73018335290404E-16,0.));
#1619=DIRECTION('ref_axis',(2.51214793389404E-15,-0.707106781186547,-0.707106781186547));
#1620=DIRECTION('center_axis',(0.,1.,0.));
#1621=DIRECTION('ref_axis',(0.,0.,1.));
#1622=DIRECTION('',(4.77515279408669E-16,0.,-1.));
#1623=DIRECTION('',(-0.681739867918308,0.695651334108433,0.226494975317084));
#1624=DIRECTION('',(0.157802186745252,-0.148238417851601,-0.976280616078836));
#1625=DIRECTION('',(0.,-1.,0.));
#1626=DIRECTION('',(0.157802186745252,0.1482384178516,-0.976280616078836));
#1627=DIRECTION('center_axis',(-1.,0.,0.));
#1628=DIRECTION('ref_axis',(0.,1.,0.));
#1629=DIRECTION('',(-1.,0.,0.));
#1630=DIRECTION('',(-0.706230623642996,0.69474946250699,0.136240561416466));
#1631=DIRECTION('center_axis',(-1.,0.,0.));
#1632=DIRECTION('ref_axis',(0.,1.,0.));
#1633=DIRECTION('',(-1.,0.,0.));
#1634=DIRECTION('',(0.681748532487983,0.695615525595013,0.22657885824069));
#1635=DIRECTION('',(-0.157802186745253,0.1482384178516,-0.976280616078836));
#1636=DIRECTION('',(-0.157802186745252,-0.148238417851602,-0.976280616078835));
#1637=DIRECTION('center_axis',(-1.,0.,0.));
#1638=DIRECTION('ref_axis',(0.,1.,0.));
#1639=DIRECTION('',(-1.,0.,0.));
#1640=DIRECTION('',(0.706234171872421,0.694734133723892,0.136300322518285));
#1641=DIRECTION('center_axis',(-1.,0.,0.));
#1642=DIRECTION('ref_axis',(0.,1.,0.));
#1643=DIRECTION('',(-1.,0.,0.));
#1644=DIRECTION('center_axis',(0.,0.,1.));
#1645=DIRECTION('ref_axis',(1.,0.,0.));
#1646=DIRECTION('',(0.,0.,1.));
#1647=DIRECTION('center_axis',(0.,0.,-1.));
#1648=DIRECTION('ref_axis',(1.,0.,0.));
#1649=DIRECTION('center_axis',(0.,0.,1.));
#1650=DIRECTION('ref_axis',(1.,0.,0.));
#1651=DIRECTION('',(0.,0.,1.));
#1652=DIRECTION('center_axis',(0.,0.,-1.));
#1653=DIRECTION('ref_axis',(1.,0.,0.));
#1654=DIRECTION('center_axis',(0.,0.,-1.));
#1655=DIRECTION('ref_axis',(1.,0.,0.));
#1656=DIRECTION('center_axis',(0.,0.,-1.));
#1657=DIRECTION('ref_axis',(1.,0.,0.));
#1658=DIRECTION('center_axis',(0.,0.,1.));
#1659=DIRECTION('ref_axis',(-1.,0.,0.));
#1660=DIRECTION('',(-1.,0.,0.));
#1661=DIRECTION('',(0.,-1.,0.));
#1662=DIRECTION('center_axis',(0.,-1.,0.));
#1663=DIRECTION('ref_axis',(0.,0.,-1.));
#1664=DIRECTION('',(0.,0.,1.));
#1665=DIRECTION('center_axis',(0.,0.,1.));
#1666=DIRECTION('ref_axis',(1.,0.,0.));
#1667=DIRECTION('center_axis',(0.,0.,1.));
#1668=DIRECTION('ref_axis',(1.,0.,0.));
#1669=DIRECTION('center_axis',(0.,-1.,0.));
#1670=DIRECTION('ref_axis',(-1.,0.,0.));
#1671=DIRECTION('center_axis',(0.,0.,-1.));
#1672=DIRECTION('ref_axis',(1.,0.,0.));
#1673=DIRECTION('center_axis',(0.,0.,-1.));
#1674=DIRECTION('ref_axis',(1.,0.,0.));
#1675=DIRECTION('',(0.,0.,1.));
#1676=DIRECTION('center_axis',(0.,0.,1.));
#1677=DIRECTION('ref_axis',(1.,0.,0.));
#1678=DIRECTION('center_axis',(0.,0.,1.));
#1679=DIRECTION('ref_axis',(1.,0.,0.));
#1680=DIRECTION('center_axis',(0.,-1.,0.));
#1681=DIRECTION('ref_axis',(-1.,0.,0.));
#1682=DIRECTION('center_axis',(0.,0.,-1.));
#1683=DIRECTION('ref_axis',(1.,0.,0.));
#1684=DIRECTION('center_axis',(0.,0.,-1.));
#1685=DIRECTION('ref_axis',(1.,0.,0.));
#1686=DIRECTION('',(0.,0.,1.));
#1687=DIRECTION('center_axis',(0.,0.,1.));
#1688=DIRECTION('ref_axis',(1.,0.,0.));
#1689=DIRECTION('center_axis',(0.,0.,1.));
#1690=DIRECTION('ref_axis',(1.,0.,0.));
#1691=DIRECTION('center_axis',(0.,-1.,0.));
#1692=DIRECTION('ref_axis',(-1.,0.,0.));
#1693=DIRECTION('center_axis',(0.,0.,-1.));
#1694=DIRECTION('ref_axis',(1.,0.,0.));
#1695=DIRECTION('center_axis',(0.,0.,-1.));
#1696=DIRECTION('ref_axis',(1.,0.,0.));
#1697=DIRECTION('',(0.,0.,1.));
#1698=DIRECTION('center_axis',(0.,0.,1.));
#1699=DIRECTION('ref_axis',(1.,0.,0.));
#1700=DIRECTION('center_axis',(0.,0.,1.));
#1701=DIRECTION('ref_axis',(1.,0.,0.));
#1702=DIRECTION('center_axis',(0.,-1.,0.));
#1703=DIRECTION('ref_axis',(-1.,0.,0.));
#1704=DIRECTION('center_axis',(0.,0.,-1.));
#1705=DIRECTION('ref_axis',(1.,0.,0.));
#1706=DIRECTION('center_axis',(0.,0.,-1.));
#1707=DIRECTION('ref_axis',(1.,0.,0.));
#1708=DIRECTION('',(0.,0.,1.));
#1709=DIRECTION('center_axis',(0.,0.,1.));
#1710=DIRECTION('ref_axis',(1.,0.,0.));
#1711=DIRECTION('center_axis',(0.,0.,1.));
#1712=DIRECTION('ref_axis',(1.,0.,0.));
#1713=DIRECTION('center_axis',(0.,-1.,0.));
#1714=DIRECTION('ref_axis',(-1.,0.,0.));
#1715=DIRECTION('center_axis',(0.,0.,-1.));
#1716=DIRECTION('ref_axis',(1.,0.,0.));
#1717=DIRECTION('center_axis',(0.,0.,-1.));
#1718=DIRECTION('ref_axis',(1.,0.,0.));
#1719=DIRECTION('',(0.,0.,1.));
#1720=DIRECTION('center_axis',(0.,0.,1.));
#1721=DIRECTION('ref_axis',(1.,0.,0.));
#1722=DIRECTION('center_axis',(0.,0.,1.));
#1723=DIRECTION('ref_axis',(1.,0.,0.));
#1724=DIRECTION('center_axis',(0.,-1.,0.));
#1725=DIRECTION('ref_axis',(-1.,0.,0.));
#1726=DIRECTION('center_axis',(0.,0.,-1.));
#1727=DIRECTION('ref_axis',(1.,0.,0.));
#1728=DIRECTION('center_axis',(0.,0.,-1.));
#1729=DIRECTION('ref_axis',(1.,0.,0.));
#1730=DIRECTION('',(0.,0.,1.));
#1731=DIRECTION('center_axis',(0.,0.,1.));
#1732=DIRECTION('ref_axis',(1.,0.,0.));
#1733=DIRECTION('center_axis',(0.,0.,1.));
#1734=DIRECTION('ref_axis',(1.,0.,0.));
#1735=DIRECTION('center_axis',(0.,-1.,0.));
#1736=DIRECTION('ref_axis',(-1.,0.,0.));
#1737=DIRECTION('center_axis',(0.,0.,-1.));
#1738=DIRECTION('ref_axis',(1.,0.,0.));
#1739=DIRECTION('center_axis',(0.,0.,-1.));
#1740=DIRECTION('ref_axis',(1.,0.,0.));
#1741=DIRECTION('',(0.,0.,1.));
#1742=DIRECTION('center_axis',(0.,0.,1.));
#1743=DIRECTION('ref_axis',(1.,0.,0.));
#1744=DIRECTION('center_axis',(0.,0.,1.));
#1745=DIRECTION('ref_axis',(1.,0.,0.));
#1746=DIRECTION('center_axis',(0.,-1.,0.));
#1747=DIRECTION('ref_axis',(-1.,0.,0.));
#1748=DIRECTION('center_axis',(0.,0.,-1.));
#1749=DIRECTION('ref_axis',(1.,0.,0.));
#1750=DIRECTION('center_axis',(0.,0.,-1.));
#1751=DIRECTION('ref_axis',(1.,0.,0.));
#1752=DIRECTION('',(0.,0.,1.));
#1753=DIRECTION('center_axis',(0.,0.,1.));
#1754=DIRECTION('ref_axis',(1.,0.,0.));
#1755=DIRECTION('center_axis',(0.,0.,1.));
#1756=DIRECTION('ref_axis',(1.,0.,0.));
#1757=DIRECTION('center_axis',(0.,-1.,0.));
#1758=DIRECTION('ref_axis',(-1.,0.,0.));
#1759=DIRECTION('center_axis',(0.,0.,-1.));
#1760=DIRECTION('ref_axis',(1.,0.,0.));
#1761=DIRECTION('center_axis',(0.,0.,-1.));
#1762=DIRECTION('ref_axis',(1.,0.,0.));
#1763=DIRECTION('',(0.,0.,1.));
#1764=DIRECTION('center_axis',(-1.,0.,0.));
#1765=DIRECTION('ref_axis',(0.,1.,0.));
#1766=DIRECTION('center_axis',(-1.,-5.73018335290404E-16,0.));
#1767=DIRECTION('ref_axis',(0.,1.,0.));
#1768=DIRECTION('',(-1.,0.,0.));
#1769=DIRECTION('center_axis',(-1.,0.,0.));
#1770=DIRECTION('ref_axis',(0.,1.,0.));
#1771=DIRECTION('center_axis',(-1.,-5.73018335290404E-16,0.));
#1772=DIRECTION('ref_axis',(0.,1.,0.));
#1773=DIRECTION('',(-1.,0.,0.));
#1774=DIRECTION('center_axis',(1.,5.73018335290404E-16,0.));
#1775=DIRECTION('ref_axis',(-5.73018335290404E-16,1.,0.));
#1776=DIRECTION('center_axis',(0.,0.,1.));
#1777=DIRECTION('ref_axis',(1.,0.,0.));
#1778=DIRECTION('center_axis',(0.,0.,1.));
#1779=DIRECTION('ref_axis',(1.,0.,0.));
#1780=DIRECTION('center_axis',(0.,0.,1.));
#1781=DIRECTION('ref_axis',(1.,0.,0.));
#1782=DIRECTION('center_axis',(0.,0.,1.));
#1783=DIRECTION('ref_axis',(1.,0.,0.));
#1784=DIRECTION('center_axis',(0.,0.,1.));
#1785=DIRECTION('ref_axis',(1.,0.,0.));
#1786=DIRECTION('center_axis',(0.,0.,1.));
#1787=DIRECTION('ref_axis',(1.,0.,0.));
#1788=DIRECTION('center_axis',(0.,0.,1.));
#1789=DIRECTION('ref_axis',(1.,0.,0.));
#1790=DIRECTION('center_axis',(0.,0.,1.));
#1791=DIRECTION('ref_axis',(1.,0.,0.));
#1792=DIRECTION('center_axis',(0.,0.,1.));
#1793=DIRECTION('ref_axis',(1.,0.,0.));
#1794=CARTESIAN_POINT('',(0.,0.,0.));
#1795=CARTESIAN_POINT('Origin',(107.311458359826,198.856553368104,63.2));
#1796=CARTESIAN_POINT('',(103.411458359826,198.856553368104,63.2));
#1797=CARTESIAN_POINT('Origin',(107.311458359826,198.856553368104,63.2));
#1798=CARTESIAN_POINT('',(102.611458359826,198.856553368104,64.));
#1799=CARTESIAN_POINT('Origin',(102.611458359826,198.856553368104,63.2));
#1800=CARTESIAN_POINT('Origin',(107.311458359826,198.856553368104,64.));
#1801=CARTESIAN_POINT('Origin',(107.311458359827,214.656553368104,64.));
#1802=CARTESIAN_POINT('',(127.811458359827,198.356553368104,64.));
#1803=CARTESIAN_POINT('',(122.511458359827,198.356553368104,64.));
#1804=CARTESIAN_POINT('',(101.061458359827,198.356553368104,64.));
#1805=CARTESIAN_POINT('',(127.811458359827,172.156553368104,64.));
#1806=CARTESIAN_POINT('',(127.811458359827,199.156553368104,64.));
#1807=CARTESIAN_POINT('',(94.8114583598269,172.156553368104,64.));
#1808=CARTESIAN_POINT('',(94.8114583598269,172.156553368104,64.));
#1809=CARTESIAN_POINT('',(94.8114583598266,231.056553368104,64.));
#1810=CARTESIAN_POINT('',(94.8114583598266,230.156553368104,64.));
#1811=CARTESIAN_POINT('',(122.511458359827,231.056553368104,64.));
#1812=CARTESIAN_POINT('',(108.486458359827,231.056553368104,64.));
#1813=CARTESIAN_POINT('',(122.511458359827,206.906553368104,64.));
#1814=CARTESIAN_POINT('',(97.0114583598265,214.656553368104,64.));
#1815=CARTESIAN_POINT('Origin',(99.4114583598265,214.656553368104,64.));
#1816=CARTESIAN_POINT('',(112.811458359827,214.656553368104,64.));
#1817=CARTESIAN_POINT('Origin',(115.211458359827,214.656553368104,64.));
#1818=CARTESIAN_POINT('',(104.911458359827,206.756553368104,64.));
#1819=CARTESIAN_POINT('Origin',(107.311458359827,206.756553368104,64.));
#1820=CARTESIAN_POINT('',(99.3253147884528,209.07040979673,64.));
#1821=CARTESIAN_POINT('Origin',(101.725314788453,209.07040979673,64.));
#1822=CARTESIAN_POINT('',(104.911458359827,222.556553368104,64.));
#1823=CARTESIAN_POINT('Origin',(107.311458359827,222.556553368104,64.));
#1824=CARTESIAN_POINT('',(99.3253147884529,220.242696939478,64.));
#1825=CARTESIAN_POINT('Origin',(101.725314788453,220.242696939478,64.));
#1826=CARTESIAN_POINT('',(102.811458359827,214.656553368104,64.));
#1827=CARTESIAN_POINT('Origin',(107.311458359827,214.656553368104,64.));
#1828=CARTESIAN_POINT('',(110.4976019312,209.07040979673,64.));
#1829=CARTESIAN_POINT('Origin',(112.8976019312,209.07040979673,64.));
#1830=CARTESIAN_POINT('',(110.4976019312,220.242696939478,64.));
#1831=CARTESIAN_POINT('Origin',(112.8976019312,220.242696939478,64.));
#1832=CARTESIAN_POINT('',(97.6114583598264,183.056553368104,64.));
#1833=CARTESIAN_POINT('Origin',(99.4114583598264,183.056553368104,64.));
#1834=CARTESIAN_POINT('',(113.411458359826,183.056553368104,64.));
#1835=CARTESIAN_POINT('Origin',(115.211458359826,183.056553368104,64.));
#1836=CARTESIAN_POINT('Origin',(107.311458359826,198.856553368104,64.));
#1837=CARTESIAN_POINT('',(103.411458359826,198.856553368104,59.5));
#1838=CARTESIAN_POINT('Origin',(107.311458359826,198.856553368104,59.5));
#1839=CARTESIAN_POINT('',(103.411458359826,198.856553368104,64.));
#1840=CARTESIAN_POINT('Origin',(111.311458359827,214.656553368104,115.661496341332));
#1841=CARTESIAN_POINT('',(118.973612157417,214.656553368104,115.800414883466));
#1842=CARTESIAN_POINT('Origin',(111.311458359827,214.656553368104,115.800414883466));
#1843=CARTESIAN_POINT('',(118.961458359827,214.656553368104,115.661496341332));
#1844=CARTESIAN_POINT('Origin',(119.761458359827,214.656553368104,115.661496341332));
#1845=CARTESIAN_POINT('Origin',(111.311458359827,214.656553368104,115.661496341332));
#1846=CARTESIAN_POINT('Origin',(111.311458359827,214.656553368104,116.865743636076));
#1847=CARTESIAN_POINT('',(119.361458359827,214.656553368104,118.));
#1848=CARTESIAN_POINT('Origin',(111.311458359827,214.656553368104,118.));
#1849=CARTESIAN_POINT('',(119.161458359827,214.656553368104,116.865743636076));
#1850=CARTESIAN_POINT('Origin',(111.311458359827,214.656553368104,118.));
#1851=CARTESIAN_POINT('',(118.961458359827,214.65655336811,107.644293913911));
#1852=CARTESIAN_POINT('',(118.961458359827,214.656553368104,118.));
#1853=CARTESIAN_POINT('',(118.605450840278,212.350003196285,105.500001013279));
#1854=CARTESIAN_POINT('Ctrl Pts',(118.961458359827,214.656553368116,107.644293913911));
#1855=CARTESIAN_POINT('Ctrl Pts',(118.961458359827,214.603923328689,107.648136318889));
#1856=CARTESIAN_POINT('Ctrl Pts',(118.960913325925,214.551641969033,107.650001013279));
#1857=CARTESIAN_POINT('Ctrl Pts',(118.954286050568,214.227860531885,107.650001013279));
#1858=CARTESIAN_POINT('Ctrl Pts',(118.932402132265,213.938932757883,107.595214121085));
#1859=CARTESIAN_POINT('Ctrl Pts',(118.863841737238,213.40944926386,107.37494368802));
#1860=CARTESIAN_POINT('Ctrl Pts',(118.817914407719,213.168759313542,107.209550298782));
#1861=CARTESIAN_POINT('Ctrl Pts',(118.732591273091,212.789189012725,106.829511287139));
#1862=CARTESIAN_POINT('Ctrl Pts',(118.687454441625,212.624247439656,106.589046741926));
#1863=CARTESIAN_POINT('Ctrl Pts',(118.623390534739,212.404613327222,106.060198268414));
#1864=CARTESIAN_POINT('Ctrl Pts',(118.605450840278,212.350003196285,105.771660980732));
#1865=CARTESIAN_POINT('Ctrl Pts',(118.605450840278,212.350003196285,105.500001013279));
#1866=CARTESIAN_POINT('',(118.961458359827,214.65655336811,103.355708112647));
#1867=CARTESIAN_POINT('Ctrl Pts',(118.605450840278,212.350003196285,105.500001013279));
#1868=CARTESIAN_POINT('Ctrl Pts',(118.605450840278,212.350003196285,105.228341045826));
#1869=CARTESIAN_POINT('Ctrl Pts',(118.623390534739,212.404613327222,104.939803758144));
#1870=CARTESIAN_POINT('Ctrl Pts',(118.687454441625,212.624247439656,104.410955284632));
#1871=CARTESIAN_POINT('Ctrl Pts',(118.732591273091,212.789189012725,104.170490739419));
#1872=CARTESIAN_POINT('Ctrl Pts',(118.817914407719,213.168759313542,103.790451727776));
#1873=CARTESIAN_POINT('Ctrl Pts',(118.863841737238,213.40944926386,103.625058338538));
#1874=CARTESIAN_POINT('Ctrl Pts',(118.932402132265,213.938932757883,103.404787905473));
#1875=CARTESIAN_POINT('Ctrl Pts',(118.954286050568,214.227860531885,103.350001013279));
#1876=CARTESIAN_POINT('Ctrl Pts',(118.960913325925,214.551641969033,103.350001013279));
#1877=CARTESIAN_POINT('Ctrl Pts',(118.961458359827,214.603923328689,103.351865707669));
#1878=CARTESIAN_POINT('Ctrl Pts',(118.961458359827,214.656553368116,103.355708112647));
#1879=CARTESIAN_POINT('',(118.961458359827,214.65655336811,82.6442939139107));
#1880=CARTESIAN_POINT('',(118.961458359827,214.656553368104,118.));
#1881=CARTESIAN_POINT('',(118.605450840278,212.350003196285,80.500001013279));
#1882=CARTESIAN_POINT('Ctrl Pts',(118.961458359827,214.656553368116,82.6442939139107));
#1883=CARTESIAN_POINT('Ctrl Pts',(118.961458359827,214.603923328689,82.6481363188887));
#1884=CARTESIAN_POINT('Ctrl Pts',(118.960913325925,214.551641969033,82.650001013279));
#1885=CARTESIAN_POINT('Ctrl Pts',(118.954286050568,214.227860531885,82.650001013279));
#1886=CARTESIAN_POINT('Ctrl Pts',(118.932402132265,213.938932757883,82.5952141210852));
#1887=CARTESIAN_POINT('Ctrl Pts',(118.863841737238,213.40944926386,82.3749436880199));
#1888=CARTESIAN_POINT('Ctrl Pts',(118.817914407719,213.168759313542,82.2095502987816));
#1889=CARTESIAN_POINT('Ctrl Pts',(118.732591273091,212.789189012725,81.8295112871394));
#1890=CARTESIAN_POINT('Ctrl Pts',(118.687454441625,212.624247439656,81.589046741926));
#1891=CARTESIAN_POINT('Ctrl Pts',(118.623390534739,212.404613327222,81.0601982684139));
#1892=CARTESIAN_POINT('Ctrl Pts',(118.605450840278,212.350003196285,80.7716609807318));
#1893=CARTESIAN_POINT('Ctrl Pts',(118.605450840278,212.350003196285,80.5000010132789));
#1894=CARTESIAN_POINT('',(118.961458359827,214.65655336811,78.3557081126472));
#1895=CARTESIAN_POINT('Ctrl Pts',(118.605450840278,212.350003196285,80.5000010132789));
#1896=CARTESIAN_POINT('Ctrl Pts',(118.605450840278,212.350003196285,80.2283410458261));
#1897=CARTESIAN_POINT('Ctrl Pts',(118.623390534739,212.404613327222,79.9398037581441));
#1898=CARTESIAN_POINT('Ctrl Pts',(118.687454441625,212.624247439656,79.4109552846319));
#1899=CARTESIAN_POINT('Ctrl Pts',(118.732591273091,212.789189012725,79.1704907394186));
#1900=CARTESIAN_POINT('Ctrl Pts',(118.817914407719,213.168759313542,78.7904517277763));
#1901=CARTESIAN_POINT('Ctrl Pts',(118.863841737238,213.40944926386,78.625058338538));
#1902=CARTESIAN_POINT('Ctrl Pts',(118.932402132265,213.938932757883,78.4047879054727));
#1903=CARTESIAN_POINT('Ctrl Pts',(118.954286050568,214.227860531885,78.350001013279));
#1904=CARTESIAN_POINT('Ctrl Pts',(118.960913325925,214.551641969033,78.350001013279));
#1905=CARTESIAN_POINT('Ctrl Pts',(118.961458359827,214.603923328689,78.3518657076692));
#1906=CARTESIAN_POINT('Ctrl Pts',(118.961458359827,214.656553368116,78.3557081126472));
#1907=CARTESIAN_POINT('',(118.961458359827,214.656553368104,68.5));
#1908=CARTESIAN_POINT('',(118.961458359827,214.656553368104,118.));
#1909=CARTESIAN_POINT('Origin',(111.311458359827,214.656553368104,68.5));
#1910=CARTESIAN_POINT('',(118.697164675578,216.650003196285,80.5000010132789));
#1911=CARTESIAN_POINT('Ctrl Pts',(118.961458359827,214.656553368116,78.3557081126472));
#1912=CARTESIAN_POINT('Ctrl Pts',(118.961458359827,214.880020271911,78.3720229463984));
#1913=CARTESIAN_POINT('Ctrl Pts',(118.951051561188,215.109684030676,78.4252621039653));
#1914=CARTESIAN_POINT('Ctrl Pts',(118.909133559929,215.588419067641,78.6238603896162));
#1915=CARTESIAN_POINT('Ctrl Pts',(118.873496472245,215.829335683318,78.7889762408988));
#1916=CARTESIAN_POINT('Ctrl Pts',(118.804575973853,216.209993017068,79.1692302319407));
#1917=CARTESIAN_POINT('Ctrl Pts',(118.766712386759,216.375426537427,79.4102738060949));
#1918=CARTESIAN_POINT('Ctrl Pts',(118.712537086728,216.595463285209,79.9398540480441));
#1919=CARTESIAN_POINT('Ctrl Pts',(118.697164675578,216.650003196285,80.2285126871301));
#1920=CARTESIAN_POINT('Ctrl Pts',(118.697164675578,216.650003196285,80.500001013279));
#1921=CARTESIAN_POINT('Ctrl Pts',(118.697164675578,216.650003196285,80.5000010132789));
#1922=CARTESIAN_POINT('Ctrl Pts',(118.697164675578,216.650003196285,80.7714893394277));
#1923=CARTESIAN_POINT('Ctrl Pts',(118.712537086728,216.595463285209,81.0601479785139));
#1924=CARTESIAN_POINT('Ctrl Pts',(118.766712386759,216.375426537427,81.589728220463));
#1925=CARTESIAN_POINT('Ctrl Pts',(118.804575973853,216.209993017068,81.8307717946172));
#1926=CARTESIAN_POINT('Ctrl Pts',(118.873496472245,215.829335683318,82.2110257856591));
#1927=CARTESIAN_POINT('Ctrl Pts',(118.909133559929,215.588419067641,82.3761416369417));
#1928=CARTESIAN_POINT('Ctrl Pts',(118.951051561188,215.109684030676,82.5747399225926));
#1929=CARTESIAN_POINT('Ctrl Pts',(118.961458359827,214.880020271911,82.6279790801595));
#1930=CARTESIAN_POINT('Ctrl Pts',(118.961458359827,214.656553368116,82.6442939139107));
#1931=CARTESIAN_POINT('',(118.697164675578,216.650003196285,105.500001013279));
#1932=CARTESIAN_POINT('Ctrl Pts',(118.961458359827,214.656553368116,103.355708112647));
#1933=CARTESIAN_POINT('Ctrl Pts',(118.961458359827,214.880020271911,103.372022946398));
#1934=CARTESIAN_POINT('Ctrl Pts',(118.951051561188,215.109684030676,103.425262103965));
#1935=CARTESIAN_POINT('Ctrl Pts',(118.909133559929,215.588419067641,103.623860389616));
#1936=CARTESIAN_POINT('Ctrl Pts',(118.873496472245,215.829335683318,103.788976240899));
#1937=CARTESIAN_POINT('Ctrl Pts',(118.804575973853,216.209993017068,104.169230231941));
#1938=CARTESIAN_POINT('Ctrl Pts',(118.766712386759,216.375426537427,104.410273806095));
#1939=CARTESIAN_POINT('Ctrl Pts',(118.712537086728,216.595463285209,104.939854048044));
#1940=CARTESIAN_POINT('Ctrl Pts',(118.697164675578,216.650003196285,105.22851268713));
#1941=CARTESIAN_POINT('Ctrl Pts',(118.697164675578,216.650003196285,105.500001013279));
#1942=CARTESIAN_POINT('Ctrl Pts',(118.697164675578,216.650003196285,105.500001013279));
#1943=CARTESIAN_POINT('Ctrl Pts',(118.697164675578,216.650003196285,105.771489339428));
#1944=CARTESIAN_POINT('Ctrl Pts',(118.712537086728,216.595463285209,106.060147978514));
#1945=CARTESIAN_POINT('Ctrl Pts',(118.766712386759,216.375426537427,106.589728220463));
#1946=CARTESIAN_POINT('Ctrl Pts',(118.804575973853,216.209993017068,106.830771794617));
#1947=CARTESIAN_POINT('Ctrl Pts',(118.873496472245,215.829335683318,107.211025785659));
#1948=CARTESIAN_POINT('Ctrl Pts',(118.909133559929,215.588419067641,107.376141636942));
#1949=CARTESIAN_POINT('Ctrl Pts',(118.951051561188,215.109684030676,107.574739922593));
#1950=CARTESIAN_POINT('Ctrl Pts',(118.961458359827,214.880020271911,107.627979080159));
#1951=CARTESIAN_POINT('Ctrl Pts',(118.961458359827,214.656553368116,107.644293913911));
#1952=CARTESIAN_POINT('',(103.925752044075,216.650003196285,80.500001013279));
#1953=CARTESIAN_POINT('',(104.017465879375,212.350003196285,80.500001013279));
#1954=CARTESIAN_POINT('Ctrl Pts',(103.925752044075,216.650003196285,80.500001013279));
#1955=CARTESIAN_POINT('Ctrl Pts',(103.925752044075,216.650003196285,80.2285126871301));
#1956=CARTESIAN_POINT('Ctrl Pts',(103.910379632925,216.595463285209,79.9398540480441));
#1957=CARTESIAN_POINT('Ctrl Pts',(103.856204332894,216.375426537427,79.4102738060949));
#1958=CARTESIAN_POINT('Ctrl Pts',(103.8183407458,216.209993017068,79.1692302319407));
#1959=CARTESIAN_POINT('Ctrl Pts',(103.749420247408,215.829335683318,78.7889762408988));
#1960=CARTESIAN_POINT('Ctrl Pts',(103.713783159724,215.588419067641,78.6238603896162));
#1961=CARTESIAN_POINT('Ctrl Pts',(103.667449014118,215.059248347588,78.4043393817422));
#1962=CARTESIAN_POINT('Ctrl Pts',(103.657515542025,214.7708999591,78.350001013279));
#1963=CARTESIAN_POINT('Ctrl Pts',(103.668630669085,214.227860531885,78.350001013279));
#1964=CARTESIAN_POINT('Ctrl Pts',(103.690514587388,213.938932757883,78.4047879054727));
#1965=CARTESIAN_POINT('Ctrl Pts',(103.759074982416,213.40944926386,78.625058338538));
#1966=CARTESIAN_POINT('Ctrl Pts',(103.805002311934,213.168759313542,78.7904517277763));
#1967=CARTESIAN_POINT('Ctrl Pts',(103.890325446562,212.789189012725,79.1704907394186));
#1968=CARTESIAN_POINT('Ctrl Pts',(103.935462278028,212.624247439656,79.4109552846319));
#1969=CARTESIAN_POINT('Ctrl Pts',(103.999526184914,212.404613327222,79.9398037581441));
#1970=CARTESIAN_POINT('Ctrl Pts',(104.017465879375,212.350003196285,80.2283410458261));
#1971=CARTESIAN_POINT('Ctrl Pts',(104.017465879375,212.350003196285,80.500001013279));
#1972=CARTESIAN_POINT('Ctrl Pts',(104.017465879375,212.350003196285,80.500001013279));
#1973=CARTESIAN_POINT('Ctrl Pts',(104.017465879375,212.350003196285,80.7716609807318));
#1974=CARTESIAN_POINT('Ctrl Pts',(103.999526184914,212.404613327222,81.0601982684139));
#1975=CARTESIAN_POINT('Ctrl Pts',(103.935462278028,212.624247439656,81.589046741926));
#1976=CARTESIAN_POINT('Ctrl Pts',(103.890325446562,212.789189012725,81.8295112871394));
#1977=CARTESIAN_POINT('Ctrl Pts',(103.805002311934,213.168759313542,82.2095502987816));
#1978=CARTESIAN_POINT('Ctrl Pts',(103.759074982416,213.40944926386,82.3749436880199));
#1979=CARTESIAN_POINT('Ctrl Pts',(103.690514587388,213.938932757883,82.5952141210852));
#1980=CARTESIAN_POINT('Ctrl Pts',(103.668630669085,214.227860531885,82.650001013279));
#1981=CARTESIAN_POINT('Ctrl Pts',(103.657515542025,214.7708999591,82.650001013279));
#1982=CARTESIAN_POINT('Ctrl Pts',(103.667449014118,215.059248347588,82.5956626448157));
#1983=CARTESIAN_POINT('Ctrl Pts',(103.713783159724,215.588419067641,82.3761416369417));
#1984=CARTESIAN_POINT('Ctrl Pts',(103.749420247408,215.829335683318,82.2110257856591));
#1985=CARTESIAN_POINT('Ctrl Pts',(103.8183407458,216.209993017068,81.8307717946172));
#1986=CARTESIAN_POINT('Ctrl Pts',(103.856204332894,216.375426537427,81.589728220463));
#1987=CARTESIAN_POINT('Ctrl Pts',(103.910379632925,216.595463285209,81.0601479785139));
#1988=CARTESIAN_POINT('Ctrl Pts',(103.925752044075,216.650003196285,80.7714893394278));
#1989=CARTESIAN_POINT('Ctrl Pts',(103.925752044075,216.650003196285,80.500001013279));
#1990=CARTESIAN_POINT('',(103.925752044075,216.650003196285,105.500001013279));
#1991=CARTESIAN_POINT('',(104.017465879375,212.350003196285,105.500001013279));
#1992=CARTESIAN_POINT('Ctrl Pts',(103.925752044075,216.650003196285,105.500001013279));
#1993=CARTESIAN_POINT('Ctrl Pts',(103.925752044075,216.650003196285,105.22851268713));
#1994=CARTESIAN_POINT('Ctrl Pts',(103.910379632925,216.595463285209,104.939854048044));
#1995=CARTESIAN_POINT('Ctrl Pts',(103.856204332894,216.375426537427,104.410273806095));
#1996=CARTESIAN_POINT('Ctrl Pts',(103.8183407458,216.209993017068,104.169230231941));
#1997=CARTESIAN_POINT('Ctrl Pts',(103.749420247408,215.829335683318,103.788976240899));
#1998=CARTESIAN_POINT('Ctrl Pts',(103.713783159724,215.588419067641,103.623860389616));
#1999=CARTESIAN_POINT('Ctrl Pts',(103.667449014118,215.059248347588,103.404339381742));
#2000=CARTESIAN_POINT('Ctrl Pts',(103.657515542025,214.7708999591,103.350001013279));
#2001=CARTESIAN_POINT('Ctrl Pts',(103.668630669085,214.227860531885,103.350001013279));
#2002=CARTESIAN_POINT('Ctrl Pts',(103.690514587388,213.938932757883,103.404787905473));
#2003=CARTESIAN_POINT('Ctrl Pts',(103.759074982416,213.40944926386,103.625058338538));
#2004=CARTESIAN_POINT('Ctrl Pts',(103.805002311934,213.168759313542,103.790451727776));
#2005=CARTESIAN_POINT('Ctrl Pts',(103.890325446562,212.789189012725,104.170490739419));
#2006=CARTESIAN_POINT('Ctrl Pts',(103.935462278028,212.624247439656,104.410955284632));
#2007=CARTESIAN_POINT('Ctrl Pts',(103.999526184914,212.404613327222,104.939803758144));
#2008=CARTESIAN_POINT('Ctrl Pts',(104.017465879375,212.350003196285,105.228341045826));
#2009=CARTESIAN_POINT('Ctrl Pts',(104.017465879375,212.350003196285,105.500001013279));
#2010=CARTESIAN_POINT('Ctrl Pts',(104.017465879375,212.350003196285,105.500001013279));
#2011=CARTESIAN_POINT('Ctrl Pts',(104.017465879375,212.350003196285,105.771660980732));
#2012=CARTESIAN_POINT('Ctrl Pts',(103.999526184914,212.404613327222,106.060198268414));
#2013=CARTESIAN_POINT('Ctrl Pts',(103.935462278028,212.624247439656,106.589046741926));
#2014=CARTESIAN_POINT('Ctrl Pts',(103.890325446562,212.789189012725,106.829511287139));
#2015=CARTESIAN_POINT('Ctrl Pts',(103.805002311934,213.168759313542,107.209550298782));
#2016=CARTESIAN_POINT('Ctrl Pts',(103.759074982416,213.40944926386,107.37494368802));
#2017=CARTESIAN_POINT('Ctrl Pts',(103.690514587388,213.938932757883,107.595214121085));
#2018=CARTESIAN_POINT('Ctrl Pts',(103.668630669085,214.227860531885,107.650001013279));
#2019=CARTESIAN_POINT('Ctrl Pts',(103.657515542025,214.7708999591,107.650001013279));
#2020=CARTESIAN_POINT('Ctrl Pts',(103.667449014118,215.059248347588,107.595662644816));
#2021=CARTESIAN_POINT('Ctrl Pts',(103.713783159724,215.588419067641,107.376141636942));
#2022=CARTESIAN_POINT('Ctrl Pts',(103.749420247408,215.829335683318,107.211025785659));
#2023=CARTESIAN_POINT('Ctrl Pts',(103.8183407458,216.209993017068,106.830771794617));
#2024=CARTESIAN_POINT('Ctrl Pts',(103.856204332894,216.375426537427,106.589728220463));
#2025=CARTESIAN_POINT('Ctrl Pts',(103.910379632925,216.595463285209,106.060147978514));
#2026=CARTESIAN_POINT('Ctrl Pts',(103.925752044075,216.650003196285,105.771489339428));
#2027=CARTESIAN_POINT('Ctrl Pts',(103.925752044075,216.650003196285,105.500001013279));
#2028=CARTESIAN_POINT('Origin',(111.311458359827,214.656553368104,118.));
#2029=CARTESIAN_POINT('',(119.729653592512,222.564554950324,118.));
#2030=CARTESIAN_POINT('',(102.893263127141,222.564554950324,118.));
#2031=CARTESIAN_POINT('Origin',(111.311458359827,214.656553368104,118.));
#2032=CARTESIAN_POINT('',(102.893263127141,206.748551785884,118.));
#2033=CARTESIAN_POINT('Origin',(111.311458359827,214.656553368104,118.));
#2034=CARTESIAN_POINT('',(119.729653592512,206.748551785884,118.));
#2035=CARTESIAN_POINT('Origin',(111.311458359827,214.656553368104,118.));
#2036=CARTESIAN_POINT('Origin',(111.311458359827,214.656553368104,118.));
#2037=CARTESIAN_POINT('Ctrl Pts',(96.5065420459772,201.43061642398,82.3655754642558));
#2038=CARTESIAN_POINT('Ctrl Pts',(99.5028562841123,201.098465479721,83.0180929078193));
#2039=CARTESIAN_POINT('Ctrl Pts',(105.174265129967,200.524859807565,83.9847529773499));
#2040=CARTESIAN_POINT('Ctrl Pts',(114.709847531689,200.291995021957,84.3298801374143));
#2041=CARTESIAN_POINT('Ctrl Pts',(121.619059780415,200.932095934387,83.3448472845049));
#2042=CARTESIAN_POINT('Ctrl Pts',(126.113374818577,201.430283887572,82.3662287115736));
#2043=CARTESIAN_POINT('Ctrl Pts',(96.4445774020355,201.020115400615,80.0851997274996));
#2044=CARTESIAN_POINT('Ctrl Pts',(99.4595177584907,200.761273957725,80.659978433687));
#2045=CARTESIAN_POINT('Ctrl Pts',(105.162602754864,200.309801069868,81.5199263604022));
#2046=CARTESIAN_POINT('Ctrl Pts',(114.71456344641,200.1252010469,81.8298493716159));
#2047=CARTESIAN_POINT('Ctrl Pts',(121.653068475716,200.631621787463,80.9478087201743));
#2048=CARTESIAN_POINT('Ctrl Pts',(126.175320812606,201.019856099032,80.0857750106028));
#2049=CARTESIAN_POINT('Ctrl Pts',(96.183580201139,199.29107104164,75.692183483373));
#2050=CARTESIAN_POINT('Ctrl Pts',(99.2436660402175,199.119515092991,76.0854943091757));
#2051=CARTESIAN_POINT('Ctrl Pts',(105.053971179458,198.819632145957,76.6833536587188));
#2052=CARTESIAN_POINT('Ctrl Pts',(114.773417962983,198.696724273403,76.9019676703226));
#2053=CARTESIAN_POINT('Ctrl Pts',(121.846292490587,199.033583668523,76.282456411124));
#2054=CARTESIAN_POINT('Ctrl Pts',(126.436272813522,199.290899217647,75.6925773168531));
#2055=CARTESIAN_POINT('Ctrl Pts',(95.5656218356744,195.197243896298,71.4765380936373));
#2056=CARTESIAN_POINT('Ctrl Pts',(98.6958034045195,194.988953457146,71.6608962266038));
#2057=CARTESIAN_POINT('Ctrl Pts',(104.730621873589,194.640720455426,71.943443364809));
#2058=CARTESIAN_POINT('Ctrl Pts',(114.955814669252,194.502360103943,72.0475155921457));
#2059=CARTESIAN_POINT('Ctrl Pts',(122.358995182925,194.884630487136,71.7532202942956));
#2060=CARTESIAN_POINT('Ctrl Pts',(127.054160985581,195.197035199508,71.4767227986264));
#2061=CARTESIAN_POINT('Ctrl Pts',(94.8012475516798,190.133446126257,68.7026717602854));
#2062=CARTESIAN_POINT('Ctrl Pts',(98.007468814029,189.80874932573,68.7416247563605));
#2063=CARTESIAN_POINT('Ctrl Pts',(104.31093120025,189.280051378157,68.8017947915111));
#2064=CARTESIAN_POINT('Ctrl Pts',(115.194429744966,189.074000053783,68.824127365891));
#2065=CARTESIAN_POINT('Ctrl Pts',(123.009176624519,189.64613152525,68.7611320942445));
#2066=CARTESIAN_POINT('Ctrl Pts',(127.818459117476,190.133121108286,68.7027107196702));
#2067=CARTESIAN_POINT('Ctrl Pts',(94.2827255829172,186.698361450964,68.));
#2068=CARTESIAN_POINT('Ctrl Pts',(97.5369318827434,186.271256584339,67.9995335533725));
#2069=CARTESIAN_POINT('Ctrl Pts',(104.019823942133,185.579681385132,67.9991370247242));
#2070=CARTESIAN_POINT('Ctrl Pts',(115.36036862825,185.311352990426,67.9990027648674));
#2071=CARTESIAN_POINT('Ctrl Pts',(123.455632499919,186.057351629462,67.9993003963962));
#2072=CARTESIAN_POINT('Ctrl Pts',(128.336933034539,186.697933627137,68.));
#2073=CARTESIAN_POINT('Ctrl Pts',(93.936766936724,184.406467731091,68.));
#2074=CARTESIAN_POINT('Ctrl Pts',(97.2229531485533,183.910421809273,68.));
#2075=CARTESIAN_POINT('Ctrl Pts',(103.825315853969,183.109411948013,68.));
#2076=CARTESIAN_POINT('Ctrl Pts',(115.471384036014,182.799219940602,68.));
#2077=CARTESIAN_POINT('Ctrl Pts',(123.753562166502,183.66199071452,68.));
#2078=CARTESIAN_POINT('Ctrl Pts',(128.682859650024,184.405971119862,68.));
#2079=CARTESIAN_POINT('',(125.466923089399,201.358995591839,82.5050229368893));
#2080=CARTESIAN_POINT('',(127.811458359827,184.276647509996,68.));
#2081=CARTESIAN_POINT('Ctrl Pts',(127.811458359827,184.276647509996,68.));
#2082=CARTESIAN_POINT('Ctrl Pts',(127.811458359827,185.425913231846,68.));
#2083=CARTESIAN_POINT('Ctrl Pts',(127.777447400734,186.571638352314,68.1109120222169));
#2084=CARTESIAN_POINT('Ctrl Pts',(127.66143746538,188.881191598393,68.5664843826353));
#2085=CARTESIAN_POINT('Ctrl Pts',(127.577590361516,190.035861277849,68.9213226998852));
#2086=CARTESIAN_POINT('Ctrl Pts',(127.29833912276,193.196436684209,70.2665187456037));
#2087=CARTESIAN_POINT('Ctrl Pts',(127.074964444398,195.058958697605,71.5289095566095));
#2088=CARTESIAN_POINT('Ctrl Pts',(126.624217271603,197.996938245041,74.4937926538134));
#2089=CARTESIAN_POINT('Ctrl Pts',(126.402553744011,199.120669087303,76.1003721884324));
#2090=CARTESIAN_POINT('Ctrl Pts',(125.948717722873,200.640234062616,79.3355033124714));
#2091=CARTESIAN_POINT('Ctrl Pts',(125.726253525918,201.115382151473,80.9006137486863));
#2092=CARTESIAN_POINT('Ctrl Pts',(125.466923089399,201.358995591839,82.5050229368893));
#2093=CARTESIAN_POINT('',(97.1559936302537,201.358995591839,82.5050229368893));
#2094=CARTESIAN_POINT('Ctrl Pts',(125.466862571044,201.35916689584,82.5048246637638));
#2095=CARTESIAN_POINT('Ctrl Pts',(121.22011351774,200.89580060428,83.4007089973436));
#2096=CARTESIAN_POINT('Ctrl Pts',(114.51316577335,200.296798111434,84.3227615143631));
#2097=CARTESIAN_POINT('Ctrl Pts',(105.371875003239,200.52003405295,83.991905192232));
#2098=CARTESIAN_POINT('Ctrl Pts',(99.9139220854628,201.057440139359,83.0871946748461));
#2099=CARTESIAN_POINT('Ctrl Pts',(97.1560329601496,201.359082174402,82.5048815171397));
#2100=CARTESIAN_POINT('',(94.8114583598268,184.276647509996,68.));
#2101=CARTESIAN_POINT('Ctrl Pts',(97.1559936302537,201.358995591839,82.5050229368893));
#2102=CARTESIAN_POINT('Ctrl Pts',(97.0141095690012,201.225710564602,81.627223575623));
#2103=CARTESIAN_POINT('Ctrl Pts',(96.8833424982505,201.022939651917,80.7598794749175));
#2104=CARTESIAN_POINT('Ctrl Pts',(96.6231512962197,200.453593454314,78.9751948004893));
#2105=CARTESIAN_POINT('Ctrl Pts',(96.4958341243354,200.073514003899,78.0658559739521));
#2106=CARTESIAN_POINT('Ctrl Pts',(96.1366638849483,198.725961359961,75.4957412868047));
#2107=CARTESIAN_POINT('Ctrl Pts',(95.9211752108758,197.553129697174,73.9582918027124));
#2108=CARTESIAN_POINT('Ctrl Pts',(95.4955829375911,194.623898434745,71.2232567867343));
#2109=CARTESIAN_POINT('Ctrl Pts',(95.2897400060322,192.849904730132,70.0883847602884));
#2110=CARTESIAN_POINT('Ctrl Pts',(94.9421742156604,188.810191914186,68.4370096041345));
#2111=CARTESIAN_POINT('Ctrl Pts',(94.8114583598266,186.556129777189,68.));
#2112=CARTESIAN_POINT('Ctrl Pts',(94.8114583598266,184.276647509996,68.));
#2113=CARTESIAN_POINT('',(97.8058714476517,183.87108068411,68.));
#2114=CARTESIAN_POINT('Ctrl Pts',(94.8114777984516,184.276781081228,68.));
#2115=CARTESIAN_POINT('Ctrl Pts',(95.8082252532509,184.131724399617,68.));
#2116=CARTESIAN_POINT('Ctrl Pts',(96.806334869947,183.995935343332,68.));
#2117=CARTESIAN_POINT('Ctrl Pts',(97.805754820886,183.871095252206,68.));
#2118=CARTESIAN_POINT('',(101.157454064325,183.496164601761,68.));
#2119=CARTESIAN_POINT('Ctrl Pts',(97.8058714476517,183.87108068411,68.));
#2120=CARTESIAN_POINT('Ctrl Pts',(97.8534143415865,183.96500001509,67.9999818792652));
#2121=CARTESIAN_POINT('Ctrl Pts',(97.9089883205647,184.054330986518,68.0008263489025));
#2122=CARTESIAN_POINT('Ctrl Pts',(97.971837651132,184.138134075334,68.0023184460711));
#2123=CARTESIAN_POINT('Ctrl Pts',(98.0395899727289,184.228474796118,68.003926944464));
#2124=CARTESIAN_POINT('Ctrl Pts',(98.1157965751486,184.312391941039,68.0062873641134));
#2125=CARTESIAN_POINT('Ctrl Pts',(98.1995332199872,184.38869909241,68.0090754432427));
#2126=CARTESIAN_POINT('Ctrl Pts',(98.2114846242223,184.399590114062,68.0094733748863));
#2127=CARTESIAN_POINT('Ctrl Pts',(98.223589463057,184.410326093252,68.0098799460945));
#2128=CARTESIAN_POINT('Ctrl Pts',(98.2358450922265,184.420903557906,68.0102941488263));
#2129=CARTESIAN_POINT('Ctrl Pts',(98.3225705608355,184.495753699518,68.0132252040598));
#2130=CARTESIAN_POINT('Ctrl Pts',(98.4160519939157,184.561978814614,68.0165098997374));
#2131=CARTESIAN_POINT('Ctrl Pts',(98.5149287877148,184.618816212974,68.0197768367976));
#2132=CARTESIAN_POINT('Ctrl Pts',(98.6129161570239,184.675142342995,68.0230143868428));
#2133=CARTESIAN_POINT('Ctrl Pts',(98.7162023350111,184.722249115923,68.0262327546269));
#2134=CARTESIAN_POINT('Ctrl Pts',(98.8234912252896,184.759368090401,68.0291032260187));
#2135=CARTESIAN_POINT('Ctrl Pts',(98.9142298209131,184.79076112286,68.0315309008897));
#2136=CARTESIAN_POINT('Ctrl Pts',(99.0072690099791,184.814820034765,68.0336940623861));
#2137=CARTESIAN_POINT('Ctrl Pts',(99.1017106678485,184.831350009349,68.0354425422831));
#2138=CARTESIAN_POINT('Ctrl Pts',(99.1477624666223,184.839410383135,68.0362951389676));
#2139=CARTESIAN_POINT('Ctrl Pts',(99.1941479031767,184.845680330473,68.0370498303207));
#2140=CARTESIAN_POINT('Ctrl Pts',(99.2407637154954,184.850135930753,68.0376934753419));
#2141=CARTESIAN_POINT('Ctrl Pts',(99.3164882005857,184.857373776027,68.0387390366094));
#2142=CARTESIAN_POINT('Ctrl Pts',(99.3925958900981,184.859804050949,68.0394872538254));
#2143=CARTESIAN_POINT('Ctrl Pts',(99.4686315974469,184.857411078427,68.0399055920868));
#2144=CARTESIAN_POINT('Ctrl Pts',(99.5290400992306,184.855509920539,68.0402379515595));
#2145=CARTESIAN_POINT('Ctrl Pts',(99.5893133850975,184.850567175625,68.0403620357323));
#2146=CARTESIAN_POINT('Ctrl Pts',(99.6492239576458,184.842601373227,68.0402744012212));
#2147=CARTESIAN_POINT('Ctrl Pts',(99.7148280610255,184.833878550164,68.0401784384673));
#2148=CARTESIAN_POINT('Ctrl Pts',(99.7798979504623,184.821543993359,68.0398285610292));
#2149=CARTESIAN_POINT('Ctrl Pts',(99.8441392118778,184.805653944443,68.0392362080097));
#2150=CARTESIAN_POINT('Ctrl Pts',(99.9349968907905,184.783180335885,68.0383984314893));
#2151=CARTESIAN_POINT('Ctrl Pts',(100.023939363349,184.753658470763,68.0370759879288));
#2152=CARTESIAN_POINT('Ctrl Pts',(100.110164529585,184.717364748557,68.0353558733949));
#2153=CARTESIAN_POINT('Ctrl Pts',(100.118661232802,184.71378833346,68.0351863718058));
#2154=CARTESIAN_POINT('Ctrl Pts',(100.12713154523,184.710146159179,68.0350130499496));
#2155=CARTESIAN_POINT('Ctrl Pts',(100.135574695926,184.706438488861,68.0348360177764));
#2156=CARTESIAN_POINT('Ctrl Pts',(100.227618154301,184.666019122817,68.0329060920819));
#2157=CARTESIAN_POINT('Ctrl Pts',(100.315918578627,184.618042604608,68.0305418202912));
#2158=CARTESIAN_POINT('Ctrl Pts',(100.399613646024,184.563093627883,68.0279288891193));
#2159=CARTESIAN_POINT('Ctrl Pts',(100.48834344637,184.504839158584,68.0251587753191));
#2160=CARTESIAN_POINT('Ctrl Pts',(100.57189759252,184.43874763192,68.0221098074524));
#2161=CARTESIAN_POINT('Ctrl Pts',(100.649228247942,184.365525007206,68.0190559457156));
#2162=CARTESIAN_POINT('Ctrl Pts',(100.653624067472,184.361362706473,68.0188823505871));
#2163=CARTESIAN_POINT('Ctrl Pts',(100.657999770842,184.357177366698,68.0187087513675));
#2164=CARTESIAN_POINT('Ctrl Pts',(100.662355163285,184.352969118944,68.0185352024116));
#2165=CARTESIAN_POINT('Ctrl Pts',(100.746305049145,184.271855436721,68.0151900583797));
#2166=CARTESIAN_POINT('Ctrl Pts',(100.822052452126,184.182869184997,68.0118895608483));
#2167=CARTESIAN_POINT('Ctrl Pts',(100.888603716091,184.087309564986,68.0090257396792));
#2168=CARTESIAN_POINT('Ctrl Pts',(100.925872152925,184.033796566883,68.0074220114856));
#2169=CARTESIAN_POINT('Ctrl Pts',(100.960256045879,183.978222776494,68.0059553761478));
#2170=CARTESIAN_POINT('Ctrl Pts',(100.991575745023,183.920821261358,68.0046932078119));
#2171=CARTESIAN_POINT('Ctrl Pts',(101.040079870851,183.831924803574,68.0027385156069));
#2172=CARTESIAN_POINT('Ctrl Pts',(101.080951475471,183.739168329467,68.0012884687372));
#2173=CARTESIAN_POINT('Ctrl Pts',(101.113800192392,183.643545390941,68.0005511378404));
#2174=CARTESIAN_POINT('Ctrl Pts',(101.130424243812,183.595152613505,68.0001779900316));
#2175=CARTESIAN_POINT('Ctrl Pts',(101.144993220397,183.546026050783,67.9999867624774));
#2176=CARTESIAN_POINT('Ctrl Pts',(101.157454911285,183.496296679302,68.));
#2177=CARTESIAN_POINT('',(113.412049236302,183.007425536831,68.));
#2178=CARTESIAN_POINT('Ctrl Pts',(101.157644417008,183.496278093247,68.));
#2179=CARTESIAN_POINT('Ctrl Pts',(102.050264814847,183.408733751868,68.));
#2180=CARTESIAN_POINT('Ctrl Pts',(106.125179141354,183.055916690061,68.));
#2181=CARTESIAN_POINT('Ctrl Pts',(110.219988950745,182.939329393087,68.));
#2182=CARTESIAN_POINT('Ctrl Pts',(113.412123077278,183.007865449185,68.));
#2183=CARTESIAN_POINT('',(113.411291973976,183.057598261416,68.0000538697323));
#2184=CARTESIAN_POINT('Ctrl Pts',(113.411979365081,183.00786236375,68.));
#2185=CARTESIAN_POINT('Ctrl Pts',(113.411520961008,183.024448245107,67.999993871496));
#2186=CARTESIAN_POINT('Ctrl Pts',(113.411292084602,183.041028435569,68.0000118723179));
#2187=CARTESIAN_POINT('Ctrl Pts',(113.411291973976,183.057598261416,68.0000538697323));
#2188=CARTESIAN_POINT('',(117.008170886196,183.150389175542,68.));
#2189=CARTESIAN_POINT('Ctrl Pts',(113.411291973976,183.057598261416,68.0000538697323));
#2190=CARTESIAN_POINT('Ctrl Pts',(113.411291524266,183.150434359052,68.0002891694841));
#2191=CARTESIAN_POINT('Ctrl Pts',(113.418470635875,183.242944128951,68.0012818640188));
#2192=CARTESIAN_POINT('Ctrl Pts',(113.432679848313,183.334311130036,68.0029781979724));
#2193=CARTESIAN_POINT('Ctrl Pts',(113.447170165866,183.427485671925,68.0047080910096));
#2194=CARTESIAN_POINT('Ctrl Pts',(113.468971227371,183.51947167069,68.0071696178722));
#2195=CARTESIAN_POINT('Ctrl Pts',(113.497930809175,183.609416197306,68.0102532289185));
#2196=CARTESIAN_POINT('Ctrl Pts',(113.508467764434,183.642142548782,68.0113752020136));
#2197=CARTESIAN_POINT('Ctrl Pts',(113.519952494659,183.674598765811,68.0125790466704));
#2198=CARTESIAN_POINT('Ctrl Pts',(113.532377974069,183.70674421845,68.0138578853542));
#2199=CARTESIAN_POINT('Ctrl Pts',(113.570458555193,183.805260941755,68.0177771643322));
#2200=CARTESIAN_POINT('Ctrl Pts',(113.617046209522,183.899988025633,68.0223695170002));
#2201=CARTESIAN_POINT('Ctrl Pts',(113.671465373163,183.989894243904,68.0273626889078));
#2202=CARTESIAN_POINT('Ctrl Pts',(113.702935176779,184.041885690362,68.0302501669364));
#2203=CARTESIAN_POINT('Ctrl Pts',(113.737024431808,184.09226533767,68.033270767707));
#2204=CARTESIAN_POINT('Ctrl Pts',(113.773606766237,184.140836511079,68.0363659264942));
#2205=CARTESIAN_POINT('Ctrl Pts',(113.814485846207,184.195112568446,68.0398246244029));
#2206=CARTESIAN_POINT('Ctrl Pts',(113.858477940319,184.247130364099,68.0433763625073));
#2207=CARTESIAN_POINT('Ctrl Pts',(113.905411694955,184.296617877699,68.0469353338374));
#2208=CARTESIAN_POINT('Ctrl Pts',(113.984559331488,184.3800720946,68.0529370733411));
#2209=CARTESIAN_POINT('Ctrl Pts',(114.071362180311,184.455577493823,68.0589020462367));
#2210=CARTESIAN_POINT('Ctrl Pts',(114.164524403285,184.522209643856,68.0644232377882));
#2211=CARTESIAN_POINT('Ctrl Pts',(114.249795519298,184.583197860047,68.069476768611));
#2212=CARTESIAN_POINT('Ctrl Pts',(114.340395004834,184.636752800858,68.0741575641788));
#2213=CARTESIAN_POINT('Ctrl Pts',(114.435360234071,184.682166236848,68.0781876210909));
#2214=CARTESIAN_POINT('Ctrl Pts',(114.444148447673,184.686368858998,68.0785605681291));
#2215=CARTESIAN_POINT('Ctrl Pts',(114.452974068803,184.690501755925,68.0789279740593));
#2216=CARTESIAN_POINT('Ctrl Pts',(114.461836346427,184.69456436472,68.0792896391603));
#2217=CARTESIAN_POINT('Ctrl Pts',(114.54793253172,184.734032223262,68.082803181262));
#2218=CARTESIAN_POINT('Ctrl Pts',(114.636971185662,184.766632883316,68.0857501059035));
#2219=CARTESIAN_POINT('Ctrl Pts',(114.728120717025,184.79208107296,68.0879920949698));
#2220=CARTESIAN_POINT('Ctrl Pts',(114.760221272692,184.801043280621,68.088781666718));
#2221=CARTESIAN_POINT('Ctrl Pts',(114.792583745005,184.809118311191,68.0894842504484));
#2222=CARTESIAN_POINT('Ctrl Pts',(114.825172141699,184.816293428362,68.0900953077814));
#2223=CARTESIAN_POINT('Ctrl Pts',(114.897323686661,184.832179321554,68.0914482043675));
#2224=CARTESIAN_POINT('Ctrl Pts',(114.970384481779,184.84361106296,68.0923473142018));
#2225=CARTESIAN_POINT('Ctrl Pts',(115.043944271324,184.850522283308,68.0927662929366));
#2226=CARTESIAN_POINT('Ctrl Pts',(115.105603667257,184.856315416681,68.0931174899132));
#2227=CARTESIAN_POINT('Ctrl Pts',(115.167516805118,184.858923228166,68.0931311478995));
#2228=CARTESIAN_POINT('Ctrl Pts',(115.229439302098,184.858335280774,68.0928070119968));
#2229=CARTESIAN_POINT('Ctrl Pts',(115.300707055161,184.85765860119,68.0924339579598));
#2230=CARTESIAN_POINT('Ctrl Pts',(115.371860780833,184.852750006791,68.0916137574555));
#2231=CARTESIAN_POINT('Ctrl Pts',(115.442528458731,184.843636666297,68.0903688680907));
#2232=CARTESIAN_POINT('Ctrl Pts',(115.535798891006,184.831608462843,68.0887258061896));
#2233=CARTESIAN_POINT('Ctrl Pts',(115.627917387975,184.812294576044,68.0863467190685));
#2234=CARTESIAN_POINT('Ctrl Pts',(115.718050595752,184.785896717447,68.0833455645374));
#2235=CARTESIAN_POINT('Ctrl Pts',(115.740841243352,184.779221882416,68.0825867070974));
#2236=CARTESIAN_POINT('Ctrl Pts',(115.763504907587,184.772094062108,68.0817883249883));
#2237=CARTESIAN_POINT('Ctrl Pts',(115.786028002642,184.764516385777,68.0809527498342));
#2238=CARTESIAN_POINT('Ctrl Pts',(115.884541731897,184.731372399456,68.0772980290108));
#2239=CARTESIAN_POINT('Ctrl Pts',(115.979717078676,184.68983565517,68.0729516706432));
#2240=CARTESIAN_POINT('Ctrl Pts',(116.070571805102,184.640501592329,68.0681691905584));
#2241=CARTESIAN_POINT('Ctrl Pts',(116.1688117476,184.587157361519,68.0629979618615));
#2242=CARTESIAN_POINT('Ctrl Pts',(116.262000745652,184.524696487061,68.0573178011511));
#2243=CARTESIAN_POINT('Ctrl Pts',(116.348862234374,184.45385648081,68.0514983889592));
#2244=CARTESIAN_POINT('Ctrl Pts',(116.367425749112,184.438716980907,68.0502546991999));
#2245=CARTESIAN_POINT('Ctrl Pts',(116.385700125649,184.423194730549,68.0490047738475));
#2246=CARTESIAN_POINT('Ctrl Pts',(116.403672676035,184.407296862996,68.0477523978732));
#2247=CARTESIAN_POINT('Ctrl Pts',(116.487555840445,184.333096851921,68.041907191851));
#2248=CARTESIAN_POINT('Ctrl Pts',(116.5641682893,184.251341922822,68.0360600745823));
#2249=CARTESIAN_POINT('Ctrl Pts',(116.632607347503,184.163161691375,68.0305891418087));
#2250=CARTESIAN_POINT('Ctrl Pts',(116.690243929885,184.088899898362,68.0259817454505));
#2251=CARTESIAN_POINT('Ctrl Pts',(116.742082941175,184.010080950176,68.0216414150672));
#2252=CARTESIAN_POINT('Ctrl Pts',(116.787565462563,183.927382041276,68.0177728638385));
#2253=CARTESIAN_POINT('Ctrl Pts',(116.834275654007,183.842450912811,68.0137998921783));
#2254=CARTESIAN_POINT('Ctrl Pts',(116.874016302544,183.753919448951,68.0103491752922));
#2255=CARTESIAN_POINT('Ctrl Pts',(116.906425380632,183.662654215387,68.0075867694655));
#2256=CARTESIAN_POINT('Ctrl Pts',(116.920439509507,183.623189879454,68.0063922673832));
#2257=CARTESIAN_POINT('Ctrl Pts',(116.933082596442,183.583214485939,68.0053258601202));
#2258=CARTESIAN_POINT('Ctrl Pts',(116.94432464895,183.542798614551,68.0043980384211));
#2259=CARTESIAN_POINT('Ctrl Pts',(116.969163983844,183.45349967526,68.0023480147363));
#2260=CARTESIAN_POINT('Ctrl Pts',(116.987051347577,183.362459640421,68.0009873921405));
#2261=CARTESIAN_POINT('Ctrl Pts',(116.997852599078,183.270485241403,68.0003750270374));
#2262=CARTESIAN_POINT('Ctrl Pts',(117.002499736694,183.230914114908,68.0001115626689));
#2263=CARTESIAN_POINT('Ctrl Pts',(117.005835131581,183.19117014607,67.9999859689232));
#2264=CARTESIAN_POINT('Ctrl Pts',(117.007847922713,183.151318104791,68.));
#2265=CARTESIAN_POINT('Ctrl Pts',(117.008935557086,183.151380914974,68.));
#2266=CARTESIAN_POINT('Ctrl Pts',(120.623168728089,183.360119402452,68.));
#2267=CARTESIAN_POINT('Ctrl Pts',(124.227433201795,183.756249617212,68.));
#2268=CARTESIAN_POINT('Ctrl Pts',(127.81142227786,184.27689588856,68.));
#2269=CARTESIAN_POINT('Origin',(111.311458359827,214.656553368104,68.5));
#2270=CARTESIAN_POINT('',(118.461458359827,214.656553368104,68.));
#2271=CARTESIAN_POINT('Origin',(111.311458359827,214.656553368104,68.));
#2272=CARTESIAN_POINT('Origin',(118.461458359827,214.656553368104,68.5));
#2273=CARTESIAN_POINT('Origin',(111.311458359827,214.656553368104,68.));
#2274=CARTESIAN_POINT('Origin',(101.061458359827,198.356553368104,63.2));
#2275=CARTESIAN_POINT('',(124.111458359827,199.156553368104,63.2));
#2276=CARTESIAN_POINT('Ctrl Pts',(122.511458359827,198.356553368104,64.));
#2277=CARTESIAN_POINT('Ctrl Pts',(122.79618940505,198.536633092798,64.));
#2278=CARTESIAN_POINT('Ctrl Pts',(123.099637753623,198.72963687243,63.9363838290588));
#2279=CARTESIAN_POINT('Ctrl Pts',(123.517495120756,198.959590048418,63.7354484450896));
#2280=CARTESIAN_POINT('Ctrl Pts',(123.650481270547,199.026248002157,63.6516256147759));
#2281=CARTESIAN_POINT('Ctrl Pts',(123.896948691086,199.124284670546,63.4510881798029));
#2282=CARTESIAN_POINT('Ctrl Pts',(124.01038886501,199.156553368104,63.3347593264215));
#2283=CARTESIAN_POINT('Ctrl Pts',(124.111458359827,199.156553368104,63.2));
#2284=CARTESIAN_POINT('',(127.811458359827,199.156553368104,63.2));
#2285=CARTESIAN_POINT('',(101.061458359827,199.156553368104,63.2));
#2286=CARTESIAN_POINT('Origin',(127.811458359827,198.356553368104,63.2));
#2287=CARTESIAN_POINT('Origin',(94.8114583598266,199.156553368104,64.));
#2288=CARTESIAN_POINT('',(124.511458359827,199.156553368104,62.));
#2289=CARTESIAN_POINT('Origin',(122.511458359827,199.156553368104,62.));
#2290=CARTESIAN_POINT('',(124.511458359827,199.156553368104,40.8));
#2291=CARTESIAN_POINT('',(124.511458359827,199.156553368104,64.));
#2292=CARTESIAN_POINT('',(127.811458359827,199.156553368104,40.8));
#2293=CARTESIAN_POINT('',(110.486458359827,199.156553368104,40.8));
#2294=CARTESIAN_POINT('',(127.811458359827,199.156553368104,64.));
#2295=CARTESIAN_POINT('Origin',(108.486458359827,231.056553368104,63.2));
#2296=CARTESIAN_POINT('',(95.8439924783496,231.856553368104,63.2));
#2297=CARTESIAN_POINT('Origin',(95.8439924783496,231.056553368104,63.2));
#2298=CARTESIAN_POINT('',(122.511458359827,231.856553368104,63.2));
#2299=CARTESIAN_POINT('',(108.486458359827,231.856553368104,63.2));
#2300=CARTESIAN_POINT('Origin',(122.511458359827,231.056553368104,63.2));
#2301=CARTESIAN_POINT('Origin',(122.511458359827,231.056553368104,62.));
#2302=CARTESIAN_POINT('',(123.711458359827,231.856553368104,62.));
#2303=CARTESIAN_POINT('',(124.511458359827,231.056553368104,62.));
#2304=CARTESIAN_POINT('Origin',(123.711458359827,231.056553368104,62.));
#2305=CARTESIAN_POINT('Origin',(122.511458359827,231.056553368104,62.));
#2306=CARTESIAN_POINT('Origin',(122.511458359827,231.856553368104,62.));
#2307=CARTESIAN_POINT('Origin',(123.711458359827,231.056553368104,58.2471634656525));
#2308=CARTESIAN_POINT('',(123.711458359827,231.856553368104,41.6084881020009));
#2309=CARTESIAN_POINT('',(124.511458359827,231.056553368104,40.9886538626099));
#2310=CARTESIAN_POINT('Origin',(123.711458359827,231.056553368104,41.6084881020009));
#2311=CARTESIAN_POINT('',(124.511458359827,231.056553368104,58.2471634656525));
#2312=CARTESIAN_POINT('',(123.711458359827,231.856553368104,58.2471634656525));
#2313=CARTESIAN_POINT('Origin',(109.661458359827,231.856553368104,52.4943269313049));
#2314=CARTESIAN_POINT('',(124.511458359827,231.856553368104,40.9886538626099));
#2315=CARTESIAN_POINT('Ctrl Pts',(127.649567350852,229.499974753487,72.1971353139838));
#2316=CARTESIAN_POINT('Ctrl Pts',(122.96158843934,229.641853644776,72.4145593139979));
#2317=CARTESIAN_POINT('Ctrl Pts',(112.085148540022,229.918826362718,72.7606425786518));
#2318=CARTESIAN_POINT('Ctrl Pts',(101.229829167612,229.689300754677,72.487234510901));
#2319=CARTESIAN_POINT('Ctrl Pts',(94.9792178776858,229.500152349798,72.1974074568193));
#2320=CARTESIAN_POINT('Ctrl Pts',(127.657712683737,229.715374711923,70.8721494087686));
#2321=CARTESIAN_POINT('Ctrl Pts',(122.966403542886,229.804418521256,71.0383302318659));
#2322=CARTESIAN_POINT('Ctrl Pts',(112.085138788241,229.985262907456,71.3117333214601));
#2323=CARTESIAN_POINT('Ctrl Pts',(101.226127907986,229.834200440733,71.0938814729708));
#2324=CARTESIAN_POINT('Ctrl Pts',(94.9710767247931,229.715487785023,70.8723578301785));
#2325=CARTESIAN_POINT('Ctrl Pts',(127.709136363599,231.075252651916,68.7301874695607));
#2326=CARTESIAN_POINT('Ctrl Pts',(123.008366094675,231.147858171127,68.77744175577));
#2327=CARTESIAN_POINT('Ctrl Pts',(112.08929895409,231.283065263512,68.8575340913485));
#2328=CARTESIAN_POINT('Ctrl Pts',(101.187338245468,231.172135224344,68.7932389171679));
#2329=CARTESIAN_POINT('Ctrl Pts',(94.9196648793809,231.075343355064,68.7302465071748));
#2330=CARTESIAN_POINT('Ctrl Pts',(127.798010227959,233.425485227801,68.));
#2331=CARTESIAN_POINT('Ctrl Pts',(123.084880888605,233.572546303672,67.9996669491037));
#2332=CARTESIAN_POINT('Ctrl Pts',(112.098130206268,233.826090820825,67.9993262662722));
#2333=CARTESIAN_POINT('Ctrl Pts',(101.114974178267,233.621710074821,67.9995559655372));
#2334=CARTESIAN_POINT('Ctrl Pts',(94.8308064917624,233.42566889539,68.));
#2335=CARTESIAN_POINT('Ctrl Pts',(127.836055242085,234.431569887151,68.));
#2336=CARTESIAN_POINT('Ctrl Pts',(123.117634620439,234.609996600584,68.));
#2337=CARTESIAN_POINT('Ctrl Pts',(112.101922449114,234.913648828573,68.));
#2338=CARTESIAN_POINT('Ctrl Pts',(101.083997467926,234.669644739852,68.));
#2339=CARTESIAN_POINT('Ctrl Pts',(94.7927681077694,234.431793222056,68.));
#2340=CARTESIAN_POINT('',(94.8114583515005,234.432499601654,68.));
#2341=CARTESIAN_POINT('',(95.4937253329171,229.515635908534,72.2210062772729));
#2342=CARTESIAN_POINT('Ctrl Pts',(94.8114583598266,234.432499602283,68.));
#2343=CARTESIAN_POINT('Ctrl Pts',(94.8114583598266,234.096207466023,68.));
#2344=CARTESIAN_POINT('Ctrl Pts',(94.8181488653125,233.760879500281,68.0338825944428));
#2345=CARTESIAN_POINT('Ctrl Pts',(94.843553488518,233.088507692723,68.1713534532943));
#2346=CARTESIAN_POINT('Ctrl Pts',(94.8626759846075,232.754023775998,68.2774028889656));
#2347=CARTESIAN_POINT('Ctrl Pts',(94.9302383930452,231.862363356493,68.667442507067));
#2348=CARTESIAN_POINT('Ctrl Pts',(94.9890572999839,231.34429623081,69.0221614157754));
#2349=CARTESIAN_POINT('Ctrl Pts',(95.1205203989909,230.523070265787,69.8467718883985));
#2350=CARTESIAN_POINT('Ctrl Pts',(95.1896488273267,230.206584380348,70.2907102475749));
#2351=CARTESIAN_POINT('Ctrl Pts',(95.3365350577741,229.744087550444,71.2324206725359));
#2352=CARTESIAN_POINT('Ctrl Pts',(95.4127078002869,229.591743287672,71.719772116322));
#2353=CARTESIAN_POINT('Ctrl Pts',(95.4937253329172,229.515635908534,72.221006277273));
#2354=CARTESIAN_POINT('',(127.129191386736,229.515635908534,72.2210062772729));
#2355=CARTESIAN_POINT('Ctrl Pts',(95.493728472606,229.515591815748,72.2209658416877));
#2356=CARTESIAN_POINT('Ctrl Pts',(101.570301261329,229.696375048714,72.4956573491564));
#2357=CARTESIAN_POINT('Ctrl Pts',(112.083534013342,229.910968391754,72.7510329082072));
#2358=CARTESIAN_POINT('Ctrl Pts',(122.61657590416,229.650512239679,72.4253817795284));
#2359=CARTESIAN_POINT('Ctrl Pts',(127.12919036035,229.515628162534,72.2209887283735));
#2360=CARTESIAN_POINT('',(127.811458368153,234.432499601654,68.));
#2361=CARTESIAN_POINT('Ctrl Pts',(127.129191386736,229.515635908534,72.2210062772729));
#2362=CARTESIAN_POINT('Ctrl Pts',(127.173899671743,229.55763460051,71.9444078794279));
#2363=CARTESIAN_POINT('Ctrl Pts',(127.217180987877,229.622909739834,71.6716308714721));
#2364=CARTESIAN_POINT('Ctrl Pts',(127.302929910307,229.80321457649,71.1265984261511));
#2365=CARTESIAN_POINT('Ctrl Pts',(127.345088724425,229.920161480804,70.8560949128127));
#2366=CARTESIAN_POINT('Ctrl Pts',(127.45745349168,230.311123346906,70.1354162113101));
#2367=CARTESIAN_POINT('Ctrl Pts',(127.523083207264,230.633895662624,69.7155068404202));
#2368=CARTESIAN_POINT('Ctrl Pts',(127.647587213813,231.458042659008,68.9383390684781));
#2369=CARTESIAN_POINT('Ctrl Pts',(127.703035318226,231.971839094262,68.606331010231));
#2370=CARTESIAN_POINT('Ctrl Pts',(127.786519436251,233.135496956305,68.1273811587195));
#2371=CARTESIAN_POINT('Ctrl Pts',(127.811458359827,233.78053560189,68.));
#2372=CARTESIAN_POINT('Ctrl Pts',(127.811458359827,234.432499602283,68.));
#2373=CARTESIAN_POINT('',(120.762566077523,234.656553367331,68.));
#2374=CARTESIAN_POINT('Ctrl Pts',(127.811458359816,234.432499577777,68.));
#2375=CARTESIAN_POINT('Ctrl Pts',(125.462378618721,234.521246048639,68.));
#2376=CARTESIAN_POINT('Ctrl Pts',(123.112655672144,234.598000986661,68.));
#2377=CARTESIAN_POINT('Ctrl Pts',(120.762560058978,234.656310798237,68.));
#2378=CARTESIAN_POINT('',(101.86035064213,234.656553367331,68.));
#2379=CARTESIAN_POINT('Ctrl Pts',(120.762566014969,234.656553368104,68.));
#2380=CARTESIAN_POINT('Ctrl Pts',(117.954422516221,234.656553368104,68.));
#2381=CARTESIAN_POINT('Ctrl Pts',(115.129013710705,234.656553368104,68.0014419410833));
#2382=CARTESIAN_POINT('Ctrl Pts',(107.533809954208,234.656553368104,68.0014663290483));
#2383=CARTESIAN_POINT('Ctrl Pts',(104.687618951758,234.656553368104,68.));
#2384=CARTESIAN_POINT('Ctrl Pts',(101.860350704684,234.656553368104,68.));
#2385=CARTESIAN_POINT('Ctrl Pts',(101.860428910211,234.653331271879,68.));
#2386=CARTESIAN_POINT('Ctrl Pts',(99.5103028182441,234.596244241749,68.));
#2387=CARTESIAN_POINT('Ctrl Pts',(97.1605513884076,234.521238395646,68.));
#2388=CARTESIAN_POINT('Ctrl Pts',(94.8114583566256,234.432499551198,68.));
#2389=CARTESIAN_POINT('Origin',(94.8114583598266,230.156553368104,68.));
#2390=CARTESIAN_POINT('',(127.811458359827,234.656553368104,68.));
#2391=CARTESIAN_POINT('',(127.811458359827,230.156553368104,68.));
#2392=CARTESIAN_POINT('',(94.8114583598266,234.656553368104,68.));
#2393=CARTESIAN_POINT('Origin',(94.8114583598266,230.156553368104,68.));
#2394=CARTESIAN_POINT('',(94.8114583598266,234.656553368104,68.));
#2395=CARTESIAN_POINT('',(94.8114583598266,234.656553368104,68.));
#2396=CARTESIAN_POINT('',(94.8114583598266,230.156553368104,68.));
#2397=CARTESIAN_POINT('Origin',(122.986458359827,232.848926388772,37.9886538626099));
#2398=CARTESIAN_POINT('',(127.811458359827,232.848926388772,40.9886538626099));
#2399=CARTESIAN_POINT('',(127.811458359827,229.919917230156,38.6374260481614));
#2400=CARTESIAN_POINT('Origin',(127.811458359827,232.848926388772,37.9886538626099));
#2401=CARTESIAN_POINT('',(124.511458359827,229.919917230156,38.6374260481614));
#2402=CARTESIAN_POINT('',(122.986458359827,229.919917230156,38.6374260481614));
#2403=CARTESIAN_POINT('',(124.511458359827,232.848926388772,40.9886538626099));
#2404=CARTESIAN_POINT('Origin',(124.511458359827,232.848926388772,37.9886538626099));
#2405=CARTESIAN_POINT('',(122.986458359827,232.848926388772,40.9886538626099));
#2406=CARTESIAN_POINT('Origin',(127.811458359827,230.156553368104,40.9886538626099));
#2407=CARTESIAN_POINT('',(124.511458359827,234.656553368104,40.9886538626099));
#2408=CARTESIAN_POINT('',(124.511458359827,230.156553368104,40.9886538626099));
#2409=CARTESIAN_POINT('',(127.811458359827,234.656553368104,40.9886538626099));
#2410=CARTESIAN_POINT('',(127.811458359827,234.656553368104,40.9886538626099));
#2411=CARTESIAN_POINT('',(127.811458359827,230.156553368104,40.9886538626099));
#2412=CARTESIAN_POINT('Origin',(94.8114583598266,234.656553368104,64.));
#2413=CARTESIAN_POINT('',(94.8114583598266,234.656553368104,64.));
#2414=CARTESIAN_POINT('',(124.511458359827,234.656553368104,40.9886538626099));
#2415=CARTESIAN_POINT('',(124.511458359827,230.156553368104,40.9886538626099));
#2416=CARTESIAN_POINT('',(94.8114583598266,230.156553368104,64.));
#2417=CARTESIAN_POINT('Origin',(94.8114583598266,230.156553368104,64.));
#2418=CARTESIAN_POINT('',(94.8114583598269,172.156553368104,68.));
#2419=CARTESIAN_POINT('',(94.8114583598269,172.156553368104,68.));
#2420=CARTESIAN_POINT('',(94.8114583598269,199.156553368104,68.));
#2421=CARTESIAN_POINT('',(94.8114583598266,230.156553368104,68.));
#2422=CARTESIAN_POINT('',(94.8114583598266,234.656553368104,64.));
#2423=CARTESIAN_POINT('Origin',(122.511458359827,206.906553368104,62.));
#2424=CARTESIAN_POINT('',(124.511458359827,206.906553368104,62.));
#2425=CARTESIAN_POINT('Origin',(124.511458359827,199.156553368104,64.));
#2426=CARTESIAN_POINT('',(124.511458359827,220.156553368104,30.8));
#2427=CARTESIAN_POINT('Origin',(124.511458359827,220.156553368104,40.8));
#2428=CARTESIAN_POINT('',(124.511458359827,209.156553368104,30.8));
#2429=CARTESIAN_POINT('',(124.511458359827,199.156553368104,30.8));
#2430=CARTESIAN_POINT('Origin',(124.511458359827,209.156553368104,40.8));
#2431=CARTESIAN_POINT('',(124.511458359827,205.018647884056,47.8018646025072));
#2432=CARTESIAN_POINT('Origin',(124.511458359827,206.818647884056,47.8018646025072));
#2433=CARTESIAN_POINT('',(124.511458359827,220.694458852152,47.8018646025066));
#2434=CARTESIAN_POINT('Origin',(124.511458359827,222.494458852152,47.8018646025066));
#2435=CARTESIAN_POINT('Origin',(122.986458359827,220.156553368104,40.8));
#2436=CARTESIAN_POINT('',(127.811458359827,220.156553368104,30.8));
#2437=CARTESIAN_POINT('Origin',(127.811458359827,220.156553368104,40.8));
#2438=CARTESIAN_POINT('',(122.986458359827,220.156553368104,30.8));
#2439=CARTESIAN_POINT('Origin',(126.161458359827,214.656553368104,30.8));
#2440=CARTESIAN_POINT('',(127.811458359827,209.156553368104,30.8));
#2441=CARTESIAN_POINT('',(127.811458359827,230.156553368104,30.8));
#2442=CARTESIAN_POINT('',(110.486458359827,209.156553368104,30.8));
#2443=CARTESIAN_POINT('Origin',(110.486458359827,209.156553368104,40.8));
#2444=CARTESIAN_POINT('Origin',(127.811458359827,209.156553368104,40.8));
#2445=CARTESIAN_POINT('Origin',(111.311458359827,234.656553368104,54.4943269313049));
#2446=CARTESIAN_POINT('',(127.811458359827,234.656553368104,68.));
#2447=CARTESIAN_POINT('Ctrl Pts',(124.053200170652,211.833193612044,104.241200438849));
#2448=CARTESIAN_POINT('Ctrl Pts',(124.009016517308,211.707658590833,104.508974633291));
#2449=CARTESIAN_POINT('Ctrl Pts',(123.966057006825,211.623003217235,104.795508590838));
#2450=CARTESIAN_POINT('Ctrl Pts',(123.906290659496,211.559992954486,105.258202613713));
#2451=CARTESIAN_POINT('Ctrl Pts',(123.886200886546,211.551616224911,105.428575899976));
#2452=CARTESIAN_POINT('Ctrl Pts',(123.850538359447,211.564349231104,105.766972332203));
#2453=CARTESIAN_POINT('Ctrl Pts',(123.834966388428,211.584970343425,105.934381079508));
#2454=CARTESIAN_POINT('Ctrl Pts',(123.804396663761,211.665450451503,106.315875692448));
#2455=CARTESIAN_POINT('Ctrl Pts',(123.791230708618,211.735244172525,106.526949295747));
#2456=CARTESIAN_POINT('Ctrl Pts',(123.766285113936,211.987818539489,107.0757108274));
#2457=CARTESIAN_POINT('Ctrl Pts',(123.762866428853,212.213276269993,107.389007615674));
#2458=CARTESIAN_POINT('Ctrl Pts',(123.771387883195,212.908796073452,108.04182752012));
#2459=CARTESIAN_POINT('Ctrl Pts',(123.809324518518,213.971023535098,108.569347189717));
#2460=CARTESIAN_POINT('Ctrl Pts',(123.809863384136,215.149046883025,108.430637681844));
#2461=CARTESIAN_POINT('Ctrl Pts',(123.801689930657,215.98831225049,108.065144462593));
#2462=CARTESIAN_POINT('Ctrl Pts',(123.797984083336,216.277612001367,107.873192972576));
#2463=CARTESIAN_POINT('Ctrl Pts',(123.799543215901,216.809989549561,107.36621597812));
#2464=CARTESIAN_POINT('Ctrl Pts',(123.806540471247,217.036523350411,107.043465256853));
#2465=CARTESIAN_POINT('Ctrl Pts',(123.835799514691,217.282228974467,106.486798390701));
#2466=CARTESIAN_POINT('Ctrl Pts',(123.849799457931,217.347970654341,106.27823188278));
#2467=CARTESIAN_POINT('Ctrl Pts',(123.88109435108,217.42294475149,105.899784845686));
#2468=CARTESIAN_POINT('Ctrl Pts',(123.896832050579,217.441479364869,105.732623159974));
#2469=CARTESIAN_POINT('Ctrl Pts',(123.932553456087,217.450166242535,105.393037477965));
#2470=CARTESIAN_POINT('Ctrl Pts',(123.952564781038,217.439521820417,105.221250018146));
#2471=CARTESIAN_POINT('Ctrl Pts',(124.003331324707,217.379284013826,104.820286753429));
#2472=CARTESIAN_POINT('Ctrl Pts',(124.035173807133,217.317125303075,104.594349491528));
#2473=CARTESIAN_POINT('Ctrl Pts',(124.12276632328,217.08176979364,104.018015814751));
#2474=CARTESIAN_POINT('Ctrl Pts',(124.17938366768,216.864207482378,103.690555073867));
#2475=CARTESIAN_POINT('Ctrl Pts',(124.279120933898,216.31598703516,103.143027809646));
#2476=CARTESIAN_POINT('Ctrl Pts',(124.321161430754,215.991805714496,102.926741911869));
#2477=CARTESIAN_POINT('Ctrl Pts',(124.405906637781,214.937229447514,102.48916544123));
#2478=CARTESIAN_POINT('Ctrl Pts',(124.402917635693,214.128007606621,102.48103153599));
#2479=CARTESIAN_POINT('Ctrl Pts',(124.279578559911,212.72445261592,103.02739249061));
#2480=CARTESIAN_POINT('Ctrl Pts',(124.164158621962,212.148449832038,103.568738845759));
#2481=CARTESIAN_POINT('Ctrl Pts',(124.053200170652,211.833193612044,104.241200438849));
#2482=CARTESIAN_POINT('Ctrl Pts',(123.802278965223,212.089235072324,104.324564189313));
#2483=CARTESIAN_POINT('Ctrl Pts',(123.763147946655,211.971445136004,104.567242708898));
#2484=CARTESIAN_POINT('Ctrl Pts',(123.724848739045,211.8902697254,104.828520044832));
#2485=CARTESIAN_POINT('Ctrl Pts',(123.671125082625,211.827253934023,105.252420627879));
#2486=CARTESIAN_POINT('Ctrl Pts',(123.652963308162,211.817728666623,105.408884049911));
#2487=CARTESIAN_POINT('Ctrl Pts',(123.620490907152,211.826190751903,105.720214976873));
#2488=CARTESIAN_POINT('Ctrl Pts',(123.606182754744,211.843684888366,105.874469306896));
#2489=CARTESIAN_POINT('Ctrl Pts',(123.577769243298,211.914944027267,106.226304433626));
#2490=CARTESIAN_POINT('Ctrl Pts',(123.565231574881,211.977859809151,106.421096365453));
#2491=CARTESIAN_POINT('Ctrl Pts',(123.540555771255,212.208056561644,106.927406039146));
#2492=CARTESIAN_POINT('Ctrl Pts',(123.535668207113,212.414557310101,107.215833091554));
#2493=CARTESIAN_POINT('Ctrl Pts',(123.538694500934,213.052832937046,107.814679808374));
#2494=CARTESIAN_POINT('Ctrl Pts',(123.567382537181,214.022563557851,108.293056230835));
#2495=CARTESIAN_POINT('Ctrl Pts',(123.569272654245,215.091375776708,108.166200627394));
#2496=CARTESIAN_POINT('Ctrl Pts',(123.56570739038,215.8566813477,107.833469994199));
#2497=CARTESIAN_POINT('Ctrl Pts',(123.563955724397,216.12074854955,107.65788510184));
#2498=CARTESIAN_POINT('Ctrl Pts',(123.569103222897,216.60771120426,107.193016852526));
#2499=CARTESIAN_POINT('Ctrl Pts',(123.577262087337,216.814938820836,106.895897458037));
#2500=CARTESIAN_POINT('Ctrl Pts',(123.605878987129,217.037955191001,106.382932474882));
#2501=CARTESIAN_POINT('Ctrl Pts',(123.619147005984,217.097053435254,106.19067316064));
#2502=CARTESIAN_POINT('Ctrl Pts',(123.648196525439,217.163039789333,105.842179347437));
#2503=CARTESIAN_POINT('Ctrl Pts',(123.662640147743,217.178601831851,105.688376481886));
#2504=CARTESIAN_POINT('Ctrl Pts',(123.695132959753,217.183329531305,105.37645198544));
#2505=CARTESIAN_POINT('Ctrl Pts',(123.713203930053,217.171769568165,105.218930996955));
#2506=CARTESIAN_POINT('Ctrl Pts',(123.758761225787,217.112194049282,104.852191252098));
#2507=CARTESIAN_POINT('Ctrl Pts',(123.787146896761,217.052696638826,104.646260332526));
#2508=CARTESIAN_POINT('Ctrl Pts',(123.864738993931,216.831287370544,104.123312853649));
#2509=CARTESIAN_POINT('Ctrl Pts',(123.914497653203,216.629787405313,103.828580914679));
#2510=CARTESIAN_POINT('Ctrl Pts',(124.001456622433,216.129293852702,103.339686053882));
#2511=CARTESIAN_POINT('Ctrl Pts',(124.037987134848,215.836365229945,103.147839509826));
#2512=CARTESIAN_POINT('Ctrl Pts',(124.1108416973,214.890109794637,102.762669772192));
#2513=CARTESIAN_POINT('Ctrl Pts',(124.108165419379,214.17187521353,102.754883529374));
#2514=CARTESIAN_POINT('Ctrl Pts',(124.001222581781,212.912476584028,103.234767314532));
#2515=CARTESIAN_POINT('Ctrl Pts',(123.900518992522,212.386071342005,103.714903760695));
#2516=CARTESIAN_POINT('Ctrl Pts',(123.802278965222,212.089235072324,104.324564189313));
#2517=CARTESIAN_POINT('Ctrl Pts',(123.551357759793,212.345276532604,104.407927939776));
#2518=CARTESIAN_POINT('Ctrl Pts',(123.517258098605,212.235215317743,104.62561241857));
#2519=CARTESIAN_POINT('Ctrl Pts',(123.483645820905,212.157588921392,104.861589608054));
#2520=CARTESIAN_POINT('Ctrl Pts',(123.43597115159,212.094570982393,105.24668436897));
#2521=CARTESIAN_POINT('Ctrl Pts',(123.419738613784,212.083928136927,105.389269579342));
#2522=CARTESIAN_POINT('Ctrl Pts',(123.390457057624,212.088091931306,105.673511674287));
#2523=CARTESIAN_POINT('Ctrl Pts',(123.377419807198,212.102543763799,105.814660449215));
#2524=CARTESIAN_POINT('Ctrl Pts',(123.351154745255,212.164448715888,106.136775440352));
#2525=CARTESIAN_POINT('Ctrl Pts',(123.339262543882,212.220787576486,106.315409199268));
#2526=CARTESIAN_POINT('Ctrl Pts',(123.314842197254,212.428037870015,106.779078183366));
#2527=CARTESIAN_POINT('Ctrl Pts',(123.308485991046,212.616786077815,107.04292406237));
#2528=CARTESIAN_POINT('Ctrl Pts',(123.30611459019,213.195588187137,107.58750741152));
#2529=CARTESIAN_POINT('Ctrl Pts',(123.325411387898,214.073743612105,108.01666081049));
#2530=CARTESIAN_POINT('Ctrl Pts',(123.329081048394,215.033727574483,107.902511821107));
#2531=CARTESIAN_POINT('Ctrl Pts',(123.329301026838,215.723677448964,107.601078673717));
#2532=CARTESIAN_POINT('Ctrl Pts',(123.329880472871,215.963199214318,107.442557895841));
#2533=CARTESIAN_POINT('Ctrl Pts',(123.338408649109,216.404378167551,107.01944534744));
#2534=CARTESIAN_POINT('Ctrl Pts',(123.347864296746,216.592598810957,106.748194901323));
#2535=CARTESIAN_POINT('Ctrl Pts',(123.375806452688,216.792824851664,106.27892890289));
#2536=CARTESIAN_POINT('Ctrl Pts',(123.388359400145,216.845337694381,106.102992391992));
#2537=CARTESIAN_POINT('Ctrl Pts',(123.415162222329,216.902322662569,105.784465050071));
#2538=CARTESIAN_POINT('Ctrl Pts',(123.428312818386,216.91492023644,105.644025664725));
#2539=CARTESIAN_POINT('Ctrl Pts',(123.457581881517,216.915696746889,105.359768656224));
#2540=CARTESIAN_POINT('Ctrl Pts',(123.473705888353,216.903206083796,105.21652872079));
#2541=CARTESIAN_POINT('Ctrl Pts',(123.51407158143,216.844330282872,104.884000795788));
#2542=CARTESIAN_POINT('Ctrl Pts',(123.538969079956,216.787427456164,104.698151395051));
#2543=CARTESIAN_POINT('Ctrl Pts',(123.606633985784,216.580091703069,104.228458416217));
#2544=CARTESIAN_POINT('Ctrl Pts',(123.649395605575,216.394497793815,103.966910774729));
#2545=CARTESIAN_POINT('Ctrl Pts',(123.723805346432,215.941868205998,103.535947551209));
#2546=CARTESIAN_POINT('Ctrl Pts',(123.754483757895,215.680015604438,103.369695834926));
#2547=CARTESIAN_POINT('Ctrl Pts',(123.816156052612,214.84242005179,103.034692516946));
#2548=CARTESIAN_POINT('Ctrl Pts',(123.813513401704,214.21518613143,103.028259889706));
#2549=CARTESIAN_POINT('Ctrl Pts',(123.722689030113,213.100131854533,103.442793766904));
#2550=CARTESIAN_POINT('Ctrl Pts',(123.637022009285,212.620643078917,103.861478325996));
#2551=CARTESIAN_POINT('Ctrl Pts',(123.551357759793,212.345276532604,104.407927939776));
#2552=CARTESIAN_POINT('Ctrl Pts',(123.300436554364,212.601317992884,104.49129169024));
#2553=CARTESIAN_POINT('Ctrl Pts',(123.271389527952,212.499001862913,104.683880494176));
#2554=CARTESIAN_POINT('Ctrl Pts',(123.242437553125,212.424855429558,104.894601062048));
#2555=CARTESIAN_POINT('Ctrl Pts',(123.200805574718,212.361831961929,105.240902383136));
#2556=CARTESIAN_POINT('Ctrl Pts',(123.1865010354,212.350040578639,105.369577729277));
#2557=CARTESIAN_POINT('Ctrl Pts',(123.160409605329,212.349933452105,105.626754318956));
#2558=CARTESIAN_POINT('Ctrl Pts',(123.148636173515,212.361258308739,105.754748676603));
#2559=CARTESIAN_POINT('Ctrl Pts',(123.124527324793,212.413942291652,106.04720418153));
#2560=CARTESIAN_POINT('Ctrl Pts',(123.113263410146,212.463403213112,106.209556268973));
#2561=CARTESIAN_POINT('Ctrl Pts',(123.089112854573,212.64827589217,106.630773395111));
#2562=CARTESIAN_POINT('Ctrl Pts',(123.081287769306,212.818067117923,106.86974953825));
#2563=CARTESIAN_POINT('Ctrl Pts',(123.073421207929,213.339625050731,107.360359699773));
#2564=CARTESIAN_POINT('Ctrl Pts',(123.083469406561,214.125283634857,107.740369851607));
#2565=CARTESIAN_POINT('Ctrl Pts',(123.088490318504,214.976056468167,107.638074766658));
#2566=CARTESIAN_POINT('Ctrl Pts',(123.093318486561,215.592046546173,107.369404205323));
#2567=CARTESIAN_POINT('Ctrl Pts',(123.095852113932,215.806335762501,107.227250025105));
#2568=CARTESIAN_POINT('Ctrl Pts',(123.107968656104,216.20209982225,106.846246221845));
#2569=CARTESIAN_POINT('Ctrl Pts',(123.118585912837,216.371014281382,106.600627102507));
#2570=CARTESIAN_POINT('Ctrl Pts',(123.145885925127,216.548551068198,106.175062987071));
#2571=CARTESIAN_POINT('Ctrl Pts',(123.157706948198,216.594420475294,106.015433669852));
#2572=CARTESIAN_POINT('Ctrl Pts',(123.182264396688,216.642417700413,105.726859551822));
#2573=CARTESIAN_POINT('Ctrl Pts',(123.194120915551,216.652042703422,105.599778986636));
#2574=CARTESIAN_POINT('Ctrl Pts',(123.220161385183,216.648860035659,105.343183163699));
#2575=CARTESIAN_POINT('Ctrl Pts',(123.234345037369,216.635453831544,105.214209699599));
#2576=CARTESIAN_POINT('Ctrl Pts',(123.26950148251,216.577240318328,104.915905294458));
#2577=CARTESIAN_POINT('Ctrl Pts',(123.290942169584,216.522998791915,104.75006223605));
#2578=CARTESIAN_POINT('Ctrl Pts',(123.348606656435,216.329609279973,104.333755455115));
#2579=CARTESIAN_POINT('Ctrl Pts',(123.384509591097,216.160077716751,104.104936615541));
#2580=CARTESIAN_POINT('Ctrl Pts',(123.446141034967,215.75517502354,103.732605795446));
#2581=CARTESIAN_POINT('Ctrl Pts',(123.471309461988,215.524575119886,103.590793432883));
#2582=CARTESIAN_POINT('Ctrl Pts',(123.521091112131,214.795300398914,103.308196847907));
#2583=CARTESIAN_POINT('Ctrl Pts',(123.518761185391,214.259053738338,103.30211188309));
#2584=CARTESIAN_POINT('Ctrl Pts',(123.444333051984,213.288155822641,103.650168590826));
#2585=CARTESIAN_POINT('Ctrl Pts',(123.373382379845,212.858264588884,104.007643240932));
#2586=CARTESIAN_POINT('Ctrl Pts',(123.300436554364,212.601317992884,104.49129169024));
#2587=CARTESIAN_POINT('',(124.053200170652,211.833193612044,104.241200438849));
#2588=CARTESIAN_POINT('',(123.300436554364,212.601317992884,104.49129169024));
#2589=CARTESIAN_POINT('',(124.053200170652,211.833193612044,104.241200438849));
#2590=CARTESIAN_POINT('',(123.173267289126,212.349986419971,105.500019585736));
#2591=CARTESIAN_POINT('Ctrl Pts',(123.300436554364,212.601317992884,104.49129169024));
#2592=CARTESIAN_POINT('Ctrl Pts',(123.271389527952,212.499001862913,104.683880494176));
#2593=CARTESIAN_POINT('Ctrl Pts',(123.242437553125,212.424855429558,104.894601062048));
#2594=CARTESIAN_POINT('Ctrl Pts',(123.200805574718,212.361831961929,105.240902383136));
#2595=CARTESIAN_POINT('Ctrl Pts',(123.1865010354,212.350040578639,105.369577729277));
#2596=CARTESIAN_POINT('Ctrl Pts',(123.173326180164,212.349986485147,105.499438926228));
#2597=CARTESIAN_POINT('Ctrl Pts',(123.173296731609,212.34998642311,105.499729254987));
#2598=CARTESIAN_POINT('Ctrl Pts',(123.173267289126,212.349986419971,105.500019585736));
#2599=CARTESIAN_POINT('Ctrl Pts',(123.173267289126,212.349986419971,105.500019585736));
#2600=CARTESIAN_POINT('Ctrl Pts',(123.160356038786,212.349985043783,105.627336733317));
#2601=CARTESIAN_POINT('Ctrl Pts',(123.148612441977,212.361310168202,105.755036555091));
#2602=CARTESIAN_POINT('Ctrl Pts',(123.124527324793,212.413942291652,106.04720418153));
#2603=CARTESIAN_POINT('Ctrl Pts',(123.113263410146,212.463403213112,106.209556268973));
#2604=CARTESIAN_POINT('Ctrl Pts',(123.089112854573,212.64827589217,106.630773395111));
#2605=CARTESIAN_POINT('Ctrl Pts',(123.081287769306,212.818067117923,106.86974953825));
#2606=CARTESIAN_POINT('Ctrl Pts',(123.073421207929,213.339625050731,107.360359699773));
#2607=CARTESIAN_POINT('Ctrl Pts',(123.083469406561,214.125283634857,107.740369851607));
#2608=CARTESIAN_POINT('Ctrl Pts',(123.088490318504,214.976056468167,107.638074766658));
#2609=CARTESIAN_POINT('Ctrl Pts',(123.093318486561,215.592046546173,107.369404205323));
#2610=CARTESIAN_POINT('Ctrl Pts',(123.095852113932,215.806335762501,107.227250025105));
#2611=CARTESIAN_POINT('Ctrl Pts',(123.107968656104,216.20209982225,106.846246221845));
#2612=CARTESIAN_POINT('Ctrl Pts',(123.118585912837,216.371014281382,106.600627102507));
#2613=CARTESIAN_POINT('Ctrl Pts',(123.145885925127,216.548551068198,106.175062987071));
#2614=CARTESIAN_POINT('Ctrl Pts',(123.157706948198,216.594420475294,106.015433669852));
#2615=CARTESIAN_POINT('Ctrl Pts',(123.182264396688,216.642417700413,105.726859551822));
#2616=CARTESIAN_POINT('Ctrl Pts',(123.194120915551,216.652042703422,105.599778986636));
#2617=CARTESIAN_POINT('Ctrl Pts',(123.220161385183,216.648860035659,105.343183163699));
#2618=CARTESIAN_POINT('Ctrl Pts',(123.234345037369,216.635453831544,105.214209699599));
#2619=CARTESIAN_POINT('Ctrl Pts',(123.26950148251,216.577240318328,104.915905294458));
#2620=CARTESIAN_POINT('Ctrl Pts',(123.290942169584,216.522998791915,104.75006223605));
#2621=CARTESIAN_POINT('Ctrl Pts',(123.348606656435,216.329609279973,104.333755455115));
#2622=CARTESIAN_POINT('Ctrl Pts',(123.384509591097,216.160077716751,104.104936615541));
#2623=CARTESIAN_POINT('Ctrl Pts',(123.446141034967,215.75517502354,103.732605795446));
#2624=CARTESIAN_POINT('Ctrl Pts',(123.471309461988,215.524575119886,103.590793432883));
#2625=CARTESIAN_POINT('Ctrl Pts',(123.521091112131,214.795300398914,103.308196847907));
#2626=CARTESIAN_POINT('Ctrl Pts',(123.518761185391,214.259053738338,103.30211188309));
#2627=CARTESIAN_POINT('Ctrl Pts',(123.444333051984,213.288155822641,103.650168590826));
#2628=CARTESIAN_POINT('Ctrl Pts',(123.373382379845,212.858264588884,104.007643240932));
#2629=CARTESIAN_POINT('Ctrl Pts',(123.300436554364,212.601317992884,104.49129169024));
#2630=CARTESIAN_POINT('Ctrl Pts',(124.053200170652,211.833193612044,104.241200438849));
#2631=CARTESIAN_POINT('Ctrl Pts',(124.164158621962,212.148449832038,103.568738845759));
#2632=CARTESIAN_POINT('Ctrl Pts',(124.279578559911,212.72445261592,103.02739249061));
#2633=CARTESIAN_POINT('Ctrl Pts',(124.402917635693,214.128007606621,102.48103153599));
#2634=CARTESIAN_POINT('Ctrl Pts',(124.405906637781,214.937229447514,102.48916544123));
#2635=CARTESIAN_POINT('Ctrl Pts',(124.321161430754,215.991805714496,102.926741911869));
#2636=CARTESIAN_POINT('Ctrl Pts',(124.279120933898,216.31598703516,103.143027809646));
#2637=CARTESIAN_POINT('Ctrl Pts',(124.17938366768,216.864207482378,103.690555073867));
#2638=CARTESIAN_POINT('Ctrl Pts',(124.12276632328,217.08176979364,104.018015814751));
#2639=CARTESIAN_POINT('Ctrl Pts',(124.035173807133,217.317125303075,104.594349491528));
#2640=CARTESIAN_POINT('Ctrl Pts',(124.003331324707,217.379284013826,104.820286753429));
#2641=CARTESIAN_POINT('Ctrl Pts',(123.952564781038,217.439521820417,105.221250018146));
#2642=CARTESIAN_POINT('Ctrl Pts',(123.932553456087,217.450166242535,105.393037477965));
#2643=CARTESIAN_POINT('Ctrl Pts',(123.896832050579,217.441479364869,105.732623159974));
#2644=CARTESIAN_POINT('Ctrl Pts',(123.88109435108,217.42294475149,105.899784845686));
#2645=CARTESIAN_POINT('Ctrl Pts',(123.849799457931,217.347970654341,106.27823188278));
#2646=CARTESIAN_POINT('Ctrl Pts',(123.835799514691,217.282228974467,106.486798390701));
#2647=CARTESIAN_POINT('Ctrl Pts',(123.806540471247,217.036523350411,107.043465256853));
#2648=CARTESIAN_POINT('Ctrl Pts',(123.799543215901,216.809989549561,107.36621597812));
#2649=CARTESIAN_POINT('Ctrl Pts',(123.797984083336,216.277612001367,107.873192972576));
#2650=CARTESIAN_POINT('Ctrl Pts',(123.801689930657,215.98831225049,108.065144462593));
#2651=CARTESIAN_POINT('Ctrl Pts',(123.809863384136,215.149046883025,108.430637681844));
#2652=CARTESIAN_POINT('Ctrl Pts',(123.809324518518,213.971023535098,108.569347189717));
#2653=CARTESIAN_POINT('Ctrl Pts',(123.771387883195,212.908796073452,108.04182752012));
#2654=CARTESIAN_POINT('Ctrl Pts',(123.762866428853,212.213276269993,107.389007615674));
#2655=CARTESIAN_POINT('Ctrl Pts',(123.766285113936,211.987818539489,107.0757108274));
#2656=CARTESIAN_POINT('Ctrl Pts',(123.791230708618,211.735244172525,106.526949295747));
#2657=CARTESIAN_POINT('Ctrl Pts',(123.804396663761,211.665450451503,106.315875692448));
#2658=CARTESIAN_POINT('Ctrl Pts',(123.834966388428,211.584970343425,105.934381079508));
#2659=CARTESIAN_POINT('Ctrl Pts',(123.850538359447,211.564349231104,105.766972332203));
#2660=CARTESIAN_POINT('Ctrl Pts',(123.886200886546,211.551616224911,105.428575899976));
#2661=CARTESIAN_POINT('Ctrl Pts',(123.906290659496,211.559992954486,105.258202613713));
#2662=CARTESIAN_POINT('Ctrl Pts',(123.966057006825,211.623003217235,104.795508590838));
#2663=CARTESIAN_POINT('Ctrl Pts',(124.009016517308,211.707658590833,104.508974633291));
#2664=CARTESIAN_POINT('Ctrl Pts',(124.053200170652,211.833193612044,104.241200438849));
#2665=CARTESIAN_POINT('Ctrl Pts',(112.380042222449,203.156091267452,118.));
#2666=CARTESIAN_POINT('Ctrl Pts',(117.523847601575,196.8629433483,101.333333333333));
#2667=CARTESIAN_POINT('Ctrl Pts',(122.667652980701,190.569795429148,84.6666666666667));
#2668=CARTESIAN_POINT('Ctrl Pts',(127.811458359827,184.276647509996,68.));
#2669=CARTESIAN_POINT('Ctrl Pts',(113.716479077026,203.280268439092,118.));
#2670=CARTESIAN_POINT('Ctrl Pts',(118.414808350619,197.742060694591,101.333333333333));
#2671=CARTESIAN_POINT('Ctrl Pts',(123.113129086233,192.203229163653,84.6666666666667));
#2672=CARTESIAN_POINT('Ctrl Pts',(127.811458359827,186.665021419152,68.));
#2673=CARTESIAN_POINT('Ctrl Pts',(116.345283201907,203.999374271532,118.));
#2674=CARTESIAN_POINT('Ctrl Pts',(120.167310528712,199.813557322725,101.333333333333));
#2675=CARTESIAN_POINT('Ctrl Pts',(123.989431033021,195.627586186272,84.6666666666666));
#2676=CARTESIAN_POINT('Ctrl Pts',(127.811458359827,191.441769237465,68.));
#2677=CARTESIAN_POINT('Ctrl Pts',(119.683338992408,206.359563701694,118.));
#2678=CARTESIAN_POINT('Ctrl Pts',(122.392743180295,203.775306796394,101.333333333333));
#2679=CARTESIAN_POINT('Ctrl Pts',(125.102054171939,201.191147870236,84.6666666666667));
#2680=CARTESIAN_POINT('Ctrl Pts',(127.811458359827,198.606890964935,68.));
#2681=CARTESIAN_POINT('Ctrl Pts',(122.014505016238,209.718377249347,118.));
#2682=CARTESIAN_POINT('Ctrl Pts',(123.947053646928,208.402808891988,101.333333333333));
#2683=CARTESIAN_POINT('Ctrl Pts',(125.878909729137,207.087581049764,84.6666666666666));
#2684=CARTESIAN_POINT('Ctrl Pts',(127.811458359827,205.772012692405,68.));
#2685=CARTESIAN_POINT('Ctrl Pts',(123.056437830778,213.671558726577,118.));
#2686=CARTESIAN_POINT('Ctrl Pts',(124.641322251676,213.42674447649,101.333333333333));
#2687=CARTESIAN_POINT('Ctrl Pts',(126.226573938928,213.181948669961,84.6666666666667));
#2688=CARTESIAN_POINT('Ctrl Pts',(127.811458359827,212.937134419874,68.));
#2689=CARTESIAN_POINT('Ctrl Pts',(122.68739311821,217.743156270227,118.));
#2690=CARTESIAN_POINT('Ctrl Pts',(124.395626399807,218.529483975913,101.333333333333));
#2691=CARTESIAN_POINT('Ctrl Pts',(126.103225078229,219.315928441658,84.6666666666666));
#2692=CARTESIAN_POINT('Ctrl Pts',(127.811458359827,220.102256147344,68.));
#2693=CARTESIAN_POINT('Ctrl Pts',(120.94772417269,221.443070527486,118.));
#2694=CARTESIAN_POINT('Ctrl Pts',(123.235562815121,223.384509055034,101.333333333333));
#2695=CARTESIAN_POINT('Ctrl Pts',(125.523619717396,225.325939347266,84.6666666666667));
#2696=CARTESIAN_POINT('Ctrl Pts',(127.811458359827,227.267377874814,68.));
#2697=CARTESIAN_POINT('Ctrl Pts',(119.015933837714,223.365459214814,118.));
#2698=CARTESIAN_POINT('Ctrl Pts',(121.947677427654,226.258154875287,101.333333333333));
#2699=CARTESIAN_POINT('Ctrl Pts',(124.879714769887,229.151430032654,84.6666666666667));
#2700=CARTESIAN_POINT('Ctrl Pts',(127.811458359827,232.044125693127,68.));
#2701=CARTESIAN_POINT('Ctrl Pts',(117.914724700835,224.132806511077,118.));
#2702=CARTESIAN_POINT('Ctrl Pts',(121.213635920499,227.566037541479,101.333333333333));
#2703=CARTESIAN_POINT('Ctrl Pts',(124.512547140163,230.999268571881,84.6666666666667));
#2704=CARTESIAN_POINT('Ctrl Pts',(127.811458359827,234.432499602283,68.));
#2705=CARTESIAN_POINT('',(119.729653592512,206.748551785884,118.));
#2706=CARTESIAN_POINT('',(127.811458359827,199.156553368104,68.));
#2707=CARTESIAN_POINT('',(119.729653592512,222.564554950324,118.));
#2708=CARTESIAN_POINT('',(126.623922348089,211.677630559128,79.641812738718));
#2709=CARTESIAN_POINT('Ctrl Pts',(126.623922348089,211.677630559128,79.641812738718));
#2710=CARTESIAN_POINT('Ctrl Pts',(126.695651888177,211.876414575171,78.9887648782409));
#2711=CARTESIAN_POINT('Ctrl Pts',(126.763225781293,212.307644491843,78.4112948757533));
#2712=CARTESIAN_POINT('Ctrl Pts',(126.831138799386,213.187483424158,77.8361871938965));
#2713=CARTESIAN_POINT('Ctrl Pts',(126.848107856777,213.527218809188,77.6945902520261));
#2714=CARTESIAN_POINT('Ctrl Pts',(126.877126678341,214.636800610029,77.4569638489345));
#2715=CARTESIAN_POINT('Ctrl Pts',(126.860389422764,215.445651951072,77.6044564822541));
#2716=CARTESIAN_POINT('Ctrl Pts',(126.788989090958,216.418167033203,78.2274054047485));
#2717=CARTESIAN_POINT('Ctrl Pts',(126.757982306512,216.70085798022,78.4983261675995));
#2718=CARTESIAN_POINT('Ctrl Pts',(126.693310669015,217.101840974384,79.0733570052968));
#2719=CARTESIAN_POINT('Ctrl Pts',(126.661733124348,217.23898711029,79.3576334084933));
#2720=CARTESIAN_POINT('Ctrl Pts',(126.604411956791,217.396931014954,79.8871078320342));
#2721=CARTESIAN_POINT('Ctrl Pts',(126.579281505729,217.437076159494,80.1236863976686));
#2722=CARTESIAN_POINT('Ctrl Pts',(126.532018168558,217.458262214695,80.5806815418036));
#2723=CARTESIAN_POINT('Ctrl Pts',(126.509965267908,217.444009126495,80.7993460217392));
#2724=CARTESIAN_POINT('Ctrl Pts',(126.464699937145,217.36178697255,81.2618067719997));
#2725=CARTESIAN_POINT('Ctrl Pts',(126.442022733537,217.285937134199,81.5025304375613));
#2726=CARTESIAN_POINT('Ctrl Pts',(126.362380503835,216.882833146913,82.381285200464));
#2727=CARTESIAN_POINT('Ctrl Pts',(126.321828276812,216.34009107835,82.9138160678816));
#2728=CARTESIAN_POINT('Ctrl Pts',(126.279169063519,214.99159915748,83.502542378712));
#2729=CARTESIAN_POINT('Ctrl Pts',(126.272319316105,213.377586618514,83.5459134238769));
#2730=CARTESIAN_POINT('Ctrl Pts',(126.347380053715,212.17681277583,82.4650255186429));
#2731=CARTESIAN_POINT('Ctrl Pts',(126.428178157357,211.736329525755,81.5610697805482));
#2732=CARTESIAN_POINT('Ctrl Pts',(126.450877519063,211.654522661064,81.3179892795192));
#2733=CARTESIAN_POINT('Ctrl Pts',(126.518914574391,211.517142739531,80.6211383308864));
#2734=CARTESIAN_POINT('Ctrl Pts',(126.567670673018,211.534789405238,80.156009443922));
#2735=CARTESIAN_POINT('Ctrl Pts',(126.618375673616,211.662616850423,79.6923754535125));
#2736=CARTESIAN_POINT('Ctrl Pts',(126.621151276466,211.669951090595,79.6670414296121));
#2737=CARTESIAN_POINT('Ctrl Pts',(126.623922348089,211.677630559128,79.641812738718));
#2738=CARTESIAN_POINT('Origin',(127.811458359827,214.500003196285,105.500001013279));
#2739=CARTESIAN_POINT('',(127.811458359827,212.350003196285,105.500001013279));
#2740=CARTESIAN_POINT('Ctrl Pts',(126.623922348089,211.677630559128,79.641812738718));
#2741=CARTESIAN_POINT('Ctrl Pts',(126.621151276466,211.669951090595,79.6670414296121));
#2742=CARTESIAN_POINT('Ctrl Pts',(126.618375673616,211.662616850423,79.6923754535125));
#2743=CARTESIAN_POINT('Ctrl Pts',(126.567670673018,211.534789405238,80.156009443922));
#2744=CARTESIAN_POINT('Ctrl Pts',(126.518914574391,211.517142739531,80.6211383308864));
#2745=CARTESIAN_POINT('Ctrl Pts',(126.450877519063,211.654522661064,81.3179892795192));
#2746=CARTESIAN_POINT('Ctrl Pts',(126.428178157357,211.736329525755,81.5610697805482));
#2747=CARTESIAN_POINT('Ctrl Pts',(126.347380053715,212.17681277583,82.4650255186429));
#2748=CARTESIAN_POINT('Ctrl Pts',(126.272319316105,213.377586618514,83.5459134238769));
#2749=CARTESIAN_POINT('Ctrl Pts',(126.279169063519,214.99159915748,83.502542378712));
#2750=CARTESIAN_POINT('Ctrl Pts',(126.321828276812,216.34009107835,82.9138160678816));
#2751=CARTESIAN_POINT('Ctrl Pts',(126.362380503835,216.882833146913,82.381285200464));
#2752=CARTESIAN_POINT('Ctrl Pts',(126.442022733537,217.285937134199,81.5025304375613));
#2753=CARTESIAN_POINT('Ctrl Pts',(126.464699937145,217.36178697255,81.2618067719997));
#2754=CARTESIAN_POINT('Ctrl Pts',(126.509965267908,217.444009126495,80.7993460217392));
#2755=CARTESIAN_POINT('Ctrl Pts',(126.532018168558,217.458262214695,80.5806815418036));
#2756=CARTESIAN_POINT('Ctrl Pts',(126.579281505729,217.437076159494,80.1236863976686));
#2757=CARTESIAN_POINT('Ctrl Pts',(126.604411956791,217.396931014954,79.8871078320342));
#2758=CARTESIAN_POINT('Ctrl Pts',(126.661733124348,217.23898711029,79.3576334084933));
#2759=CARTESIAN_POINT('Ctrl Pts',(126.693310669015,217.101840974384,79.0733570052968));
#2760=CARTESIAN_POINT('Ctrl Pts',(126.757982306512,216.70085798022,78.4983261675995));
#2761=CARTESIAN_POINT('Ctrl Pts',(126.788989090958,216.418167033203,78.2274054047485));
#2762=CARTESIAN_POINT('Ctrl Pts',(126.860389422764,215.445651951072,77.6044564822541));
#2763=CARTESIAN_POINT('Ctrl Pts',(126.877126678341,214.636800610029,77.4569638489345));
#2764=CARTESIAN_POINT('Ctrl Pts',(126.848107856777,213.527218809188,77.6945902520261));
#2765=CARTESIAN_POINT('Ctrl Pts',(126.831138799386,213.187483424158,77.8361871938965));
#2766=CARTESIAN_POINT('Ctrl Pts',(126.763225781293,212.307644491843,78.4112948757533));
#2767=CARTESIAN_POINT('Ctrl Pts',(126.695651888177,211.876414575171,78.9887648782409));
#2768=CARTESIAN_POINT('Ctrl Pts',(126.623922348089,211.677630559128,79.641812738718));
#2769=CARTESIAN_POINT('Ctrl Pts',(126.356032251889,211.941165577457,79.6934920285738));
#2770=CARTESIAN_POINT('Ctrl Pts',(126.353534992114,211.933958854343,79.7163486064531));
#2771=CARTESIAN_POINT('Ctrl Pts',(126.351029878305,211.927056490752,79.7393066105698));
#2772=CARTESIAN_POINT('Ctrl Pts',(126.305304975995,211.806619509958,80.1596045451946));
#2773=CARTESIAN_POINT('Ctrl Pts',(126.261086127821,211.785773877857,80.5834678701426));
#2774=CARTESIAN_POINT('Ctrl Pts',(126.199001936342,211.90521959994,81.2214050653036));
#2775=CARTESIAN_POINT('Ctrl Pts',(126.178139292773,211.977932390429,81.4443484725285));
#2776=CARTESIAN_POINT('Ctrl Pts',(126.103883405747,212.374488887514,82.2752528487692));
#2777=CARTESIAN_POINT('Ctrl Pts',(126.032624297955,213.470912901064,83.2732642645847));
#2778=CARTESIAN_POINT('Ctrl Pts',(126.038861564895,214.951342640425,83.2325800920878));
#2779=CARTESIAN_POINT('Ctrl Pts',(126.079382251715,216.185400970976,82.6893816082001));
#2780=CARTESIAN_POINT('Ctrl Pts',(126.117472234653,216.679961507246,82.1975851702751));
#2781=CARTESIAN_POINT('Ctrl Pts',(126.190794465082,217.041999993395,81.3905247512949));
#2782=CARTESIAN_POINT('Ctrl Pts',(126.211576009243,217.109274420358,81.1697841366858));
#2783=CARTESIAN_POINT('Ctrl Pts',(126.252882203457,217.180312526898,80.7467564019458));
#2784=CARTESIAN_POINT('Ctrl Pts',(126.272938613967,217.19129151707,80.5471239628028));
#2785=CARTESIAN_POINT('Ctrl Pts',(126.315795251218,217.167781879612,80.1309088836628));
#2786=CARTESIAN_POINT('Ctrl Pts',(126.338513529571,217.129031391297,79.9159971091249));
#2787=CARTESIAN_POINT('Ctrl Pts',(126.390200106459,216.980716742469,79.4363510836987));
#2788=CARTESIAN_POINT('Ctrl Pts',(126.418584864891,216.853857444374,79.1797863157016));
#2789=CARTESIAN_POINT('Ctrl Pts',(126.47658036112,216.486384101021,78.6625902393102));
#2790=CARTESIAN_POINT('Ctrl Pts',(126.504315950588,216.229395659386,78.4199590415689));
#2791=CARTESIAN_POINT('Ctrl Pts',(126.568061008366,215.349545212648,77.8638243155729));
#2792=CARTESIAN_POINT('Ctrl Pts',(126.582914398111,214.623730944534,77.7333779325514));
#2793=CARTESIAN_POINT('Ctrl Pts',(126.557046011191,213.62549277879,77.9441384512757));
#2794=CARTESIAN_POINT('Ctrl Pts',(126.541888027089,213.319224414979,78.0703090835292));
#2795=CARTESIAN_POINT('Ctrl Pts',(126.481178058497,212.523187570871,78.5838718519056));
#2796=CARTESIAN_POINT('Ctrl Pts',(126.420691396672,212.128138925448,79.1017702933173));
#2797=CARTESIAN_POINT('Ctrl Pts',(126.356032251889,211.941165577457,79.6934920285738));
#2798=CARTESIAN_POINT('Ctrl Pts',(126.088142155689,212.204700595786,79.7451713184295));
#2799=CARTESIAN_POINT('Ctrl Pts',(126.085915701194,212.197959973865,79.7656545897323));
#2800=CARTESIAN_POINT('Ctrl Pts',(126.083687265008,212.191503127449,79.7862397766955));
#2801=CARTESIAN_POINT('Ctrl Pts',(126.042910735073,212.0783780723,80.163154966997));
#2802=CARTESIAN_POINT('Ctrl Pts',(126.003313383117,212.054544006306,80.5459364619172));
#2803=CARTESIAN_POINT('Ctrl Pts',(125.947125355944,212.15596975068,81.1247489323417));
#2804=CARTESIAN_POINT('Ctrl Pts',(125.928242465798,212.219831636203,81.3277878804432));
#2805=CARTESIAN_POINT('Ctrl Pts',(125.860034652749,212.571688109702,82.0850640196702));
#2806=CARTESIAN_POINT('Ctrl Pts',(125.792945624385,213.564063751848,83.0003433958501));
#2807=CARTESIAN_POINT('Ctrl Pts',(125.798613930667,214.910906900659,82.9627356748349));
#2808=CARTESIAN_POINT('Ctrl Pts',(125.836785303282,216.030210330949,82.4645320083186));
#2809=CARTESIAN_POINT('Ctrl Pts',(125.87253842497,216.476991767871,82.0138586132398));
#2810=CARTESIAN_POINT('Ctrl Pts',(125.939522445241,216.797664031991,81.2783554877287));
#2811=CARTESIAN_POINT('Ctrl Pts',(125.958416486237,216.85648579637,81.077672430768));
#2812=CARTESIAN_POINT('Ctrl Pts',(125.995763011991,216.916279030375,80.6940382099426));
#2813=CARTESIAN_POINT('Ctrl Pts',(126.013823454604,216.924013116082,80.5134661057729));
#2814=CARTESIAN_POINT('Ctrl Pts',(126.052276424156,216.898183678421,80.1380123149413));
#2815=CARTESIAN_POINT('Ctrl Pts',(126.072579293582,216.860802282779,79.944799142012));
#2816=CARTESIAN_POINT('Ctrl Pts',(126.118640196666,216.72218108014,79.5149323970461));
#2817=CARTESIAN_POINT('Ctrl Pts',(126.143820391705,216.60550419453,79.28618149618));
#2818=CARTESIAN_POINT('Ctrl Pts',(126.195162569461,216.271706011554,78.8266519951067));
#2819=CARTESIAN_POINT('Ctrl Pts',(126.219599852569,216.040190639887,78.6125595149982));
#2820=CARTESIAN_POINT('Ctrl Pts',(126.275739672531,215.253429479512,78.1228335037764));
#2821=CARTESIAN_POINT('Ctrl Pts',(126.288751556007,214.61046747449,78.0090559037788));
#2822=CARTESIAN_POINT('Ctrl Pts',(126.265913039032,213.723560815417,78.1942931018868));
#2823=CARTESIAN_POINT('Ctrl Pts',(126.252598879967,213.450860843964,78.3046000852293));
#2824=CARTESIAN_POINT('Ctrl Pts',(126.199127583006,212.738399956087,78.7566109644393));
#2825=CARTESIAN_POINT('Ctrl Pts',(126.145756953292,212.378756041275,79.2150355660888));
#2826=CARTESIAN_POINT('Ctrl Pts',(126.088142155689,212.204700595786,79.7451713184295));
#2827=CARTESIAN_POINT('Ctrl Pts',(125.820252059488,212.468235614115,79.7968506082852));
#2828=CARTESIAN_POINT('Ctrl Pts',(125.818299416843,212.461967737613,79.8149617665733));
#2829=CARTESIAN_POINT('Ctrl Pts',(125.816341469696,212.455942767778,79.8331709337528));
#2830=CARTESIAN_POINT('Ctrl Pts',(125.78054503805,212.350208177021,80.1667500682696));
#2831=CARTESIAN_POINT('Ctrl Pts',(125.745484936547,212.323175144632,80.5082660011734));
#2832=CARTESIAN_POINT('Ctrl Pts',(125.695249773222,212.406666689556,81.028164718126));
#2833=CARTESIAN_POINT('Ctrl Pts',(125.678203601214,212.461434500877,81.2110665724236));
#2834=CARTESIAN_POINT('Ctrl Pts',(125.616538004781,212.769364221386,81.8952913497964));
#2835=CARTESIAN_POINT('Ctrl Pts',(125.553250606235,213.657390034398,82.7276942365579));
#2836=CARTESIAN_POINT('Ctrl Pts',(125.558306432042,214.870650383605,82.6927733882108));
#2837=CARTESIAN_POINT('Ctrl Pts',(125.594339278185,215.875520223575,82.2400975486371));
#2838=CARTESIAN_POINT('Ctrl Pts',(125.627630155788,216.274120128204,81.8301585830508));
#2839=CARTESIAN_POINT('Ctrl Pts',(125.688294176786,216.553726891188,81.1663498014623));
#2840=CARTESIAN_POINT('Ctrl Pts',(125.705292558335,216.603973244178,80.9856497954542));
#2841=CARTESIAN_POINT('Ctrl Pts',(125.73867994754,216.652582430777,80.6414485901492));
#2842=CARTESIAN_POINT('Ctrl Pts',(125.754743900013,216.657042418456,80.479908526772));
#2843=CARTESIAN_POINT('Ctrl Pts',(125.788790169645,216.628889398538,80.1452348009354));
#2844=CARTESIAN_POINT('Ctrl Pts',(125.806680866362,216.592902659122,79.9736884191027));
#2845=CARTESIAN_POINT('Ctrl Pts',(125.847107178777,216.463910712318,79.5936500722515));
#2846=CARTESIAN_POINT('Ctrl Pts',(125.869094587581,216.35752066452,79.3926108065848));
#2847=CARTESIAN_POINT('Ctrl Pts',(125.913760624069,216.057232132355,78.9909160668174));
#2848=CARTESIAN_POINT('Ctrl Pts',(125.9349267122,215.851419266069,78.8051131518185));
#2849=CARTESIAN_POINT('Ctrl Pts',(125.983411258134,215.157322741089,78.3822013370952));
#2850=CARTESIAN_POINT('Ctrl Pts',(125.994539275777,214.597397808995,78.2854699873957));
#2851=CARTESIAN_POINT('Ctrl Pts',(125.974851193446,213.82183478502,78.4438413011364));
#2852=CARTESIAN_POINT('Ctrl Pts',(125.963348107669,213.582601834786,78.538721974862));
#2853=CARTESIAN_POINT('Ctrl Pts',(125.91707986021,212.953943035115,78.9291879405916));
#2854=CARTESIAN_POINT('Ctrl Pts',(125.870796461788,212.630480391552,79.3280409811652));
#2855=CARTESIAN_POINT('Ctrl Pts',(125.820252059488,212.468235614115,79.7968506082852));
#2856=CARTESIAN_POINT('',(125.820252059488,212.468235614115,79.7968506082852));
#2857=CARTESIAN_POINT('',(126.623922348089,211.677630559128,79.641812738718));
#2858=CARTESIAN_POINT('',(125.746963689161,212.349737589144,80.5000543346577));
#2859=CARTESIAN_POINT('Ctrl Pts',(125.820252059488,212.468235614115,79.7968506082852));
#2860=CARTESIAN_POINT('Ctrl Pts',(125.818299416843,212.461967737613,79.8149617665733));
#2861=CARTESIAN_POINT('Ctrl Pts',(125.816341469696,212.455942767778,79.8331709337528));
#2862=CARTESIAN_POINT('Ctrl Pts',(125.792049455589,212.384189633398,80.0595429118714));
#2863=CARTESIAN_POINT('Ctrl Pts',(125.769185842161,212.349988070451,80.2790496605374));
#2864=CARTESIAN_POINT('Ctrl Pts',(125.746963689161,212.349737589144,80.5000543346577));
#2865=CARTESIAN_POINT('Ctrl Pts',(125.746963689161,212.349737589144,80.5000543346577));
#2866=CARTESIAN_POINT('Ctrl Pts',(125.735514604581,212.349608538566,80.613918243638));
#2867=CARTESIAN_POINT('Ctrl Pts',(125.724235790391,212.35849152311,80.7281797645985));
#2868=CARTESIAN_POINT('Ctrl Pts',(125.695249773222,212.406666689556,81.028164718126));
#2869=CARTESIAN_POINT('Ctrl Pts',(125.678203601214,212.461434500877,81.2110665724236));
#2870=CARTESIAN_POINT('Ctrl Pts',(125.616538004781,212.769364221386,81.8952913497964));
#2871=CARTESIAN_POINT('Ctrl Pts',(125.553250606235,213.657390034398,82.7276942365579));
#2872=CARTESIAN_POINT('Ctrl Pts',(125.558306432042,214.870650383605,82.6927733882108));
#2873=CARTESIAN_POINT('Ctrl Pts',(125.594339278185,215.875520223575,82.2400975486371));
#2874=CARTESIAN_POINT('Ctrl Pts',(125.627630155788,216.274120128204,81.8301585830508));
#2875=CARTESIAN_POINT('Ctrl Pts',(125.688294176786,216.553726891188,81.1663498014623));
#2876=CARTESIAN_POINT('Ctrl Pts',(125.705292558335,216.603973244178,80.9856497954542));
#2877=CARTESIAN_POINT('Ctrl Pts',(125.73867994754,216.652582430777,80.6414485901492));
#2878=CARTESIAN_POINT('Ctrl Pts',(125.754743900013,216.657042418456,80.479908526772));
#2879=CARTESIAN_POINT('Ctrl Pts',(125.788790169645,216.628889398538,80.1452348009354));
#2880=CARTESIAN_POINT('Ctrl Pts',(125.806680866362,216.592902659122,79.9736884191027));
#2881=CARTESIAN_POINT('Ctrl Pts',(125.847107178777,216.463910712318,79.5936500722515));
#2882=CARTESIAN_POINT('Ctrl Pts',(125.869094587581,216.35752066452,79.3926108065848));
#2883=CARTESIAN_POINT('Ctrl Pts',(125.913760624069,216.057232132355,78.9909160668174));
#2884=CARTESIAN_POINT('Ctrl Pts',(125.9349267122,215.851419266069,78.8051131518185));
#2885=CARTESIAN_POINT('Ctrl Pts',(125.983411258134,215.157322741089,78.3822013370952));
#2886=CARTESIAN_POINT('Ctrl Pts',(125.994539275777,214.597397808995,78.2854699873957));
#2887=CARTESIAN_POINT('Ctrl Pts',(125.974851193446,213.82183478502,78.4438413011364));
#2888=CARTESIAN_POINT('Ctrl Pts',(125.963348107669,213.582601834786,78.538721974862));
#2889=CARTESIAN_POINT('Ctrl Pts',(125.91707986021,212.953943035115,78.9291879405916));
#2890=CARTESIAN_POINT('Ctrl Pts',(125.870796461788,212.630480391552,79.3280409811652));
#2891=CARTESIAN_POINT('Ctrl Pts',(125.820252059488,212.468235614115,79.7968506082852));
#2892=CARTESIAN_POINT('Origin',(127.811458359827,214.500003196285,80.500001013279));
#2893=CARTESIAN_POINT('',(127.811458359827,212.350003196285,80.500001013279));
#2894=CARTESIAN_POINT('Ctrl Pts',(98.5696602170105,211.833353683332,104.240859053906));
#2895=CARTESIAN_POINT('Ctrl Pts',(98.5394488797801,211.919212192188,104.057778855249));
#2896=CARTESIAN_POINT('Ctrl Pts',(98.5088002051561,212.023817581438,103.884133433879));
#2897=CARTESIAN_POINT('Ctrl Pts',(98.4222033512403,212.37677094882,103.416041333544));
#2898=CARTESIAN_POINT('Ctrl Pts',(98.3691316976032,212.666866742566,103.156996541152));
#2899=CARTESIAN_POINT('Ctrl Pts',(98.2853413339583,213.332416319862,102.765954548316));
#2900=CARTESIAN_POINT('Ctrl Pts',(98.2554194148668,213.700851646155,102.63704236956));
#2901=CARTESIAN_POINT('Ctrl Pts',(98.2280416195273,214.455803228378,102.530567125621));
#2902=CARTESIAN_POINT('Ctrl Pts',(98.2297606309605,214.833251289404,102.548913361952));
#2903=CARTESIAN_POINT('Ctrl Pts',(98.2619492418108,215.546974035657,102.721393578212));
#2904=CARTESIAN_POINT('Ctrl Pts',(98.2910005218886,215.877312434586,102.868973100002));
#2905=CARTESIAN_POINT('Ctrl Pts',(98.4018434679075,216.729141596011,103.451903094923));
#2906=CARTESIAN_POINT('Ctrl Pts',(98.5063294739752,217.141347398242,104.022828968518));
#2907=CARTESIAN_POINT('Ctrl Pts',(98.6246733304005,217.384456691223,104.859165869218));
#2908=CARTESIAN_POINT('Ctrl Pts',(98.6505750084897,217.420814718387,105.056938199829));
#2909=CARTESIAN_POINT('Ctrl Pts',(98.6936652928784,217.449616975169,105.421297962867));
#2910=CARTESIAN_POINT('Ctrl Pts',(98.7115093042281,217.448862926696,105.586410211952));
#2911=CARTESIAN_POINT('Ctrl Pts',(98.7447467255546,217.418499325819,105.928952519067));
#2912=CARTESIAN_POINT('Ctrl Pts',(98.7597337875482,217.386588533529,106.105537896851));
#2913=CARTESIAN_POINT('Ctrl Pts',(98.7905675275842,217.269289317475,106.530159151234));
#2914=CARTESIAN_POINT('Ctrl Pts',(98.8034707321091,217.166713467532,106.772021712197));
#2915=CARTESIAN_POINT('Ctrl Pts',(98.8239578538992,216.836829193921,107.330583853129));
#2916=CARTESIAN_POINT('Ctrl Pts',(98.8258452014758,216.576765953727,107.621977728668));
#2917=CARTESIAN_POINT('Ctrl Pts',(98.8220207591102,215.958030289754,108.088430127512));
#2918=CARTESIAN_POINT('Ctrl Pts',(98.8170971074678,215.604963867555,108.258027620115));
#2919=CARTESIAN_POINT('Ctrl Pts',(98.8111326410255,214.510178706763,108.539790783207));
#2920=CARTESIAN_POINT('Ctrl Pts',(98.8268501810746,213.726548874821,108.439004257902));
#2921=CARTESIAN_POINT('Ctrl Pts',(98.8519132664486,212.78135187033,107.913041445717));
#2922=CARTESIAN_POINT('Ctrl Pts',(98.8580162288478,212.515704474121,107.698902469466));
#2923=CARTESIAN_POINT('Ctrl Pts',(98.8575371851429,212.065631270663,107.185561183695));
#2924=CARTESIAN_POINT('Ctrl Pts',(98.8503089806024,211.885828545104,106.889676311312));
#2925=CARTESIAN_POINT('Ctrl Pts',(98.8225571030055,211.686347563094,106.380507605866));
#2926=CARTESIAN_POINT('Ctrl Pts',(98.8087825419949,211.631869280207,106.184134993781));
#2927=CARTESIAN_POINT('Ctrl Pts',(98.7775406555645,211.570203568774,105.821333316434));
#2928=CARTESIAN_POINT('Ctrl Pts',(98.7613124696943,211.556226682388,105.656814198618));
#2929=CARTESIAN_POINT('Ctrl Pts',(98.7235117550025,211.555717966827,105.314790031089));
#2930=CARTESIAN_POINT('Ctrl Pts',(98.7016989067428,211.571454766437,105.137997528063));
#2931=CARTESIAN_POINT('Ctrl Pts',(98.64448667951,211.648143669759,104.713488605654));
#2932=CARTESIAN_POINT('Ctrl Pts',(98.6075541741521,211.725661705648,104.470495800814));
#2933=CARTESIAN_POINT('Ctrl Pts',(98.5696602170105,211.833353683332,104.240859053906));
#2934=CARTESIAN_POINT('Ctrl Pts',(98.8205878553849,212.089385273773,104.324254756418));
#2935=CARTESIAN_POINT('Ctrl Pts',(98.793827346203,212.16996375508,104.158304434823));
#2936=CARTESIAN_POINT('Ctrl Pts',(98.7667865249719,212.267271793241,104.001621307877));
#2937=CARTESIAN_POINT('Ctrl Pts',(98.6906441193401,212.593038694894,103.580982382695));
#2938=CARTESIAN_POINT('Ctrl Pts',(98.6442958255918,212.857647457876,103.350569896102));
#2939=CARTESIAN_POINT('Ctrl Pts',(98.571374614193,213.458548770392,103.004737569168));
#2940=CARTESIAN_POINT('Ctrl Pts',(98.5454432162643,213.78857171544,102.891786368388));
#2941=CARTESIAN_POINT('Ctrl Pts',(98.5216342687203,214.462541920995,102.798759320215));
#2942=CARTESIAN_POINT('Ctrl Pts',(98.5230250554266,214.79881754146,102.815018156796));
#2943=CARTESIAN_POINT('Ctrl Pts',(98.5506592390205,215.436625803869,102.966857712503));
#2944=CARTESIAN_POINT('Ctrl Pts',(98.5757056511207,215.733200865699,103.09690561813));
#2945=CARTESIAN_POINT('Ctrl Pts',(98.6718791188055,216.503273122946,103.614093753556));
#2946=CARTESIAN_POINT('Ctrl Pts',(98.7633029337493,216.885115174022,104.125679581739));
#2947=CARTESIAN_POINT('Ctrl Pts',(98.8687533295463,217.117326504553,104.88783007562));
#2948=CARTESIAN_POINT('Ctrl Pts',(98.8919349066441,217.152753142378,105.068466328538));
#2949=CARTESIAN_POINT('Ctrl Pts',(98.9308032925457,217.183041116986,105.40242416063));
#2950=CARTESIAN_POINT('Ctrl Pts',(98.9469989945872,217.183944067619,105.554017052232));
#2951=CARTESIAN_POINT('Ctrl Pts',(98.9774290361669,217.159131692743,105.869028527953));
#2952=CARTESIAN_POINT('Ctrl Pts',(98.9913052188915,217.131198129507,106.031637953325));
#2953=CARTESIAN_POINT('Ctrl Pts',(99.0202973831925,217.026289633369,106.422872062493));
#2954=CARTESIAN_POINT('Ctrl Pts',(99.0328724054769,216.933223839772,106.645850707732));
#2955=CARTESIAN_POINT('Ctrl Pts',(99.0541450692842,216.632327569753,107.160171678547));
#2956=CARTESIAN_POINT('Ctrl Pts',(99.057804584634,216.394178344627,107.427870752677));
#2957=CARTESIAN_POINT('Ctrl Pts',(99.0582283696238,215.828813100495,107.854656588356));
#2958=CARTESIAN_POINT('Ctrl Pts',(99.0553592748574,215.506890736362,108.009368891719));
#2959=CARTESIAN_POINT('Ctrl Pts',(99.0531667545908,214.510928578126,108.265463689089));
#2960=CARTESIAN_POINT('Ctrl Pts',(99.0659816912311,213.799725037558,108.175468567967));
#2961=CARTESIAN_POINT('Ctrl Pts',(99.0836355198638,212.935432586843,107.696444197232));
#2962=CARTESIAN_POINT('Ctrl Pts',(99.0875378675241,212.692090610309,107.500305729241));
#2963=CARTESIAN_POINT('Ctrl Pts',(99.0837922151454,212.279382697794,107.028654702828));
#2964=CARTESIAN_POINT('Ctrl Pts',(99.0758178574553,212.114737478276,106.755781899087));
#2965=CARTESIAN_POINT('Ctrl Pts',(99.0489825478054,211.933765157513,106.285984412728));
#2966=CARTESIAN_POINT('Ctrl Pts',(99.0360307895539,211.884922463189,106.104752028412));
#2967=CARTESIAN_POINT('Ctrl Pts',(99.0071574111142,211.831082656923,105.770310982259));
#2968=CARTESIAN_POINT('Ctrl Pts',(98.992313385199,211.819736432693,105.618794962977));
#2969=CARTESIAN_POINT('Ctrl Pts',(98.9580018368,211.822694378768,105.304367392521));
#2970=CARTESIAN_POINT('Ctrl Pts',(98.9383382082649,211.839104545741,105.142165157855));
#2971=CARTESIAN_POINT('Ctrl Pts',(98.8870424648414,211.914324547608,104.753761591808));
#2972=CARTESIAN_POINT('Ctrl Pts',(98.8541528957917,211.988332180974,104.532389565697));
#2973=CARTESIAN_POINT('Ctrl Pts',(98.8205878553849,212.089385273773,104.324254756418));
#2974=CARTESIAN_POINT('Ctrl Pts',(99.0715154937593,212.345416864215,104.407650458931));
#2975=CARTESIAN_POINT('Ctrl Pts',(99.0482036651893,212.420672037442,104.258848045301));
#2976=CARTESIAN_POINT('Ctrl Pts',(99.0247782699427,212.510766554265,104.11910764609));
#2977=CARTESIAN_POINT('Ctrl Pts',(98.9590782414759,212.809207942661,103.745947419076));
#2978=CARTESIAN_POINT('Ctrl Pts',(98.919478105196,213.048403950692,103.54420808605));
#2979=CARTESIAN_POINT('Ctrl Pts',(98.8574010736401,213.584666619185,103.24350382454));
#2980=CARTESIAN_POINT('Ctrl Pts',(98.83548092656,213.876177786684,103.14657719991));
#2981=CARTESIAN_POINT('Ctrl Pts',(98.8152347797269,214.469352291349,103.066986179551));
#2982=CARTESIAN_POINT('Ctrl Pts',(98.8162977944377,214.764234110898,103.081121986071));
#2983=CARTESIAN_POINT('Ctrl Pts',(98.8393933105682,215.326404359105,103.212440380691));
#2984=CARTESIAN_POINT('Ctrl Pts',(98.860433586965,215.588882456111,103.324850416974));
#2985=CARTESIAN_POINT('Ctrl Pts',(98.9419261819926,216.277760979151,103.776441476322));
#2986=CARTESIAN_POINT('Ctrl Pts',(99.0203626907828,216.629431675255,104.229090555052));
#2987=CARTESIAN_POINT('Ctrl Pts',(99.1127969730977,216.849845770074,104.91618037099));
#2988=CARTESIAN_POINT('Ctrl Pts',(99.1332984519832,216.884654429238,105.079969331879));
#2989=CARTESIAN_POINT('Ctrl Pts',(99.1679219460687,216.916233327895,105.383351846867));
#2990=CARTESIAN_POINT('Ctrl Pts',(99.1824830894702,216.918897326779,105.521522600412));
#2991=CARTESIAN_POINT('Ctrl Pts',(99.210098555137,216.899576579739,105.808950691974));
#2992=CARTESIAN_POINT('Ctrl Pts',(99.222872083435,216.875650643415,105.957617525774));
#2993=CARTESIAN_POINT('Ctrl Pts',(99.2500124407955,216.783115034743,106.315447837594));
#2994=CARTESIAN_POINT('Ctrl Pts',(99.2622915464991,216.699543216286,106.519536671862));
#2995=CARTESIAN_POINT('Ctrl Pts',(99.2842843130328,216.427674987327,106.989672963106));
#2996=CARTESIAN_POINT('Ctrl Pts',(99.2898690355505,216.211364933156,107.233459092352));
#2997=CARTESIAN_POINT('Ctrl Pts',(99.2942946404931,215.699429029739,107.621009659531));
#2998=CARTESIAN_POINT('Ctrl Pts',(99.293835808307,215.408581140221,107.760205232718));
#2999=CARTESIAN_POINT('Ctrl Pts',(99.2947310192085,214.511573688569,107.991897458533));
#3000=CARTESIAN_POINT('Ctrl Pts',(99.3046510988725,213.872173273736,107.912642263656));
#3001=CARTESIAN_POINT('Ctrl Pts',(99.3155403308361,213.089889515624,107.479520692059));
#3002=CARTESIAN_POINT('Ctrl Pts',(99.3169442901882,212.868364254027,107.301870010715));
#3003=CARTESIAN_POINT('Ctrl Pts',(99.3101290703194,212.493329091651,106.871607702536));
#3004=CARTESIAN_POINT('Ctrl Pts',(99.3012946751909,212.343633356777,106.621911393517));
#3005=CARTESIAN_POINT('Ctrl Pts',(99.2754217631266,212.181243424154,106.191444455092));
#3006=CARTESIAN_POINT('Ctrl Pts',(99.2632732317707,212.137996339595,106.025368450608));
#3007=CARTESIAN_POINT('Ctrl Pts',(99.2367771027365,212.091992681003,105.71928615601));
#3008=CARTESIAN_POINT('Ctrl Pts',(99.2233128727766,212.083267141515,105.580772696961));
#3009=CARTESIAN_POINT('Ctrl Pts',(99.1924931862287,212.089691862081,105.293947269019));
#3010=CARTESIAN_POINT('Ctrl Pts',(99.1749772344936,212.106770230641,105.146330925635));
#3011=CARTESIAN_POINT('Ctrl Pts',(99.1295992960384,212.180516750695,104.794040236762));
#3012=CARTESIAN_POINT('Ctrl Pts',(99.1007559824911,212.251008439337,104.594308722458));
#3013=CARTESIAN_POINT('Ctrl Pts',(99.0715154937593,212.345416864215,104.407650458931));
#3014=CARTESIAN_POINT('Ctrl Pts',(99.3224431321336,212.601448454656,104.491046161444));
#3015=CARTESIAN_POINT('Ctrl Pts',(99.3025821316122,212.671423600335,104.359373624875));
#3016=CARTESIAN_POINT('Ctrl Pts',(99.2827645897585,212.754220766067,104.236595520088));
#3017=CARTESIAN_POINT('Ctrl Pts',(99.2275190095757,213.025475688735,103.910888468226));
#3018=CARTESIAN_POINT('Ctrl Pts',(99.1946422331847,213.239184666003,103.737781440999));
#3019=CARTESIAN_POINT('Ctrl Pts',(99.1434343538748,213.710799069715,103.482286845391));
#3020=CARTESIAN_POINT('Ctrl Pts',(99.1255047279574,213.963897855969,103.401321198738));
#3021=CARTESIAN_POINT('Ctrl Pts',(99.10882742892,214.476090983966,103.335178374145));
#3022=CARTESIAN_POINT('Ctrl Pts',(99.1095622189038,214.729800362955,103.347226780914));
#3023=CARTESIAN_POINT('Ctrl Pts',(99.1281033077779,215.216056127316,103.457904514982));
#3024=CARTESIAN_POINT('Ctrl Pts',(99.1451387161971,215.444770887223,103.552782935102));
#3025=CARTESIAN_POINT('Ctrl Pts',(99.2119618328907,216.051892506086,103.938632134955));
#3026=CARTESIAN_POINT('Ctrl Pts',(99.2773361505569,216.373199451034,104.331941168274));
#3027=CARTESIAN_POINT('Ctrl Pts',(99.3568769722435,216.582715583403,104.944844577392));
#3028=CARTESIAN_POINT('Ctrl Pts',(99.3746583501376,216.616592853229,105.091497460587));
#3029=CARTESIAN_POINT('Ctrl Pts',(99.4050599457359,216.649657469712,105.364478044631));
#3030=CARTESIAN_POINT('Ctrl Pts',(99.4179727798293,216.653978467702,105.489129440693));
#3031=CARTESIAN_POINT('Ctrl Pts',(99.4427808657493,216.640208946662,105.74902670086));
#3032=CARTESIAN_POINT('Ctrl Pts',(99.4544435147783,216.620260239392,105.883717582248));
#3033=CARTESIAN_POINT('Ctrl Pts',(99.4797422964037,216.540115350637,106.208160748853));
#3034=CARTESIAN_POINT('Ctrl Pts',(99.4916932198669,216.466053588526,106.393365667397));
#3035=CARTESIAN_POINT('Ctrl Pts',(99.5144715284179,216.223173363158,106.819260788525));
#3036=CARTESIAN_POINT('Ctrl Pts',(99.5218284187087,216.028777324055,107.039352116361));
#3037=CARTESIAN_POINT('Ctrl Pts',(99.5305022510067,215.57021184048,107.387236120374));
#3038=CARTESIAN_POINT('Ctrl Pts',(99.5320979756965,215.310508009028,107.511546504322));
#3039=CARTESIAN_POINT('Ctrl Pts',(99.5367651327738,214.512323559933,107.717570364415));
#3040=CARTESIAN_POINT('Ctrl Pts',(99.5437826090289,213.945349436472,107.649106573721));
#3041=CARTESIAN_POINT('Ctrl Pts',(99.5472625842514,213.243970232137,107.262923443574));
#3042=CARTESIAN_POINT('Ctrl Pts',(99.5464659288645,213.044750390215,107.10327327049));
#3043=CARTESIAN_POINT('Ctrl Pts',(99.5363841003219,212.707080518782,106.714701221669));
#3044=CARTESIAN_POINT('Ctrl Pts',(99.5268035520439,212.572542289949,106.488016981293));
#3045=CARTESIAN_POINT('Ctrl Pts',(99.5018472079265,212.428661018573,106.096921261955));
#3046=CARTESIAN_POINT('Ctrl Pts',(99.4905214793298,212.391049522577,105.945985485238));
#3047=CARTESIAN_POINT('Ctrl Pts',(99.4663938582863,212.352871769152,105.668263821835));
#3048=CARTESIAN_POINT('Ctrl Pts',(99.4543137882813,212.34677689182,105.542753461319));
#3049=CARTESIAN_POINT('Ctrl Pts',(99.4269832680263,212.356668274021,105.283524630451));
#3050=CARTESIAN_POINT('Ctrl Pts',(99.4116165360157,212.374420009945,105.150498555427));
#3051=CARTESIAN_POINT('Ctrl Pts',(99.3721550813699,212.446697628545,104.834313222917));
#3052=CARTESIAN_POINT('Ctrl Pts',(99.3473547041307,212.513678914663,104.656202487341));
#3053=CARTESIAN_POINT('Ctrl Pts',(99.3224431321336,212.601448454656,104.491046161444));
#3054=CARTESIAN_POINT('',(98.5696602170105,211.833353683332,104.240859053906));
#3055=CARTESIAN_POINT('',(99.3224431321336,212.601448454656,104.491046161444));
#3056=CARTESIAN_POINT('',(98.5696602170105,211.833353683332,104.240859053906));
#3057=CARTESIAN_POINT('',(99.4496420947128,212.349971897518,105.500013084247));
#3058=CARTESIAN_POINT('Ctrl Pts',(99.3224431321336,212.601448454656,104.491046161444));
#3059=CARTESIAN_POINT('Ctrl Pts',(99.3025821316122,212.671423600335,104.359373624875));
#3060=CARTESIAN_POINT('Ctrl Pts',(99.2827645897585,212.754220766067,104.236595520088));
#3061=CARTESIAN_POINT('Ctrl Pts',(99.2275190095757,213.025475688735,103.910888468226));
#3062=CARTESIAN_POINT('Ctrl Pts',(99.1946422331847,213.239184666003,103.737781440999));
#3063=CARTESIAN_POINT('Ctrl Pts',(99.1434343538748,213.710799069715,103.482286845391));
#3064=CARTESIAN_POINT('Ctrl Pts',(99.1255047279574,213.963897855969,103.401321198738));
#3065=CARTESIAN_POINT('Ctrl Pts',(99.10882742892,214.476090983966,103.335178374145));
#3066=CARTESIAN_POINT('Ctrl Pts',(99.1095622189038,214.729800362955,103.347226780914));
#3067=CARTESIAN_POINT('Ctrl Pts',(99.1281033077779,215.216056127316,103.457904514982));
#3068=CARTESIAN_POINT('Ctrl Pts',(99.1451387161971,215.444770887223,103.552782935102));
#3069=CARTESIAN_POINT('Ctrl Pts',(99.2119618328907,216.051892506086,103.938632134955));
#3070=CARTESIAN_POINT('Ctrl Pts',(99.2773361505569,216.373199451034,104.331941168274));
#3071=CARTESIAN_POINT('Ctrl Pts',(99.3568769722435,216.582715583403,104.944844577392));
#3072=CARTESIAN_POINT('Ctrl Pts',(99.3746583501376,216.616592853229,105.091497460587));
#3073=CARTESIAN_POINT('Ctrl Pts',(99.4050599457359,216.649657469712,105.364478044631));
#3074=CARTESIAN_POINT('Ctrl Pts',(99.4179727798293,216.653978467702,105.489129440693));
#3075=CARTESIAN_POINT('Ctrl Pts',(99.4427808657493,216.640208946662,105.74902670086));
#3076=CARTESIAN_POINT('Ctrl Pts',(99.4544435147783,216.620260239392,105.883717582248));
#3077=CARTESIAN_POINT('Ctrl Pts',(99.4797422964037,216.540115350637,106.208160748853));
#3078=CARTESIAN_POINT('Ctrl Pts',(99.4916932198669,216.466053588526,106.393365667397));
#3079=CARTESIAN_POINT('Ctrl Pts',(99.5144715284179,216.223173363158,106.819260788525));
#3080=CARTESIAN_POINT('Ctrl Pts',(99.5218284187087,216.028777324055,107.039352116361));
#3081=CARTESIAN_POINT('Ctrl Pts',(99.5305022510067,215.57021184048,107.387236120374));
#3082=CARTESIAN_POINT('Ctrl Pts',(99.5320979756965,215.310508009028,107.511546504322));
#3083=CARTESIAN_POINT('Ctrl Pts',(99.5367651327738,214.512323559933,107.717570364415));
#3084=CARTESIAN_POINT('Ctrl Pts',(99.5437826090289,213.945349436472,107.649106573721));
#3085=CARTESIAN_POINT('Ctrl Pts',(99.5472625842514,213.243970232137,107.262923443574));
#3086=CARTESIAN_POINT('Ctrl Pts',(99.5464659288645,213.044750390215,107.10327327049));
#3087=CARTESIAN_POINT('Ctrl Pts',(99.5363841003219,212.707080518782,106.714701221669));
#3088=CARTESIAN_POINT('Ctrl Pts',(99.5268035520439,212.572542289949,106.488016981293));
#3089=CARTESIAN_POINT('Ctrl Pts',(99.5018472079265,212.428661018573,106.096921261955));
#3090=CARTESIAN_POINT('Ctrl Pts',(99.4905214793298,212.391049522577,105.945985485238));
#3091=CARTESIAN_POINT('Ctrl Pts',(99.4687627334385,212.356620101044,105.695530826173));
#3092=CARTESIAN_POINT('Ctrl Pts',(99.4595396415789,212.349972124573,105.597630199778));
#3093=CARTESIAN_POINT('Ctrl Pts',(99.4496420947129,212.349971897518,105.500013084247));
#3094=CARTESIAN_POINT('Ctrl Pts',(99.4496420947129,212.349971897518,105.500013084247));
#3095=CARTESIAN_POINT('Ctrl Pts',(99.4468702613848,212.349971833931,105.472675161237));
#3096=CARTESIAN_POINT('Ctrl Pts',(99.4440455309312,212.350493149581,105.445359473824));
#3097=CARTESIAN_POINT('Ctrl Pts',(99.4269832680263,212.356668274021,105.283524630451));
#3098=CARTESIAN_POINT('Ctrl Pts',(99.4116165360157,212.374420009945,105.150498555427));
#3099=CARTESIAN_POINT('Ctrl Pts',(99.3721550813699,212.446697628545,104.834313222917));
#3100=CARTESIAN_POINT('Ctrl Pts',(99.3473547041307,212.513678914663,104.656202487341));
#3101=CARTESIAN_POINT('Ctrl Pts',(99.3224431321336,212.601448454656,104.491046161444));
#3102=CARTESIAN_POINT('Ctrl Pts',(98.5696602170105,211.833353683332,104.240859053906));
#3103=CARTESIAN_POINT('Ctrl Pts',(98.6075541741521,211.725661705648,104.470495800814));
#3104=CARTESIAN_POINT('Ctrl Pts',(98.64448667951,211.648143669759,104.713488605654));
#3105=CARTESIAN_POINT('Ctrl Pts',(98.7016989067428,211.571454766437,105.137997528063));
#3106=CARTESIAN_POINT('Ctrl Pts',(98.7235117550025,211.555717966827,105.314790031089));
#3107=CARTESIAN_POINT('Ctrl Pts',(98.7613124696943,211.556226682388,105.656814198618));
#3108=CARTESIAN_POINT('Ctrl Pts',(98.7775406555645,211.570203568774,105.821333316434));
#3109=CARTESIAN_POINT('Ctrl Pts',(98.8087825419949,211.631869280207,106.184134993781));
#3110=CARTESIAN_POINT('Ctrl Pts',(98.8225571030055,211.686347563094,106.380507605866));
#3111=CARTESIAN_POINT('Ctrl Pts',(98.8503089806024,211.885828545104,106.889676311312));
#3112=CARTESIAN_POINT('Ctrl Pts',(98.8575371851429,212.065631270663,107.185561183695));
#3113=CARTESIAN_POINT('Ctrl Pts',(98.8580162288478,212.515704474121,107.698902469466));
#3114=CARTESIAN_POINT('Ctrl Pts',(98.8519132664486,212.78135187033,107.913041445717));
#3115=CARTESIAN_POINT('Ctrl Pts',(98.8268501810746,213.726548874821,108.439004257902));
#3116=CARTESIAN_POINT('Ctrl Pts',(98.8111326410255,214.510178706763,108.539790783207));
#3117=CARTESIAN_POINT('Ctrl Pts',(98.8170971074678,215.604963867555,108.258027620115));
#3118=CARTESIAN_POINT('Ctrl Pts',(98.8220207591102,215.958030289754,108.088430127512));
#3119=CARTESIAN_POINT('Ctrl Pts',(98.8258452014758,216.576765953727,107.621977728668));
#3120=CARTESIAN_POINT('Ctrl Pts',(98.8239578538992,216.836829193921,107.330583853129));
#3121=CARTESIAN_POINT('Ctrl Pts',(98.8034707321091,217.166713467532,106.772021712197));
#3122=CARTESIAN_POINT('Ctrl Pts',(98.7905675275842,217.269289317475,106.530159151234));
#3123=CARTESIAN_POINT('Ctrl Pts',(98.7597337875482,217.386588533529,106.105537896851));
#3124=CARTESIAN_POINT('Ctrl Pts',(98.7447467255546,217.418499325819,105.928952519067));
#3125=CARTESIAN_POINT('Ctrl Pts',(98.7115093042281,217.448862926696,105.586410211952));
#3126=CARTESIAN_POINT('Ctrl Pts',(98.6936652928784,217.449616975169,105.421297962867));
#3127=CARTESIAN_POINT('Ctrl Pts',(98.6505750084897,217.420814718387,105.056938199829));
#3128=CARTESIAN_POINT('Ctrl Pts',(98.6246733304005,217.384456691223,104.859165869218));
#3129=CARTESIAN_POINT('Ctrl Pts',(98.5063294739752,217.141347398242,104.022828968518));
#3130=CARTESIAN_POINT('Ctrl Pts',(98.4018434679075,216.729141596011,103.451903094923));
#3131=CARTESIAN_POINT('Ctrl Pts',(98.2910005218886,215.877312434586,102.868973100002));
#3132=CARTESIAN_POINT('Ctrl Pts',(98.2619492418108,215.546974035657,102.721393578212));
#3133=CARTESIAN_POINT('Ctrl Pts',(98.2297606309605,214.833251289404,102.548913361952));
#3134=CARTESIAN_POINT('Ctrl Pts',(98.2280416195273,214.455803228378,102.530567125621));
#3135=CARTESIAN_POINT('Ctrl Pts',(98.2554194148668,213.700851646155,102.63704236956));
#3136=CARTESIAN_POINT('Ctrl Pts',(98.2853413339583,213.332416319862,102.765954548316));
#3137=CARTESIAN_POINT('Ctrl Pts',(98.3691316976032,212.666866742566,103.156996541152));
#3138=CARTESIAN_POINT('Ctrl Pts',(98.4222033512403,212.37677094882,103.416041333544));
#3139=CARTESIAN_POINT('Ctrl Pts',(98.5088002051561,212.023817581438,103.884133433879));
#3140=CARTESIAN_POINT('Ctrl Pts',(98.5394488797801,211.919212192188,104.057778855249));
#3141=CARTESIAN_POINT('Ctrl Pts',(98.5696602170105,211.833353683332,104.240859053906));
#3142=CARTESIAN_POINT('Ctrl Pts',(104.708192018818,224.132806511077,118.));
#3143=CARTESIAN_POINT('Ctrl Pts',(101.409280799154,227.566037541479,101.333333333333));
#3144=CARTESIAN_POINT('Ctrl Pts',(98.1103695794904,230.999268571881,84.6666666666667));
#3145=CARTESIAN_POINT('Ctrl Pts',(94.8114583598266,234.432499602283,68.));
#3146=CARTESIAN_POINT('Ctrl Pts',(102.50577374506,222.598111918551,118.));
#3147=CARTESIAN_POINT('Ctrl Pts',(99.9419373719833,224.947421920346,101.333333333333));
#3148=CARTESIAN_POINT('Ctrl Pts',(97.375294732903,227.306441782175,84.6666666666666));
#3149=CARTESIAN_POINT('Ctrl Pts',(94.8114583598266,229.65575178397,68.));
#3150=CARTESIAN_POINT('Ctrl Pts',(99.2237019340408,217.935722987846,118.));
#3151=CARTESIAN_POINT('Ctrl Pts',(97.7538240206415,218.658331555629,101.333333333333));
#3152=CARTESIAN_POINT('Ctrl Pts',(96.2813362732258,219.379647579561,84.6666666666667));
#3153=CARTESIAN_POINT('Ctrl Pts',(94.8114583598266,220.102256147344,68.));
#3154=CARTESIAN_POINT('Ctrl Pts',(99.9352227204388,209.403367462245,118.));
#3155=CARTESIAN_POINT('Ctrl Pts',(98.2272575804009,208.19079265549,101.333333333333));
#3156=CARTESIAN_POINT('Ctrl Pts',(96.5194234998645,206.98458749916,84.6666666666666));
#3157=CARTESIAN_POINT('Ctrl Pts',(94.8114583598266,205.772012692405,68.));
#3158=CARTESIAN_POINT('Ctrl Pts',(104.954718191447,204.343336611146,118.));
#3159=CARTESIAN_POINT('Ctrl Pts',(101.573890297117,200.840476254516,101.333333333333));
#3160=CARTESIAN_POINT('Ctrl Pts',(98.1922862541564,197.333003503252,84.6666666666667));
#3161=CARTESIAN_POINT('Ctrl Pts',(94.8114583598266,193.830143146622,68.));
#3162=CARTESIAN_POINT('Ctrl Pts',(108.906437642628,203.280268439092,118.));
#3163=CARTESIAN_POINT('Ctrl Pts',(104.2070813745,197.739019246926,101.333333333333));
#3164=CARTESIAN_POINT('Ctrl Pts',(99.5108146279537,192.206270611318,84.6666666666667));
#3165=CARTESIAN_POINT('Ctrl Pts',(94.8114583598266,186.665021419152,68.));
#3166=CARTESIAN_POINT('Ctrl Pts',(110.242874497205,203.156091267452,118.));
#3167=CARTESIAN_POINT('Ctrl Pts',(105.099069118079,196.8629433483,101.333333333333));
#3168=CARTESIAN_POINT('Ctrl Pts',(99.9552637389526,190.569795429148,84.6666666666667));
#3169=CARTESIAN_POINT('Ctrl Pts',(94.8114583598266,184.276647509996,68.));
#3170=CARTESIAN_POINT('',(102.893263127141,222.564554950324,118.));
#3171=CARTESIAN_POINT('',(102.893263127141,206.748551785884,118.));
#3172=CARTESIAN_POINT('',(95.9989676040133,211.677704751002,79.6415690405024));
#3173=CARTESIAN_POINT('Ctrl Pts',(95.9989676040133,211.677704751002,79.6415690405024));
#3174=CARTESIAN_POINT('Ctrl Pts',(96.0242731303937,211.607554801926,79.8719549113692));
#3175=CARTESIAN_POINT('Ctrl Pts',(96.0498792450107,211.565975312518,80.1099950617947));
#3176=CARTESIAN_POINT('Ctrl Pts',(96.0977647004727,211.542843012803,80.5683568857496));
#3177=CARTESIAN_POINT('Ctrl Pts',(96.1198772037961,211.556539203932,80.7864536661624));
#3178=CARTESIAN_POINT('Ctrl Pts',(96.2341709083783,211.754468869341,81.9450715403191));
#3179=CARTESIAN_POINT('Ctrl Pts',(96.2992201436765,212.40497542688,82.7892819016549));
#3180=CARTESIAN_POINT('Ctrl Pts',(96.3349879879461,213.619456174592,83.3353322739665));
#3181=CARTESIAN_POINT('Ctrl Pts',(96.3401802866911,213.979529715169,83.4236645051318));
#3182=CARTESIAN_POINT('Ctrl Pts',(96.3414001492977,214.735248725172,83.4628909426576));
#3183=CARTESIAN_POINT('Ctrl Pts',(96.3371207297813,215.123315487802,83.4062279150049));
#3184=CARTESIAN_POINT('Ctrl Pts',(96.3180522852694,215.855202204831,83.1458114022992));
#3185=CARTESIAN_POINT('Ctrl Pts',(96.3033443061746,216.191604460819,82.9446342606342));
#3186=CARTESIAN_POINT('Ctrl Pts',(96.2631709188755,216.752435988635,82.4374579409309));
#3187=CARTESIAN_POINT('Ctrl Pts',(96.2385365478405,216.976590209264,82.1417639287677));
#3188=CARTESIAN_POINT('Ctrl Pts',(96.1882983120342,217.256003066045,81.5816136261515));
#3189=CARTESIAN_POINT('Ctrl Pts',(96.1653677888328,217.340385544096,81.3361764802206));
#3190=CARTESIAN_POINT('Ctrl Pts',(96.119857155859,217.435262696621,80.8681204574113));
#3191=CARTESIAN_POINT('Ctrl Pts',(96.0978889327053,217.454651782634,80.6490158510964));
#3192=CARTESIAN_POINT('Ctrl Pts',(96.0512242628614,217.444079406891,80.1955119471098));
#3193=CARTESIAN_POINT('Ctrl Pts',(96.0266093830254,217.410613375309,79.9626500345974));
#3194=CARTESIAN_POINT('Ctrl Pts',(95.969644762885,217.268779146948,79.4341343248189));
#3195=CARTESIAN_POINT('Ctrl Pts',(95.937819678018,217.139977048338,79.1466826417138));
#3196=CARTESIAN_POINT('Ctrl Pts',(95.8718110856235,216.753816471687,78.5582847665154));
#3197=CARTESIAN_POINT('Ctrl Pts',(95.8396489393018,216.476337829376,78.2770624741065));
#3198=CARTESIAN_POINT('Ctrl Pts',(95.7912761354417,215.849598229525,77.8546904611555));
#3199=CARTESIAN_POINT('Ctrl Pts',(95.7744991781177,215.512407703646,77.7086140738445));
#3200=CARTESIAN_POINT('Ctrl Pts',(95.7558527036691,214.787385593043,77.5434041139329));
#3201=CARTESIAN_POINT('Ctrl Pts',(95.7548061602126,214.40487193977,77.5313527719838));
#3202=CARTESIAN_POINT('Ctrl Pts',(95.772932022485,213.486245963757,77.6782129403005));
#3203=CARTESIAN_POINT('Ctrl Pts',(95.8314807684084,212.453945987234,78.1661563586139));
#3204=CARTESIAN_POINT('Ctrl Pts',(95.941471199847,211.837091667664,79.1181118736201));
#3205=CARTESIAN_POINT('Ctrl Pts',(95.9989676040133,211.677704751002,79.6415690405024));
#3206=CARTESIAN_POINT('Origin',(127.811458359827,214.500003196285,105.500001013279));
#3207=CARTESIAN_POINT('',(127.811458359827,212.350003196285,105.500001013279));
#3208=CARTESIAN_POINT('Ctrl Pts',(95.9989676040133,211.677704751002,79.6415690405024));
#3209=CARTESIAN_POINT('Ctrl Pts',(95.941471199847,211.837091667664,79.1181118736201));
#3210=CARTESIAN_POINT('Ctrl Pts',(95.8314807684084,212.453945987234,78.1661563586139));
#3211=CARTESIAN_POINT('Ctrl Pts',(95.772932022485,213.486245963757,77.6782129403005));
#3212=CARTESIAN_POINT('Ctrl Pts',(95.7548061602126,214.40487193977,77.5313527719838));
#3213=CARTESIAN_POINT('Ctrl Pts',(95.7558527036691,214.787385593043,77.5434041139329));
#3214=CARTESIAN_POINT('Ctrl Pts',(95.7744991781177,215.512407703646,77.7086140738445));
#3215=CARTESIAN_POINT('Ctrl Pts',(95.7912761354417,215.849598229525,77.8546904611555));
#3216=CARTESIAN_POINT('Ctrl Pts',(95.8396489393018,216.476337829376,78.2770624741065));
#3217=CARTESIAN_POINT('Ctrl Pts',(95.8718110856235,216.753816471687,78.5582847665154));
#3218=CARTESIAN_POINT('Ctrl Pts',(95.937819678018,217.139977048338,79.1466826417138));
#3219=CARTESIAN_POINT('Ctrl Pts',(95.969644762885,217.268779146948,79.4341343248189));
#3220=CARTESIAN_POINT('Ctrl Pts',(96.0266093830254,217.410613375309,79.9626500345974));
#3221=CARTESIAN_POINT('Ctrl Pts',(96.0512242628614,217.444079406891,80.1955119471098));
#3222=CARTESIAN_POINT('Ctrl Pts',(96.0978889327053,217.454651782634,80.6490158510964));
#3223=CARTESIAN_POINT('Ctrl Pts',(96.119857155859,217.435262696621,80.8681204574113));
#3224=CARTESIAN_POINT('Ctrl Pts',(96.1653677888328,217.340385544096,81.3361764802206));
#3225=CARTESIAN_POINT('Ctrl Pts',(96.1882983120342,217.256003066045,81.5816136261515));
#3226=CARTESIAN_POINT('Ctrl Pts',(96.2385365478405,216.976590209264,82.1417639287677));
#3227=CARTESIAN_POINT('Ctrl Pts',(96.2631709188755,216.752435988635,82.4374579409309));
#3228=CARTESIAN_POINT('Ctrl Pts',(96.3033443061746,216.191604460819,82.9446342606342));
#3229=CARTESIAN_POINT('Ctrl Pts',(96.3180522852694,215.855202204831,83.1458114022992));
#3230=CARTESIAN_POINT('Ctrl Pts',(96.3371207297813,215.123315487802,83.4062279150049));
#3231=CARTESIAN_POINT('Ctrl Pts',(96.3414001492977,214.735248725172,83.4628909426576));
#3232=CARTESIAN_POINT('Ctrl Pts',(96.3401802866911,213.979529715169,83.4236645051318));
#3233=CARTESIAN_POINT('Ctrl Pts',(96.3349879879461,213.619456174592,83.3353322739665));
#3234=CARTESIAN_POINT('Ctrl Pts',(96.2992201436765,212.40497542688,82.7892819016549));
#3235=CARTESIAN_POINT('Ctrl Pts',(96.2341709083783,211.754468869341,81.9450715403191));
#3236=CARTESIAN_POINT('Ctrl Pts',(96.1198772037961,211.556539203932,80.7864536661624));
#3237=CARTESIAN_POINT('Ctrl Pts',(96.0977647004727,211.542843012803,80.5683568857496));
#3238=CARTESIAN_POINT('Ctrl Pts',(96.0498792450107,211.565975312518,80.1099950617947));
#3239=CARTESIAN_POINT('Ctrl Pts',(96.0242731303937,211.607554801926,79.8719549113692));
#3240=CARTESIAN_POINT('Ctrl Pts',(95.9989676040133,211.677704751002,79.6415690405024));
#3241=CARTESIAN_POINT('Ctrl Pts',(96.2668603354765,211.941235223098,79.6932712480038));
#3242=CARTESIAN_POINT('Ctrl Pts',(96.2150169608966,212.091069627287,79.2188615308302));
#3243=CARTESIAN_POINT('Ctrl Pts',(96.1164422255201,212.657953695976,78.3634071047033));
#3244=CARTESIAN_POINT('Ctrl Pts',(96.0642302009038,213.588795066874,77.9298630830683));
#3245=CARTESIAN_POINT('Ctrl Pts',(96.0480152125191,214.414934666851,77.7991103173203));
#3246=CARTESIAN_POINT('Ctrl Pts',(96.0489506564396,214.758574850772,77.8099836219234));
#3247=CARTESIAN_POINT('Ctrl Pts',(96.0655535899518,215.410904649971,77.9569645777417));
#3248=CARTESIAN_POINT('Ctrl Pts',(96.0805163114645,215.714847064054,78.0870812175544));
#3249=CARTESIAN_POINT('Ctrl Pts',(96.1237236120197,216.282056698382,78.4644251336434));
#3250=CARTESIAN_POINT('Ctrl Pts',(96.1524923182995,216.534628435424,78.7163170692692));
#3251=CARTESIAN_POINT('Ctrl Pts',(96.2117164667661,216.888948430024,79.2459156877546));
#3252=CARTESIAN_POINT('Ctrl Pts',(96.2403350064718,217.008368075069,79.5054844885329));
#3253=CARTESIAN_POINT('Ctrl Pts',(96.2917310819347,217.142092758569,79.9845814595302));
#3254=CARTESIAN_POINT('Ctrl Pts',(96.3139961599061,217.174743280273,80.1962269863785));
#3255=CARTESIAN_POINT('Ctrl Pts',(96.3563353787598,217.188545135495,80.6094697884798));
#3256=CARTESIAN_POINT('Ctrl Pts',(96.3763292017789,217.172857469865,80.8095880342256));
#3257=CARTESIAN_POINT('Ctrl Pts',(96.4178889693482,217.090279709919,81.2379291473132));
#3258=CARTESIAN_POINT('Ctrl Pts',(96.438926719279,217.015166445747,81.4630733413835));
#3259=CARTESIAN_POINT('Ctrl Pts',(96.4852281241705,216.763742439314,81.9777411056724));
#3260=CARTESIAN_POINT('Ctrl Pts',(96.5081327126673,216.56035660223,82.2501110199439));
#3261=CARTESIAN_POINT('Ctrl Pts',(96.5457275681665,216.049205686037,82.7176856565574));
#3262=CARTESIAN_POINT('Ctrl Pts',(96.5596437977701,215.741640282289,82.9034110364831));
#3263=CARTESIAN_POINT('Ctrl Pts',(96.5777155892133,215.071644726597,83.1438472613894));
#3264=CARTESIAN_POINT('Ctrl Pts',(96.5818004073607,214.716035673407,83.1962573663399));
#3265=CARTESIAN_POINT('Ctrl Pts',(96.580529864429,214.02353986062,83.1601301952681));
#3266=CARTESIAN_POINT('Ctrl Pts',(96.5755673707139,213.693667543362,83.0786841644312));
#3267=CARTESIAN_POINT('Ctrl Pts',(96.5414167276978,212.581868413816,82.5747795124601));
#3268=CARTESIAN_POINT('Ctrl Pts',(96.480440650632,211.990846566165,81.7949640602978));
#3269=CARTESIAN_POINT('Ctrl Pts',(96.3763512399682,211.820417507437,80.734936466825));
#3270=CARTESIAN_POINT('Ctrl Pts',(96.3562054138144,211.809935717068,80.5357619137132));
#3271=CARTESIAN_POINT('Ctrl Pts',(96.3128265135609,211.835265682375,80.1182524831784));
#3272=CARTESIAN_POINT('Ctrl Pts',(96.2896655663687,211.875387557559,79.9019782809011));
#3273=CARTESIAN_POINT('Ctrl Pts',(96.2668603354765,211.941235223098,79.6932712480038));
#3274=CARTESIAN_POINT('Ctrl Pts',(96.5347530669397,212.204765695194,79.7449734555052));
#3275=CARTESIAN_POINT('Ctrl Pts',(96.4885853108144,212.344402417006,79.3201496991799));
#3276=CARTESIAN_POINT('Ctrl Pts',(96.4014050378962,212.861996469701,78.5606536408271));
#3277=CARTESIAN_POINT('Ctrl Pts',(96.3555137713512,213.69111152498,78.1815528996705));
#3278=CARTESIAN_POINT('Ctrl Pts',(96.34126830516,214.424820430916,78.0673463075458));
#3279=CARTESIAN_POINT('Ctrl Pts',(96.3420520962005,214.729579818644,78.0766705999654));
#3280=CARTESIAN_POINT('Ctrl Pts',(96.3566366417399,215.309246162426,78.2056498926574));
#3281=CARTESIAN_POINT('Ctrl Pts',(96.3697681357176,215.579934958601,78.3196186363771));
#3282=CARTESIAN_POINT('Ctrl Pts',(96.4078189143081,216.087630841973,78.6520252722363));
#3283=CARTESIAN_POINT('Ctrl Pts',(96.4331847716968,216.315323035678,78.8744879616222));
#3284=CARTESIAN_POINT('Ctrl Pts',(96.4856313421139,216.63776097592,79.3453046329834));
#3285=CARTESIAN_POINT('Ctrl Pts',(96.5110380855527,216.747838268556,79.5769638720336));
#3286=CARTESIAN_POINT('Ctrl Pts',(96.5568683678755,216.873424163219,80.0066252666873));
#3287=CARTESIAN_POINT('Ctrl Pts',(96.5767813132085,216.905280244175,80.1970533432201));
#3288=CARTESIAN_POINT('Ctrl Pts',(96.6147968898233,216.92229740436,80.5700201077969));
#3289=CARTESIAN_POINT('Ctrl Pts',(96.6328138272743,216.910324775585,80.7511531954595));
#3290=CARTESIAN_POINT('Ctrl Pts',(96.6704261238755,216.840031695513,81.1397630656251));
#3291=CARTESIAN_POINT('Ctrl Pts',(96.6895673354942,216.774202630618,81.3446180639577));
#3292=CARTESIAN_POINT('Ctrl Pts',(96.7319366714237,216.550748185695,81.8137734662488));
#3293=CARTESIAN_POINT('Ctrl Pts',(96.7531109010238,216.368133425455,82.0628124901871));
#3294=CARTESIAN_POINT('Ctrl Pts',(96.7881236109624,215.906672598228,82.4907704035303));
#3295=CARTESIAN_POINT('Ctrl Pts',(96.8012451570404,215.627929335723,82.6610035206392));
#3296=CARTESIAN_POINT('Ctrl Pts',(96.8183336903164,215.019831235609,82.8814927644843));
#3297=CARTESIAN_POINT('Ctrl Pts',(96.8221831967937,214.696666245223,82.9295516741877));
#3298=CARTESIAN_POINT('Ctrl Pts',(96.8209390154538,214.067397007446,82.8966336688422));
#3299=CARTESIAN_POINT('Ctrl Pts',(96.8160934633708,213.767684008857,82.8218641315235));
#3300=CARTESIAN_POINT('Ctrl Pts',(96.7838087228582,212.758744031938,82.360565703827));
#3301=CARTESIAN_POINT('Ctrl Pts',(96.7270343373667,212.227086651557,81.6452014418412));
#3302=CARTESIAN_POINT('Ctrl Pts',(96.6327495023116,212.084342946457,80.6833670164853));
#3303=CARTESIAN_POINT('Ctrl Pts',(96.6146899155806,212.077016612962,80.5032311572483));
#3304=CARTESIAN_POINT('Ctrl Pts',(96.5757376186396,212.104576075388,80.1264819965029));
#3305=CARTESIAN_POINT('Ctrl Pts',(96.5550848511287,212.143210276634,79.932040327355));
#3306=CARTESIAN_POINT('Ctrl Pts',(96.5347530669397,212.204765695194,79.7449734555052));
#3307=CARTESIAN_POINT('Ctrl Pts',(96.8026457984029,212.46829616729,79.7966756630066));
#3308=CARTESIAN_POINT('Ctrl Pts',(96.762131071864,212.598380376629,79.42089935639));
#3309=CARTESIAN_POINT('Ctrl Pts',(96.6863664950078,213.066004178442,78.7579043869165));
#3310=CARTESIAN_POINT('Ctrl Pts',(96.64681194977,213.793660628097,78.4332030424383));
#3311=CARTESIAN_POINT('Ctrl Pts',(96.6344773574665,214.434883157997,78.3351038528823));
#3312=CARTESIAN_POINT('Ctrl Pts',(96.635150048971,214.700769076374,78.3432501079558));
#3313=CARTESIAN_POINT('Ctrl Pts',(96.647691053574,215.207743108751,78.4540003965546));
#3314=CARTESIAN_POINT('Ctrl Pts',(96.6590083117403,215.44518379313,78.552009392776));
#3315=CARTESIAN_POINT('Ctrl Pts',(96.691893587026,215.893349710979,78.8393879317733));
#3316=CARTESIAN_POINT('Ctrl Pts',(96.7138660043728,216.096134999415,79.032520264376));
#3317=CARTESIAN_POINT('Ctrl Pts',(96.759528130862,216.386732357606,79.4445376790242));
#3318=CARTESIAN_POINT('Ctrl Pts',(96.7817283291395,216.487427196677,79.6483140357475));
#3319=CARTESIAN_POINT('Ctrl Pts',(96.8219900667849,216.604903546479,80.0285566916201));
#3320=CARTESIAN_POINT('Ctrl Pts',(96.8395532102532,216.635944117557,80.1977683824888));
#3321=CARTESIAN_POINT('Ctrl Pts',(96.8732433358778,216.656190757221,80.5304740451803));
#3322=CARTESIAN_POINT('Ctrl Pts',(96.8892858731943,216.647919548829,80.6926207722738));
#3323=CARTESIAN_POINT('Ctrl Pts',(96.922947304391,216.589925861336,81.0415157327178));
#3324=CARTESIAN_POINT('Ctrl Pts',(96.940195742739,216.53336601032,81.2260777791897));
#3325=CARTESIAN_POINT('Ctrl Pts',(96.9786282477538,216.337900415745,81.6497506431534));
#3326=CARTESIAN_POINT('Ctrl Pts',(96.9980726948157,216.17605403905,81.8754655692001));
#3327=CARTESIAN_POINT('Ctrl Pts',(97.0305068729543,215.764273823446,82.2638217994535));
#3328=CARTESIAN_POINT('Ctrl Pts',(97.0428366695411,215.514367413181,82.4186031548232));
#3329=CARTESIAN_POINT('Ctrl Pts',(97.0589285497484,214.968160474405,82.6191121108687));
#3330=CARTESIAN_POINT('Ctrl Pts',(97.0625834548567,214.677453193459,82.66291809787));
#3331=CARTESIAN_POINT('Ctrl Pts',(97.0612885931917,214.111407152897,82.6330993589785));
#3332=CARTESIAN_POINT('Ctrl Pts',(97.0566728461386,213.841895377627,82.5652160219882));
#3333=CARTESIAN_POINT('Ctrl Pts',(97.0260053068795,212.935637018874,82.1460633146322));
#3334=CARTESIAN_POINT('Ctrl Pts',(96.9733040796203,212.463464348381,81.4950939618199));
#3335=CARTESIAN_POINT('Ctrl Pts',(96.8892235384837,212.348221249961,80.6318498171478));
#3336=CARTESIAN_POINT('Ctrl Pts',(96.8731306289222,212.344109317228,80.4706361852119));
#3337=CARTESIAN_POINT('Ctrl Pts',(96.8386848871898,212.373866445245,80.1347394178866));
#3338=CARTESIAN_POINT('Ctrl Pts',(96.8204772871037,212.411043032267,79.9620636968869));
#3339=CARTESIAN_POINT('Ctrl Pts',(96.8026457984029,212.46829616729,79.7966756630066));
#3340=CARTESIAN_POINT('',(96.8026457984029,212.46829616729,79.7966756630066));
#3341=CARTESIAN_POINT('',(95.9989676040133,211.677704751002,79.6415690405024));
#3342=CARTESIAN_POINT('',(96.8759339457429,212.349978625794,80.4999291609092));
#3343=CARTESIAN_POINT('Ctrl Pts',(96.8026457984029,212.46829616729,79.7966756630066));
#3344=CARTESIAN_POINT('Ctrl Pts',(96.762131071864,212.598380376629,79.42089935639));
#3345=CARTESIAN_POINT('Ctrl Pts',(96.6863664950078,213.066004178442,78.7579043869165));
#3346=CARTESIAN_POINT('Ctrl Pts',(96.64681194977,213.793660628097,78.4332030424383));
#3347=CARTESIAN_POINT('Ctrl Pts',(96.6344773574665,214.434883157997,78.3351038528823));
#3348=CARTESIAN_POINT('Ctrl Pts',(96.635150048971,214.700769076374,78.3432501079558));
#3349=CARTESIAN_POINT('Ctrl Pts',(96.647691053574,215.207743108751,78.4540003965546));
#3350=CARTESIAN_POINT('Ctrl Pts',(96.6590083117403,215.44518379313,78.552009392776));
#3351=CARTESIAN_POINT('Ctrl Pts',(96.691893587026,215.893349710979,78.8393879317733));
#3352=CARTESIAN_POINT('Ctrl Pts',(96.7138660043728,216.096134999415,79.032520264376));
#3353=CARTESIAN_POINT('Ctrl Pts',(96.759528130862,216.386732357606,79.4445376790242));
#3354=CARTESIAN_POINT('Ctrl Pts',(96.7817283291395,216.487427196677,79.6483140357475));
#3355=CARTESIAN_POINT('Ctrl Pts',(96.8219900667849,216.604903546479,80.0285566916201));
#3356=CARTESIAN_POINT('Ctrl Pts',(96.8395532102532,216.635944117557,80.1977683824888));
#3357=CARTESIAN_POINT('Ctrl Pts',(96.8732433358778,216.656190757221,80.5304740451803));
#3358=CARTESIAN_POINT('Ctrl Pts',(96.8892858731943,216.647919548829,80.6926207722738));
#3359=CARTESIAN_POINT('Ctrl Pts',(96.922947304391,216.589925861336,81.0415157327178));
#3360=CARTESIAN_POINT('Ctrl Pts',(96.940195742739,216.53336601032,81.2260777791897));
#3361=CARTESIAN_POINT('Ctrl Pts',(96.9786282477538,216.337900415745,81.6497506431534));
#3362=CARTESIAN_POINT('Ctrl Pts',(96.9980726948157,216.17605403905,81.8754655692001));
#3363=CARTESIAN_POINT('Ctrl Pts',(97.0305068729543,215.764273823446,82.2638217994535));
#3364=CARTESIAN_POINT('Ctrl Pts',(97.0428366695411,215.514367413181,82.4186031548232));
#3365=CARTESIAN_POINT('Ctrl Pts',(97.0589285497484,214.968160474405,82.6191121108687));
#3366=CARTESIAN_POINT('Ctrl Pts',(97.0625834548567,214.677453193459,82.66291809787));
#3367=CARTESIAN_POINT('Ctrl Pts',(97.0612885931917,214.111407152897,82.6330993589785));
#3368=CARTESIAN_POINT('Ctrl Pts',(97.0566728461386,213.841895377627,82.5652160219882));
#3369=CARTESIAN_POINT('Ctrl Pts',(97.0260053068795,212.935637018874,82.1460633146322));
#3370=CARTESIAN_POINT('Ctrl Pts',(96.9733040796203,212.463464348381,81.4950939618199));
#3371=CARTESIAN_POINT('Ctrl Pts',(96.8953728513122,212.356649666976,80.6949840241978));
#3372=CARTESIAN_POINT('Ctrl Pts',(96.8857169819879,212.350021809476,80.5973248370242));
#3373=CARTESIAN_POINT('Ctrl Pts',(96.8759339457429,212.349978625794,80.4999291609092));
#3374=CARTESIAN_POINT('Ctrl Pts',(96.8759339457429,212.349978625794,80.4999291609092));
#3375=CARTESIAN_POINT('Ctrl Pts',(96.8695935617653,212.349950638457,80.4368070412669));
#3376=CARTESIAN_POINT('Ctrl Pts',(96.8631997634375,212.352688433853,80.3737956050625));
#3377=CARTESIAN_POINT('Ctrl Pts',(96.8386848871898,212.373866445245,80.1347394178866));
#3378=CARTESIAN_POINT('Ctrl Pts',(96.8204772871037,212.411043032267,79.9620636968869));
#3379=CARTESIAN_POINT('Ctrl Pts',(96.8026457984029,212.46829616729,79.7966756630066));
#3380=CARTESIAN_POINT('Origin',(127.811458359827,214.500003196285,80.500001013279));
#3381=CARTESIAN_POINT('',(127.811458359827,212.350003196285,80.500001013279));
#3382=CARTESIAN_POINT('Origin',(115.211458359826,183.056553368104,64.));
#3383=CARTESIAN_POINT('',(113.411458359826,183.056553368104,64.));
#3384=CARTESIAN_POINT('Origin',(115.211458359826,183.056553368104,68.));
#3385=CARTESIAN_POINT('Origin',(99.4114583598264,183.056553368104,64.));
#3386=CARTESIAN_POINT('',(97.6114583598264,183.056553368104,68.));
#3387=CARTESIAN_POINT('',(97.6114583598264,183.056553368104,64.));
#3388=CARTESIAN_POINT('Origin',(99.4114583598264,183.056553368104,68.));
#3389=CARTESIAN_POINT('Origin',(99.4114583598264,183.056553368104,68.));
#3390=CARTESIAN_POINT('Origin',(107.311458359826,198.856553368104,59.5));
#3391=CARTESIAN_POINT('Origin',(127.811458359827,199.156553368104,68.));
#3392=CARTESIAN_POINT('',(127.811458359827,172.156553368104,68.));
#3393=CARTESIAN_POINT('',(127.811458359827,172.156553368104,68.));
#3394=CARTESIAN_POINT('',(127.811458359827,199.156553368104,68.));
#3395=CARTESIAN_POINT('Origin',(111.311458359827,172.156553368104,66.));
#3396=CARTESIAN_POINT('',(127.811458359827,172.156553368104,64.));
#3397=CARTESIAN_POINT('Origin',(99.4114583598265,214.656553368104,63.4));
#3398=CARTESIAN_POINT('',(97.6114583598265,214.656553368104,63.4));
#3399=CARTESIAN_POINT('Origin',(99.4114583598265,214.656553368104,63.4));
#3400=CARTESIAN_POINT('Origin',(97.0114583598265,214.656553368104,63.4));
#3401=CARTESIAN_POINT('Origin',(99.4114583598265,214.656553368104,64.));
#3402=CARTESIAN_POINT('',(97.6114583598265,214.656553368104,59.5));
#3403=CARTESIAN_POINT('Origin',(99.4114583598265,214.656553368104,59.5));
#3404=CARTESIAN_POINT('',(97.6114583598265,214.656553368104,64.));
#3405=CARTESIAN_POINT('Origin',(112.8976019312,220.242696939478,63.4));
#3406=CARTESIAN_POINT('',(111.0976019312,220.242696939478,63.4));
#3407=CARTESIAN_POINT('Origin',(112.8976019312,220.242696939478,63.4));
#3408=CARTESIAN_POINT('Origin',(110.4976019312,220.242696939478,63.4));
#3409=CARTESIAN_POINT('Origin',(112.8976019312,220.242696939478,64.));
#3410=CARTESIAN_POINT('',(111.0976019312,220.242696939478,59.5));
#3411=CARTESIAN_POINT('Origin',(112.8976019312,220.242696939478,59.5));
#3412=CARTESIAN_POINT('',(111.0976019312,220.242696939478,64.));
#3413=CARTESIAN_POINT('Origin',(115.211458359827,214.656553368104,63.4));
#3414=CARTESIAN_POINT('',(113.411458359827,214.656553368104,63.4));
#3415=CARTESIAN_POINT('Origin',(115.211458359827,214.656553368104,63.4));
#3416=CARTESIAN_POINT('Origin',(112.811458359827,214.656553368104,63.4));
#3417=CARTESIAN_POINT('Origin',(115.211458359827,214.656553368104,64.));
#3418=CARTESIAN_POINT('',(113.411458359827,214.656553368104,59.5));
#3419=CARTESIAN_POINT('Origin',(115.211458359827,214.656553368104,59.5));
#3420=CARTESIAN_POINT('',(113.411458359827,214.656553368104,64.));
#3421=CARTESIAN_POINT('Origin',(112.8976019312,209.07040979673,63.4));
#3422=CARTESIAN_POINT('',(111.0976019312,209.07040979673,63.4));
#3423=CARTESIAN_POINT('Origin',(112.8976019312,209.07040979673,63.4));
#3424=CARTESIAN_POINT('Origin',(110.4976019312,209.07040979673,63.4));
#3425=CARTESIAN_POINT('Origin',(112.8976019312,209.07040979673,64.));
#3426=CARTESIAN_POINT('',(111.0976019312,209.07040979673,59.5));
#3427=CARTESIAN_POINT('Origin',(112.8976019312,209.07040979673,59.5));
#3428=CARTESIAN_POINT('',(111.0976019312,209.07040979673,64.));
#3429=CARTESIAN_POINT('Origin',(107.311458359827,206.756553368104,63.4));
#3430=CARTESIAN_POINT('',(105.511458359827,206.756553368104,63.4));
#3431=CARTESIAN_POINT('Origin',(107.311458359827,206.756553368104,63.4));
#3432=CARTESIAN_POINT('Origin',(104.911458359827,206.756553368104,63.4));
#3433=CARTESIAN_POINT('Origin',(107.311458359827,206.756553368104,64.));
#3434=CARTESIAN_POINT('',(105.511458359827,206.756553368104,59.5));
#3435=CARTESIAN_POINT('Origin',(107.311458359827,206.756553368104,59.5));
#3436=CARTESIAN_POINT('',(105.511458359827,206.756553368104,64.));
#3437=CARTESIAN_POINT('Origin',(107.311458359827,214.656553368104,63.4));
#3438=CARTESIAN_POINT('',(103.411458359827,214.656553368104,63.4));
#3439=CARTESIAN_POINT('Origin',(107.311458359827,214.656553368104,63.4));
#3440=CARTESIAN_POINT('Origin',(102.811458359827,214.656553368104,63.4));
#3441=CARTESIAN_POINT('Origin',(107.311458359827,214.656553368104,64.));
#3442=CARTESIAN_POINT('',(103.411458359827,214.656553368104,59.5));
#3443=CARTESIAN_POINT('Origin',(107.311458359827,214.656553368104,59.5));
#3444=CARTESIAN_POINT('',(103.411458359827,214.656553368104,64.));
#3445=CARTESIAN_POINT('Origin',(101.725314788453,209.07040979673,63.4));
#3446=CARTESIAN_POINT('',(99.9253147884528,209.07040979673,63.4));
#3447=CARTESIAN_POINT('Origin',(101.725314788453,209.07040979673,63.4));
#3448=CARTESIAN_POINT('Origin',(99.3253147884528,209.07040979673,63.4));
#3449=CARTESIAN_POINT('Origin',(101.725314788453,209.07040979673,64.));
#3450=CARTESIAN_POINT('',(99.9253147884528,209.07040979673,59.5));
#3451=CARTESIAN_POINT('Origin',(101.725314788453,209.07040979673,59.5));
#3452=CARTESIAN_POINT('',(99.9253147884528,209.07040979673,64.));
#3453=CARTESIAN_POINT('Origin',(101.725314788453,220.242696939478,63.4));
#3454=CARTESIAN_POINT('',(99.9253147884529,220.242696939478,63.4));
#3455=CARTESIAN_POINT('Origin',(101.725314788453,220.242696939478,63.4));
#3456=CARTESIAN_POINT('Origin',(99.3253147884529,220.242696939478,63.4));
#3457=CARTESIAN_POINT('Origin',(101.725314788453,220.242696939478,64.));
#3458=CARTESIAN_POINT('',(99.9253147884529,220.242696939478,59.5));
#3459=CARTESIAN_POINT('Origin',(101.725314788453,220.242696939478,59.5));
#3460=CARTESIAN_POINT('',(99.9253147884529,220.242696939478,64.));
#3461=CARTESIAN_POINT('Origin',(107.311458359827,222.556553368104,63.4));
#3462=CARTESIAN_POINT('',(105.511458359827,222.556553368104,63.4));
#3463=CARTESIAN_POINT('Origin',(107.311458359827,222.556553368104,63.4));
#3464=CARTESIAN_POINT('Origin',(104.911458359827,222.556553368104,63.4));
#3465=CARTESIAN_POINT('Origin',(107.311458359827,222.556553368104,64.));
#3466=CARTESIAN_POINT('',(105.511458359827,222.556553368104,59.5));
#3467=CARTESIAN_POINT('Origin',(107.311458359827,222.556553368104,59.5));
#3468=CARTESIAN_POINT('',(105.511458359827,222.556553368104,64.));
#3469=CARTESIAN_POINT('Ctrl Pts',(119.729653592512,222.564554950324,118.));
#3470=CARTESIAN_POINT('Ctrl Pts',(122.196166190587,224.881581936394,102.740335425758));
#3471=CARTESIAN_POINT('Ctrl Pts',(124.662678788661,227.198608922464,87.4806708515153));
#3472=CARTESIAN_POINT('Ctrl Pts',(127.129191386736,229.515635908534,72.2210062772729));
#3473=CARTESIAN_POINT('Ctrl Pts',(118.499563198033,223.874006015414,118.));
#3474=CARTESIAN_POINT('Ctrl Pts',(120.381639177025,225.791221045484,102.740335425758));
#3475=CARTESIAN_POINT('Ctrl Pts',(122.265734273924,227.708964901775,87.4806708515153));
#3476=CARTESIAN_POINT('Ctrl Pts',(124.147810252916,229.626179931845,72.2210062772729));
#3477=CARTESIAN_POINT('Ctrl Pts',(115.41716099877,225.907421747116,118.));
#3478=CARTESIAN_POINT('Ctrl Pts',(116.32229239006,227.203946334334,102.740335425758));
#3479=CARTESIAN_POINT('Ctrl Pts',(117.227388584412,228.501316555984,87.4806708515153));
#3480=CARTESIAN_POINT('Ctrl Pts',(118.132519975701,229.797841143201,72.221006277273));
#3481=CARTESIAN_POINT('Ctrl Pts',(110.835197696852,226.442039745721,118.));
#3482=CARTESIAN_POINT('Ctrl Pts',(110.740789957347,227.574870140094,102.740335425758));
#3483=CARTESIAN_POINT('Ctrl Pts',(110.646275927299,228.710143267389,87.4806708515153));
#3484=CARTESIAN_POINT('Ctrl Pts',(110.551868187794,229.842973661762,72.2210062772729));
#3485=CARTESIAN_POINT('Ctrl Pts',(106.434765261236,225.394595162951,118.));
#3486=CARTESIAN_POINT('Ctrl Pts',(105.28537459306,226.848016868892,102.740335425758));
#3487=CARTESIAN_POINT('Ctrl Pts',(104.135931926587,228.301126552642,87.4806708515153));
#3488=CARTESIAN_POINT('Ctrl Pts',(102.986541258411,229.754548258583,72.221006277273));
#3489=CARTESIAN_POINT('Ctrl Pts',(104.12335352162,223.874006015414,118.));
#3490=CARTESIAN_POINT('Ctrl Pts',(102.241300086368,225.789774766724,102.740335425758));
#3491=CARTESIAN_POINT('Ctrl Pts',(100.357159901989,227.710411180535,87.4806708515153));
#3492=CARTESIAN_POINT('Ctrl Pts',(98.475106466737,229.626179931845,72.2210062772729));
#3493=CARTESIAN_POINT('Ctrl Pts',(102.893263127141,222.564554950324,118.));
#3494=CARTESIAN_POINT('Ctrl Pts',(100.426750529066,224.881581936394,102.740335425758));
#3495=CARTESIAN_POINT('Ctrl Pts',(97.9602379309918,227.198608922464,87.4806708515153));
#3496=CARTESIAN_POINT('Ctrl Pts',(95.4937253329171,229.515635908534,72.2210062772729));
#3497=CARTESIAN_POINT('Ctrl Pts',(102.893263127141,206.748551785884,118.));
#3498=CARTESIAN_POINT('Ctrl Pts',(100.980839961512,204.952033054536,106.168340978963));
#3499=CARTESIAN_POINT('Ctrl Pts',(99.0684167958828,203.155514323187,94.3366819579262));
#3500=CARTESIAN_POINT('Ctrl Pts',(97.1559936302537,201.358995591839,82.5050229368892));
#3501=CARTESIAN_POINT('Ctrl Pts',(104.12335352162,205.439100720794,118.));
#3502=CARTESIAN_POINT('Ctrl Pts',(102.66407627953,203.952578235622,106.168340978963));
#3503=CARTESIAN_POINT('Ctrl Pts',(101.203233504038,202.465645722333,94.3366819579262));
#3504=CARTESIAN_POINT('Ctrl Pts',(99.7439562619479,200.979123237161,82.5050229368892));
#3505=CARTESIAN_POINT('Ctrl Pts',(107.205755894191,203.405686132241,118.));
#3506=CARTESIAN_POINT('Ctrl Pts',(106.503957637822,202.400419158402,106.168340978963));
#3507=CARTESIAN_POINT('Ctrl Pts',(105.802186548548,201.394495706057,94.3366819579261));
#3508=CARTESIAN_POINT('Ctrl Pts',(105.100388292179,200.389228732218,82.5050229368892));
#3509=CARTESIAN_POINT('Ctrl Pts',(111.787718981696,202.871067903735,118.));
#3510=CARTESIAN_POINT('Ctrl Pts',(111.860918505665,201.992722060045,106.168340978963));
#3511=CARTESIAN_POINT('Ctrl Pts',(111.934200471732,201.112481582569,94.3366819579262));
#3512=CARTESIAN_POINT('Ctrl Pts',(112.007399995701,200.234135738879,82.5050229368893));
#3513=CARTESIAN_POINT('Ctrl Pts',(116.18815132103,203.918512723468,118.));
#3514=CARTESIAN_POINT('Ctrl Pts',(117.079337257763,202.791594765684,106.168340978963));
#3515=CARTESIAN_POINT('Ctrl Pts',(117.970563609172,201.66491791937,94.3366819579262));
#3516=CARTESIAN_POINT('Ctrl Pts',(118.861749545904,200.537999961586,82.5050229368892));
#3517=CARTESIAN_POINT('Ctrl Pts',(118.499563198033,205.439100720794,118.));
#3518=CARTESIAN_POINT('Ctrl Pts',(119.958822960719,203.95369961526,106.168340978963));
#3519=CARTESIAN_POINT('Ctrl Pts',(121.419700695019,202.464524342695,94.3366819579261));
#3520=CARTESIAN_POINT('Ctrl Pts',(122.878960457705,200.979123237161,82.5050229368892));
#3521=CARTESIAN_POINT('Ctrl Pts',(119.729653592512,206.748551785884,118.));
#3522=CARTESIAN_POINT('Ctrl Pts',(121.642076758141,204.952033054536,106.168340978963));
#3523=CARTESIAN_POINT('Ctrl Pts',(123.55449992377,203.155514323187,94.3366819579262));
#3524=CARTESIAN_POINT('Ctrl Pts',(125.466923089399,201.358995591839,82.5050229368892));
#3525=CARTESIAN_POINT('Origin',(127.811458359827,222.494458852152,47.8018646025066));
#3526=CARTESIAN_POINT('',(127.811458359827,220.694458852152,47.8018646025066));
#3527=CARTESIAN_POINT('Origin',(127.811458359827,222.494458852152,47.8018646025066));
#3528=CARTESIAN_POINT('',(127.811458359827,220.694458852152,47.8018646025066));
#3529=CARTESIAN_POINT('Origin',(127.811458359827,206.818647884056,47.8018646025072));
#3530=CARTESIAN_POINT('',(127.811458359827,205.018647884056,47.8018646025072));
#3531=CARTESIAN_POINT('Origin',(127.811458359827,206.818647884056,47.8018646025072));
#3532=CARTESIAN_POINT('',(127.811458359827,205.018647884056,47.8018646025072));
#3533=CARTESIAN_POINT('Origin',(127.811458359827,199.156553368104,64.));
#3534=CARTESIAN_POINT('Origin',(107.311458359827,214.656553368104,59.5));
#3535=CARTESIAN_POINT('Origin',(107.311458359827,222.556553368104,59.5));
#3536=CARTESIAN_POINT('Origin',(107.311458359827,206.756553368104,59.5));
#3537=CARTESIAN_POINT('Origin',(101.725314788453,209.07040979673,59.5));
#3538=CARTESIAN_POINT('Origin',(99.4114583598265,214.656553368104,59.5));
#3539=CARTESIAN_POINT('Origin',(115.211458359827,214.656553368104,59.5));
#3540=CARTESIAN_POINT('Origin',(112.8976019312,209.07040979673,59.5));
#3541=CARTESIAN_POINT('Origin',(112.8976019312,220.242696939478,59.5));
#3542=CARTESIAN_POINT('Origin',(101.725314788453,220.242696939478,59.5));
#3543=UNCERTAINTY_MEASURE_WITH_UNIT(LENGTH_MEASURE(0.01),#3547,
'DISTANCE_ACCURACY_VALUE',
'Maximum model space distance between geometric entities at asserted c
onnectivities');
#3544=UNCERTAINTY_MEASURE_WITH_UNIT(LENGTH_MEASURE(0.01),#3547,
'DISTANCE_ACCURACY_VALUE',
'Maximum model space distance between geometric entities at asserted c
onnectivities');
#3545=(
GEOMETRIC_REPRESENTATION_CONTEXT(3)
GLOBAL_UNCERTAINTY_ASSIGNED_CONTEXT((#3543))
GLOBAL_UNIT_ASSIGNED_CONTEXT((#3547,#3549,#3550))
REPRESENTATION_CONTEXT('','3D')
);
#3546=(
GEOMETRIC_REPRESENTATION_CONTEXT(3)
GLOBAL_UNCERTAINTY_ASSIGNED_CONTEXT((#3544))
GLOBAL_UNIT_ASSIGNED_CONTEXT((#3547,#3549,#3550))
REPRESENTATION_CONTEXT('','3D')
);
#3547=(
LENGTH_UNIT()
NAMED_UNIT(*)
SI_UNIT(.MILLI.,.METRE.)
);
#3548=(
LENGTH_UNIT()
NAMED_UNIT(*)
SI_UNIT($,.METRE.)
);
#3549=(
NAMED_UNIT(*)
PLANE_ANGLE_UNIT()
SI_UNIT($,.RADIAN.)
);
#3550=(
NAMED_UNIT(*)
SI_UNIT($,.STERADIAN.)
SOLID_ANGLE_UNIT()
);
#3551=SHAPE_DEFINITION_REPRESENTATION(#3552,#3553);
#3552=PRODUCT_DEFINITION_SHAPE('',$,#3555);
#3553=SHAPE_REPRESENTATION('',(#1301),#3545);
#3554=PRODUCT_DEFINITION_CONTEXT('part definition',#3559,'design');
#3555=PRODUCT_DEFINITION(
'Assem1 final prj_Support structure base Front Right',
'Assem1 final prj_Support structure base Front Right v2',#3556,#3554);
#3556=PRODUCT_DEFINITION_FORMATION('',$,#3561);
#3557=PRODUCT_RELATED_PRODUCT_CATEGORY(
'Assem1 final prj_Support structure base Front Right v2',
'Assem1 final prj_Support structure base Front Right v2',(#3561));
#3558=APPLICATION_PROTOCOL_DEFINITION('international standard',
'automotive_design',2009,#3559);
#3559=APPLICATION_CONTEXT(
'Core Data for Automotive Mechanical Design Process');
#3560=PRODUCT_CONTEXT('part definition',#3559,'mechanical');
#3561=PRODUCT('Assem1 final prj_Support structure base Front Right',
'Assem1 final prj_Support structure base Front Right v2',$,(#3560));
#3562=PRESENTATION_STYLE_ASSIGNMENT((#3564));
#3563=PRESENTATION_STYLE_ASSIGNMENT((#3565));
#3564=SURFACE_STYLE_USAGE(.BOTH.,#3566);
#3565=SURFACE_STYLE_USAGE(.BOTH.,#3567);
#3566=SURFACE_SIDE_STYLE('',(#3568));
#3567=SURFACE_SIDE_STYLE('',(#3569));
#3568=SURFACE_STYLE_FILL_AREA(#3570);
#3569=SURFACE_STYLE_FILL_AREA(#3571);
#3570=FILL_AREA_STYLE('Steel - Satin',(#3572));
#3571=FILL_AREA_STYLE('EPX 86FR (with Carbon M2 M3 L1 3D Printers)',(#3573));
#3572=FILL_AREA_STYLE_COLOUR('Steel - Satin',#3574);
#3573=FILL_AREA_STYLE_COLOUR(
'EPX 86FR (with Carbon M2 M3 L1 3D Printers)',#3575);
#3574=COLOUR_RGB('Steel - Satin',0.627450980392157,0.627450980392157,0.627450980392157);
#3575=COLOUR_RGB('EPX 86FR (with Carbon M2 M3 L1 3D Printers)',0.247058823529412,
0.247058823529412,0.247058823529412);
ENDSEC;
END-ISO-10303-21;
