ISO-10303-21;
HEADER;
/* Generated by software containing ST-Developer
 * from STEP Tools, Inc. (www.steptools.com) 
 */

FILE_DESCRIPTION(
/* description */ (''),
/* implementation_level */ '2;1');

FILE_NAME(
/* name */ 'Assem1 final prj_Support structure base Front Left v1.step',

/* time_stamp */ '2026-03-01T00:19:30+05:30',
/* author */ (''),
/* organization */ (''),
/* preprocessor_version */ 'ST-DEVELOPER v20.1',
/* originating_system */ 'Autodesk Translation Framework v14.24.0.0',
/* authorisation */ '');

FILE_SCHEMA (('AUTOMOTIVE_DESIGN { 1 0 10303 214 3 1 1 }'));
ENDSEC;

DATA;
#10=MECHANICAL_DESIGN_GEOMETRIC_PRESENTATION_REPRESENTATION('',(#13),#3418);
#11=SHAPE_REPRESENTATION_RELATIONSHIP('SRR','None',#3425,#12);
#12=ADVANCED_BREP_SHAPE_REPRESENTATION('',(#14),#3417);
#13=STYLED_ITEM('',(#3435),#14);
#14=MANIFOLD_SOLID_BREP('Support structure base',#1206);
#15=B_SPLINE_SURFACE_WITH_KNOTS('',3,3,((#1775,#1776,#1777,#1778,#1779),
(#1780,#1781,#1782,#1783,#1784),(#1785,#1786,#1787,#1788,#1789),(#1790,
#1791,#1792,#1793,#1794),(#1795,#1796,#1797,#1798,#1799)),.UNSPECIFIED.,
 .F.,.F.,.F.,(4,1,4),(4,1,4),(0.,0.571428571428571,1.),(-0.0580090934534389,
1.3577582324424,3.24544800030352),.UNSPECIFIED.);
#16=B_SPLINE_SURFACE_WITH_KNOTS('',3,3,((#1830,#1831,#1832,#1833),(#1834,
#1835,#1836,#1837),(#1838,#1839,#1840,#1841),(#1842,#1843,#1844,#1845),
(#1846,#1847,#1848,#1849),(#1850,#1851,#1852,#1853),(#1854,#1855,#1856,
#1857)),.UNSPECIFIED.,.F.,.F.,.F.,(4,1,1,1,4),(4,4),(0.,0.285714285714286,
0.571428571428571,0.714285714285714,1.),(0.,0.885510122354812),
 .UNSPECIFIED.);
#17=B_SPLINE_SURFACE_WITH_KNOTS('',3,3,((#1881,#1882,#1883,#1884,#1885,
#1886),(#1887,#1888,#1889,#1890,#1891,#1892),(#1893,#1894,#1895,#1896,#1897,
#1898),(#1899,#1900,#1901,#1902,#1903,#1904),(#1905,#1906,#1907,#1908,#1909,
#1910),(#1911,#1912,#1913,#1914,#1915,#1916),(#1917,#1918,#1919,#1920,#1921,
#1922)),.UNSPECIFIED.,.F.,.F.,.F.,(4,1,1,1,4),(4,1,1,4),(0.,0.285714285714286,
0.571428571428571,0.714285714285714,1.),(-0.0724748359637165,1.41610408644503,
2.40849003471752,3.40087598299002),.UNSPECIFIED.);
#18=B_SPLINE_SURFACE_WITH_KNOTS('',3,3,((#2297,#2298,#2299,#2300,#2301,
#2302,#2303,#2304,#2305,#2306,#2307,#2308,#2309,#2310,#2311,#2312,#2313,
#2314,#2315,#2316,#2317,#2318,#2319,#2320,#2321,#2322,#2323,#2324,#2325,
#2326,#2327,#2328,#2329,#2330,#2331,#2332,#2333,#2334,#2335,#2336),(#2337,
#2338,#2339,#2340,#2341,#2342,#2343,#2344,#2345,#2346,#2347,#2348,#2349,
#2350,#2351,#2352,#2353,#2354,#2355,#2356,#2357,#2358,#2359,#2360,#2361,
#2362,#2363,#2364,#2365,#2366,#2367,#2368,#2369,#2370,#2371,#2372,#2373,
#2374,#2375,#2376),(#2377,#2378,#2379,#2380,#2381,#2382,#2383,#2384,#2385,
#2386,#2387,#2388,#2389,#2390,#2391,#2392,#2393,#2394,#2395,#2396,#2397,
#2398,#2399,#2400,#2401,#2402,#2403,#2404,#2405,#2406,#2407,#2408,#2409,
#2410,#2411,#2412,#2413,#2414,#2415,#2416),(#2417,#2418,#2419,#2420,#2421,
#2422,#2423,#2424,#2425,#2426,#2427,#2428,#2429,#2430,#2431,#2432,#2433,
#2434,#2435,#2436,#2437,#2438,#2439,#2440,#2441,#2442,#2443,#2444,#2445,
#2446,#2447,#2448,#2449,#2450,#2451,#2452,#2453,#2454,#2455,#2456)),
 .UNSPECIFIED.,.F.,.T.,.F.,(4,4),(4,2,2,2,2,2,2,2,2,2,2,2,2,2,2,2,2,2,2,
4),(0.,1.),(-1.35840694048231,-1.31348927955532,-1.22824759992277,-1.14357447316998,
-1.06194531998397,-0.983313591865419,-0.907629427055423,-0.834711391470054,
-0.790357012784788,-0.754043103172747,-0.714732522974015,-0.657497285899202,
-0.488011868111579,-0.404076101798855,-0.32534709380265,-0.251270898328113,
-0.131692229516165,-0.0954535361755891,-0.0563400390084558,0.),
 .UNSPECIFIED.);
#19=B_SPLINE_SURFACE_WITH_KNOTS('',3,3,((#2545,#2546,#2547,#2548),(#2549,
#2550,#2551,#2552),(#2553,#2554,#2555,#2556),(#2557,#2558,#2559,#2560),
(#2561,#2562,#2563,#2564),(#2565,#2566,#2567,#2568),(#2569,#2570,#2571,
#2572)),.UNSPECIFIED.,.F.,.F.,.F.,(4,1,1,1,4),(4,4),(-0.466266513498997,
-0.236062541524486,0.224345402424536,0.684753346373558,1.14516129032258),
(-3.38401590669577E-19,1.00000000020155),.UNSPECIFIED.);
#20=B_SPLINE_SURFACE_WITH_KNOTS('',3,3,((#2610,#2611,#2612,#2613,#2614,
#2615,#2616,#2617,#2618,#2619,#2620,#2621,#2622,#2623,#2624,#2625,#2626,
#2627,#2628,#2629,#2630,#2631,#2632,#2633,#2634,#2635,#2636,#2637,#2638,
#2639,#2640),(#2641,#2642,#2643,#2644,#2645,#2646,#2647,#2648,#2649,#2650,
#2651,#2652,#2653,#2654,#2655,#2656,#2657,#2658,#2659,#2660,#2661,#2662,
#2663,#2664,#2665,#2666,#2667,#2668,#2669,#2670,#2671),(#2672,#2673,#2674,
#2675,#2676,#2677,#2678,#2679,#2680,#2681,#2682,#2683,#2684,#2685,#2686,
#2687,#2688,#2689,#2690,#2691,#2692,#2693,#2694,#2695,#2696,#2697,#2698,
#2699,#2700,#2701,#2702),(#2703,#2704,#2705,#2706,#2707,#2708,#2709,#2710,
#2711,#2712,#2713,#2714,#2715,#2716,#2717,#2718,#2719,#2720,#2721,#2722,
#2723,#2724,#2725,#2726,#2727,#2728,#2729,#2730,#2731,#2732,#2733)),
 .UNSPECIFIED.,.F.,.T.,.F.,(4,4),(4,2,2,1,2,2,2,2,2,2,2,2,2,2,2,4),(0.,
1.),(-1.35780469093454,-1.28675883790326,-1.11654592699938,-0.992377774807974,
-0.868209622616572,-0.799267239819191,-0.747594294216144,-0.699293959939945,
-0.642470636237783,-0.476873532043167,-0.391970292985457,-0.311531336872733,
-0.155893436496213,-0.10115713411139,-0.0530918420361239,0.),
 .UNSPECIFIED.);
#21=B_SPLINE_SURFACE_WITH_KNOTS('',3,3,((#2774,#2775,#2776,#2777,#2778,
#2779,#2780,#2781,#2782,#2783,#2784,#2785,#2786,#2787,#2788,#2789,#2790,
#2791,#2792,#2793,#2794,#2795,#2796,#2797,#2798,#2799,#2800,#2801,#2802,
#2803,#2804,#2805,#2806,#2807,#2808,#2809,#2810,#2811),(#2812,#2813,#2814,
#2815,#2816,#2817,#2818,#2819,#2820,#2821,#2822,#2823,#2824,#2825,#2826,
#2827,#2828,#2829,#2830,#2831,#2832,#2833,#2834,#2835,#2836,#2837,#2838,
#2839,#2840,#2841,#2842,#2843,#2844,#2845,#2846,#2847,#2848,#2849),(#2850,
#2851,#2852,#2853,#2854,#2855,#2856,#2857,#2858,#2859,#2860,#2861,#2862,
#2863,#2864,#2865,#2866,#2867,#2868,#2869,#2870,#2871,#2872,#2873,#2874,
#2875,#2876,#2877,#2878,#2879,#2880,#2881,#2882,#2883,#2884,#2885,#2886,
#2887),(#2888,#2889,#2890,#2891,#2892,#2893,#2894,#2895,#2896,#2897,#2898,
#2899,#2900,#2901,#2902,#2903,#2904,#2905,#2906,#2907,#2908,#2909,#2910,
#2911,#2912,#2913,#2914,#2915,#2916,#2917,#2918,#2919,#2920,#2921,#2922,
#2923,#2924,#2925)),.UNSPECIFIED.,.F.,.T.,.F.,(4,4),(4,2,2,2,2,2,2,2,2,
2,2,2,2,2,2,2,2,2,4),(0.,1.),(-1.35863196780794,-1.34360063514177,-1.29293915251834,
-1.25538374869736,-1.21839793300244,-1.16989623280598,-1.08636842142681,
-0.916406658966449,-0.836298510185402,-0.675571208309596,-0.627816542481605,
-0.590916171114317,-0.553016544378115,-0.501306179214667,-0.33001493072862,
-0.24564458831275,-0.164974430475999,-0.0870994295242088,0.),
 .UNSPECIFIED.);
#22=B_SPLINE_SURFACE_WITH_KNOTS('',3,3,((#3010,#3011,#3012,#3013),(#3014,
#3015,#3016,#3017),(#3018,#3019,#3020,#3021),(#3022,#3023,#3024,#3025),
(#3026,#3027,#3028,#3029),(#3030,#3031,#3032,#3033),(#3034,#3035,#3036,
#3037),(#3038,#3039,#3040,#3041),(#3042,#3043,#3044,#3045),(#3046,#3047,
#3048,#3049)),.UNSPECIFIED.,.F.,.F.,.F.,(4,1,1,1,1,1,1,4),(4,4),(-0.145161290322581,
0.0850426816519298,0.315246653626441,0.545450625600951,0.775654597575462,
1.00585856954997,1.23606254152448,1.46626651349899),(-8.99569251304184E-18,
1.00000000020155),.UNSPECIFIED.);
#23=B_SPLINE_SURFACE_WITH_KNOTS('',3,3,((#3092,#3093,#3094,#3095,#3096,
#3097,#3098,#3099,#3100,#3101,#3102,#3103,#3104,#3105,#3106,#3107,#3108,
#3109,#3110,#3111,#3112,#3113,#3114,#3115,#3116,#3117,#3118,#3119,#3120,
#3121,#3122,#3123,#3124,#3125,#3126),(#3127,#3128,#3129,#3130,#3131,#3132,
#3133,#3134,#3135,#3136,#3137,#3138,#3139,#3140,#3141,#3142,#3143,#3144,
#3145,#3146,#3147,#3148,#3149,#3150,#3151,#3152,#3153,#3154,#3155,#3156,
#3157,#3158,#3159,#3160,#3161),(#3162,#3163,#3164,#3165,#3166,#3167,#3168,
#3169,#3170,#3171,#3172,#3173,#3174,#3175,#3176,#3177,#3178,#3179,#3180,
#3181,#3182,#3183,#3184,#3185,#3186,#3187,#3188,#3189,#3190,#3191,#3192,
#3193,#3194,#3195,#3196),(#3197,#3198,#3199,#3200,#3201,#3202,#3203,#3204,
#3205,#3206,#3207,#3208,#3209,#3210,#3211,#3212,#3213,#3214,#3215,#3216,
#3217,#3218,#3219,#3220,#3221,#3222,#3223,#3224,#3225,#3226,#3227,#3228,
#3229,#3230,#3231)),.UNSPECIFIED.,.F.,.T.,.F.,(4,4),(4,2,2,2,2,2,2,2,2,
2,2,2,1,2,2,2,2,4),(0.,1.),(-1.35774293599834,-1.35192919984457,-1.29988422659016,
-1.25169707513678,-1.1955423160913,-1.03162783875316,-0.946481887746807,
-0.8658279287944,-0.788547946384773,-0.708624958401334,-0.653341994878614,
-0.605213611460281,-0.45924387092949,-0.313274130398699,-0.230343124796529,
-0.150489296988471,-0.0729186554196494,0.),.UNSPECIFIED.);
#24=B_SPLINE_SURFACE_WITH_KNOTS('',3,3,((#3367,#3368,#3369,#3370),(#3371,
#3372,#3373,#3374),(#3375,#3376,#3377,#3378),(#3379,#3380,#3381,#3382),
(#3383,#3384,#3385,#3386),(#3387,#3388,#3389,#3390),(#3391,#3392,#3393,
#3394)),.UNSPECIFIED.,.F.,.F.,.F.,(4,1,1,1,4),(4,4),(0.,0.285714285714286,
0.571428571428571,0.714285714285714,1.),(0.,0.717970912614135),
 .UNSPECIFIED.);
#25=ELLIPSE('',#1242,1.01514520549044,0.8);
#26=ELLIPSE('',#1248,1.29956088806319,0.8);
#27=TOROIDAL_SURFACE('',#1235,4.70000000000001,0.8);
#28=TOROIDAL_SURFACE('',#1243,1.2,0.8);
#29=TOROIDAL_SURFACE('',#1259,7.15000000000001,0.5);
#30=TOROIDAL_SURFACE('',#1292,2.4,0.6);
#31=TOROIDAL_SURFACE('',#1297,2.4,0.6);
#32=TOROIDAL_SURFACE('',#1302,2.4,0.6);
#33=TOROIDAL_SURFACE('',#1307,2.4,0.6);
#34=TOROIDAL_SURFACE('',#1312,2.4,0.6);
#35=TOROIDAL_SURFACE('',#1317,4.50000000000001,0.6);
#36=TOROIDAL_SURFACE('',#1322,2.4,0.6);
#37=TOROIDAL_SURFACE('',#1327,2.4,0.6);
#38=TOROIDAL_SURFACE('',#1332,2.4,0.6);
#39=FACE_BOUND('',#158,.T.);
#40=FACE_BOUND('',#159,.T.);
#41=FACE_BOUND('',#160,.T.);
#42=FACE_BOUND('',#161,.T.);
#43=FACE_BOUND('',#162,.T.);
#44=FACE_BOUND('',#163,.T.);
#45=FACE_BOUND('',#164,.T.);
#46=FACE_BOUND('',#165,.T.);
#47=FACE_BOUND('',#166,.T.);
#48=FACE_BOUND('',#167,.T.);
#49=FACE_BOUND('',#168,.T.);
#50=FACE_BOUND('',#169,.T.);
#51=FACE_BOUND('',#186,.T.);
#52=FACE_BOUND('',#187,.T.);
#53=FACE_BOUND('',#191,.T.);
#54=FACE_BOUND('',#192,.T.);
#55=FACE_BOUND('',#197,.T.);
#56=FACE_BOUND('',#198,.T.);
#57=FACE_BOUND('',#204,.T.);
#58=FACE_BOUND('',#205,.T.);
#59=FACE_BOUND('',#233,.T.);
#60=FACE_BOUND('',#238,.T.);
#61=FACE_BOUND('',#239,.T.);
#62=PLANE('',#1222);
#63=PLANE('',#1249);
#64=PLANE('',#1254);
#65=PLANE('',#1257);
#66=PLANE('',#1258);
#67=PLANE('',#1266);
#68=PLANE('',#1270);
#69=PLANE('',#1274);
#70=PLANE('',#1289);
#71=PLANE('',#1290);
#72=PLANE('',#1291);
#73=PLANE('',#1337);
#74=PLANE('',#1343);
#75=PLANE('',#1344);
#76=PLANE('',#1345);
#77=PLANE('',#1346);
#78=PLANE('',#1347);
#79=PLANE('',#1348);
#80=PLANE('',#1349);
#81=PLANE('',#1350);
#82=PLANE('',#1351);
#83=PLANE('',#1352);
#84=PLANE('',#1353);
#85=FACE_OUTER_BOUND('',#156,.T.);
#86=FACE_OUTER_BOUND('',#157,.T.);
#87=FACE_OUTER_BOUND('',#170,.T.);
#88=FACE_OUTER_BOUND('',#171,.T.);
#89=FACE_OUTER_BOUND('',#172,.T.);
#90=FACE_OUTER_BOUND('',#173,.T.);
#91=FACE_OUTER_BOUND('',#174,.T.);
#92=FACE_OUTER_BOUND('',#175,.T.);
#93=FACE_OUTER_BOUND('',#176,.T.);
#94=FACE_OUTER_BOUND('',#177,.T.);
#95=FACE_OUTER_BOUND('',#178,.T.);
#96=FACE_OUTER_BOUND('',#179,.T.);
#97=FACE_OUTER_BOUND('',#180,.T.);
#98=FACE_OUTER_BOUND('',#181,.T.);
#99=FACE_OUTER_BOUND('',#182,.T.);
#100=FACE_OUTER_BOUND('',#183,.T.);
#101=FACE_OUTER_BOUND('',#184,.T.);
#102=FACE_OUTER_BOUND('',#185,.T.);
#103=FACE_OUTER_BOUND('',#188,.T.);
#104=FACE_OUTER_BOUND('',#189,.T.);
#105=FACE_OUTER_BOUND('',#190,.T.);
#106=FACE_OUTER_BOUND('',#193,.T.);
#107=FACE_OUTER_BOUND('',#194,.T.);
#108=FACE_OUTER_BOUND('',#195,.T.);
#109=FACE_OUTER_BOUND('',#196,.T.);
#110=FACE_OUTER_BOUND('',#199,.T.);
#111=FACE_OUTER_BOUND('',#200,.T.);
#112=FACE_OUTER_BOUND('',#201,.T.);
#113=FACE_OUTER_BOUND('',#202,.T.);
#114=FACE_OUTER_BOUND('',#203,.T.);
#115=FACE_OUTER_BOUND('',#206,.T.);
#116=FACE_OUTER_BOUND('',#207,.T.);
#117=FACE_OUTER_BOUND('',#208,.T.);
#118=FACE_OUTER_BOUND('',#209,.T.);
#119=FACE_OUTER_BOUND('',#210,.T.);
#120=FACE_OUTER_BOUND('',#211,.T.);
#121=FACE_OUTER_BOUND('',#212,.T.);
#122=FACE_OUTER_BOUND('',#213,.T.);
#123=FACE_OUTER_BOUND('',#214,.T.);
#124=FACE_OUTER_BOUND('',#215,.T.);
#125=FACE_OUTER_BOUND('',#216,.T.);
#126=FACE_OUTER_BOUND('',#217,.T.);
#127=FACE_OUTER_BOUND('',#218,.T.);
#128=FACE_OUTER_BOUND('',#219,.T.);
#129=FACE_OUTER_BOUND('',#220,.T.);
#130=FACE_OUTER_BOUND('',#221,.T.);
#131=FACE_OUTER_BOUND('',#222,.T.);
#132=FACE_OUTER_BOUND('',#223,.T.);
#133=FACE_OUTER_BOUND('',#224,.T.);
#134=FACE_OUTER_BOUND('',#225,.T.);
#135=FACE_OUTER_BOUND('',#226,.T.);
#136=FACE_OUTER_BOUND('',#227,.T.);
#137=FACE_OUTER_BOUND('',#228,.T.);
#138=FACE_OUTER_BOUND('',#229,.T.);
#139=FACE_OUTER_BOUND('',#230,.T.);
#140=FACE_OUTER_BOUND('',#231,.T.);
#141=FACE_OUTER_BOUND('',#232,.T.);
#142=FACE_OUTER_BOUND('',#234,.T.);
#143=FACE_OUTER_BOUND('',#235,.T.);
#144=FACE_OUTER_BOUND('',#236,.T.);
#145=FACE_OUTER_BOUND('',#237,.T.);
#146=FACE_OUTER_BOUND('',#240,.T.);
#147=FACE_OUTER_BOUND('',#241,.T.);
#148=FACE_OUTER_BOUND('',#242,.T.);
#149=FACE_OUTER_BOUND('',#243,.T.);
#150=FACE_OUTER_BOUND('',#244,.T.);
#151=FACE_OUTER_BOUND('',#245,.T.);
#152=FACE_OUTER_BOUND('',#246,.T.);
#153=FACE_OUTER_BOUND('',#247,.T.);
#154=FACE_OUTER_BOUND('',#248,.T.);
#155=FACE_OUTER_BOUND('',#249,.T.);
#156=EDGE_LOOP('',(#765,#766,#767,#768));
#157=EDGE_LOOP('',(#769,#770,#771,#772,#773,#774));
#158=EDGE_LOOP('',(#775));
#159=EDGE_LOOP('',(#776));
#160=EDGE_LOOP('',(#777));
#161=EDGE_LOOP('',(#778));
#162=EDGE_LOOP('',(#779));
#163=EDGE_LOOP('',(#780));
#164=EDGE_LOOP('',(#781));
#165=EDGE_LOOP('',(#782));
#166=EDGE_LOOP('',(#783));
#167=EDGE_LOOP('',(#784));
#168=EDGE_LOOP('',(#785));
#169=EDGE_LOOP('',(#786));
#170=EDGE_LOOP('',(#787,#788,#789,#790));
#171=EDGE_LOOP('',(#791,#792,#793,#794));
#172=EDGE_LOOP('',(#795,#796,#797,#798));
#173=EDGE_LOOP('',(#799,#800,#801,#802));
#174=EDGE_LOOP('',(#803,#804,#805,#806));
#175=EDGE_LOOP('',(#807,#808,#809,#810));
#176=EDGE_LOOP('',(#811,#812,#813,#814));
#177=EDGE_LOOP('',(#815,#816,#817,#818));
#178=EDGE_LOOP('',(#819,#820,#821,#822));
#179=EDGE_LOOP('',(#823,#824,#825,#826,#827,#828));
#180=EDGE_LOOP('',(#829,#830,#831,#832,#833));
#181=EDGE_LOOP('',(#834,#835,#836,#837,#838,#839));
#182=EDGE_LOOP('',(#840,#841,#842,#843,#844));
#183=EDGE_LOOP('',(#845,#846,#847,#848,#849,#850,#851,#852));
#184=EDGE_LOOP('',(#853,#854,#855,#856,#857));
#185=EDGE_LOOP('',(#858,#859,#860,#861,#862,#863,#864,#865,#866,#867,#868,
#869,#870,#871,#872,#873,#874));
#186=EDGE_LOOP('',(#875,#876));
#187=EDGE_LOOP('',(#877,#878));
#188=EDGE_LOOP('',(#879));
#189=EDGE_LOOP('',(#880,#881,#882,#883));
#190=EDGE_LOOP('',(#884,#885,#886,#887,#888,#889,#890,#891));
#191=EDGE_LOOP('',(#892));
#192=EDGE_LOOP('',(#893));
#193=EDGE_LOOP('',(#894,#895,#896,#897));
#194=EDGE_LOOP('',(#898,#899,#900,#901));
#195=EDGE_LOOP('',(#902,#903,#904,#905,#906));
#196=EDGE_LOOP('',(#907,#908,#909,#910,#911,#912));
#197=EDGE_LOOP('',(#913));
#198=EDGE_LOOP('',(#914));
#199=EDGE_LOOP('',(#915,#916,#917,#918,#919,#920));
#200=EDGE_LOOP('',(#921,#922,#923,#924,#925));
#201=EDGE_LOOP('',(#926,#927,#928,#929,#930,#931));
#202=EDGE_LOOP('',(#932,#933,#934,#935,#936));
#203=EDGE_LOOP('',(#937,#938,#939,#940,#941,#942));
#204=EDGE_LOOP('',(#943));
#205=EDGE_LOOP('',(#944));
#206=EDGE_LOOP('',(#945,#946,#947,#948,#949,#950,#951,#952));
#207=EDGE_LOOP('',(#953,#954,#955,#956,#957));
#208=EDGE_LOOP('',(#958,#959,#960,#961,#962,#963,#964,#965));
#209=EDGE_LOOP('',(#966,#967,#968,#969,#970,#971));
#210=EDGE_LOOP('',(#972,#973,#974,#975,#976,#977));
#211=EDGE_LOOP('',(#978));
#212=EDGE_LOOP('',(#979,#980,#981,#982,#983,#984,#985,#986,#987,#988));
#213=EDGE_LOOP('',(#989,#990,#991,#992));
#214=EDGE_LOOP('',(#993,#994,#995,#996));
#215=EDGE_LOOP('',(#997,#998,#999,#1000));
#216=EDGE_LOOP('',(#1001,#1002,#1003,#1004));
#217=EDGE_LOOP('',(#1005,#1006,#1007,#1008));
#218=EDGE_LOOP('',(#1009,#1010,#1011,#1012));
#219=EDGE_LOOP('',(#1013,#1014,#1015,#1016));
#220=EDGE_LOOP('',(#1017,#1018,#1019,#1020));
#221=EDGE_LOOP('',(#1021,#1022,#1023,#1024));
#222=EDGE_LOOP('',(#1025,#1026,#1027,#1028));
#223=EDGE_LOOP('',(#1029,#1030,#1031,#1032));
#224=EDGE_LOOP('',(#1033,#1034,#1035,#1036));
#225=EDGE_LOOP('',(#1037,#1038,#1039,#1040));
#226=EDGE_LOOP('',(#1041,#1042,#1043,#1044));
#227=EDGE_LOOP('',(#1045,#1046,#1047,#1048));
#228=EDGE_LOOP('',(#1049,#1050,#1051,#1052));
#229=EDGE_LOOP('',(#1053,#1054,#1055,#1056));
#230=EDGE_LOOP('',(#1057,#1058,#1059,#1060));
#231=EDGE_LOOP('',(#1061,#1062,#1063,#1064));
#232=EDGE_LOOP('',(#1065,#1066,#1067,#1068));
#233=EDGE_LOOP('',(#1069));
#234=EDGE_LOOP('',(#1070,#1071,#1072,#1073));
#235=EDGE_LOOP('',(#1074,#1075,#1076,#1077));
#236=EDGE_LOOP('',(#1078,#1079,#1080,#1081));
#237=EDGE_LOOP('',(#1082,#1083,#1084,#1085,#1086,#1087,#1088,#1089,#1090,
#1091,#1092));
#238=EDGE_LOOP('',(#1093));
#239=EDGE_LOOP('',(#1094));
#240=EDGE_LOOP('',(#1095,#1096,#1097,#1098,#1099));
#241=EDGE_LOOP('',(#1100));
#242=EDGE_LOOP('',(#1101));
#243=EDGE_LOOP('',(#1102));
#244=EDGE_LOOP('',(#1103));
#245=EDGE_LOOP('',(#1104));
#246=EDGE_LOOP('',(#1105));
#247=EDGE_LOOP('',(#1106));
#248=EDGE_LOOP('',(#1107));
#249=EDGE_LOOP('',(#1108));
#250=CIRCLE('',#1221,0.8);
#251=CIRCLE('',#1223,4.70000000000001);
#252=CIRCLE('',#1224,2.4);
#253=CIRCLE('',#1225,2.4);
#254=CIRCLE('',#1226,2.4);
#255=CIRCLE('',#1227,2.4);
#256=CIRCLE('',#1228,2.4);
#257=CIRCLE('',#1229,2.4);
#258=CIRCLE('',#1230,4.50000000000001);
#259=CIRCLE('',#1231,2.4);
#260=CIRCLE('',#1232,2.4);
#261=CIRCLE('',#1233,2.09999999999999);
#262=CIRCLE('',#1234,2.09999999999999);
#263=CIRCLE('',#1236,3.90000000000001);
#264=CIRCLE('',#1237,0.8);
#265=CIRCLE('',#1239,3.90000000000001);
#266=CIRCLE('',#1241,0.799999999999983);
#267=CIRCLE('',#1244,0.799999999999983);
#268=CIRCLE('',#1245,2.);
#269=CIRCLE('',#1246,1.2);
#270=CIRCLE('',#1251,5.85500000000002);
#271=CIRCLE('',#1252,5.85500000000002);
#272=CIRCLE('',#1253,11.55);
#273=CIRCLE('',#1256,2.);
#274=CIRCLE('',#1260,7.15000000000001);
#275=CIRCLE('',#1261,0.5);
#276=CIRCLE('',#1262,7.65000000000001);
#277=CIRCLE('',#1263,7.65000000000001);
#278=CIRCLE('',#1265,7.65000000000001);
#279=CIRCLE('',#1268,10.);
#280=CIRCLE('',#1269,10.);
#281=CIRCLE('',#1271,10.);
#282=CIRCLE('',#1272,1.8);
#283=CIRCLE('',#1273,1.8);
#284=CIRCLE('',#1276,10.);
#285=CIRCLE('',#1277,11.55);
#286=CIRCLE('',#1280,11.55);
#287=CIRCLE('',#1284,2.09999999999999);
#288=CIRCLE('',#1285,2.09999999999999);
#289=CIRCLE('',#1287,2.09999999999999);
#290=CIRCLE('',#1288,2.09999999999999);
#291=CIRCLE('',#1293,1.8);
#292=CIRCLE('',#1294,0.6);
#293=CIRCLE('',#1296,1.8);
#294=CIRCLE('',#1298,1.8);
#295=CIRCLE('',#1299,0.6);
#296=CIRCLE('',#1301,1.8);
#297=CIRCLE('',#1303,1.8);
#298=CIRCLE('',#1304,0.6);
#299=CIRCLE('',#1306,1.8);
#300=CIRCLE('',#1308,1.8);
#301=CIRCLE('',#1309,0.6);
#302=CIRCLE('',#1311,1.8);
#303=CIRCLE('',#1313,1.8);
#304=CIRCLE('',#1314,0.6);
#305=CIRCLE('',#1316,1.8);
#306=CIRCLE('',#1318,3.90000000000001);
#307=CIRCLE('',#1319,0.6);
#308=CIRCLE('',#1321,3.90000000000001);
#309=CIRCLE('',#1323,1.8);
#310=CIRCLE('',#1324,0.6);
#311=CIRCLE('',#1326,1.8);
#312=CIRCLE('',#1328,1.8);
#313=CIRCLE('',#1329,0.6);
#314=CIRCLE('',#1331,1.8);
#315=CIRCLE('',#1333,1.8);
#316=CIRCLE('',#1334,0.6);
#317=CIRCLE('',#1336,1.8);
#318=CIRCLE('',#1338,11.55);
#319=CIRCLE('',#1340,1.8);
#320=CIRCLE('',#1342,1.8);
#321=LINE('',#1700,#384);
#322=LINE('',#1703,#385);
#323=LINE('',#1706,#386);
#324=LINE('',#1708,#387);
#325=LINE('',#1710,#388);
#326=LINE('',#1712,#389);
#327=LINE('',#1713,#390);
#328=LINE('',#1745,#391);
#329=LINE('',#1751,#392);
#330=LINE('',#1754,#393);
#331=LINE('',#1763,#394);
#332=LINE('',#1765,#395);
#333=LINE('',#1771,#396);
#334=LINE('',#1774,#397);
#335=LINE('',#1813,#398);
#336=LINE('',#1859,#399);
#337=LINE('',#1862,#400);
#338=LINE('',#1865,#401);
#339=LINE('',#1866,#402);
#340=LINE('',#1867,#403);
#341=LINE('',#1871,#404);
#342=LINE('',#1874,#405);
#343=LINE('',#1876,#406);
#344=LINE('',#1877,#407);
#345=LINE('',#1878,#408);
#346=LINE('',#1880,#409);
#347=LINE('',#2098,#410);
#348=LINE('',#2126,#411);
#349=LINE('',#2153,#412);
#350=LINE('',#2278,#413);
#351=LINE('',#2281,#414);
#352=LINE('',#2283,#415);
#353=LINE('',#2285,#416);
#354=LINE('',#2293,#417);
#355=LINE('',#2294,#418);
#356=LINE('',#2459,#419);
#357=LINE('',#2575,#420);
#358=LINE('',#2609,#421);
#359=LINE('',#2735,#422);
#360=LINE('',#2773,#423);
#361=LINE('',#2928,#424);
#362=LINE('',#3052,#425);
#363=LINE('',#3053,#426);
#364=LINE('',#3091,#427);
#365=LINE('',#3233,#428);
#366=LINE('',#3275,#429);
#367=LINE('',#3278,#430);
#368=LINE('',#3283,#431);
#369=LINE('',#3289,#432);
#370=LINE('',#3290,#433);
#371=LINE('',#3292,#434);
#372=LINE('',#3300,#435);
#373=LINE('',#3308,#436);
#374=LINE('',#3316,#437);
#375=LINE('',#3324,#438);
#376=LINE('',#3332,#439);
#377=LINE('',#3340,#440);
#378=LINE('',#3348,#441);
#379=LINE('',#3356,#442);
#380=LINE('',#3364,#443);
#381=LINE('',#3398,#444);
#382=LINE('',#3402,#445);
#383=LINE('',#3404,#446);
#384=VECTOR('',#1358,10.);
#385=VECTOR('',#1361,10.);
#386=VECTOR('',#1364,10.);
#387=VECTOR('',#1365,10.);
#388=VECTOR('',#1366,10.);
#389=VECTOR('',#1367,10.);
#390=VECTOR('',#1368,10.);
#391=VECTOR('',#1403,3.90000000000001);
#392=VECTOR('',#1408,10.);
#393=VECTOR('',#1411,10.);
#394=VECTOR('',#1424,10.);
#395=VECTOR('',#1427,10.);
#396=VECTOR('',#1432,5.855);
#397=VECTOR('',#1435,10.);
#398=VECTOR('',#1436,10.);
#399=VECTOR('',#1437,51.2147831028558);
#400=VECTOR('',#1440,51.2147831028558);
#401=VECTOR('',#1443,10.);
#402=VECTOR('',#1444,10.);
#403=VECTOR('',#1445,10.);
#404=VECTOR('',#1450,10.);
#405=VECTOR('',#1453,10.);
#406=VECTOR('',#1454,10.);
#407=VECTOR('',#1455,10.);
#408=VECTOR('',#1456,10.);
#409=VECTOR('',#1459,10.);
#410=VECTOR('',#1474,7.65000000000001);
#411=VECTOR('',#1475,7.65000000000001);
#412=VECTOR('',#1476,7.65);
#413=VECTOR('',#1483,10.);
#414=VECTOR('',#1486,10.);
#415=VECTOR('',#1489,10.);
#416=VECTOR('',#1490,10.);
#417=VECTOR('',#1499,10.);
#418=VECTOR('',#1500,10.);
#419=VECTOR('',#1505,10.);
#420=VECTOR('',#1508,51.2147831028558);
#421=VECTOR('',#1511,2.15);
#422=VECTOR('',#1512,10.);
#423=VECTOR('',#1515,2.15);
#424=VECTOR('',#1516,10.);
#425=VECTOR('',#1519,10.);
#426=VECTOR('',#1520,51.2147831028558);
#427=VECTOR('',#1523,2.15);
#428=VECTOR('',#1524,10.);
#429=VECTOR('',#1527,2.15);
#430=VECTOR('',#1530,2.09999999999999);
#431=VECTOR('',#1537,2.09999999999999);
#432=VECTOR('',#1546,10.);
#433=VECTOR('',#1547,10.);
#434=VECTOR('',#1550,10.);
#435=VECTOR('',#1561,1.8);
#436=VECTOR('',#1572,1.8);
#437=VECTOR('',#1583,1.8);
#438=VECTOR('',#1594,1.8);
#439=VECTOR('',#1605,1.8);
#440=VECTOR('',#1616,3.90000000000001);
#441=VECTOR('',#1627,1.8);
#442=VECTOR('',#1638,1.8);
#443=VECTOR('',#1649,1.8);
#444=VECTOR('',#1658,1.8);
#445=VECTOR('',#1663,1.8);
#446=VECTOR('',#1666,10.);
#447=B_SPLINE_CURVE_WITH_KNOTS('',3,(#1691,#1692,#1693,#1694,#1695,#1696,
#1697,#1698),.UNSPECIFIED.,.F.,.F.,(4,2,2,4),(0.458343540525445,0.501876871485248,
0.545410202445051,0.65219795614469),.UNSPECIFIED.);
#448=B_SPLINE_CURVE_WITH_KNOTS('',3,(#1802,#1803,#1804,#1805,#1806,#1807,
#1808,#1809,#1810,#1811),.UNSPECIFIED.,.F.,.F.,(4,2,2,2,4),(-0.84150375441292,
-0.672215356410098,-0.485886415908949,-0.253179328966689,0.),
 .UNSPECIFIED.);
#449=B_SPLINE_CURVE_WITH_KNOTS('',3,(#1815,#1816,#1817,#1818,#1819,#1820,
#1821,#1822,#1823,#1824),.UNSPECIFIED.,.F.,.F.,(4,2,2,2,4),(-0.841768075532298,
-0.656782889520323,-0.466630821295914,-0.228375133948488,0.),
 .UNSPECIFIED.);
#450=B_SPLINE_CURVE_WITH_KNOTS('',3,(#1825,#1826,#1827,#1828,#1829),
 .UNSPECIFIED.,.F.,.F.,(4,1,4),(4.65150855448278E-7,1.3577582324424,3.1871468587179),
 .UNSPECIFIED.);
#451=B_SPLINE_CURVE_WITH_KNOTS('',3,(#1924,#1925,#1926,#1927,#1928,#1929,
#1930,#1931,#1932,#1933,#1934,#1935),.UNSPECIFIED.,.F.,.F.,(4,2,2,2,2,4),
(-2.38950843632519,-2.04906680976475,-1.69074024475241,-1.03569451247509,
-0.471704328607584,0.),.UNSPECIFIED.);
#452=B_SPLINE_CURVE_WITH_KNOTS('',3,(#1937,#1938,#1939,#1940,#1941,#1942),
 .UNSPECIFIED.,.F.,.F.,(4,1,1,4),(-3.32710143177161,-2.40849003471752,-1.41610408644503,
1.22123254374279E-6),.UNSPECIFIED.);
#453=B_SPLINE_CURVE_WITH_KNOTS('',3,(#1944,#1945,#1946,#1947,#1948,#1949,
#1950,#1951,#1952,#1953,#1954,#1955),.UNSPECIFIED.,.F.,.F.,(4,2,2,2,2,4),
(-2.38992660486018,-2.12870293324649,-1.84049125339795,-1.27711878899114,
-0.664047351664491,0.),.UNSPECIFIED.);
#454=B_SPLINE_CURVE_WITH_KNOTS('',3,(#1957,#1958,#1959,#1960),
 .UNSPECIFIED.,.F.,.F.,(4,4),(0.00740363449274557,1.07077440051702),
 .UNSPECIFIED.);
#455=B_SPLINE_CURVE_WITH_KNOTS('',3,(#1962,#1963,#1964,#1965,#1966,#1967,
#1968,#1969,#1970,#1971,#1972,#1973,#1974,#1975,#1976,#1977,#1978,#1979,
#1980,#1981,#1982,#1983,#1984,#1985,#1986,#1987,#1988,#1989,#1990,#1991,
#1992,#1993,#1994,#1995,#1996,#1997,#1998,#1999,#2000,#2001,#2002,#2003,
#2004,#2005,#2006,#2007,#2008,#2009,#2010,#2011,#2012,#2013,#2014,#2015,
#2016,#2017,#2018,#2019,#2020,#2021,#2022),.UNSPECIFIED.,.F.,.F.,(4,3,3,
3,3,3,3,3,3,3,3,3,3,3,3,3,3,3,3,3,4),(0.,0.0315650792419196,0.0646494190645704,
0.0826961298181113,0.12253929043211,0.162382451046109,0.194882682023931,
0.227382913001752,0.258316949920616,0.280165980752363,0.301708075780913,
0.331216973747548,0.362783331579235,0.390066681695134,0.426823968948421,
0.434525831006258,0.458068013294331,0.492884549199748,0.513720763952158,
0.544845931918287,0.563338688872463),.UNSPECIFIED.);
#456=B_SPLINE_CURVE_WITH_KNOTS('',3,(#2024,#2025,#2026,#2027,#2028),
 .UNSPECIFIED.,.F.,.F.,(4,1,4),(1.47955841623393,2.40849003471752,2.66390311292298),
 .UNSPECIFIED.);
#457=B_SPLINE_CURVE_WITH_KNOTS('',3,(#2030,#2031,#2032,#2033,#2034,#2035,
#2036,#2037,#2038,#2039,#2040,#2041,#2042,#2043,#2044,#2045,#2046,#2047,
#2048,#2049,#2050,#2051,#2052,#2053,#2054,#2055,#2056,#2057,#2058,#2059,
#2060,#2061,#2062,#2063,#2064,#2065,#2066,#2067,#2068,#2069,#2070,#2071,
#2072,#2073,#2074,#2075,#2076,#2077,#2078,#2079,#2080,#2081),
 .UNSPECIFIED.,.F.,.F.,(4,3,3,3,3,3,3,3,3,3,3,3,3,3,3,3,3,4),(0.,0.0359735717408377,
0.0740668618827487,0.0809401493602731,0.115114114196391,0.14735344054442,
0.159010653255145,0.18899712396515,0.192643222247002,0.214684425053731,
0.235141973807234,0.261390822231931,0.292343918164204,0.312292836310884,
0.34799869085814,0.387449719184773,0.396368938132423,0.435800117422543),
 .UNSPECIFIED.);
#458=B_SPLINE_CURVE_WITH_KNOTS('',3,(#2082,#2083,#2084,#2085),
 .UNSPECIFIED.,.F.,.F.,(4,4),(3.02517489629489,3.31969902773888),
 .UNSPECIFIED.);
#459=B_SPLINE_CURVE_WITH_KNOTS('',3,(#2100,#2101,#2102,#2103,#2104,#2105,
#2106,#2107,#2108,#2109,#2110,#2111),.UNSPECIFIED.,.F.,.F.,(4,2,2,2,2,4),
(0.309970221158549,0.325465097782214,0.407124997592012,0.488784897401811,
0.570282887637654,0.651780877873497),.UNSPECIFIED.);
#460=B_SPLINE_CURVE_WITH_KNOTS('',3,(#2113,#2114,#2115,#2116,#2117,#2118,
#2119,#2120,#2121,#2122,#2123,#2124),.UNSPECIFIED.,.F.,.F.,(4,2,2,2,2,4),
(0.651780877873497,0.73327886810934,0.814776858345183,0.896436758154982,
0.97809665796478,0.993591534588445),.UNSPECIFIED.);
#461=B_SPLINE_CURVE_WITH_KNOTS('',3,(#2128,#2129,#2130,#2131,#2132,#2133,
#2134,#2135,#2136,#2137,#2138,#2139),.UNSPECIFIED.,.F.,.F.,(4,2,2,2,2,4),
(0.309970221158549,0.325465097782214,0.407124997592012,0.488784897401811,
0.570282887637654,0.651780877873497),.UNSPECIFIED.);
#462=B_SPLINE_CURVE_WITH_KNOTS('',3,(#2141,#2142,#2143,#2144,#2145,#2146,
#2147,#2148,#2149,#2150,#2151,#2152),.UNSPECIFIED.,.F.,.F.,(4,2,2,2,2,4),
(0.651780877873497,0.73327886810934,0.814776858345182,0.896436758154981,
0.978096657964779,0.993591534588441),.UNSPECIFIED.);
#463=B_SPLINE_CURVE_WITH_KNOTS('',3,(#2155,#2156,#2157,#2158,#2159,#2160,
#2161,#2162,#2163,#2164),.UNSPECIFIED.,.F.,.F.,(4,2,2,2,4),(0.993591534588441,
1.05938270901124,1.1406687600577,1.22211525790235,1.30356175574699),
 .UNSPECIFIED.);
#464=B_SPLINE_CURVE_WITH_KNOTS('',3,(#2165,#2166,#2167,#2168,#2169,#2170,
#2171,#2172,#2173,#2174),.UNSPECIFIED.,.F.,.F.,(4,2,2,2,4),(0.,0.0814464978446443,
0.162892995689289,0.244179046735751,0.309970221158549),.UNSPECIFIED.);
#465=B_SPLINE_CURVE_WITH_KNOTS('',3,(#2176,#2177,#2178,#2179,#2180,#2181,
#2182,#2183,#2184,#2185),.UNSPECIFIED.,.F.,.F.,(4,2,2,2,4),(0.993591534588445,
1.05938270901124,1.14066876005771,1.22211525790235,1.30356175574699),
 .UNSPECIFIED.);
#466=B_SPLINE_CURVE_WITH_KNOTS('',3,(#2186,#2187,#2188,#2189,#2190,#2191,
#2192,#2193,#2194,#2195),.UNSPECIFIED.,.F.,.F.,(4,2,2,2,4),(0.,0.0814464978446443,
0.162892995689289,0.244179046735751,0.309970221158549),.UNSPECIFIED.);
#467=B_SPLINE_CURVE_WITH_KNOTS('',3,(#2198,#2199,#2200,#2201,#2202,#2203,
#2204,#2205,#2206,#2207,#2208,#2209,#2210,#2211,#2212,#2213,#2214,#2215),
 .UNSPECIFIED.,.F.,.F.,(4,2,2,2,2,2,2,2,4),(0.,0.0814464978446448,0.16289299568929,
0.244179046735752,0.325465097782215,0.407124997592013,0.488784897401812,
0.570282887637654,0.651780877873497),.UNSPECIFIED.);
#468=B_SPLINE_CURVE_WITH_KNOTS('',3,(#2216,#2217,#2218,#2219,#2220,#2221,
#2222,#2223,#2224,#2225,#2226,#2227,#2228,#2229,#2230,#2231,#2232,#2233),
 .UNSPECIFIED.,.F.,.F.,(4,2,2,2,2,2,2,2,4),(0.651780877873497,0.73327886810934,
0.814776858345183,0.896436758154982,0.97809665796478,1.05938270901124,1.14066876005771,
1.22211525790235,1.30356175574699),.UNSPECIFIED.);
#469=B_SPLINE_CURVE_WITH_KNOTS('',3,(#2236,#2237,#2238,#2239,#2240,#2241,
#2242,#2243,#2244,#2245,#2246,#2247,#2248,#2249,#2250,#2251,#2252,#2253),
 .UNSPECIFIED.,.F.,.F.,(4,2,2,2,2,2,2,2,4),(0.,0.0814464978446443,0.162892995689289,
0.244179046735751,0.325465097782214,0.407124997592012,0.488784897401811,
0.570282887637654,0.651780877873497),.UNSPECIFIED.);
#470=B_SPLINE_CURVE_WITH_KNOTS('',3,(#2254,#2255,#2256,#2257,#2258,#2259,
#2260,#2261,#2262,#2263,#2264,#2265,#2266,#2267,#2268,#2269,#2270,#2271),
 .UNSPECIFIED.,.F.,.F.,(4,2,2,2,2,2,2,2,4),(0.651780877873497,0.73327886810934,
0.814776858345183,0.896436758154982,0.97809665796478,1.05938270901124,1.14066876005771,
1.22211525790235,1.30356175574699),.UNSPECIFIED.);
#471=B_SPLINE_CURVE_WITH_KNOTS('',3,(#2461,#2462,#2463,#2464,#2465,#2466,
#2467,#2468,#2469,#2470,#2471,#2472,#2473,#2474,#2475,#2476,#2477,#2478,
#2479,#2480,#2481,#2482,#2483,#2484,#2485,#2486,#2487,#2488,#2489,#2490,
#2491,#2492,#2493,#2494,#2495,#2496),.UNSPECIFIED.,.F.,.F.,(4,2,2,2,2,2,
2,2,2,2,2,2,2,2,2,2,2,4),(-1.35840694048231,-1.31348927955532,-1.22824759992277,
-1.14357447316998,-1.06194531998397,-0.983313591865419,-0.907629427055423,
-0.834711391470054,-0.790357012784788,-0.754043103172747,-0.714732522974015,
-0.657497285899202,-0.488011868111579,-0.404076101798855,-0.32534709380265,
-0.251270898328113,-0.131692229516165,-0.103381912814873),.UNSPECIFIED.);
#472=B_SPLINE_CURVE_WITH_KNOTS('',3,(#2497,#2498,#2499,#2500,#2501,#2502,
#2503,#2504),.UNSPECIFIED.,.F.,.F.,(4,2,2,4),(-0.103381912814873,-0.0954535361755891,
-0.0563400390084558,0.),.UNSPECIFIED.);
#473=B_SPLINE_CURVE_WITH_KNOTS('',3,(#2505,#2506,#2507,#2508,#2509,#2510,
#2511,#2512,#2513,#2514,#2515,#2516,#2517,#2518,#2519,#2520,#2521,#2522,
#2523,#2524,#2525,#2526,#2527,#2528,#2529,#2530,#2531,#2532,#2533,#2534,
#2535,#2536,#2537,#2538,#2539,#2540,#2541,#2542,#2543,#2544),
 .UNSPECIFIED.,.T.,.F.,(4,2,2,2,2,2,2,2,2,2,2,2,2,2,2,2,2,2,2,4),(0.,0.0563400390084558,
0.0954535361755891,0.131692229516165,0.251270898328113,0.32534709380265,
0.404076101798855,0.488011868111579,0.657497285899202,0.714732522974015,
0.754043103172747,0.790357012784788,0.834711391470054,0.907629427055423,
0.983313591865419,1.06194531998397,1.14357447316998,1.22824759992277,1.31348927955532,
1.35840694048231),.UNSPECIFIED.);
#474=B_SPLINE_CURVE_WITH_KNOTS('',3,(#2577,#2578,#2579,#2580,#2581,#2582,
#2583,#2584,#2585,#2586,#2587,#2588,#2589,#2590,#2591,#2592,#2593,#2594,
#2595,#2596,#2597,#2598,#2599,#2600,#2601,#2602,#2603,#2604,#2605,#2606,
#2607),.UNSPECIFIED.,.T.,.F.,(4,2,2,2,2,2,2,2,2,2,2,2,1,2,2,4),(0.,0.0530918420361239,
0.10115713411139,0.155893436496213,0.311531336872733,0.391970292985457,
0.476873532043167,0.642470636237783,0.699293959939945,0.747594294216144,
0.799267239819191,0.868209622616572,0.992377774807974,1.11654592699938,
1.28675883790326,1.35780469093454),.UNSPECIFIED.);
#475=B_SPLINE_CURVE_WITH_KNOTS('',3,(#2737,#2738,#2739,#2740,#2741,#2742,
#2743,#2744,#2745,#2746,#2747,#2748,#2749,#2750,#2751,#2752,#2753,#2754,
#2755,#2756,#2757,#2758,#2759,#2760,#2761,#2762,#2763,#2764,#2765),
 .UNSPECIFIED.,.F.,.F.,(4,2,2,1,2,2,2,2,2,2,2,2,2,2,4),(-1.35780469093454,
-1.28675883790326,-1.11654592699938,-0.992377774807974,-0.868209622616572,
-0.799267239819191,-0.747594294216144,-0.699293959939945,-0.642470636237783,
-0.476873532043167,-0.391970292985457,-0.311531336872733,-0.155893436496213,
-0.10115713411139,-0.0719930679264018),.UNSPECIFIED.);
#476=B_SPLINE_CURVE_WITH_KNOTS('',3,(#2766,#2767,#2768,#2769,#2770,#2771),
 .UNSPECIFIED.,.F.,.F.,(4,2,4),(-0.0719930679264018,-0.0530918420361239,
0.),.UNSPECIFIED.);
#477=B_SPLINE_CURVE_WITH_KNOTS('',3,(#2930,#2931,#2932,#2933,#2934,#2935,
#2936,#2937,#2938,#2939),.UNSPECIFIED.,.F.,.F.,(4,2,2,2,4),(-1.35863196780794,
-1.34360063514177,-1.29293915251834,-1.25538374869736,-1.25529959908701),
 .UNSPECIFIED.);
#478=B_SPLINE_CURVE_WITH_KNOTS('',3,(#2940,#2941,#2942,#2943,#2944,#2945,
#2946,#2947,#2948,#2949,#2950,#2951,#2952,#2953,#2954,#2955,#2956,#2957,
#2958,#2959,#2960,#2961,#2962,#2963,#2964,#2965,#2966,#2967,#2968,#2969,
#2970,#2971),.UNSPECIFIED.,.F.,.F.,(4,2,2,2,2,2,2,2,2,2,2,2,2,2,2,4),(-1.25529959908701,
-1.21839793300244,-1.16989623280598,-1.08636842142681,-0.916406658966449,
-0.836298510185402,-0.675571208309596,-0.627816542481605,-0.590916171114317,
-0.553016544378115,-0.501306179214667,-0.33001493072862,-0.24564458831275,
-0.164974430475999,-0.0870994295242088,0.),.UNSPECIFIED.);
#479=B_SPLINE_CURVE_WITH_KNOTS('',3,(#2972,#2973,#2974,#2975,#2976,#2977,
#2978,#2979,#2980,#2981,#2982,#2983,#2984,#2985,#2986,#2987,#2988,#2989,
#2990,#2991,#2992,#2993,#2994,#2995,#2996,#2997,#2998,#2999,#3000,#3001,
#3002,#3003,#3004,#3005,#3006,#3007,#3008,#3009),.UNSPECIFIED.,.T.,.F.,
(4,2,2,2,2,2,2,2,2,2,2,2,2,2,2,2,2,2,4),(0.,0.0870994295242088,0.164974430475999,
0.24564458831275,0.33001493072862,0.501306179214667,0.553016544378115,0.590916171114317,
0.627816542481605,0.675571208309596,0.836298510185402,0.916406658966449,
1.08636842142681,1.16989623280598,1.21839793300244,1.25538374869736,1.29293915251834,
1.34360063514177,1.35863196780794),.UNSPECIFIED.);
#480=B_SPLINE_CURVE_WITH_KNOTS('',3,(#3055,#3056,#3057,#3058,#3059,#3060,
#3061,#3062,#3063,#3064,#3065,#3066,#3067,#3068,#3069,#3070,#3071,#3072,
#3073,#3074,#3075,#3076,#3077,#3078,#3079,#3080,#3081,#3082,#3083,#3084,
#3085,#3086,#3087,#3088,#3089),.UNSPECIFIED.,.T.,.F.,(4,2,2,2,2,1,2,2,2,
2,2,2,2,2,2,2,2,4),(0.,0.0729186554196494,0.150489296988471,0.230343124796529,
0.313274130398699,0.45924387092949,0.605213611460281,0.653341994878614,
0.708624958401334,0.788547946384773,0.8658279287944,0.946481887746807,1.03162783875316,
1.1955423160913,1.25169707513678,1.29988422659016,1.35192919984457,1.35774293599834),
 .UNSPECIFIED.);
#481=B_SPLINE_CURVE_WITH_KNOTS('',3,(#3235,#3236,#3237,#3238,#3239,#3240,
#3241,#3242),.UNSPECIFIED.,.F.,.F.,(4,2,2,4),(-1.35774293599834,-1.35192919984457,
-1.29988422659016,-1.28577856889459),.UNSPECIFIED.);
#482=B_SPLINE_CURVE_WITH_KNOTS('',3,(#3243,#3244,#3245,#3246,#3247,#3248,
#3249,#3250,#3251,#3252,#3253,#3254,#3255,#3256,#3257,#3258,#3259,#3260,
#3261,#3262,#3263,#3264,#3265,#3266,#3267,#3268,#3269,#3270,#3271,#3272,
#3273),.UNSPECIFIED.,.F.,.F.,(4,2,2,2,2,2,2,2,2,2,1,2,2,2,2,4),(-1.28577856889459,
-1.25169707513678,-1.1955423160913,-1.03162783875316,-0.946481887746807,
-0.8658279287944,-0.788547946384773,-0.708624958401334,-0.653341994878614,
-0.605213611460281,-0.45924387092949,-0.313274130398699,-0.230343124796529,
-0.150489296988471,-0.0729186554196494,0.),.UNSPECIFIED.);
#483=VERTEX_POINT('',#1689);
#484=VERTEX_POINT('',#1690);
#485=VERTEX_POINT('',#1699);
#486=VERTEX_POINT('',#1701);
#487=VERTEX_POINT('',#1705);
#488=VERTEX_POINT('',#1707);
#489=VERTEX_POINT('',#1709);
#490=VERTEX_POINT('',#1711);
#491=VERTEX_POINT('',#1714);
#492=VERTEX_POINT('',#1716);
#493=VERTEX_POINT('',#1718);
#494=VERTEX_POINT('',#1720);
#495=VERTEX_POINT('',#1722);
#496=VERTEX_POINT('',#1724);
#497=VERTEX_POINT('',#1726);
#498=VERTEX_POINT('',#1728);
#499=VERTEX_POINT('',#1730);
#500=VERTEX_POINT('',#1732);
#501=VERTEX_POINT('',#1734);
#502=VERTEX_POINT('',#1736);
#503=VERTEX_POINT('',#1739);
#504=VERTEX_POINT('',#1743);
#505=VERTEX_POINT('',#1747);
#506=VERTEX_POINT('',#1748);
#507=VERTEX_POINT('',#1750);
#508=VERTEX_POINT('',#1752);
#509=VERTEX_POINT('',#1756);
#510=VERTEX_POINT('',#1761);
#511=VERTEX_POINT('',#1767);
#512=VERTEX_POINT('',#1768);
#513=VERTEX_POINT('',#1770);
#514=VERTEX_POINT('',#1772);
#515=VERTEX_POINT('',#1800);
#516=VERTEX_POINT('',#1801);
#517=VERTEX_POINT('',#1812);
#518=VERTEX_POINT('',#1814);
#519=VERTEX_POINT('',#1858);
#520=VERTEX_POINT('',#1860);
#521=VERTEX_POINT('',#1864);
#522=VERTEX_POINT('',#1869);
#523=VERTEX_POINT('',#1873);
#524=VERTEX_POINT('',#1875);
#525=VERTEX_POINT('',#1923);
#526=VERTEX_POINT('',#1936);
#527=VERTEX_POINT('',#1943);
#528=VERTEX_POINT('',#1956);
#529=VERTEX_POINT('',#1961);
#530=VERTEX_POINT('',#2023);
#531=VERTEX_POINT('',#2029);
#532=VERTEX_POINT('',#2087);
#533=VERTEX_POINT('',#2089);
#534=VERTEX_POINT('',#2091);
#535=VERTEX_POINT('',#2095);
#536=VERTEX_POINT('',#2097);
#537=VERTEX_POINT('',#2099);
#538=VERTEX_POINT('',#2112);
#539=VERTEX_POINT('',#2125);
#540=VERTEX_POINT('',#2127);
#541=VERTEX_POINT('',#2140);
#542=VERTEX_POINT('',#2154);
#543=VERTEX_POINT('',#2175);
#544=VERTEX_POINT('',#2196);
#545=VERTEX_POINT('',#2197);
#546=VERTEX_POINT('',#2234);
#547=VERTEX_POINT('',#2235);
#548=VERTEX_POINT('',#2274);
#549=VERTEX_POINT('',#2275);
#550=VERTEX_POINT('',#2277);
#551=VERTEX_POINT('',#2279);
#552=VERTEX_POINT('',#2284);
#553=VERTEX_POINT('',#2287);
#554=VERTEX_POINT('',#2289);
#555=VERTEX_POINT('',#2292);
#556=VERTEX_POINT('',#2457);
#557=VERTEX_POINT('',#2458);
#558=VERTEX_POINT('',#2460);
#559=VERTEX_POINT('',#2573);
#560=VERTEX_POINT('',#2576);
#561=VERTEX_POINT('',#2734);
#562=VERTEX_POINT('',#2736);
#563=VERTEX_POINT('',#2926);
#564=VERTEX_POINT('',#2927);
#565=VERTEX_POINT('',#2929);
#566=VERTEX_POINT('',#3050);
#567=VERTEX_POINT('',#3054);
#568=VERTEX_POINT('',#3232);
#569=VERTEX_POINT('',#3234);
#570=VERTEX_POINT('',#3277);
#571=VERTEX_POINT('',#3282);
#572=VERTEX_POINT('',#3288);
#573=VERTEX_POINT('',#3294);
#574=VERTEX_POINT('',#3298);
#575=VERTEX_POINT('',#3302);
#576=VERTEX_POINT('',#3306);
#577=VERTEX_POINT('',#3310);
#578=VERTEX_POINT('',#3314);
#579=VERTEX_POINT('',#3318);
#580=VERTEX_POINT('',#3322);
#581=VERTEX_POINT('',#3326);
#582=VERTEX_POINT('',#3330);
#583=VERTEX_POINT('',#3334);
#584=VERTEX_POINT('',#3338);
#585=VERTEX_POINT('',#3342);
#586=VERTEX_POINT('',#3346);
#587=VERTEX_POINT('',#3350);
#588=VERTEX_POINT('',#3354);
#589=VERTEX_POINT('',#3358);
#590=VERTEX_POINT('',#3362);
#591=VERTEX_POINT('',#3396);
#592=VERTEX_POINT('',#3400);
#593=EDGE_CURVE('',#483,#484,#447,.T.);
#594=EDGE_CURVE('',#484,#485,#321,.T.);
#595=EDGE_CURVE('',#485,#486,#250,.T.);
#596=EDGE_CURVE('',#486,#483,#322,.T.);
#597=EDGE_CURVE('',#484,#487,#323,.T.);
#598=EDGE_CURVE('',#488,#487,#324,.T.);
#599=EDGE_CURVE('',#488,#489,#325,.T.);
#600=EDGE_CURVE('',#490,#489,#326,.T.);
#601=EDGE_CURVE('',#485,#490,#327,.T.);
#602=EDGE_CURVE('',#491,#491,#251,.T.);
#603=EDGE_CURVE('',#492,#492,#252,.T.);
#604=EDGE_CURVE('',#493,#493,#253,.T.);
#605=EDGE_CURVE('',#494,#494,#254,.T.);
#606=EDGE_CURVE('',#495,#495,#255,.T.);
#607=EDGE_CURVE('',#496,#496,#256,.T.);
#608=EDGE_CURVE('',#497,#497,#257,.T.);
#609=EDGE_CURVE('',#498,#498,#258,.T.);
#610=EDGE_CURVE('',#499,#499,#259,.T.);
#611=EDGE_CURVE('',#500,#500,#260,.T.);
#612=EDGE_CURVE('',#501,#501,#261,.T.);
#613=EDGE_CURVE('',#502,#502,#262,.T.);
#614=EDGE_CURVE('',#503,#503,#263,.T.);
#615=EDGE_CURVE('',#503,#491,#264,.T.);
#616=EDGE_CURVE('',#504,#504,#265,.T.);
#617=EDGE_CURVE('',#504,#503,#328,.T.);
#618=EDGE_CURVE('',#505,#506,#266,.T.);
#619=EDGE_CURVE('',#506,#507,#329,.T.);
#620=EDGE_CURVE('',#507,#508,#25,.T.);
#621=EDGE_CURVE('',#508,#505,#330,.T.);
#622=EDGE_CURVE('',#509,#487,#267,.T.);
#623=EDGE_CURVE('',#487,#506,#268,.T.);
#624=EDGE_CURVE('',#505,#509,#269,.T.);
#625=EDGE_CURVE('',#488,#510,#26,.F.);
#626=EDGE_CURVE('',#509,#510,#331,.T.);
#627=EDGE_CURVE('',#508,#510,#332,.T.);
#628=EDGE_CURVE('',#511,#512,#270,.T.);
#629=EDGE_CURVE('',#512,#513,#333,.T.);
#630=EDGE_CURVE('',#514,#513,#271,.F.);
#631=EDGE_CURVE('',#511,#514,#334,.T.);
#632=EDGE_CURVE('',#515,#516,#448,.F.);
#633=EDGE_CURVE('',#517,#515,#335,.T.);
#634=EDGE_CURVE('',#517,#518,#449,.T.);
#635=EDGE_CURVE('',#518,#516,#450,.T.);
#636=EDGE_CURVE('',#519,#518,#336,.T.);
#637=EDGE_CURVE('',#520,#519,#272,.T.);
#638=EDGE_CURVE('',#520,#516,#337,.T.);
#639=EDGE_CURVE('',#521,#511,#338,.T.);
#640=EDGE_CURVE('',#521,#488,#339,.T.);
#641=EDGE_CURVE('',#507,#511,#340,.T.);
#642=EDGE_CURVE('',#483,#522,#273,.T.);
#643=EDGE_CURVE('',#522,#506,#341,.T.);
#644=EDGE_CURVE('',#515,#523,#342,.T.);
#645=EDGE_CURVE('',#523,#524,#343,.T.);
#646=EDGE_CURVE('',#489,#524,#344,.T.);
#647=EDGE_CURVE('',#515,#521,#345,.T.);
#648=EDGE_CURVE('',#514,#517,#346,.T.);
#649=EDGE_CURVE('',#525,#523,#451,.F.);
#650=EDGE_CURVE('',#525,#526,#452,.T.);
#651=EDGE_CURVE('',#526,#527,#453,.T.);
#652=EDGE_CURVE('',#527,#528,#454,.T.);
#653=EDGE_CURVE('',#529,#528,#455,.F.);
#654=EDGE_CURVE('',#529,#530,#456,.T.);
#655=EDGE_CURVE('',#531,#530,#457,.F.);
#656=EDGE_CURVE('',#531,#523,#458,.T.);
#657=EDGE_CURVE('',#532,#532,#274,.T.);
#658=EDGE_CURVE('',#532,#533,#275,.T.);
#659=EDGE_CURVE('',#533,#534,#276,.T.);
#660=EDGE_CURVE('',#534,#533,#277,.T.);
#661=EDGE_CURVE('',#535,#535,#278,.T.);
#662=EDGE_CURVE('',#535,#536,#347,.T.);
#663=EDGE_CURVE('',#536,#537,#459,.T.);
#664=EDGE_CURVE('',#537,#538,#460,.T.);
#665=EDGE_CURVE('',#538,#539,#348,.T.);
#666=EDGE_CURVE('',#539,#540,#461,.T.);
#667=EDGE_CURVE('',#540,#541,#462,.T.);
#668=EDGE_CURVE('',#541,#534,#349,.T.);
#669=EDGE_CURVE('',#541,#542,#463,.T.);
#670=EDGE_CURVE('',#542,#539,#464,.T.);
#671=EDGE_CURVE('',#538,#543,#465,.T.);
#672=EDGE_CURVE('',#543,#536,#466,.T.);
#673=EDGE_CURVE('',#544,#545,#467,.T.);
#674=EDGE_CURVE('',#545,#544,#468,.T.);
#675=EDGE_CURVE('',#546,#547,#469,.T.);
#676=EDGE_CURVE('',#547,#546,#470,.T.);
#677=EDGE_CURVE('',#548,#549,#279,.T.);
#678=EDGE_CURVE('',#549,#550,#350,.T.);
#679=EDGE_CURVE('',#550,#551,#280,.T.);
#680=EDGE_CURVE('',#551,#548,#351,.T.);
#681=EDGE_CURVE('',#522,#551,#352,.T.);
#682=EDGE_CURVE('',#552,#550,#353,.T.);
#683=EDGE_CURVE('',#512,#552,#281,.T.);
#684=EDGE_CURVE('',#553,#553,#282,.T.);
#685=EDGE_CURVE('',#554,#554,#283,.T.);
#686=EDGE_CURVE('',#549,#555,#354,.T.);
#687=EDGE_CURVE('',#552,#555,#355,.T.);
#688=EDGE_CURVE('',#555,#513,#284,.T.);
#689=EDGE_CURVE('',#556,#557,#356,.T.);
#690=EDGE_CURVE('',#557,#558,#471,.T.);
#691=EDGE_CURVE('',#558,#557,#472,.T.);
#692=EDGE_CURVE('',#556,#556,#473,.T.);
#693=EDGE_CURVE('',#559,#520,#285,.T.);
#694=EDGE_CURVE('',#559,#525,#357,.T.);
#695=EDGE_CURVE('',#560,#560,#474,.T.);
#696=EDGE_CURVE('',#547,#558,#358,.T.);
#697=EDGE_CURVE('',#560,#561,#359,.T.);
#698=EDGE_CURVE('',#561,#562,#475,.T.);
#699=EDGE_CURVE('',#562,#561,#476,.T.);
#700=EDGE_CURVE('',#545,#562,#360,.T.);
#701=EDGE_CURVE('',#563,#564,#361,.T.);
#702=EDGE_CURVE('',#564,#565,#477,.T.);
#703=EDGE_CURVE('',#565,#564,#478,.T.);
#704=EDGE_CURVE('',#563,#563,#479,.T.);
#705=EDGE_CURVE('',#519,#566,#286,.T.);
#706=EDGE_CURVE('',#527,#517,#362,.T.);
#707=EDGE_CURVE('',#566,#526,#363,.T.);
#708=EDGE_CURVE('',#567,#567,#480,.T.);
#709=EDGE_CURVE('',#565,#537,#364,.T.);
#710=EDGE_CURVE('',#567,#568,#365,.T.);
#711=EDGE_CURVE('',#568,#569,#481,.T.);
#712=EDGE_CURVE('',#569,#568,#482,.T.);
#713=EDGE_CURVE('',#569,#540,#366,.T.);
#714=EDGE_CURVE('',#502,#570,#367,.T.);
#715=EDGE_CURVE('',#531,#570,#287,.T.);
#716=EDGE_CURVE('',#570,#530,#288,.T.);
#717=EDGE_CURVE('',#501,#571,#368,.T.);
#718=EDGE_CURVE('',#529,#571,#289,.T.);
#719=EDGE_CURVE('',#571,#528,#290,.T.);
#720=EDGE_CURVE('',#527,#572,#369,.T.);
#721=EDGE_CURVE('',#524,#572,#370,.T.);
#722=EDGE_CURVE('',#572,#490,#371,.T.);
#723=EDGE_CURVE('',#573,#573,#291,.T.);
#724=EDGE_CURVE('',#573,#492,#292,.T.);
#725=EDGE_CURVE('',#574,#574,#293,.T.);
#726=EDGE_CURVE('',#574,#573,#372,.T.);
#727=EDGE_CURVE('',#575,#575,#294,.T.);
#728=EDGE_CURVE('',#575,#500,#295,.T.);
#729=EDGE_CURVE('',#576,#576,#296,.T.);
#730=EDGE_CURVE('',#576,#575,#373,.T.);
#731=EDGE_CURVE('',#577,#577,#297,.T.);
#732=EDGE_CURVE('',#577,#493,#298,.T.);
#733=EDGE_CURVE('',#578,#578,#299,.T.);
#734=EDGE_CURVE('',#578,#577,#374,.T.);
#735=EDGE_CURVE('',#579,#579,#300,.T.);
#736=EDGE_CURVE('',#579,#499,#301,.T.);
#737=EDGE_CURVE('',#580,#580,#302,.T.);
#738=EDGE_CURVE('',#580,#579,#375,.T.);
#739=EDGE_CURVE('',#581,#581,#303,.T.);
#740=EDGE_CURVE('',#581,#494,#304,.T.);
#741=EDGE_CURVE('',#582,#582,#305,.T.);
#742=EDGE_CURVE('',#582,#581,#376,.T.);
#743=EDGE_CURVE('',#583,#583,#306,.T.);
#744=EDGE_CURVE('',#583,#498,#307,.T.);
#745=EDGE_CURVE('',#584,#584,#308,.T.);
#746=EDGE_CURVE('',#584,#583,#377,.T.);
#747=EDGE_CURVE('',#585,#585,#309,.T.);
#748=EDGE_CURVE('',#585,#495,#310,.T.);
#749=EDGE_CURVE('',#586,#586,#311,.T.);
#750=EDGE_CURVE('',#586,#585,#378,.T.);
#751=EDGE_CURVE('',#587,#587,#312,.T.);
#752=EDGE_CURVE('',#587,#497,#313,.T.);
#753=EDGE_CURVE('',#588,#588,#314,.T.);
#754=EDGE_CURVE('',#588,#587,#379,.T.);
#755=EDGE_CURVE('',#589,#589,#315,.T.);
#756=EDGE_CURVE('',#589,#496,#316,.T.);
#757=EDGE_CURVE('',#590,#590,#317,.T.);
#758=EDGE_CURVE('',#590,#589,#380,.T.);
#759=EDGE_CURVE('',#566,#559,#318,.T.);
#760=EDGE_CURVE('',#591,#591,#319,.T.);
#761=EDGE_CURVE('',#591,#554,#381,.T.);
#762=EDGE_CURVE('',#592,#592,#320,.T.);
#763=EDGE_CURVE('',#592,#553,#382,.T.);
#764=EDGE_CURVE('',#486,#548,#383,.T.);
#765=ORIENTED_EDGE('',*,*,#593,.T.);
#766=ORIENTED_EDGE('',*,*,#594,.T.);
#767=ORIENTED_EDGE('',*,*,#595,.T.);
#768=ORIENTED_EDGE('',*,*,#596,.T.);
#769=ORIENTED_EDGE('',*,*,#594,.F.);
#770=ORIENTED_EDGE('',*,*,#597,.T.);
#771=ORIENTED_EDGE('',*,*,#598,.F.);
#772=ORIENTED_EDGE('',*,*,#599,.T.);
#773=ORIENTED_EDGE('',*,*,#600,.F.);
#774=ORIENTED_EDGE('',*,*,#601,.F.);
#775=ORIENTED_EDGE('',*,*,#602,.F.);
#776=ORIENTED_EDGE('',*,*,#603,.F.);
#777=ORIENTED_EDGE('',*,*,#604,.F.);
#778=ORIENTED_EDGE('',*,*,#605,.F.);
#779=ORIENTED_EDGE('',*,*,#606,.F.);
#780=ORIENTED_EDGE('',*,*,#607,.F.);
#781=ORIENTED_EDGE('',*,*,#608,.F.);
#782=ORIENTED_EDGE('',*,*,#609,.F.);
#783=ORIENTED_EDGE('',*,*,#610,.F.);
#784=ORIENTED_EDGE('',*,*,#611,.F.);
#785=ORIENTED_EDGE('',*,*,#612,.T.);
#786=ORIENTED_EDGE('',*,*,#613,.T.);
#787=ORIENTED_EDGE('',*,*,#614,.T.);
#788=ORIENTED_EDGE('',*,*,#615,.T.);
#789=ORIENTED_EDGE('',*,*,#602,.T.);
#790=ORIENTED_EDGE('',*,*,#615,.F.);
#791=ORIENTED_EDGE('',*,*,#616,.F.);
#792=ORIENTED_EDGE('',*,*,#617,.T.);
#793=ORIENTED_EDGE('',*,*,#614,.F.);
#794=ORIENTED_EDGE('',*,*,#617,.F.);
#795=ORIENTED_EDGE('',*,*,#618,.T.);
#796=ORIENTED_EDGE('',*,*,#619,.T.);
#797=ORIENTED_EDGE('',*,*,#620,.T.);
#798=ORIENTED_EDGE('',*,*,#621,.T.);
#799=ORIENTED_EDGE('',*,*,#622,.T.);
#800=ORIENTED_EDGE('',*,*,#623,.T.);
#801=ORIENTED_EDGE('',*,*,#618,.F.);
#802=ORIENTED_EDGE('',*,*,#624,.T.);
#803=ORIENTED_EDGE('',*,*,#625,.F.);
#804=ORIENTED_EDGE('',*,*,#598,.T.);
#805=ORIENTED_EDGE('',*,*,#622,.F.);
#806=ORIENTED_EDGE('',*,*,#626,.T.);
#807=ORIENTED_EDGE('',*,*,#626,.F.);
#808=ORIENTED_EDGE('',*,*,#624,.F.);
#809=ORIENTED_EDGE('',*,*,#621,.F.);
#810=ORIENTED_EDGE('',*,*,#627,.T.);
#811=ORIENTED_EDGE('',*,*,#628,.T.);
#812=ORIENTED_EDGE('',*,*,#629,.T.);
#813=ORIENTED_EDGE('',*,*,#630,.F.);
#814=ORIENTED_EDGE('',*,*,#631,.F.);
#815=ORIENTED_EDGE('',*,*,#632,.F.);
#816=ORIENTED_EDGE('',*,*,#633,.F.);
#817=ORIENTED_EDGE('',*,*,#634,.T.);
#818=ORIENTED_EDGE('',*,*,#635,.T.);
#819=ORIENTED_EDGE('',*,*,#635,.F.);
#820=ORIENTED_EDGE('',*,*,#636,.F.);
#821=ORIENTED_EDGE('',*,*,#637,.F.);
#822=ORIENTED_EDGE('',*,*,#638,.T.);
#823=ORIENTED_EDGE('',*,*,#639,.F.);
#824=ORIENTED_EDGE('',*,*,#640,.T.);
#825=ORIENTED_EDGE('',*,*,#625,.T.);
#826=ORIENTED_EDGE('',*,*,#627,.F.);
#827=ORIENTED_EDGE('',*,*,#620,.F.);
#828=ORIENTED_EDGE('',*,*,#641,.T.);
#829=ORIENTED_EDGE('',*,*,#623,.F.);
#830=ORIENTED_EDGE('',*,*,#597,.F.);
#831=ORIENTED_EDGE('',*,*,#593,.F.);
#832=ORIENTED_EDGE('',*,*,#642,.T.);
#833=ORIENTED_EDGE('',*,*,#643,.T.);
#834=ORIENTED_EDGE('',*,*,#644,.T.);
#835=ORIENTED_EDGE('',*,*,#645,.T.);
#836=ORIENTED_EDGE('',*,*,#646,.F.);
#837=ORIENTED_EDGE('',*,*,#599,.F.);
#838=ORIENTED_EDGE('',*,*,#640,.F.);
#839=ORIENTED_EDGE('',*,*,#647,.F.);
#840=ORIENTED_EDGE('',*,*,#631,.T.);
#841=ORIENTED_EDGE('',*,*,#648,.T.);
#842=ORIENTED_EDGE('',*,*,#633,.T.);
#843=ORIENTED_EDGE('',*,*,#647,.T.);
#844=ORIENTED_EDGE('',*,*,#639,.T.);
#845=ORIENTED_EDGE('',*,*,#649,.F.);
#846=ORIENTED_EDGE('',*,*,#650,.T.);
#847=ORIENTED_EDGE('',*,*,#651,.T.);
#848=ORIENTED_EDGE('',*,*,#652,.T.);
#849=ORIENTED_EDGE('',*,*,#653,.F.);
#850=ORIENTED_EDGE('',*,*,#654,.T.);
#851=ORIENTED_EDGE('',*,*,#655,.F.);
#852=ORIENTED_EDGE('',*,*,#656,.T.);
#853=ORIENTED_EDGE('',*,*,#657,.T.);
#854=ORIENTED_EDGE('',*,*,#658,.T.);
#855=ORIENTED_EDGE('',*,*,#659,.T.);
#856=ORIENTED_EDGE('',*,*,#660,.T.);
#857=ORIENTED_EDGE('',*,*,#658,.F.);
#858=ORIENTED_EDGE('',*,*,#661,.F.);
#859=ORIENTED_EDGE('',*,*,#662,.T.);
#860=ORIENTED_EDGE('',*,*,#663,.T.);
#861=ORIENTED_EDGE('',*,*,#664,.T.);
#862=ORIENTED_EDGE('',*,*,#665,.T.);
#863=ORIENTED_EDGE('',*,*,#666,.T.);
#864=ORIENTED_EDGE('',*,*,#667,.T.);
#865=ORIENTED_EDGE('',*,*,#668,.T.);
#866=ORIENTED_EDGE('',*,*,#659,.F.);
#867=ORIENTED_EDGE('',*,*,#660,.F.);
#868=ORIENTED_EDGE('',*,*,#668,.F.);
#869=ORIENTED_EDGE('',*,*,#669,.T.);
#870=ORIENTED_EDGE('',*,*,#670,.T.);
#871=ORIENTED_EDGE('',*,*,#665,.F.);
#872=ORIENTED_EDGE('',*,*,#671,.T.);
#873=ORIENTED_EDGE('',*,*,#672,.T.);
#874=ORIENTED_EDGE('',*,*,#662,.F.);
#875=ORIENTED_EDGE('',*,*,#673,.T.);
#876=ORIENTED_EDGE('',*,*,#674,.T.);
#877=ORIENTED_EDGE('',*,*,#675,.T.);
#878=ORIENTED_EDGE('',*,*,#676,.T.);
#879=ORIENTED_EDGE('',*,*,#657,.F.);
#880=ORIENTED_EDGE('',*,*,#677,.T.);
#881=ORIENTED_EDGE('',*,*,#678,.T.);
#882=ORIENTED_EDGE('',*,*,#679,.T.);
#883=ORIENTED_EDGE('',*,*,#680,.T.);
#884=ORIENTED_EDGE('',*,*,#619,.F.);
#885=ORIENTED_EDGE('',*,*,#643,.F.);
#886=ORIENTED_EDGE('',*,*,#681,.T.);
#887=ORIENTED_EDGE('',*,*,#679,.F.);
#888=ORIENTED_EDGE('',*,*,#682,.F.);
#889=ORIENTED_EDGE('',*,*,#683,.F.);
#890=ORIENTED_EDGE('',*,*,#628,.F.);
#891=ORIENTED_EDGE('',*,*,#641,.F.);
#892=ORIENTED_EDGE('',*,*,#684,.T.);
#893=ORIENTED_EDGE('',*,*,#685,.T.);
#894=ORIENTED_EDGE('',*,*,#678,.F.);
#895=ORIENTED_EDGE('',*,*,#686,.T.);
#896=ORIENTED_EDGE('',*,*,#687,.F.);
#897=ORIENTED_EDGE('',*,*,#682,.T.);
#898=ORIENTED_EDGE('',*,*,#629,.F.);
#899=ORIENTED_EDGE('',*,*,#683,.T.);
#900=ORIENTED_EDGE('',*,*,#687,.T.);
#901=ORIENTED_EDGE('',*,*,#688,.T.);
#902=ORIENTED_EDGE('',*,*,#689,.T.);
#903=ORIENTED_EDGE('',*,*,#690,.T.);
#904=ORIENTED_EDGE('',*,*,#691,.T.);
#905=ORIENTED_EDGE('',*,*,#689,.F.);
#906=ORIENTED_EDGE('',*,*,#692,.T.);
#907=ORIENTED_EDGE('',*,*,#693,.F.);
#908=ORIENTED_EDGE('',*,*,#694,.T.);
#909=ORIENTED_EDGE('',*,*,#649,.T.);
#910=ORIENTED_EDGE('',*,*,#644,.F.);
#911=ORIENTED_EDGE('',*,*,#632,.T.);
#912=ORIENTED_EDGE('',*,*,#638,.F.);
#913=ORIENTED_EDGE('',*,*,#695,.F.);
#914=ORIENTED_EDGE('',*,*,#692,.F.);
#915=ORIENTED_EDGE('',*,*,#675,.F.);
#916=ORIENTED_EDGE('',*,*,#676,.F.);
#917=ORIENTED_EDGE('',*,*,#696,.T.);
#918=ORIENTED_EDGE('',*,*,#690,.F.);
#919=ORIENTED_EDGE('',*,*,#691,.F.);
#920=ORIENTED_EDGE('',*,*,#696,.F.);
#921=ORIENTED_EDGE('',*,*,#697,.T.);
#922=ORIENTED_EDGE('',*,*,#698,.T.);
#923=ORIENTED_EDGE('',*,*,#699,.T.);
#924=ORIENTED_EDGE('',*,*,#697,.F.);
#925=ORIENTED_EDGE('',*,*,#695,.T.);
#926=ORIENTED_EDGE('',*,*,#673,.F.);
#927=ORIENTED_EDGE('',*,*,#674,.F.);
#928=ORIENTED_EDGE('',*,*,#700,.T.);
#929=ORIENTED_EDGE('',*,*,#698,.F.);
#930=ORIENTED_EDGE('',*,*,#699,.F.);
#931=ORIENTED_EDGE('',*,*,#700,.F.);
#932=ORIENTED_EDGE('',*,*,#701,.T.);
#933=ORIENTED_EDGE('',*,*,#702,.T.);
#934=ORIENTED_EDGE('',*,*,#703,.T.);
#935=ORIENTED_EDGE('',*,*,#701,.F.);
#936=ORIENTED_EDGE('',*,*,#704,.T.);
#937=ORIENTED_EDGE('',*,*,#705,.F.);
#938=ORIENTED_EDGE('',*,*,#636,.T.);
#939=ORIENTED_EDGE('',*,*,#634,.F.);
#940=ORIENTED_EDGE('',*,*,#706,.F.);
#941=ORIENTED_EDGE('',*,*,#651,.F.);
#942=ORIENTED_EDGE('',*,*,#707,.F.);
#943=ORIENTED_EDGE('',*,*,#708,.F.);
#944=ORIENTED_EDGE('',*,*,#704,.F.);
#945=ORIENTED_EDGE('',*,*,#702,.F.);
#946=ORIENTED_EDGE('',*,*,#703,.F.);
#947=ORIENTED_EDGE('',*,*,#709,.T.);
#948=ORIENTED_EDGE('',*,*,#663,.F.);
#949=ORIENTED_EDGE('',*,*,#672,.F.);
#950=ORIENTED_EDGE('',*,*,#671,.F.);
#951=ORIENTED_EDGE('',*,*,#664,.F.);
#952=ORIENTED_EDGE('',*,*,#709,.F.);
#953=ORIENTED_EDGE('',*,*,#710,.T.);
#954=ORIENTED_EDGE('',*,*,#711,.T.);
#955=ORIENTED_EDGE('',*,*,#712,.T.);
#956=ORIENTED_EDGE('',*,*,#710,.F.);
#957=ORIENTED_EDGE('',*,*,#708,.T.);
#958=ORIENTED_EDGE('',*,*,#711,.F.);
#959=ORIENTED_EDGE('',*,*,#712,.F.);
#960=ORIENTED_EDGE('',*,*,#713,.T.);
#961=ORIENTED_EDGE('',*,*,#666,.F.);
#962=ORIENTED_EDGE('',*,*,#670,.F.);
#963=ORIENTED_EDGE('',*,*,#669,.F.);
#964=ORIENTED_EDGE('',*,*,#667,.F.);
#965=ORIENTED_EDGE('',*,*,#713,.F.);
#966=ORIENTED_EDGE('',*,*,#613,.F.);
#967=ORIENTED_EDGE('',*,*,#714,.T.);
#968=ORIENTED_EDGE('',*,*,#715,.F.);
#969=ORIENTED_EDGE('',*,*,#655,.T.);
#970=ORIENTED_EDGE('',*,*,#716,.F.);
#971=ORIENTED_EDGE('',*,*,#714,.F.);
#972=ORIENTED_EDGE('',*,*,#612,.F.);
#973=ORIENTED_EDGE('',*,*,#717,.T.);
#974=ORIENTED_EDGE('',*,*,#718,.F.);
#975=ORIENTED_EDGE('',*,*,#653,.T.);
#976=ORIENTED_EDGE('',*,*,#719,.F.);
#977=ORIENTED_EDGE('',*,*,#717,.F.);
#978=ORIENTED_EDGE('',*,*,#616,.T.);
#979=ORIENTED_EDGE('',*,*,#656,.F.);
#980=ORIENTED_EDGE('',*,*,#715,.T.);
#981=ORIENTED_EDGE('',*,*,#716,.T.);
#982=ORIENTED_EDGE('',*,*,#654,.F.);
#983=ORIENTED_EDGE('',*,*,#718,.T.);
#984=ORIENTED_EDGE('',*,*,#719,.T.);
#985=ORIENTED_EDGE('',*,*,#652,.F.);
#986=ORIENTED_EDGE('',*,*,#720,.T.);
#987=ORIENTED_EDGE('',*,*,#721,.F.);
#988=ORIENTED_EDGE('',*,*,#645,.F.);
#989=ORIENTED_EDGE('',*,*,#721,.T.);
#990=ORIENTED_EDGE('',*,*,#722,.T.);
#991=ORIENTED_EDGE('',*,*,#600,.T.);
#992=ORIENTED_EDGE('',*,*,#646,.T.);
#993=ORIENTED_EDGE('',*,*,#723,.T.);
#994=ORIENTED_EDGE('',*,*,#724,.T.);
#995=ORIENTED_EDGE('',*,*,#603,.T.);
#996=ORIENTED_EDGE('',*,*,#724,.F.);
#997=ORIENTED_EDGE('',*,*,#725,.F.);
#998=ORIENTED_EDGE('',*,*,#726,.T.);
#999=ORIENTED_EDGE('',*,*,#723,.F.);
#1000=ORIENTED_EDGE('',*,*,#726,.F.);
#1001=ORIENTED_EDGE('',*,*,#727,.T.);
#1002=ORIENTED_EDGE('',*,*,#728,.T.);
#1003=ORIENTED_EDGE('',*,*,#611,.T.);
#1004=ORIENTED_EDGE('',*,*,#728,.F.);
#1005=ORIENTED_EDGE('',*,*,#729,.F.);
#1006=ORIENTED_EDGE('',*,*,#730,.T.);
#1007=ORIENTED_EDGE('',*,*,#727,.F.);
#1008=ORIENTED_EDGE('',*,*,#730,.F.);
#1009=ORIENTED_EDGE('',*,*,#731,.T.);
#1010=ORIENTED_EDGE('',*,*,#732,.T.);
#1011=ORIENTED_EDGE('',*,*,#604,.T.);
#1012=ORIENTED_EDGE('',*,*,#732,.F.);
#1013=ORIENTED_EDGE('',*,*,#733,.F.);
#1014=ORIENTED_EDGE('',*,*,#734,.T.);
#1015=ORIENTED_EDGE('',*,*,#731,.F.);
#1016=ORIENTED_EDGE('',*,*,#734,.F.);
#1017=ORIENTED_EDGE('',*,*,#735,.T.);
#1018=ORIENTED_EDGE('',*,*,#736,.T.);
#1019=ORIENTED_EDGE('',*,*,#610,.T.);
#1020=ORIENTED_EDGE('',*,*,#736,.F.);
#1021=ORIENTED_EDGE('',*,*,#737,.F.);
#1022=ORIENTED_EDGE('',*,*,#738,.T.);
#1023=ORIENTED_EDGE('',*,*,#735,.F.);
#1024=ORIENTED_EDGE('',*,*,#738,.F.);
#1025=ORIENTED_EDGE('',*,*,#739,.T.);
#1026=ORIENTED_EDGE('',*,*,#740,.T.);
#1027=ORIENTED_EDGE('',*,*,#605,.T.);
#1028=ORIENTED_EDGE('',*,*,#740,.F.);
#1029=ORIENTED_EDGE('',*,*,#741,.F.);
#1030=ORIENTED_EDGE('',*,*,#742,.T.);
#1031=ORIENTED_EDGE('',*,*,#739,.F.);
#1032=ORIENTED_EDGE('',*,*,#742,.F.);
#1033=ORIENTED_EDGE('',*,*,#743,.T.);
#1034=ORIENTED_EDGE('',*,*,#744,.T.);
#1035=ORIENTED_EDGE('',*,*,#609,.T.);
#1036=ORIENTED_EDGE('',*,*,#744,.F.);
#1037=ORIENTED_EDGE('',*,*,#745,.F.);
#1038=ORIENTED_EDGE('',*,*,#746,.T.);
#1039=ORIENTED_EDGE('',*,*,#743,.F.);
#1040=ORIENTED_EDGE('',*,*,#746,.F.);
#1041=ORIENTED_EDGE('',*,*,#747,.T.);
#1042=ORIENTED_EDGE('',*,*,#748,.T.);
#1043=ORIENTED_EDGE('',*,*,#606,.T.);
#1044=ORIENTED_EDGE('',*,*,#748,.F.);
#1045=ORIENTED_EDGE('',*,*,#749,.F.);
#1046=ORIENTED_EDGE('',*,*,#750,.T.);
#1047=ORIENTED_EDGE('',*,*,#747,.F.);
#1048=ORIENTED_EDGE('',*,*,#750,.F.);
#1049=ORIENTED_EDGE('',*,*,#751,.T.);
#1050=ORIENTED_EDGE('',*,*,#752,.T.);
#1051=ORIENTED_EDGE('',*,*,#608,.T.);
#1052=ORIENTED_EDGE('',*,*,#752,.F.);
#1053=ORIENTED_EDGE('',*,*,#753,.F.);
#1054=ORIENTED_EDGE('',*,*,#754,.T.);
#1055=ORIENTED_EDGE('',*,*,#751,.F.);
#1056=ORIENTED_EDGE('',*,*,#754,.F.);
#1057=ORIENTED_EDGE('',*,*,#755,.T.);
#1058=ORIENTED_EDGE('',*,*,#756,.T.);
#1059=ORIENTED_EDGE('',*,*,#607,.T.);
#1060=ORIENTED_EDGE('',*,*,#756,.F.);
#1061=ORIENTED_EDGE('',*,*,#757,.F.);
#1062=ORIENTED_EDGE('',*,*,#758,.T.);
#1063=ORIENTED_EDGE('',*,*,#755,.F.);
#1064=ORIENTED_EDGE('',*,*,#758,.F.);
#1065=ORIENTED_EDGE('',*,*,#759,.T.);
#1066=ORIENTED_EDGE('',*,*,#693,.T.);
#1067=ORIENTED_EDGE('',*,*,#637,.T.);
#1068=ORIENTED_EDGE('',*,*,#705,.T.);
#1069=ORIENTED_EDGE('',*,*,#661,.T.);
#1070=ORIENTED_EDGE('',*,*,#650,.F.);
#1071=ORIENTED_EDGE('',*,*,#694,.F.);
#1072=ORIENTED_EDGE('',*,*,#759,.F.);
#1073=ORIENTED_EDGE('',*,*,#707,.T.);
#1074=ORIENTED_EDGE('',*,*,#760,.F.);
#1075=ORIENTED_EDGE('',*,*,#761,.T.);
#1076=ORIENTED_EDGE('',*,*,#685,.F.);
#1077=ORIENTED_EDGE('',*,*,#761,.F.);
#1078=ORIENTED_EDGE('',*,*,#762,.F.);
#1079=ORIENTED_EDGE('',*,*,#763,.T.);
#1080=ORIENTED_EDGE('',*,*,#684,.F.);
#1081=ORIENTED_EDGE('',*,*,#763,.F.);
#1082=ORIENTED_EDGE('',*,*,#688,.F.);
#1083=ORIENTED_EDGE('',*,*,#686,.F.);
#1084=ORIENTED_EDGE('',*,*,#677,.F.);
#1085=ORIENTED_EDGE('',*,*,#764,.F.);
#1086=ORIENTED_EDGE('',*,*,#595,.F.);
#1087=ORIENTED_EDGE('',*,*,#601,.T.);
#1088=ORIENTED_EDGE('',*,*,#722,.F.);
#1089=ORIENTED_EDGE('',*,*,#720,.F.);
#1090=ORIENTED_EDGE('',*,*,#706,.T.);
#1091=ORIENTED_EDGE('',*,*,#648,.F.);
#1092=ORIENTED_EDGE('',*,*,#630,.T.);
#1093=ORIENTED_EDGE('',*,*,#760,.T.);
#1094=ORIENTED_EDGE('',*,*,#762,.T.);
#1095=ORIENTED_EDGE('',*,*,#596,.F.);
#1096=ORIENTED_EDGE('',*,*,#764,.T.);
#1097=ORIENTED_EDGE('',*,*,#680,.F.);
#1098=ORIENTED_EDGE('',*,*,#681,.F.);
#1099=ORIENTED_EDGE('',*,*,#642,.F.);
#1100=ORIENTED_EDGE('',*,*,#745,.T.);
#1101=ORIENTED_EDGE('',*,*,#757,.T.);
#1102=ORIENTED_EDGE('',*,*,#741,.T.);
#1103=ORIENTED_EDGE('',*,*,#749,.T.);
#1104=ORIENTED_EDGE('',*,*,#725,.T.);
#1105=ORIENTED_EDGE('',*,*,#733,.T.);
#1106=ORIENTED_EDGE('',*,*,#737,.T.);
#1107=ORIENTED_EDGE('',*,*,#729,.T.);
#1108=ORIENTED_EDGE('',*,*,#753,.T.);
#1109=CYLINDRICAL_SURFACE('',#1220,0.8);
#1110=CYLINDRICAL_SURFACE('',#1238,3.90000000000001);
#1111=CYLINDRICAL_SURFACE('',#1240,0.8);
#1112=CYLINDRICAL_SURFACE('',#1247,0.8);
#1113=CYLINDRICAL_SURFACE('',#1250,5.85500000000002);
#1114=CYLINDRICAL_SURFACE('',#1255,2.);
#1115=CYLINDRICAL_SURFACE('',#1264,7.65000000000001);
#1116=CYLINDRICAL_SURFACE('',#1267,10.);
#1117=CYLINDRICAL_SURFACE('',#1275,10.);
#1118=CYLINDRICAL_SURFACE('',#1278,2.15);
#1119=CYLINDRICAL_SURFACE('',#1279,2.15);
#1120=CYLINDRICAL_SURFACE('',#1281,2.15);
#1121=CYLINDRICAL_SURFACE('',#1282,2.15);
#1122=CYLINDRICAL_SURFACE('',#1283,2.09999999999999);
#1123=CYLINDRICAL_SURFACE('',#1286,2.09999999999999);
#1124=CYLINDRICAL_SURFACE('',#1295,1.8);
#1125=CYLINDRICAL_SURFACE('',#1300,1.8);
#1126=CYLINDRICAL_SURFACE('',#1305,1.8);
#1127=CYLINDRICAL_SURFACE('',#1310,1.8);
#1128=CYLINDRICAL_SURFACE('',#1315,1.8);
#1129=CYLINDRICAL_SURFACE('',#1320,3.90000000000001);
#1130=CYLINDRICAL_SURFACE('',#1325,1.8);
#1131=CYLINDRICAL_SURFACE('',#1330,1.8);
#1132=CYLINDRICAL_SURFACE('',#1335,1.8);
#1133=CYLINDRICAL_SURFACE('',#1339,1.8);
#1134=CYLINDRICAL_SURFACE('',#1341,1.8);
#1135=ADVANCED_FACE('',(#85),#1109,.F.);
#1136=ADVANCED_FACE('',(#86,#39,#40,#41,#42,#43,#44,#45,#46,#47,#48,#49,
#50),#62,.F.);
#1137=ADVANCED_FACE('',(#87),#27,.F.);
#1138=ADVANCED_FACE('',(#88),#1110,.T.);
#1139=ADVANCED_FACE('',(#89),#1111,.F.);
#1140=ADVANCED_FACE('',(#90),#28,.F.);
#1141=ADVANCED_FACE('',(#91),#1112,.F.);
#1142=ADVANCED_FACE('',(#92),#63,.T.);
#1143=ADVANCED_FACE('',(#93),#1113,.F.);
#1144=ADVANCED_FACE('',(#94),#15,.T.);
#1145=ADVANCED_FACE('',(#95),#16,.F.);
#1146=ADVANCED_FACE('',(#96),#64,.T.);
#1147=ADVANCED_FACE('',(#97),#1114,.F.);
#1148=ADVANCED_FACE('',(#98),#65,.T.);
#1149=ADVANCED_FACE('',(#99),#66,.T.);
#1150=ADVANCED_FACE('',(#100),#17,.T.);
#1151=ADVANCED_FACE('',(#101),#29,.F.);
#1152=ADVANCED_FACE('',(#102,#51,#52),#1115,.F.);
#1153=ADVANCED_FACE('',(#103),#67,.T.);
#1154=ADVANCED_FACE('',(#104),#1116,.T.);
#1155=ADVANCED_FACE('',(#105,#53,#54),#68,.T.);
#1156=ADVANCED_FACE('',(#106),#69,.T.);
#1157=ADVANCED_FACE('',(#107),#1117,.T.);
#1158=ADVANCED_FACE('',(#108),#18,.T.);
#1159=ADVANCED_FACE('',(#109,#55,#56),#19,.F.);
#1160=ADVANCED_FACE('',(#110),#1118,.F.);
#1161=ADVANCED_FACE('',(#111),#20,.T.);
#1162=ADVANCED_FACE('',(#112),#1119,.F.);
#1163=ADVANCED_FACE('',(#113),#21,.T.);
#1164=ADVANCED_FACE('',(#114,#57,#58),#22,.F.);
#1165=ADVANCED_FACE('',(#115),#1120,.F.);
#1166=ADVANCED_FACE('',(#116),#23,.T.);
#1167=ADVANCED_FACE('',(#117),#1121,.F.);
#1168=ADVANCED_FACE('',(#118),#1122,.F.);
#1169=ADVANCED_FACE('',(#119),#1123,.F.);
#1170=ADVANCED_FACE('',(#120),#70,.T.);
#1171=ADVANCED_FACE('',(#121),#71,.T.);
#1172=ADVANCED_FACE('',(#122),#72,.T.);
#1173=ADVANCED_FACE('',(#123),#30,.F.);
#1174=ADVANCED_FACE('',(#124),#1124,.T.);
#1175=ADVANCED_FACE('',(#125),#31,.F.);
#1176=ADVANCED_FACE('',(#126),#1125,.T.);
#1177=ADVANCED_FACE('',(#127),#32,.F.);
#1178=ADVANCED_FACE('',(#128),#1126,.T.);
#1179=ADVANCED_FACE('',(#129),#33,.F.);
#1180=ADVANCED_FACE('',(#130),#1127,.T.);
#1181=ADVANCED_FACE('',(#131),#34,.F.);
#1182=ADVANCED_FACE('',(#132),#1128,.T.);
#1183=ADVANCED_FACE('',(#133),#35,.F.);
#1184=ADVANCED_FACE('',(#134),#1129,.T.);
#1185=ADVANCED_FACE('',(#135),#36,.F.);
#1186=ADVANCED_FACE('',(#136),#1130,.T.);
#1187=ADVANCED_FACE('',(#137),#37,.F.);
#1188=ADVANCED_FACE('',(#138),#1131,.T.);
#1189=ADVANCED_FACE('',(#139),#38,.F.);
#1190=ADVANCED_FACE('',(#140),#1132,.T.);
#1191=ADVANCED_FACE('',(#141,#59),#73,.T.);
#1192=ADVANCED_FACE('',(#142),#24,.F.);
#1193=ADVANCED_FACE('',(#143),#1133,.F.);
#1194=ADVANCED_FACE('',(#144),#1134,.F.);
#1195=ADVANCED_FACE('',(#145,#60,#61),#74,.T.);
#1196=ADVANCED_FACE('',(#146),#75,.T.);
#1197=ADVANCED_FACE('',(#147),#76,.F.);
#1198=ADVANCED_FACE('',(#148),#77,.F.);
#1199=ADVANCED_FACE('',(#149),#78,.F.);
#1200=ADVANCED_FACE('',(#150),#79,.F.);
#1201=ADVANCED_FACE('',(#151),#80,.F.);
#1202=ADVANCED_FACE('',(#152),#81,.F.);
#1203=ADVANCED_FACE('',(#153),#82,.F.);
#1204=ADVANCED_FACE('',(#154),#83,.F.);
#1205=ADVANCED_FACE('',(#155),#84,.F.);
#1206=CLOSED_SHELL('',(#1135,#1136,#1137,#1138,#1139,#1140,#1141,#1142,
#1143,#1144,#1145,#1146,#1147,#1148,#1149,#1150,#1151,#1152,#1153,#1154,
#1155,#1156,#1157,#1158,#1159,#1160,#1161,#1162,#1163,#1164,#1165,#1166,
#1167,#1168,#1169,#1170,#1171,#1172,#1173,#1174,#1175,#1176,#1177,#1178,
#1179,#1180,#1181,#1182,#1183,#1184,#1185,#1186,#1187,#1188,#1189,#1190,
#1191,#1192,#1193,#1194,#1195,#1196,#1197,#1198,#1199,#1200,#1201,#1202,
#1203,#1204,#1205));
#1207=DERIVED_UNIT_ELEMENT(#1209,1.);
#1208=DERIVED_UNIT_ELEMENT(#3420,-3.);
#1209=(
MASS_UNIT()
NAMED_UNIT(*)
SI_UNIT(.KILO.,.GRAM.)
);
#1210=DERIVED_UNIT((#1207,#1208));
#1211=MEASURE_REPRESENTATION_ITEM('density measure',
POSITIVE_RATIO_MEASURE(7850.),#1210);
#1212=PROPERTY_DEFINITION_REPRESENTATION(#1217,#1214);
#1213=PROPERTY_DEFINITION_REPRESENTATION(#1218,#1215);
#1214=REPRESENTATION('material name',(#1216),#3417);
#1215=REPRESENTATION('density',(#1211),#3417);
#1216=DESCRIPTIVE_REPRESENTATION_ITEM('Steel','Steel');
#1217=PROPERTY_DEFINITION('material property','material name',#3427);
#1218=PROPERTY_DEFINITION('material property','density of part',#3427);
#1219=AXIS2_PLACEMENT_3D('',#1687,#1354,#1355);
#1220=AXIS2_PLACEMENT_3D('',#1688,#1356,#1357);
#1221=AXIS2_PLACEMENT_3D('',#1702,#1359,#1360);
#1222=AXIS2_PLACEMENT_3D('',#1704,#1362,#1363);
#1223=AXIS2_PLACEMENT_3D('',#1715,#1369,#1370);
#1224=AXIS2_PLACEMENT_3D('',#1717,#1371,#1372);
#1225=AXIS2_PLACEMENT_3D('',#1719,#1373,#1374);
#1226=AXIS2_PLACEMENT_3D('',#1721,#1375,#1376);
#1227=AXIS2_PLACEMENT_3D('',#1723,#1377,#1378);
#1228=AXIS2_PLACEMENT_3D('',#1725,#1379,#1380);
#1229=AXIS2_PLACEMENT_3D('',#1727,#1381,#1382);
#1230=AXIS2_PLACEMENT_3D('',#1729,#1383,#1384);
#1231=AXIS2_PLACEMENT_3D('',#1731,#1385,#1386);
#1232=AXIS2_PLACEMENT_3D('',#1733,#1387,#1388);
#1233=AXIS2_PLACEMENT_3D('',#1735,#1389,#1390);
#1234=AXIS2_PLACEMENT_3D('',#1737,#1391,#1392);
#1235=AXIS2_PLACEMENT_3D('',#1738,#1393,#1394);
#1236=AXIS2_PLACEMENT_3D('',#1740,#1395,#1396);
#1237=AXIS2_PLACEMENT_3D('',#1741,#1397,#1398);
#1238=AXIS2_PLACEMENT_3D('',#1742,#1399,#1400);
#1239=AXIS2_PLACEMENT_3D('',#1744,#1401,#1402);
#1240=AXIS2_PLACEMENT_3D('',#1746,#1404,#1405);
#1241=AXIS2_PLACEMENT_3D('',#1749,#1406,#1407);
#1242=AXIS2_PLACEMENT_3D('',#1753,#1409,#1410);
#1243=AXIS2_PLACEMENT_3D('',#1755,#1412,#1413);
#1244=AXIS2_PLACEMENT_3D('',#1757,#1414,#1415);
#1245=AXIS2_PLACEMENT_3D('',#1758,#1416,#1417);
#1246=AXIS2_PLACEMENT_3D('',#1759,#1418,#1419);
#1247=AXIS2_PLACEMENT_3D('',#1760,#1420,#1421);
#1248=AXIS2_PLACEMENT_3D('',#1762,#1422,#1423);
#1249=AXIS2_PLACEMENT_3D('',#1764,#1425,#1426);
#1250=AXIS2_PLACEMENT_3D('',#1766,#1428,#1429);
#1251=AXIS2_PLACEMENT_3D('',#1769,#1430,#1431);
#1252=AXIS2_PLACEMENT_3D('',#1773,#1433,#1434);
#1253=AXIS2_PLACEMENT_3D('',#1861,#1438,#1439);
#1254=AXIS2_PLACEMENT_3D('',#1863,#1441,#1442);
#1255=AXIS2_PLACEMENT_3D('',#1868,#1446,#1447);
#1256=AXIS2_PLACEMENT_3D('',#1870,#1448,#1449);
#1257=AXIS2_PLACEMENT_3D('',#1872,#1451,#1452);
#1258=AXIS2_PLACEMENT_3D('',#1879,#1457,#1458);
#1259=AXIS2_PLACEMENT_3D('',#2086,#1460,#1461);
#1260=AXIS2_PLACEMENT_3D('',#2088,#1462,#1463);
#1261=AXIS2_PLACEMENT_3D('',#2090,#1464,#1465);
#1262=AXIS2_PLACEMENT_3D('',#2092,#1466,#1467);
#1263=AXIS2_PLACEMENT_3D('',#2093,#1468,#1469);
#1264=AXIS2_PLACEMENT_3D('',#2094,#1470,#1471);
#1265=AXIS2_PLACEMENT_3D('',#2096,#1472,#1473);
#1266=AXIS2_PLACEMENT_3D('',#2272,#1477,#1478);
#1267=AXIS2_PLACEMENT_3D('',#2273,#1479,#1480);
#1268=AXIS2_PLACEMENT_3D('',#2276,#1481,#1482);
#1269=AXIS2_PLACEMENT_3D('',#2280,#1484,#1485);
#1270=AXIS2_PLACEMENT_3D('',#2282,#1487,#1488);
#1271=AXIS2_PLACEMENT_3D('',#2286,#1491,#1492);
#1272=AXIS2_PLACEMENT_3D('',#2288,#1493,#1494);
#1273=AXIS2_PLACEMENT_3D('',#2290,#1495,#1496);
#1274=AXIS2_PLACEMENT_3D('',#2291,#1497,#1498);
#1275=AXIS2_PLACEMENT_3D('',#2295,#1501,#1502);
#1276=AXIS2_PLACEMENT_3D('',#2296,#1503,#1504);
#1277=AXIS2_PLACEMENT_3D('',#2574,#1506,#1507);
#1278=AXIS2_PLACEMENT_3D('',#2608,#1509,#1510);
#1279=AXIS2_PLACEMENT_3D('',#2772,#1513,#1514);
#1280=AXIS2_PLACEMENT_3D('',#3051,#1517,#1518);
#1281=AXIS2_PLACEMENT_3D('',#3090,#1521,#1522);
#1282=AXIS2_PLACEMENT_3D('',#3274,#1525,#1526);
#1283=AXIS2_PLACEMENT_3D('',#3276,#1528,#1529);
#1284=AXIS2_PLACEMENT_3D('',#3279,#1531,#1532);
#1285=AXIS2_PLACEMENT_3D('',#3280,#1533,#1534);
#1286=AXIS2_PLACEMENT_3D('',#3281,#1535,#1536);
#1287=AXIS2_PLACEMENT_3D('',#3284,#1538,#1539);
#1288=AXIS2_PLACEMENT_3D('',#3285,#1540,#1541);
#1289=AXIS2_PLACEMENT_3D('',#3286,#1542,#1543);
#1290=AXIS2_PLACEMENT_3D('',#3287,#1544,#1545);
#1291=AXIS2_PLACEMENT_3D('',#3291,#1548,#1549);
#1292=AXIS2_PLACEMENT_3D('',#3293,#1551,#1552);
#1293=AXIS2_PLACEMENT_3D('',#3295,#1553,#1554);
#1294=AXIS2_PLACEMENT_3D('',#3296,#1555,#1556);
#1295=AXIS2_PLACEMENT_3D('',#3297,#1557,#1558);
#1296=AXIS2_PLACEMENT_3D('',#3299,#1559,#1560);
#1297=AXIS2_PLACEMENT_3D('',#3301,#1562,#1563);
#1298=AXIS2_PLACEMENT_3D('',#3303,#1564,#1565);
#1299=AXIS2_PLACEMENT_3D('',#3304,#1566,#1567);
#1300=AXIS2_PLACEMENT_3D('',#3305,#1568,#1569);
#1301=AXIS2_PLACEMENT_3D('',#3307,#1570,#1571);
#1302=AXIS2_PLACEMENT_3D('',#3309,#1573,#1574);
#1303=AXIS2_PLACEMENT_3D('',#3311,#1575,#1576);
#1304=AXIS2_PLACEMENT_3D('',#3312,#1577,#1578);
#1305=AXIS2_PLACEMENT_3D('',#3313,#1579,#1580);
#1306=AXIS2_PLACEMENT_3D('',#3315,#1581,#1582);
#1307=AXIS2_PLACEMENT_3D('',#3317,#1584,#1585);
#1308=AXIS2_PLACEMENT_3D('',#3319,#1586,#1587);
#1309=AXIS2_PLACEMENT_3D('',#3320,#1588,#1589);
#1310=AXIS2_PLACEMENT_3D('',#3321,#1590,#1591);
#1311=AXIS2_PLACEMENT_3D('',#3323,#1592,#1593);
#1312=AXIS2_PLACEMENT_3D('',#3325,#1595,#1596);
#1313=AXIS2_PLACEMENT_3D('',#3327,#1597,#1598);
#1314=AXIS2_PLACEMENT_3D('',#3328,#1599,#1600);
#1315=AXIS2_PLACEMENT_3D('',#3329,#1601,#1602);
#1316=AXIS2_PLACEMENT_3D('',#3331,#1603,#1604);
#1317=AXIS2_PLACEMENT_3D('',#3333,#1606,#1607);
#1318=AXIS2_PLACEMENT_3D('',#3335,#1608,#1609);
#1319=AXIS2_PLACEMENT_3D('',#3336,#1610,#1611);
#1320=AXIS2_PLACEMENT_3D('',#3337,#1612,#1613);
#1321=AXIS2_PLACEMENT_3D('',#3339,#1614,#1615);
#1322=AXIS2_PLACEMENT_3D('',#3341,#1617,#1618);
#1323=AXIS2_PLACEMENT_3D('',#3343,#1619,#1620);
#1324=AXIS2_PLACEMENT_3D('',#3344,#1621,#1622);
#1325=AXIS2_PLACEMENT_3D('',#3345,#1623,#1624);
#1326=AXIS2_PLACEMENT_3D('',#3347,#1625,#1626);
#1327=AXIS2_PLACEMENT_3D('',#3349,#1628,#1629);
#1328=AXIS2_PLACEMENT_3D('',#3351,#1630,#1631);
#1329=AXIS2_PLACEMENT_3D('',#3352,#1632,#1633);
#1330=AXIS2_PLACEMENT_3D('',#3353,#1634,#1635);
#1331=AXIS2_PLACEMENT_3D('',#3355,#1636,#1637);
#1332=AXIS2_PLACEMENT_3D('',#3357,#1639,#1640);
#1333=AXIS2_PLACEMENT_3D('',#3359,#1641,#1642);
#1334=AXIS2_PLACEMENT_3D('',#3360,#1643,#1644);
#1335=AXIS2_PLACEMENT_3D('',#3361,#1645,#1646);
#1336=AXIS2_PLACEMENT_3D('',#3363,#1647,#1648);
#1337=AXIS2_PLACEMENT_3D('',#3365,#1650,#1651);
#1338=AXIS2_PLACEMENT_3D('',#3366,#1652,#1653);
#1339=AXIS2_PLACEMENT_3D('',#3395,#1654,#1655);
#1340=AXIS2_PLACEMENT_3D('',#3397,#1656,#1657);
#1341=AXIS2_PLACEMENT_3D('',#3399,#1659,#1660);
#1342=AXIS2_PLACEMENT_3D('',#3401,#1661,#1662);
#1343=AXIS2_PLACEMENT_3D('',#3403,#1664,#1665);
#1344=AXIS2_PLACEMENT_3D('',#3405,#1667,#1668);
#1345=AXIS2_PLACEMENT_3D('',#3406,#1669,#1670);
#1346=AXIS2_PLACEMENT_3D('',#3407,#1671,#1672);
#1347=AXIS2_PLACEMENT_3D('',#3408,#1673,#1674);
#1348=AXIS2_PLACEMENT_3D('',#3409,#1675,#1676);
#1349=AXIS2_PLACEMENT_3D('',#3410,#1677,#1678);
#1350=AXIS2_PLACEMENT_3D('',#3411,#1679,#1680);
#1351=AXIS2_PLACEMENT_3D('',#3412,#1681,#1682);
#1352=AXIS2_PLACEMENT_3D('',#3413,#1683,#1684);
#1353=AXIS2_PLACEMENT_3D('',#3414,#1685,#1686);
#1354=DIRECTION('axis',(0.,0.,1.));
#1355=DIRECTION('refdir',(1.,0.,0.));
#1356=DIRECTION('center_axis',(-1.,1.22464679914735E-16,0.));
#1357=DIRECTION('ref_axis',(0.,0.707106781186571,0.707106781186524));
#1358=DIRECTION('',(-1.,1.22464679914735E-16,0.));
#1359=DIRECTION('center_axis',(-1.,-4.50553655375668E-16,0.));
#1360=DIRECTION('ref_axis',(0.,0.707106781186571,0.707106781186524));
#1361=DIRECTION('',(1.,-1.22464679914735E-16,0.));
#1362=DIRECTION('center_axis',(0.,0.,1.));
#1363=DIRECTION('ref_axis',(1.,-1.22464679914735E-16,0.));
#1364=DIRECTION('',(0.,1.,0.));
#1365=DIRECTION('',(-1.,0.,0.));
#1366=DIRECTION('',(0.,-1.,0.));
#1367=DIRECTION('',(1.,-1.04583832131574E-31,0.));
#1368=DIRECTION('',(0.,-1.,0.));
#1369=DIRECTION('center_axis',(0.,0.,-1.));
#1370=DIRECTION('ref_axis',(1.,0.,0.));
#1371=DIRECTION('center_axis',(0.,0.,-1.));
#1372=DIRECTION('ref_axis',(-1.,1.22464679914735E-16,0.));
#1373=DIRECTION('center_axis',(0.,0.,-1.));
#1374=DIRECTION('ref_axis',(-1.,1.22464679914735E-16,0.));
#1375=DIRECTION('center_axis',(0.,0.,-1.));
#1376=DIRECTION('ref_axis',(-1.,1.22464679914735E-16,0.));
#1377=DIRECTION('center_axis',(0.,0.,-1.));
#1378=DIRECTION('ref_axis',(-1.,1.22464679914735E-16,0.));
#1379=DIRECTION('center_axis',(0.,0.,-1.));
#1380=DIRECTION('ref_axis',(-1.,1.22464679914735E-16,0.));
#1381=DIRECTION('center_axis',(0.,0.,-1.));
#1382=DIRECTION('ref_axis',(-1.,1.22464679914735E-16,0.));
#1383=DIRECTION('center_axis',(0.,0.,-1.));
#1384=DIRECTION('ref_axis',(-1.,1.22464679914735E-16,0.));
#1385=DIRECTION('center_axis',(0.,0.,-1.));
#1386=DIRECTION('ref_axis',(-1.,1.22464679914735E-16,0.));
#1387=DIRECTION('center_axis',(0.,0.,-1.));
#1388=DIRECTION('ref_axis',(-1.,1.22464679914735E-16,0.));
#1389=DIRECTION('center_axis',(0.,0.,1.));
#1390=DIRECTION('ref_axis',(1.,0.,0.));
#1391=DIRECTION('center_axis',(0.,0.,1.));
#1392=DIRECTION('ref_axis',(1.,0.,0.));
#1393=DIRECTION('center_axis',(0.,0.,1.));
#1394=DIRECTION('ref_axis',(1.,0.,0.));
#1395=DIRECTION('center_axis',(0.,0.,1.));
#1396=DIRECTION('ref_axis',(1.,0.,0.));
#1397=DIRECTION('center_axis',(0.,-1.,0.));
#1398=DIRECTION('ref_axis',(-1.,0.,0.));
#1399=DIRECTION('center_axis',(0.,0.,-1.));
#1400=DIRECTION('ref_axis',(1.,0.,0.));
#1401=DIRECTION('center_axis',(0.,0.,-1.));
#1402=DIRECTION('ref_axis',(1.,0.,0.));
#1403=DIRECTION('',(0.,0.,1.));
#1404=DIRECTION('center_axis',(0.,0.,1.));
#1405=DIRECTION('ref_axis',(-0.707106781186548,0.707106781186548,0.));
#1406=DIRECTION('center_axis',(0.,0.,1.));
#1407=DIRECTION('ref_axis',(0.,1.,0.));
#1408=DIRECTION('',(0.,0.,-1.));
#1409=DIRECTION('center_axis',(0.615592549258915,0.,-0.788064599697836));
#1410=DIRECTION('ref_axis',(-0.788064599697836,0.,-0.615592549258915));
#1411=DIRECTION('',(0.,0.,1.));
#1412=DIRECTION('center_axis',(0.,1.,0.));
#1413=DIRECTION('ref_axis',(0.,0.,1.));
#1414=DIRECTION('center_axis',(1.,0.,-1.55431223447522E-13));
#1415=DIRECTION('ref_axis',(0.,1.,0.));
#1416=DIRECTION('center_axis',(0.,-1.,0.));
#1417=DIRECTION('ref_axis',(-0.707106781186494,0.,0.707106781186601));
#1418=DIRECTION('center_axis',(0.,1.,0.));
#1419=DIRECTION('ref_axis',(-0.707106781186494,0.,0.707106781186601));
#1420=DIRECTION('center_axis',(1.,0.,0.));
#1421=DIRECTION('ref_axis',(0.,0.70710678118654,0.707106781186555));
#1422=DIRECTION('center_axis',(0.615592549258915,0.,-0.788064599697836));
#1423=DIRECTION('ref_axis',(0.788064599697836,0.,0.615592549258915));
#1424=DIRECTION('',(1.,0.,0.));
#1425=DIRECTION('center_axis',(0.,-1.,0.));
#1426=DIRECTION('ref_axis',(0.,0.,-1.));
#1427=DIRECTION('',(0.788064599697836,0.,0.615592549258915));
#1428=DIRECTION('center_axis',(1.,1.29862079160547E-15,0.));
#1429=DIRECTION('ref_axis',(0.,-0.929435948972674,0.368983491171711));
#1430=DIRECTION('center_axis',(1.,4.50553655375668E-16,0.));
#1431=DIRECTION('ref_axis',(0.,-0.929435948972674,0.368983491171711));
#1432=DIRECTION('',(-1.,-1.29862079160547E-15,0.));
#1433=DIRECTION('center_axis',(-1.,-4.50553655375668E-16,0.));
#1434=DIRECTION('ref_axis',(0.,-0.929435948972674,0.368983491171711));
#1435=DIRECTION('',(-1.,0.,0.));
#1436=DIRECTION('',(1.,0.,0.));
#1437=DIRECTION('',(-0.157802186745252,0.148238417851601,-0.976280616078836));
#1438=DIRECTION('center_axis',(0.,0.,1.));
#1439=DIRECTION('ref_axis',(-1.,1.22464679914735E-16,0.));
#1440=DIRECTION('',(0.157802186745252,0.148238417851602,-0.976280616078835));
#1441=DIRECTION('center_axis',(0.615592549258915,0.,-0.788064599697836));
#1442=DIRECTION('ref_axis',(0.788064599697836,0.,0.615592549258915));
#1443=DIRECTION('',(-0.788064599697836,0.,-0.615592549258915));
#1444=DIRECTION('',(0.,-1.,0.));
#1445=DIRECTION('',(0.,1.,0.));
#1446=DIRECTION('center_axis',(-4.50553655375668E-16,1.,0.));
#1447=DIRECTION('ref_axis',(-0.707106781186548,0.,0.707106781186548));
#1448=DIRECTION('center_axis',(-1.22464679914735E-16,-1.,0.));
#1449=DIRECTION('ref_axis',(-0.707106781186548,0.,0.707106781186548));
#1450=DIRECTION('',(-4.50553655375668E-16,1.,0.));
#1451=DIRECTION('center_axis',(1.,4.50553655375668E-16,0.));
#1452=DIRECTION('ref_axis',(-4.50553655375668E-16,1.,0.));
#1453=DIRECTION('',(0.,-1.,0.));
#1454=DIRECTION('',(0.,-1.,0.));
#1455=DIRECTION('',(0.,8.62816615085481E-31,1.));
#1456=DIRECTION('',(0.,0.,-1.));
#1457=DIRECTION('center_axis',(0.,1.,0.));
#1458=DIRECTION('ref_axis',(-1.,0.,0.));
#1459=DIRECTION('',(0.,0.,1.));
#1460=DIRECTION('center_axis',(-2.73319112439112E-29,-1.86902433982873E-29,
-1.));
#1461=DIRECTION('ref_axis',(-1.,0.,0.));
#1462=DIRECTION('center_axis',(-2.73319112439112E-29,-1.86902433982873E-29,
-1.));
#1463=DIRECTION('ref_axis',(1.,1.22158453583576E-30,-2.73319112439112E-29));
#1464=DIRECTION('center_axis',(0.,-1.,1.86902433982873E-29));
#1465=DIRECTION('ref_axis',(1.,0.,0.));
#1466=DIRECTION('center_axis',(2.73319112439112E-29,1.86902433982873E-29,
1.));
#1467=DIRECTION('ref_axis',(1.,1.22158453583576E-30,0.));
#1468=DIRECTION('center_axis',(2.73319112439112E-29,1.86902433982873E-29,
1.));
#1469=DIRECTION('ref_axis',(1.,1.22158453583576E-30,0.));
#1470=DIRECTION('center_axis',(0.,0.,-1.));
#1471=DIRECTION('ref_axis',(1.,-1.22464679914735E-16,0.));
#1472=DIRECTION('center_axis',(-3.6442548325215E-29,-2.5243965109375E-29,
-1.));
#1473=DIRECTION('ref_axis',(1.,-1.22464679914735E-16,0.));
#1474=DIRECTION('',(0.,0.,-1.));
#1475=DIRECTION('',(0.,0.,-1.));
#1476=DIRECTION('',(0.,0.,-1.));
#1477=DIRECTION('center_axis',(2.73319112439112E-29,1.86902433982873E-29,
1.));
#1478=DIRECTION('ref_axis',(1.,-1.22464679914735E-16,-2.73319112439112E-29));
#1479=DIRECTION('center_axis',(-1.,1.22464679914735E-16,0.));
#1480=DIRECTION('ref_axis',(0.,-0.707106781186547,-0.707106781186547));
#1481=DIRECTION('center_axis',(1.,4.50553655375668E-16,0.));
#1482=DIRECTION('ref_axis',(0.,-0.707106781186547,-0.707106781186547));
#1483=DIRECTION('',(1.,-1.22464679914735E-16,0.));
#1484=DIRECTION('center_axis',(-1.,-4.50553655375668E-16,0.));
#1485=DIRECTION('ref_axis',(0.,-0.707106781186547,-0.707106781186547));
#1486=DIRECTION('',(-1.,1.22464679914735E-16,0.));
#1487=DIRECTION('center_axis',(1.,4.50553655375668E-16,0.));
#1488=DIRECTION('ref_axis',(4.50553655375668E-16,-1.,0.));
#1489=DIRECTION('',(0.,0.,-1.));
#1490=DIRECTION('',(4.50553655375668E-16,-1.,0.));
#1491=DIRECTION('center_axis',(-1.,-4.50553655375668E-16,0.));
#1492=DIRECTION('ref_axis',(0.,0.707106781186547,-0.707106781186547));
#1493=DIRECTION('center_axis',(-1.,-4.50553655375668E-16,0.));
#1494=DIRECTION('ref_axis',(-1.22464679914735E-16,-1.,0.));
#1495=DIRECTION('center_axis',(-1.,-4.50553655375668E-16,0.));
#1496=DIRECTION('ref_axis',(-1.22464679914735E-16,-1.,0.));
#1497=DIRECTION('center_axis',(0.,0.,-1.));
#1498=DIRECTION('ref_axis',(1.,-1.22464679914735E-16,0.));
#1499=DIRECTION('',(1.22464679914735E-16,1.,0.));
#1500=DIRECTION('',(-1.,-1.29862079160547E-15,0.));
#1501=DIRECTION('center_axis',(1.,1.29862079160547E-15,0.));
#1502=DIRECTION('ref_axis',(0.,0.707106781186547,-0.707106781186547));
#1503=DIRECTION('center_axis',(1.,4.50553655375668E-16,0.));
#1504=DIRECTION('ref_axis',(0.,0.707106781186547,-0.707106781186547));
#1505=DIRECTION('',(-0.681748532488007,-0.695615525594989,0.226578858240693));
#1506=DIRECTION('center_axis',(0.,0.,1.));
#1507=DIRECTION('ref_axis',(-1.,1.22464679914735E-16,0.));
#1508=DIRECTION('',(0.157802186745253,-0.1482384178516,-0.976280616078836));
#1509=DIRECTION('center_axis',(1.,-1.22464679914735E-16,0.));
#1510=DIRECTION('ref_axis',(-1.22464679914735E-16,-1.,0.));
#1511=DIRECTION('',(1.,-1.22464679914735E-16,0.));
#1512=DIRECTION('',(-0.706234171872437,-0.694734133723877,0.13630032251828));
#1513=DIRECTION('center_axis',(1.,-1.22464679914735E-16,0.));
#1514=DIRECTION('ref_axis',(-1.22464679914735E-16,-1.,0.));
#1515=DIRECTION('',(1.,-1.22464679914735E-16,0.));
#1516=DIRECTION('',(0.681739867918369,-0.695651334108383,0.226494975317051));
#1517=DIRECTION('center_axis',(0.,0.,1.));
#1518=DIRECTION('ref_axis',(-1.,1.22464679914735E-16,0.));
#1519=DIRECTION('',(0.,1.,0.));
#1520=DIRECTION('',(-0.157802186745252,-0.1482384178516,-0.976280616078836));
#1521=DIRECTION('center_axis',(1.,-1.22464679914735E-16,0.));
#1522=DIRECTION('ref_axis',(-1.22464679914735E-16,-1.,0.));
#1523=DIRECTION('',(1.,-1.22464679914735E-16,0.));
#1524=DIRECTION('',(0.706230623643019,-0.694749462506966,0.136240561416467));
#1525=DIRECTION('center_axis',(1.,-1.22464679914735E-16,0.));
#1526=DIRECTION('ref_axis',(-1.22464679914735E-16,-1.,0.));
#1527=DIRECTION('',(1.,-1.22464679914735E-16,0.));
#1528=DIRECTION('center_axis',(0.,0.,1.));
#1529=DIRECTION('ref_axis',(1.,0.,0.));
#1530=DIRECTION('',(0.,0.,1.));
#1531=DIRECTION('center_axis',(0.,0.,-1.));
#1532=DIRECTION('ref_axis',(1.,0.,0.));
#1533=DIRECTION('center_axis',(0.,0.,-1.));
#1534=DIRECTION('ref_axis',(1.,0.,0.));
#1535=DIRECTION('center_axis',(0.,0.,1.));
#1536=DIRECTION('ref_axis',(1.,0.,0.));
#1537=DIRECTION('',(0.,0.,1.));
#1538=DIRECTION('center_axis',(0.,0.,-1.));
#1539=DIRECTION('ref_axis',(1.,0.,0.));
#1540=DIRECTION('center_axis',(0.,0.,-1.));
#1541=DIRECTION('ref_axis',(1.,0.,0.));
#1542=DIRECTION('center_axis',(0.,0.,-1.));
#1543=DIRECTION('ref_axis',(1.,0.,0.));
#1544=DIRECTION('center_axis',(0.,0.,1.));
#1545=DIRECTION('ref_axis',(-1.,0.,0.));
#1546=DIRECTION('',(0.,-1.,0.));
#1547=DIRECTION('',(-1.,0.,0.));
#1548=DIRECTION('center_axis',(0.,-1.,0.));
#1549=DIRECTION('ref_axis',(0.,0.,-1.));
#1550=DIRECTION('',(0.,0.,-1.));
#1551=DIRECTION('center_axis',(0.,0.,1.));
#1552=DIRECTION('ref_axis',(-1.,0.,0.));
#1553=DIRECTION('center_axis',(0.,0.,1.));
#1554=DIRECTION('ref_axis',(-1.,1.22464679914735E-16,0.));
#1555=DIRECTION('center_axis',(0.,1.,0.));
#1556=DIRECTION('ref_axis',(1.,0.,0.));
#1557=DIRECTION('center_axis',(0.,0.,-1.));
#1558=DIRECTION('ref_axis',(-1.,1.22464679914735E-16,0.));
#1559=DIRECTION('center_axis',(0.,0.,-1.));
#1560=DIRECTION('ref_axis',(-1.,1.22464679914735E-16,0.));
#1561=DIRECTION('',(0.,0.,1.));
#1562=DIRECTION('center_axis',(0.,0.,1.));
#1563=DIRECTION('ref_axis',(-1.,0.,0.));
#1564=DIRECTION('center_axis',(0.,0.,1.));
#1565=DIRECTION('ref_axis',(-1.,1.22464679914735E-16,0.));
#1566=DIRECTION('center_axis',(0.,1.,0.));
#1567=DIRECTION('ref_axis',(1.,0.,0.));
#1568=DIRECTION('center_axis',(0.,0.,-1.));
#1569=DIRECTION('ref_axis',(-1.,1.22464679914735E-16,0.));
#1570=DIRECTION('center_axis',(0.,0.,-1.));
#1571=DIRECTION('ref_axis',(-1.,1.22464679914735E-16,0.));
#1572=DIRECTION('',(0.,0.,1.));
#1573=DIRECTION('center_axis',(0.,0.,1.));
#1574=DIRECTION('ref_axis',(-1.,0.,0.));
#1575=DIRECTION('center_axis',(0.,0.,1.));
#1576=DIRECTION('ref_axis',(-1.,1.22464679914735E-16,0.));
#1577=DIRECTION('center_axis',(0.,1.,0.));
#1578=DIRECTION('ref_axis',(1.,0.,0.));
#1579=DIRECTION('center_axis',(0.,0.,-1.));
#1580=DIRECTION('ref_axis',(-1.,1.22464679914735E-16,0.));
#1581=DIRECTION('center_axis',(0.,0.,-1.));
#1582=DIRECTION('ref_axis',(-1.,1.22464679914735E-16,0.));
#1583=DIRECTION('',(0.,0.,1.));
#1584=DIRECTION('center_axis',(0.,0.,1.));
#1585=DIRECTION('ref_axis',(-1.,0.,0.));
#1586=DIRECTION('center_axis',(0.,0.,1.));
#1587=DIRECTION('ref_axis',(-1.,1.22464679914735E-16,0.));
#1588=DIRECTION('center_axis',(0.,1.,0.));
#1589=DIRECTION('ref_axis',(1.,0.,0.));
#1590=DIRECTION('center_axis',(0.,0.,-1.));
#1591=DIRECTION('ref_axis',(-1.,1.22464679914735E-16,0.));
#1592=DIRECTION('center_axis',(0.,0.,-1.));
#1593=DIRECTION('ref_axis',(-1.,1.22464679914735E-16,0.));
#1594=DIRECTION('',(0.,0.,1.));
#1595=DIRECTION('center_axis',(0.,0.,1.));
#1596=DIRECTION('ref_axis',(-1.,0.,0.));
#1597=DIRECTION('center_axis',(0.,0.,1.));
#1598=DIRECTION('ref_axis',(-1.,1.22464679914735E-16,0.));
#1599=DIRECTION('center_axis',(0.,1.,0.));
#1600=DIRECTION('ref_axis',(1.,0.,0.));
#1601=DIRECTION('center_axis',(0.,0.,-1.));
#1602=DIRECTION('ref_axis',(-1.,1.22464679914735E-16,0.));
#1603=DIRECTION('center_axis',(0.,0.,-1.));
#1604=DIRECTION('ref_axis',(-1.,1.22464679914735E-16,0.));
#1605=DIRECTION('',(0.,0.,1.));
#1606=DIRECTION('center_axis',(0.,0.,1.));
#1607=DIRECTION('ref_axis',(-1.,0.,0.));
#1608=DIRECTION('center_axis',(0.,0.,1.));
#1609=DIRECTION('ref_axis',(-1.,1.22464679914735E-16,0.));
#1610=DIRECTION('center_axis',(0.,1.,0.));
#1611=DIRECTION('ref_axis',(1.,0.,0.));
#1612=DIRECTION('center_axis',(0.,0.,-1.));
#1613=DIRECTION('ref_axis',(-1.,1.22464679914735E-16,0.));
#1614=DIRECTION('center_axis',(0.,0.,-1.));
#1615=DIRECTION('ref_axis',(-1.,1.22464679914735E-16,0.));
#1616=DIRECTION('',(0.,0.,1.));
#1617=DIRECTION('center_axis',(0.,0.,1.));
#1618=DIRECTION('ref_axis',(-1.,0.,0.));
#1619=DIRECTION('center_axis',(0.,0.,1.));
#1620=DIRECTION('ref_axis',(-1.,1.22464679914735E-16,0.));
#1621=DIRECTION('center_axis',(0.,1.,0.));
#1622=DIRECTION('ref_axis',(1.,0.,0.));
#1623=DIRECTION('center_axis',(0.,0.,-1.));
#1624=DIRECTION('ref_axis',(-1.,1.22464679914735E-16,0.));
#1625=DIRECTION('center_axis',(0.,0.,-1.));
#1626=DIRECTION('ref_axis',(-1.,1.22464679914735E-16,0.));
#1627=DIRECTION('',(0.,0.,1.));
#1628=DIRECTION('center_axis',(0.,0.,1.));
#1629=DIRECTION('ref_axis',(-1.,0.,0.));
#1630=DIRECTION('center_axis',(0.,0.,1.));
#1631=DIRECTION('ref_axis',(-1.,1.22464679914735E-16,0.));
#1632=DIRECTION('center_axis',(0.,1.,0.));
#1633=DIRECTION('ref_axis',(1.,0.,0.));
#1634=DIRECTION('center_axis',(0.,0.,-1.));
#1635=DIRECTION('ref_axis',(-1.,1.22464679914735E-16,0.));
#1636=DIRECTION('center_axis',(0.,0.,-1.));
#1637=DIRECTION('ref_axis',(-1.,1.22464679914735E-16,0.));
#1638=DIRECTION('',(0.,0.,1.));
#1639=DIRECTION('center_axis',(0.,0.,1.));
#1640=DIRECTION('ref_axis',(-1.,0.,0.));
#1641=DIRECTION('center_axis',(0.,0.,1.));
#1642=DIRECTION('ref_axis',(-1.,1.22464679914735E-16,0.));
#1643=DIRECTION('center_axis',(0.,1.,0.));
#1644=DIRECTION('ref_axis',(1.,0.,0.));
#1645=DIRECTION('center_axis',(0.,0.,-1.));
#1646=DIRECTION('ref_axis',(-1.,1.22464679914735E-16,0.));
#1647=DIRECTION('center_axis',(0.,0.,-1.));
#1648=DIRECTION('ref_axis',(-1.,1.22464679914735E-16,0.));
#1649=DIRECTION('',(0.,0.,1.));
#1650=DIRECTION('center_axis',(3.6442548325215E-29,2.5243965109375E-29,
1.));
#1651=DIRECTION('ref_axis',(-1.,1.22464679914735E-16,3.6442548325215E-29));
#1652=DIRECTION('center_axis',(0.,0.,1.));
#1653=DIRECTION('ref_axis',(-1.,1.22464679914735E-16,0.));
#1654=DIRECTION('center_axis',(1.,-1.22464679914735E-16,0.));
#1655=DIRECTION('ref_axis',(-1.22464679914735E-16,-1.,0.));
#1656=DIRECTION('center_axis',(1.,4.50553655375668E-16,0.));
#1657=DIRECTION('ref_axis',(-1.22464679914735E-16,-1.,0.));
#1658=DIRECTION('',(1.,-1.22464679914735E-16,0.));
#1659=DIRECTION('center_axis',(1.,-1.22464679914735E-16,0.));
#1660=DIRECTION('ref_axis',(-1.22464679914735E-16,-1.,0.));
#1661=DIRECTION('center_axis',(1.,4.50553655375668E-16,0.));
#1662=DIRECTION('ref_axis',(-1.22464679914735E-16,-1.,0.));
#1663=DIRECTION('',(1.,-1.22464679914735E-16,0.));
#1664=DIRECTION('center_axis',(-1.,-4.50553655375668E-16,0.));
#1665=DIRECTION('ref_axis',(4.50553655375668E-16,-1.,0.));
#1666=DIRECTION('',(0.,0.,-1.));
#1667=DIRECTION('center_axis',(-1.22464679914735E-16,-1.,0.));
#1668=DIRECTION('ref_axis',(1.,-1.22464679914735E-16,0.));
#1669=DIRECTION('center_axis',(0.,0.,1.));
#1670=DIRECTION('ref_axis',(-1.,1.22464679914735E-16,0.));
#1671=DIRECTION('center_axis',(0.,0.,1.));
#1672=DIRECTION('ref_axis',(-1.,1.22464679914735E-16,0.));
#1673=DIRECTION('center_axis',(0.,0.,1.));
#1674=DIRECTION('ref_axis',(-1.,1.22464679914735E-16,0.));
#1675=DIRECTION('center_axis',(0.,0.,1.));
#1676=DIRECTION('ref_axis',(-1.,1.22464679914735E-16,0.));
#1677=DIRECTION('center_axis',(0.,0.,1.));
#1678=DIRECTION('ref_axis',(-1.,1.22464679914735E-16,0.));
#1679=DIRECTION('center_axis',(0.,0.,1.));
#1680=DIRECTION('ref_axis',(-1.,1.22464679914735E-16,0.));
#1681=DIRECTION('center_axis',(0.,0.,1.));
#1682=DIRECTION('ref_axis',(-1.,1.22464679914735E-16,0.));
#1683=DIRECTION('center_axis',(0.,0.,1.));
#1684=DIRECTION('ref_axis',(-1.,1.22464679914735E-16,0.));
#1685=DIRECTION('center_axis',(0.,0.,1.));
#1686=DIRECTION('ref_axis',(-1.,1.22464679914735E-16,0.));
#1687=CARTESIAN_POINT('',(0.,0.,0.));
#1688=CARTESIAN_POINT('Origin',(101.061458359827,198.356553368104,63.2));
#1689=CARTESIAN_POINT('',(90.5114583598265,199.156553368104,63.2));
#1690=CARTESIAN_POINT('',(92.1114583598265,198.356553368104,64.));
#1691=CARTESIAN_POINT('Ctrl Pts',(90.5114583598265,199.156553368104,63.2));
#1692=CARTESIAN_POINT('Ctrl Pts',(90.5985250217461,199.156553368104,63.3160888825595));
#1693=CARTESIAN_POINT('Ctrl Pts',(90.7042524226792,199.130368747578,63.4290756764068));
#1694=CARTESIAN_POINT('Ctrl Pts',(90.9330803770738,199.043862533408,63.6229328086986));
#1695=CARTESIAN_POINT('Ctrl Pts',(91.0561632160878,198.983927779989,63.7039964380139));
#1696=CARTESIAN_POINT('Ctrl Pts',(91.456566196958,198.7709150097,63.917009208303));
#1697=CARTESIAN_POINT('Ctrl Pts',(91.810617945186,198.546821552603,64.));
#1698=CARTESIAN_POINT('Ctrl Pts',(92.1114583598265,198.356553368104,64.));
#1699=CARTESIAN_POINT('',(86.8114583598265,198.356553368104,64.));
#1700=CARTESIAN_POINT('',(101.061458359827,198.356553368104,64.));
#1701=CARTESIAN_POINT('',(86.8114583598265,199.156553368104,63.2));
#1702=CARTESIAN_POINT('Origin',(86.8114583598265,198.356553368104,63.2));
#1703=CARTESIAN_POINT('',(101.061458359827,199.156553368104,63.2));
#1704=CARTESIAN_POINT('Origin',(107.311458359827,214.656553368104,64.));
#1705=CARTESIAN_POINT('',(92.1114583598268,231.156553368104,64.));
#1706=CARTESIAN_POINT('',(92.1114583598268,230.156553368104,64.));
#1707=CARTESIAN_POINT('',(119.811458359827,231.156553368104,64.));
#1708=CARTESIAN_POINT('',(105.311458359827,231.156553368104,64.));
#1709=CARTESIAN_POINT('',(119.811458359827,172.156553368104,64.));
#1710=CARTESIAN_POINT('',(119.811458359827,199.156553368104,64.));
#1711=CARTESIAN_POINT('',(86.8114583598265,172.156553368104,64.));
#1712=CARTESIAN_POINT('',(119.811458359827,172.156553368104,64.));
#1713=CARTESIAN_POINT('',(86.8114583598265,199.156553368104,64.));
#1714=CARTESIAN_POINT('',(102.611458359826,198.856553368104,64.));
#1715=CARTESIAN_POINT('Origin',(107.311458359826,198.856553368104,64.));
#1716=CARTESIAN_POINT('',(117.611458359827,214.656553368104,64.));
#1717=CARTESIAN_POINT('Origin',(115.211458359827,214.656553368104,64.));
#1718=CARTESIAN_POINT('',(101.811458359827,214.656553368104,64.));
#1719=CARTESIAN_POINT('Origin',(99.4114583598265,214.656553368104,64.));
#1720=CARTESIAN_POINT('',(109.711458359827,222.556553368104,64.));
#1721=CARTESIAN_POINT('Origin',(107.311458359827,222.556553368104,64.));
#1722=CARTESIAN_POINT('',(115.2976019312,220.242696939478,64.));
#1723=CARTESIAN_POINT('Origin',(112.8976019312,220.242696939478,64.));
#1724=CARTESIAN_POINT('',(109.711458359827,206.756553368104,64.));
#1725=CARTESIAN_POINT('Origin',(107.311458359827,206.756553368104,64.));
#1726=CARTESIAN_POINT('',(115.2976019312,209.07040979673,64.));
#1727=CARTESIAN_POINT('Origin',(112.8976019312,209.07040979673,64.));
#1728=CARTESIAN_POINT('',(111.811458359827,214.656553368104,64.));
#1729=CARTESIAN_POINT('Origin',(107.311458359827,214.656553368104,64.));
#1730=CARTESIAN_POINT('',(104.125314788453,220.242696939478,64.));
#1731=CARTESIAN_POINT('Origin',(101.725314788453,220.242696939478,64.));
#1732=CARTESIAN_POINT('',(104.125314788453,209.07040979673,64.));
#1733=CARTESIAN_POINT('Origin',(101.725314788453,209.07040979673,64.));
#1734=CARTESIAN_POINT('',(97.3114583598264,183.056553368104,64.));
#1735=CARTESIAN_POINT('Origin',(99.4114583598264,183.056553368104,64.));
#1736=CARTESIAN_POINT('',(113.111458359826,183.056553368104,64.));
#1737=CARTESIAN_POINT('Origin',(115.211458359826,183.056553368104,64.));
#1738=CARTESIAN_POINT('Origin',(107.311458359826,198.856553368104,63.2));
#1739=CARTESIAN_POINT('',(103.411458359826,198.856553368104,63.2));
#1740=CARTESIAN_POINT('Origin',(107.311458359826,198.856553368104,63.2));
#1741=CARTESIAN_POINT('Origin',(102.611458359826,198.856553368104,63.2));
#1742=CARTESIAN_POINT('Origin',(107.311458359826,198.856553368104,64.));
#1743=CARTESIAN_POINT('',(103.411458359826,198.856553368104,59.5));
#1744=CARTESIAN_POINT('Origin',(107.311458359826,198.856553368104,59.5));
#1745=CARTESIAN_POINT('',(103.411458359826,198.856553368104,64.));
#1746=CARTESIAN_POINT('Origin',(90.9114583598265,231.156553368104,59.2));
#1747=CARTESIAN_POINT('',(90.9114583598265,231.956553368104,62.));
#1748=CARTESIAN_POINT('',(90.1114583598265,231.156553368104,62.));
#1749=CARTESIAN_POINT('Origin',(90.9114583598265,231.156553368104,62.));
#1750=CARTESIAN_POINT('',(90.1114583598265,231.156553368104,40.7999999999998));
#1751=CARTESIAN_POINT('',(90.1114583598265,231.156553368104,59.2));
#1752=CARTESIAN_POINT('',(90.9114583598265,231.956553368104,41.4249158249156));
#1753=CARTESIAN_POINT('Origin',(90.9114583598265,231.156553368104,41.4249158249156));
#1754=CARTESIAN_POINT('',(90.9114583598265,231.956553368104,59.2));
#1755=CARTESIAN_POINT('Origin',(92.1114583598265,231.156553368104,62.));
#1756=CARTESIAN_POINT('',(92.1114583598267,231.956553368104,63.2));
#1757=CARTESIAN_POINT('Origin',(92.1114583598267,231.156553368104,63.2));
#1758=CARTESIAN_POINT('Origin',(92.1114583598265,231.156553368104,62.));
#1759=CARTESIAN_POINT('Origin',(92.1114583598265,231.956553368104,62.));
#1760=CARTESIAN_POINT('Origin',(105.311458359827,231.156553368104,63.2));
#1761=CARTESIAN_POINT('',(118.787320428792,231.956553368104,63.2));
#1762=CARTESIAN_POINT('Origin',(118.787320428792,231.156553368104,63.2));
#1763=CARTESIAN_POINT('',(105.311458359827,231.956553368104,63.2));
#1764=CARTESIAN_POINT('Origin',(103.311458359827,231.956553368104,54.4));
#1765=CARTESIAN_POINT('',(119.811458359827,231.956553368104,64.));
#1766=CARTESIAN_POINT('Origin',(90.1114583598268,234.892760339066,34.9497667474725));
#1767=CARTESIAN_POINT('',(90.1114583598268,234.656553368104,40.8));
#1768=CARTESIAN_POINT('',(90.1114583598265,229.450912857831,37.1101650882829));
#1769=CARTESIAN_POINT('Origin',(90.1114583598265,234.892760339066,34.9497667474725));
#1770=CARTESIAN_POINT('',(86.8114583598265,229.450912857831,37.1101650882829));
#1771=CARTESIAN_POINT('',(90.1114583598268,229.450912857831,37.1101650882829));
#1772=CARTESIAN_POINT('',(86.8114583598268,234.656553368104,40.8));
#1773=CARTESIAN_POINT('Origin',(86.8114583598265,234.892760339066,34.9497667474725));
#1774=CARTESIAN_POINT('',(90.1114583598268,234.656553368104,40.8));
#1775=CARTESIAN_POINT('Ctrl Pts',(86.80358071762,234.656553368104,68.));
#1776=CARTESIAN_POINT('Ctrl Pts',(91.5154889895041,234.656553368104,68.));
#1777=CARTESIAN_POINT('Ctrl Pts',(102.525013884505,234.656553368104,68.));
#1778=CARTESIAN_POINT('Ctrl Pts',(113.539701864256,234.656553368104,68.));
#1779=CARTESIAN_POINT('Ctrl Pts',(119.822243812795,234.656553368104,68.));
#1780=CARTESIAN_POINT('Ctrl Pts',(86.8919569565534,233.108487812047,68.3402628995976));
#1781=CARTESIAN_POINT('Ctrl Pts',(91.588929580341,233.109248301816,68.4008789151257));
#1782=CARTESIAN_POINT('Ctrl Pts',(102.532677027462,233.126023472763,68.5018708019486));
#1783=CARTESIAN_POINT('Ctrl Pts',(113.471223787069,233.109497837397,68.4210555207342));
#1784=CARTESIAN_POINT('Ctrl Pts',(119.733858369694,233.108487102978,68.3402254656168));
#1785=CARTESIAN_POINT('Ctrl Pts',(87.0460471177661,230.620637784615,69.8949175321066));
#1786=CARTESIAN_POINT('Ctrl Pts',(91.7170169689136,230.663252510133,70.0672288389751));
#1787=CARTESIAN_POINT('Ctrl Pts',(102.54609396427,230.775280059899,70.3380211674415));
#1788=CARTESIAN_POINT('Ctrl Pts',(113.35177606501,230.677428020887,70.1245879481235));
#1789=CARTESIAN_POINT('Ctrl Pts',(119.579752150621,230.620611514727,69.8948111828945));
#1790=CARTESIAN_POINT('Ctrl Pts',(87.1408531616173,229.456360701278,72.5184467912414));
#1791=CARTESIAN_POINT('Ctrl Pts',(91.7950089366788,229.604909273032,72.7618626922853));
#1792=CARTESIAN_POINT('Ctrl Pts',(102.554047058278,229.898815087007,73.1164018796914));
#1793=CARTESIAN_POINT('Ctrl Pts',(113.279371560261,229.654344429205,72.8428976180583));
#1794=CARTESIAN_POINT('Ctrl Pts',(119.48493574259,229.456269021959,72.5182966237795));
#1795=CARTESIAN_POINT('Ctrl Pts',(87.1654499976918,229.262846876593,73.6929686040893));
#1796=CARTESIAN_POINT('Ctrl Pts',(91.814957053107,229.463622875415,73.9533888559824));
#1797=CARTESIAN_POINT('Ctrl Pts',(102.556026313158,229.841589517198,74.3212401946701));
#1798=CARTESIAN_POINT('Ctrl Pts',(113.260968548105,229.530443010274,74.0400872876996));
#1799=CARTESIAN_POINT('Ctrl Pts',(119.460336029989,229.262722969443,73.6928078814995));
#1800=CARTESIAN_POINT('',(119.811458359827,234.656553368104,68.));
#1801=CARTESIAN_POINT('',(118.886173520864,229.28734639817,73.7244938822594));
#1802=CARTESIAN_POINT('Ctrl Pts',(118.886173520864,229.28734639817,73.7244938822594));
#1803=CARTESIAN_POINT('Ctrl Pts',(118.975251571798,229.37102577935,73.1733914150632));
#1804=CARTESIAN_POINT('Ctrl Pts',(119.059326524985,229.521036518596,72.633738936252));
#1805=CARTESIAN_POINT('Ctrl Pts',(119.226961468685,229.969843243702,71.5490914185491));
#1806=CARTESIAN_POINT('Ctrl Pts',(119.308895260152,230.280053040907,71.0139862240249));
#1807=CARTESIAN_POINT('Ctrl Pts',(119.479881534477,231.129195945678,69.917778153319));
#1808=CARTESIAN_POINT('Ctrl Pts',(119.56459694393,231.699876863203,69.3910926626185));
#1809=CARTESIAN_POINT('Ctrl Pts',(119.714071212675,233.05048904222,68.5094189790785));
#1810=CARTESIAN_POINT('Ctrl Pts',(119.775245782438,233.833068464805,68.1810551269919));
#1811=CARTESIAN_POINT('Ctrl Pts',(119.811458359827,234.656553368104,68.));
#1812=CARTESIAN_POINT('',(86.8114583598268,234.656553368104,68.));
#1813=CARTESIAN_POINT('',(86.8114583598268,234.656553368104,68.));
#1814=CARTESIAN_POINT('',(87.7367431987887,229.28734639817,73.7244938822595));
#1815=CARTESIAN_POINT('Ctrl Pts',(86.8114583598265,234.656553368104,68.));
#1816=CARTESIAN_POINT('Ctrl Pts',(86.8379078451934,234.055084114322,68.1322417590036));
#1817=CARTESIAN_POINT('Ctrl Pts',(86.8778520311682,233.474435441787,68.3432752524792));
#1818=CARTESIAN_POINT('Ctrl Pts',(86.9792353701377,232.369827508736,68.9197002195692));
#1819=CARTESIAN_POINT('Ctrl Pts',(87.0407432569076,231.853152390712,69.2864943793336));
#1820=CARTESIAN_POINT('Ctrl Pts',(87.1969114853245,230.818160484052,70.2574179443218));
#1821=CARTESIAN_POINT('Ctrl Pts',(87.2947758898626,230.340106014906,70.8909559714813));
#1822=CARTESIAN_POINT('Ctrl Pts',(87.5056976613646,229.633476288191,72.2602564893583));
#1823=CARTESIAN_POINT('Ctrl Pts',(87.616616213671,229.400192959947,72.9812998273651));
#1824=CARTESIAN_POINT('Ctrl Pts',(87.7367431987887,229.28734639817,73.7244938822595));
#1825=CARTESIAN_POINT('Ctrl Pts',(87.7367458720512,229.287325215588,73.7244611923183));
#1826=CARTESIAN_POINT('Ctrl Pts',(92.1921778060345,229.476684762084,73.9661078560774));
#1827=CARTESIAN_POINT('Ctrl Pts',(102.55445503816,229.829668715831,74.3100121785668));
#1828=CARTESIAN_POINT('Ctrl Pts',(112.883104437105,229.541210925077,74.0498090097054));
#1829=CARTESIAN_POINT('Ctrl Pts',(118.886167802115,229.287267199145,73.7244501830532));
#1830=CARTESIAN_POINT('Ctrl Pts',(111.729653592512,222.564554950324,118.));
#1831=CARTESIAN_POINT('Ctrl Pts',(114.115160235296,224.805485432939,103.241497960753));
#1832=CARTESIAN_POINT('Ctrl Pts',(116.50066687808,227.046415915555,88.4829959215063));
#1833=CARTESIAN_POINT('Ctrl Pts',(118.886173520864,229.28734639817,73.7244938822594));
#1834=CARTESIAN_POINT('Ctrl Pts',(110.499563198033,223.874006015414,118.));
#1835=CARTESIAN_POINT('Ctrl Pts',(112.319827466545,225.728255287624,103.241497960753));
#1836=CARTESIAN_POINT('Ctrl Pts',(114.142044540481,227.583016018185,88.4829959215063));
#1837=CARTESIAN_POINT('Ctrl Pts',(115.962308808993,229.437265290395,73.7244938822594));
#1838=CARTESIAN_POINT('Ctrl Pts',(107.417161338327,225.907423983543,118.));
#1839=CARTESIAN_POINT('Ctrl Pts',(108.292566129772,227.161367716794,103.241497960753));
#1840=CARTESIAN_POINT('Ctrl Pts',(109.167936579546,228.416127331516,88.4829959215063));
#1841=CARTESIAN_POINT('Ctrl Pts',(110.043341370992,229.670071064767,73.7244938822594));
#1842=CARTESIAN_POINT('Ctrl Pts',(102.835197616376,226.442041532304,118.));
#1843=CARTESIAN_POINT('Ctrl Pts',(102.743890444504,227.537667167071,103.241497960753));
#1844=CARTESIAN_POINT('Ctrl Pts',(102.652480544175,228.635653727745,88.4829959215063));
#1845=CARTESIAN_POINT('Ctrl Pts',(102.561173372303,229.731279362512,73.7244938822594));
#1846=CARTESIAN_POINT('Ctrl Pts',(98.4347649921687,225.394597413227,118.));
#1847=CARTESIAN_POINT('Ctrl Pts',(97.3231229611375,226.800285402413,103.241497960753));
#1848=CARTESIAN_POINT('Ctrl Pts',(96.2114308778148,228.205669624292,88.4829959215063));
#1849=CARTESIAN_POINT('Ctrl Pts',(95.0997888467837,229.611357613479,73.7244938822594));
#1850=CARTESIAN_POINT('Ctrl Pts',(96.1233535216199,223.874006015414,118.));
#1851=CARTESIAN_POINT('Ctrl Pts',(94.3031110564593,225.726856507991,103.241497960753));
#1852=CARTESIAN_POINT('Ctrl Pts',(92.4808503758208,227.584414797818,88.4829959215063));
#1853=CARTESIAN_POINT('Ctrl Pts',(90.6606079106602,229.437265290395,73.7244938822594));
#1854=CARTESIAN_POINT('Ctrl Pts',(94.893263127141,222.564554950324,118.));
#1855=CARTESIAN_POINT('Ctrl Pts',(92.5077564843568,224.805485432939,103.241497960753));
#1856=CARTESIAN_POINT('Ctrl Pts',(90.1222498415727,227.046415915555,88.4829959215063));
#1857=CARTESIAN_POINT('Ctrl Pts',(87.7367431987886,229.28734639817,73.7244938822594));
#1858=CARTESIAN_POINT('',(94.893263127141,222.564554950324,118.));
#1859=CARTESIAN_POINT('',(94.893263127141,222.564554950324,118.));
#1860=CARTESIAN_POINT('',(111.729653592512,222.564554950324,118.));
#1861=CARTESIAN_POINT('Origin',(103.311458359827,214.656553368104,118.));
#1862=CARTESIAN_POINT('',(111.729653592512,222.564554950324,118.));
#1863=CARTESIAN_POINT('Origin',(90.1114583598268,234.656553368104,40.8));
#1864=CARTESIAN_POINT('',(119.811458359827,234.656553368104,64.));
#1865=CARTESIAN_POINT('',(119.811458359827,234.656553368104,64.));
#1866=CARTESIAN_POINT('',(119.811458359827,199.156553368104,64.));
#1867=CARTESIAN_POINT('',(90.1114583598268,230.156553368104,40.8));
#1868=CARTESIAN_POINT('Origin',(92.1114583598265,222.406553368104,62.));
#1869=CARTESIAN_POINT('',(90.1114583598265,199.156553368104,62.));
#1870=CARTESIAN_POINT('Origin',(92.1114583598265,199.156553368104,62.));
#1871=CARTESIAN_POINT('',(90.1114583598265,222.406553368104,62.));
#1872=CARTESIAN_POINT('Origin',(119.811458359827,199.156553368104,64.));
#1873=CARTESIAN_POINT('',(119.811458396052,184.702291449635,68.));
#1874=CARTESIAN_POINT('',(119.811458359827,199.156553368104,68.));
#1875=CARTESIAN_POINT('',(119.811458359827,172.156553368104,68.));
#1876=CARTESIAN_POINT('',(119.811458359827,199.156553368104,68.));
#1877=CARTESIAN_POINT('',(119.811458359827,172.156553368104,68.));
#1878=CARTESIAN_POINT('',(119.811458359827,234.656553368104,68.));
#1879=CARTESIAN_POINT('Origin',(103.311458359827,234.656553368104,54.4));
#1880=CARTESIAN_POINT('',(86.8114583598268,234.656553368104,40.8));
#1881=CARTESIAN_POINT('Ctrl Pts',(88.4355093790312,201.367806094096,81.9662696490086));
#1882=CARTESIAN_POINT('Ctrl Pts',(92.9379208843498,200.88364173816,82.9084887740478));
#1883=CARTESIAN_POINT('Ctrl Pts',(99.8929509155385,200.258526748168,83.863303229917));
#1884=CARTESIAN_POINT('Ctrl Pts',(109.495800994746,200.486672742461,83.5276276595083));
#1885=CARTESIAN_POINT('Ctrl Pts',(115.197154662307,201.046196630812,82.5923488993251));
#1886=CARTESIAN_POINT('Ctrl Pts',(118.199159536826,201.369069966654,81.9638096612888));
#1887=CARTESIAN_POINT('Ctrl Pts',(88.3774746614023,200.970010166715,79.7497184741192));
#1888=CARTESIAN_POINT('Ctrl Pts',(92.9059472951436,200.592030057167,80.5797401794723));
#1889=CARTESIAN_POINT('Ctrl Pts',(99.888513144132,200.096537904493,81.4346641586402));
#1890=CARTESIAN_POINT('Ctrl Pts',(109.5067999037,200.277746442488,81.1332563918317));
#1891=CARTESIAN_POINT('Ctrl Pts',(115.237878827112,200.718940302997,80.3012349282142));
#1892=CARTESIAN_POINT('Ctrl Pts',(118.257262290773,200.970997512751,79.7475519140755));
#1893=CARTESIAN_POINT('Ctrl Pts',(88.1324727969879,199.290657740326,75.4790169701401));
#1894=CARTESIAN_POINT('Ctrl Pts',(92.7242540813299,199.039399605729,76.047101172118));
#1895=CARTESIAN_POINT('Ctrl Pts',(99.8330762340214,198.708872227904,76.6475105701987));
#1896=CARTESIAN_POINT('Ctrl Pts',(109.609235349632,198.82988271231,76.4349281891679));
#1897=CARTESIAN_POINT('Ctrl Pts',(115.440864031248,199.123761675579,75.8564739250971));
#1898=CARTESIAN_POINT('Ctrl Pts',(118.502429336569,199.291313833307,75.4775336325543));
#1899=CARTESIAN_POINT('Ctrl Pts',(87.551774473302,195.310291545103,71.38068046424));
#1900=CARTESIAN_POINT('Ctrl Pts',(92.2421189200713,195.007087942071,71.6469954735032));
#1901=CARTESIAN_POINT('Ctrl Pts',(99.6613791004834,194.634639577212,71.9322545169659));
#1902=CARTESIAN_POINT('Ctrl Pts',(109.914022254289,194.769880510862,71.8310431961641));
#1903=CARTESIAN_POINT('Ctrl Pts',(115.956212776883,195.108869472645,71.5576270487298));
#1904=CARTESIAN_POINT('Ctrl Pts',(119.083384710896,195.311083710719,71.3799846010949));
#1905=CARTESIAN_POINT('Ctrl Pts',(86.8333670069383,190.386005255864,68.6832870182539));
#1906=CARTESIAN_POINT('Ctrl Pts',(91.6307484167087,189.915936627799,68.7395351065047));
#1907=CARTESIAN_POINT('Ctrl Pts',(99.4367951006764,189.362336291342,68.8005790742414));
#1908=CARTESIAN_POINT('Ctrl Pts',(110.30956267772,189.562292339348,68.7788675669497));
#1909=CARTESIAN_POINT('Ctrl Pts',(116.603680661873,190.073712495504,68.7206592347083));
#1910=CARTESIAN_POINT('Ctrl Pts',(119.802071280744,190.387232309357,68.6831402463544));
#1911=CARTESIAN_POINT('Ctrl Pts',(86.3459484900034,187.045020602388,68.));
#1912=CARTESIAN_POINT('Ctrl Pts',(91.2109182160147,186.427743577527,67.9993429818536));
#1913=CARTESIAN_POINT('Ctrl Pts',(99.2805801460083,185.707555811908,67.999062226658));
#1914=CARTESIAN_POINT('Ctrl Pts',(110.583952180684,185.96731996808,67.9991896203038));
#1915=CARTESIAN_POINT('Ctrl Pts',(117.046315178226,186.634924510582,67.9995618272903));
#1916=CARTESIAN_POINT('Ctrl Pts',(120.289665997978,187.046632898599,68.));
#1917=CARTESIAN_POINT('Ctrl Pts',(86.0207415383148,184.815906612982,68.));
#1918=CARTESIAN_POINT('Ctrl Pts',(90.9307574818743,184.099581057027,68.));
#1919=CARTESIAN_POINT('Ctrl Pts',(99.1760941859568,183.267536503166,68.));
#1920=CARTESIAN_POINT('Ctrl Pts',(110.767269792748,183.567492939159,68.));
#1921=CARTESIAN_POINT('Ctrl Pts',(117.341674763768,184.340002718951,68.));
#1922=CARTESIAN_POINT('Ctrl Pts',(120.614990403537,184.81777668031,68.));
#1923=CARTESIAN_POINT('',(117.53215433687,201.297717753306,82.1014543692933));
#1924=CARTESIAN_POINT('Ctrl Pts',(119.811458359827,184.702291449635,68.));
#1925=CARTESIAN_POINT('Ctrl Pts',(119.811458359623,185.837278156076,68.0000000006707));
#1926=CARTESIAN_POINT('Ctrl Pts',(119.77780444833,186.968683068608,68.1114928267342));
#1927=CARTESIAN_POINT('Ctrl Pts',(119.662914658324,189.249987893881,68.5696102028672));
#1928=CARTESIAN_POINT('Ctrl Pts',(119.579779045878,190.39047937058,68.926834247941));
#1929=CARTESIAN_POINT('Ctrl Pts',(119.305146359334,193.479428848636,70.2684124169597));
#1930=CARTESIAN_POINT('Ctrl Pts',(119.08684534289,195.286480169845,71.5150914548336));
#1931=CARTESIAN_POINT('Ctrl Pts',(118.647665145362,198.105074507615,74.4115391602571));
#1932=CARTESIAN_POINT('Ctrl Pts',(118.433003809298,199.17257465154,75.9608387059018));
#1933=CARTESIAN_POINT('Ctrl Pts',(117.994629923709,200.613859543121,79.0682622047731));
#1934=CARTESIAN_POINT('Ctrl Pts',(117.780274252042,201.064635408751,80.566401727493));
#1935=CARTESIAN_POINT('Ctrl Pts',(117.53215433687,201.297717753306,82.1014543692932));
#1936=CARTESIAN_POINT('',(89.090762382783,201.297717753306,82.1014543692933));
#1937=CARTESIAN_POINT('Ctrl Pts',(117.53211591015,201.297803324496,82.1013096766016));
#1938=CARTESIAN_POINT('Ctrl Pts',(114.773608383342,201.005194231379,82.6608508759842));
#1939=CARTESIAN_POINT('Ctrl Pts',(109.291834856012,200.481826883456,83.5347574646597));
#1940=CARTESIAN_POINT('Ctrl Pts',(100.0933203263,200.263287155554,83.8562991513679));
#1941=CARTESIAN_POINT('Ctrl Pts',(93.3441779094911,200.847792678548,82.963253221955));
#1942=CARTESIAN_POINT('Ctrl Pts',(89.0908202776111,201.297885311479,82.1012561891292));
#1943=CARTESIAN_POINT('',(86.8114583236011,184.702291449635,68.));
#1944=CARTESIAN_POINT('Ctrl Pts',(89.090762382783,201.297717753306,82.1014543692933));
#1945=CARTESIAN_POINT('Ctrl Pts',(88.9533037409496,201.16858993825,81.2510339137699));
#1946=CARTESIAN_POINT('Ctrl Pts',(88.8262688249801,200.972482065975,80.4107265028581));
#1947=CARTESIAN_POINT('Ctrl Pts',(88.5731812041484,200.422220204899,78.6814482896191));
#1948=CARTESIAN_POINT('Ctrl Pts',(88.4491334070134,200.055026678693,77.8001605361312));
#1949=CARTESIAN_POINT('Ctrl Pts',(88.0982537431646,198.749969985224,75.3022755258976));
#1950=CARTESIAN_POINT('Ctrl Pts',(87.887521910288,197.611663420279,73.805593189903));
#1951=CARTESIAN_POINT('Ctrl Pts',(87.4722892133519,194.76310749873,71.1389871662164));
#1952=CARTESIAN_POINT('Ctrl Pts',(87.2722008398069,193.034632069328,70.0314934088871));
#1953=CARTESIAN_POINT('Ctrl Pts',(86.9365658212043,189.104708780144,68.4246904792245));
#1954=CARTESIAN_POINT('Ctrl Pts',(86.811458360224,186.91578262185,68.000000001308));
#1955=CARTESIAN_POINT('Ctrl Pts',(86.8114583598265,184.702291449635,68.));
#1956=CARTESIAN_POINT('',(97.388896183589,183.620899766083,68.));
#1957=CARTESIAN_POINT('Ctrl Pts',(86.8114864015595,184.702490669849,68.));
#1958=CARTESIAN_POINT('Ctrl Pts',(90.3217704822502,184.207753632904,68.));
#1959=CARTESIAN_POINT('Ctrl Pts',(93.8503482562362,183.828171659975,68.));
#1960=CARTESIAN_POINT('Ctrl Pts',(97.3881357882719,183.621913098472,68.));
#1961=CARTESIAN_POINT('',(101.471815854923,183.464169232082,68.));
#1962=CARTESIAN_POINT('Ctrl Pts',(97.389222165328,183.621849766451,68.));
#1963=CARTESIAN_POINT('Ctrl Pts',(97.4173322286215,183.723214265707,67.9999652421761));
#1964=CARTESIAN_POINT('Ctrl Pts',(97.4529546067608,183.822058852045,68.0008887945951));
#1965=CARTESIAN_POINT('Ctrl Pts',(97.4956762153318,183.917597343563,68.0026248594991));
#1966=CARTESIAN_POINT('Ctrl Pts',(97.5404540600157,184.017734203518,68.0044444830394));
#1967=CARTESIAN_POINT('Ctrl Pts',(97.5930306261789,184.114239075831,68.0071564764987));
#1968=CARTESIAN_POINT('Ctrl Pts',(97.6529467742892,184.206215557585,68.0105376404018));
#1969=CARTESIAN_POINT('Ctrl Pts',(97.6856295903952,184.25638651373,68.0123819838978));
#1970=CARTESIAN_POINT('Ctrl Pts',(97.7204965692106,184.305210225398,68.0144245037971));
#1971=CARTESIAN_POINT('Ctrl Pts',(97.7574756699451,184.352542176086,68.0166231318006));
#1972=CARTESIAN_POINT('Ctrl Pts',(97.839117375741,184.457040693251,68.0214772179482));
#1973=CARTESIAN_POINT('Ctrl Pts',(97.9303122818861,184.553307804204,68.0270478529341));
#1974=CARTESIAN_POINT('Ctrl Pts',(98.0296951797958,184.640183123295,68.0328093263136));
#1975=CARTESIAN_POINT('Ctrl Pts',(98.1290780777056,184.727058442386,68.0385707996932));
#1976=CARTESIAN_POINT('Ctrl Pts',(98.2366489269524,184.80454257698,68.0445204142607));
#1977=CARTESIAN_POINT('Ctrl Pts',(98.3510966576437,184.871470257202,68.0501359267892));
#1978=CARTESIAN_POINT('Ctrl Pts',(98.4444521451361,184.926063442896,68.0547165235948));
#1979=CARTESIAN_POINT('Ctrl Pts',(98.541774419063,184.973277187635,68.0590429649948));
#1980=CARTESIAN_POINT('Ctrl Pts',(98.6421601567638,185.0127585096,68.0628712369027));
#1981=CARTESIAN_POINT('Ctrl Pts',(98.7425458944646,185.052239831565,68.0666995088107));
#1982=CARTESIAN_POINT('Ctrl Pts',(98.8459952922352,185.083988919664,68.0700288256827));
#1983=CARTESIAN_POINT('Ctrl Pts',(98.9516240779522,185.107639908711,68.0726650804277));
#1984=CARTESIAN_POINT('Ctrl Pts',(99.0521625867183,185.130151150827,68.0751742934133));
#1985=CARTESIAN_POINT('Ctrl Pts',(99.1542375772448,185.145231669703,68.0770444644534));
#1986=CARTESIAN_POINT('Ctrl Pts',(99.2570298485849,185.152755793848,68.0781798074409));
#1987=CARTESIAN_POINT('Ctrl Pts',(99.329633095024,185.158070160701,68.078981711958));
#1988=CARTESIAN_POINT('Ctrl Pts',(99.4024676484463,185.159605491096,68.0794168114949));
#1989=CARTESIAN_POINT('Ctrl Pts',(99.4752419018731,185.157355194522,68.079473895053));
#1990=CARTESIAN_POINT('Ctrl Pts',(99.5469938205291,185.155136510178,68.0795301766997));
#1991=CARTESIAN_POINT('Ctrl Pts',(99.6185848120319,185.149240975923,68.0792189398557));
#1992=CARTESIAN_POINT('Ctrl Pts',(99.6897362966619,185.139692179708,68.0785479172148));
#1993=CARTESIAN_POINT('Ctrl Pts',(99.7872013713141,185.126612000977,68.0776287336992));
#1994=CARTESIAN_POINT('Ctrl Pts',(99.8836193187,185.106706772535,68.0760346712076));
#1995=CARTESIAN_POINT('Ctrl Pts',(99.9782863066288,185.080126326132,68.0738399544413));
#1996=CARTESIAN_POINT('Ctrl Pts',(100.079553796157,185.051692601382,68.0714922146218));
#1997=CARTESIAN_POINT('Ctrl Pts',(100.178400820608,185.015735574097,68.0684668696061));
#1998=CARTESIAN_POINT('Ctrl Pts',(100.274028419234,184.972619494653,68.0649298586431));
#1999=CARTESIAN_POINT('Ctrl Pts',(100.356681009944,184.935353519992,68.0618727587718));
#2000=CARTESIAN_POINT('Ctrl Pts',(100.436928425462,184.892739177448,68.0584345798763));
#2001=CARTESIAN_POINT('Ctrl Pts',(100.514245074287,184.84500790854,68.0547519117886));
#2002=CARTESIAN_POINT('Ctrl Pts',(100.618409345105,184.780702317226,68.0497904650388));
#2003=CARTESIAN_POINT('Ctrl Pts',(100.716577607266,184.707527352198,68.0444180531529));
#2004=CARTESIAN_POINT('Ctrl Pts',(100.807711832623,184.626393347459,68.0390345098771));
#2005=CARTESIAN_POINT('Ctrl Pts',(100.826807453788,184.60939310181,68.0379064802865));
#2006=CARTESIAN_POINT('Ctrl Pts',(100.845594111021,184.592043441397,68.0367780779536));
#2007=CARTESIAN_POINT('Ctrl Pts',(100.864062028354,184.57435277915,68.0356531359731));
#2008=CARTESIAN_POINT('Ctrl Pts',(100.920512672765,184.520277960323,68.0322145403493));
#2009=CARTESIAN_POINT('Ctrl Pts',(100.973985746348,184.463016874853,68.0288081847029));
#2010=CARTESIAN_POINT('Ctrl Pts',(101.024197353829,184.402810807066,68.0255448589908));
#2011=CARTESIAN_POINT('Ctrl Pts',(101.098455305506,184.313772046974,68.0207187262459));
#2012=CARTESIAN_POINT('Ctrl Pts',(101.165146995947,184.218818506476,68.0162366717138));
#2013=CARTESIAN_POINT('Ctrl Pts',(101.223638673557,184.118939467005,68.0124311321748));
#2014=CARTESIAN_POINT('Ctrl Pts',(101.258643452873,184.059166113294,68.0101536787457));
#2015=CARTESIAN_POINT('Ctrl Pts',(101.290710780278,183.99762902593,68.0081179975517));
#2016=CARTESIAN_POINT('Ctrl Pts',(101.319699711448,183.934543565532,68.0063885397677));
#2017=CARTESIAN_POINT('Ctrl Pts',(101.363003419082,183.840306412841,68.0038050732093));
#2018=CARTESIAN_POINT('Ctrl Pts',(101.399234508142,183.743063062853,68.0019198878524));
#2019=CARTESIAN_POINT('Ctrl Pts',(101.428132034391,183.643609195723,68.0008943932821));
#2020=CARTESIAN_POINT('Ctrl Pts',(101.445301256742,183.584519516432,68.0002851043019));
#2021=CARTESIAN_POINT('Ctrl Pts',(101.459881435771,183.524649787908,67.999978440275));
#2022=CARTESIAN_POINT('Ctrl Pts',(101.471815854923,183.464169232082,68.));
#2023=CARTESIAN_POINT('',(113.300305472316,183.928741972566,68.));
#2024=CARTESIAN_POINT('Ctrl Pts',(101.471719150437,183.464170997358,68.));
#2025=CARTESIAN_POINT('Ctrl Pts',(104.567206927153,183.407663416839,68.));
#2026=CARTESIAN_POINT('Ctrl Pts',(108.518633951244,183.521410209821,68.));
#2027=CARTESIAN_POINT('Ctrl Pts',(112.45256942553,183.84919268058,68.));
#2028=CARTESIAN_POINT('Ctrl Pts',(113.300112105613,183.928834196908,68.));
#2029=CARTESIAN_POINT('',(116.891322112367,184.317669969278,68.));
#2030=CARTESIAN_POINT('Ctrl Pts',(113.300306018999,183.928852418633,68.));
#2031=CARTESIAN_POINT('Ctrl Pts',(113.349991501395,184.037986347276,67.9999721718955));
#2032=CARTESIAN_POINT('Ctrl Pts',(113.408824449216,184.142409274438,68.0009232217889));
#2033=CARTESIAN_POINT('Ctrl Pts',(113.476023165496,184.241039512438,68.0025179854116));
#2034=CARTESIAN_POINT('Ctrl Pts',(113.547181520714,184.345481470551,68.004206719403));
#2035=CARTESIAN_POINT('Ctrl Pts',(113.627720195676,184.443427883288,68.00661537239));
#2036=CARTESIAN_POINT('Ctrl Pts',(113.716747323069,184.533632092199,68.0093250431998));
#2037=CARTESIAN_POINT('Ctrl Pts',(113.732810756749,184.549907910255,68.009813957294));
#2038=CARTESIAN_POINT('Ctrl Pts',(113.749150639884,184.565931767411,68.0103126667473));
#2039=CARTESIAN_POINT('Ctrl Pts',(113.765761863641,184.581696462623,68.0108187265198));
#2040=CARTESIAN_POINT('Ctrl Pts',(113.848352818614,184.660078480194,68.0133348541993));
#2041=CARTESIAN_POINT('Ctrl Pts',(113.937020465565,184.731450771364,68.0160098086037));
#2042=CARTESIAN_POINT('Ctrl Pts',(114.030809225545,184.79519411136,68.0185552611721));
#2043=CARTESIAN_POINT('Ctrl Pts',(114.119288465672,184.855328846984,68.0209566119211));
#2044=CARTESIAN_POINT('Ctrl Pts',(114.212325768304,184.908674376508,68.0232422509739));
#2045=CARTESIAN_POINT('Ctrl Pts',(114.309135047069,184.954719471874,68.0252128070357));
#2046=CARTESIAN_POINT('Ctrl Pts',(114.344139697686,184.971368624687,68.0259253278534));
#2047=CARTESIAN_POINT('Ctrl Pts',(114.379637641456,184.9870633553,68.0265971084182));
#2048=CARTESIAN_POINT('Ctrl Pts',(114.415592145672,185.001779646031,68.0272203840304));
#2049=CARTESIAN_POINT('Ctrl Pts',(114.508079836712,185.039635146476,68.0288236691685));
#2050=CARTESIAN_POINT('Ctrl Pts',(114.603141745822,185.070833449278,68.0300945089407));
#2051=CARTESIAN_POINT('Ctrl Pts',(114.700054857222,185.095142395328,68.0309432077197));
#2052=CARTESIAN_POINT('Ctrl Pts',(114.711838662405,185.098098155187,68.03104640223));
#2053=CARTESIAN_POINT('Ctrl Pts',(114.723649842566,185.100952055814,68.0311434186532));
#2054=CARTESIAN_POINT('Ctrl Pts',(114.735487102488,185.103703676397,68.0312341486952));
#2055=CARTESIAN_POINT('Ctrl Pts',(114.807045087614,185.120337629357,68.0317826252041));
#2056=CARTESIAN_POINT('Ctrl Pts',(114.87942753736,185.133204172843,68.0320990679639));
#2057=CARTESIAN_POINT('Ctrl Pts',(114.952338050256,185.142250299296,68.0321715056407));
#2058=CARTESIAN_POINT('Ctrl Pts',(115.020009963867,185.150646464176,68.0322387386915));
#2059=CARTESIAN_POINT('Ctrl Pts',(115.088050156455,185.155740725409,68.0320958416557));
#2060=CARTESIAN_POINT('Ctrl Pts',(115.156218570452,185.157515233386,68.0317475463584));
#2061=CARTESIAN_POINT('Ctrl Pts',(115.243684688114,185.159792084414,68.0313006526189));
#2062=CARTESIAN_POINT('Ctrl Pts',(115.331204514611,185.156599513427,68.030515432521));
#2063=CARTESIAN_POINT('Ctrl Pts',(115.418269451315,185.147957114536,68.0294344224987));
#2064=CARTESIAN_POINT('Ctrl Pts',(115.52093793012,185.137765848328,68.0281596767886));
#2065=CARTESIAN_POINT('Ctrl Pts',(115.622618853435,185.120029457609,68.0264771497186));
#2066=CARTESIAN_POINT('Ctrl Pts',(115.722499846655,185.094937480466,68.0245177709679));
#2067=CARTESIAN_POINT('Ctrl Pts',(115.786872010347,185.078765986692,68.0232549736567));
#2068=CARTESIAN_POINT('Ctrl Pts',(115.850496364833,185.059538945617,68.0218782781518));
#2069=CARTESIAN_POINT('Ctrl Pts',(115.91315320003,185.037303965665,68.0204334306981));
#2070=CARTESIAN_POINT('Ctrl Pts',(116.025300426636,184.997506370919,68.0178473499569));
#2071=CARTESIAN_POINT('Ctrl Pts',(116.133580684606,184.948338187898,68.0150585970848));
#2072=CARTESIAN_POINT('Ctrl Pts',(116.236912866112,184.89047084975,68.0123849124123));
#2073=CARTESIAN_POINT('Ctrl Pts',(116.351083521633,184.826533828067,68.0094307859506));
#2074=CARTESIAN_POINT('Ctrl Pts',(116.459214203203,184.751977215281,68.0066185442796));
#2075=CARTESIAN_POINT('Ctrl Pts',(116.559812608099,184.667676241929,68.0044197714171));
#2076=CARTESIAN_POINT('Ctrl Pts',(116.582556228155,184.648617199092,68.003922665577));
#2077=CARTESIAN_POINT('Ctrl Pts',(116.60491470151,184.629059969314,68.0034570214584));
#2078=CARTESIAN_POINT('Ctrl Pts',(116.626870530508,184.609014469661,68.0030284290374));
#2079=CARTESIAN_POINT('Ctrl Pts',(116.723935557701,184.520394861218,68.0011336549888));
#2080=CARTESIAN_POINT('Ctrl Pts',(116.812474850445,184.422854431174,67.9999803636091));
#2081=CARTESIAN_POINT('Ctrl Pts',(116.891322112367,184.317669969278,68.));
#2082=CARTESIAN_POINT('Ctrl Pts',(116.891435247953,184.317683753101,68.));
#2083=CARTESIAN_POINT('Ctrl Pts',(117.865954770543,184.436414293174,68.));
#2084=CARTESIAN_POINT('Ctrl Pts',(118.839304679415,184.565165213368,68.));
#2085=CARTESIAN_POINT('Ctrl Pts',(119.811442995942,184.7024005399,68.));
#2086=CARTESIAN_POINT('Origin',(103.311458359827,214.656553368104,68.5));
#2087=CARTESIAN_POINT('',(110.461458359827,214.656553368104,68.));
#2088=CARTESIAN_POINT('Origin',(103.311458359827,214.656553368104,68.));
#2089=CARTESIAN_POINT('',(110.961458359827,214.656553368104,68.5));
#2090=CARTESIAN_POINT('Origin',(110.461458359827,214.656553368104,68.5));
#2091=CARTESIAN_POINT('',(95.6614583598265,214.656553368104,68.5));
#2092=CARTESIAN_POINT('Origin',(103.311458359827,214.656553368104,68.5));
#2093=CARTESIAN_POINT('Origin',(103.311458359827,214.656553368104,68.5));
#2094=CARTESIAN_POINT('Origin',(103.311458359827,214.656553368104,118.));
#2095=CARTESIAN_POINT('',(95.6614583598265,214.656553368104,118.));
#2096=CARTESIAN_POINT('Origin',(103.311458359827,214.656553368104,118.));
#2097=CARTESIAN_POINT('',(95.6614583598265,214.656553368098,107.644293913911));
#2098=CARTESIAN_POINT('',(95.6614583598265,214.656553368104,118.));
#2099=CARTESIAN_POINT('',(96.0174658793753,216.963103539924,105.500001013279));
#2100=CARTESIAN_POINT('Ctrl Pts',(95.6614583598265,214.656553368093,107.644293913911));
#2101=CARTESIAN_POINT('Ctrl Pts',(95.6614583598265,214.709183407519,107.648136318889));
#2102=CARTESIAN_POINT('Ctrl Pts',(95.6620033937284,214.761464767176,107.650001013279));
#2103=CARTESIAN_POINT('Ctrl Pts',(95.6686306690852,215.085246204324,107.650001013279));
#2104=CARTESIAN_POINT('Ctrl Pts',(95.6905145873877,215.374173978325,107.595214121085));
#2105=CARTESIAN_POINT('Ctrl Pts',(95.7590749824155,215.903657472348,107.37494368802));
#2106=CARTESIAN_POINT('Ctrl Pts',(95.8050023119343,216.144347422666,107.209550298782));
#2107=CARTESIAN_POINT('Ctrl Pts',(95.8903254465619,216.523917723483,106.829511287139));
#2108=CARTESIAN_POINT('Ctrl Pts',(95.9354622780282,216.688859296552,106.589046741926));
#2109=CARTESIAN_POINT('Ctrl Pts',(95.9995261849142,216.908493408986,106.060198268414));
#2110=CARTESIAN_POINT('Ctrl Pts',(96.0174658793753,216.963103539924,105.771660980732));
#2111=CARTESIAN_POINT('Ctrl Pts',(96.0174658793753,216.963103539924,105.500001013279));
#2112=CARTESIAN_POINT('',(95.6614583598265,214.656553368098,103.355708112647));
#2113=CARTESIAN_POINT('Ctrl Pts',(96.0174658793753,216.963103539924,105.500001013279));
#2114=CARTESIAN_POINT('Ctrl Pts',(96.0174658793753,216.963103539924,105.228341045826));
#2115=CARTESIAN_POINT('Ctrl Pts',(95.9995261849142,216.908493408986,104.939803758144));
#2116=CARTESIAN_POINT('Ctrl Pts',(95.9354622780282,216.688859296552,104.410955284632));
#2117=CARTESIAN_POINT('Ctrl Pts',(95.8903254465619,216.523917723483,104.170490739419));
#2118=CARTESIAN_POINT('Ctrl Pts',(95.8050023119343,216.144347422666,103.790451727776));
#2119=CARTESIAN_POINT('Ctrl Pts',(95.7590749824155,215.903657472348,103.625058338538));
#2120=CARTESIAN_POINT('Ctrl Pts',(95.6905145873877,215.374173978325,103.404787905473));
#2121=CARTESIAN_POINT('Ctrl Pts',(95.6686306690852,215.085246204324,103.350001013279));
#2122=CARTESIAN_POINT('Ctrl Pts',(95.6620033937284,214.761464767176,103.350001013279));
#2123=CARTESIAN_POINT('Ctrl Pts',(95.6614583598265,214.709183407519,103.351865707669));
#2124=CARTESIAN_POINT('Ctrl Pts',(95.6614583598265,214.656553368093,103.355708112647));
#2125=CARTESIAN_POINT('',(95.6614583598265,214.656553368098,82.6442939139107));
#2126=CARTESIAN_POINT('',(95.6614583598265,214.656553368104,118.));
#2127=CARTESIAN_POINT('',(96.0174658793753,216.963103539924,80.500001013279));
#2128=CARTESIAN_POINT('Ctrl Pts',(95.6614583598265,214.656553368093,82.6442939139107));
#2129=CARTESIAN_POINT('Ctrl Pts',(95.6614583598265,214.709183407519,82.6481363188887));
#2130=CARTESIAN_POINT('Ctrl Pts',(95.6620033937284,214.761464767176,82.650001013279));
#2131=CARTESIAN_POINT('Ctrl Pts',(95.6686306690852,215.085246204324,82.650001013279));
#2132=CARTESIAN_POINT('Ctrl Pts',(95.6905145873877,215.374173978325,82.5952141210852));
#2133=CARTESIAN_POINT('Ctrl Pts',(95.7590749824155,215.903657472348,82.3749436880199));
#2134=CARTESIAN_POINT('Ctrl Pts',(95.8050023119343,216.144347422666,82.2095502987816));
#2135=CARTESIAN_POINT('Ctrl Pts',(95.8903254465619,216.523917723483,81.8295112871394));
#2136=CARTESIAN_POINT('Ctrl Pts',(95.9354622780282,216.688859296552,81.589046741926));
#2137=CARTESIAN_POINT('Ctrl Pts',(95.9995261849142,216.908493408986,81.0601982684139));
#2138=CARTESIAN_POINT('Ctrl Pts',(96.0174658793753,216.963103539924,80.7716609807318));
#2139=CARTESIAN_POINT('Ctrl Pts',(96.0174658793753,216.963103539924,80.500001013279));
#2140=CARTESIAN_POINT('',(95.6614583598265,214.656553368098,78.3557081126472));
#2141=CARTESIAN_POINT('Ctrl Pts',(96.0174658793753,216.963103539924,80.5000010132789));
#2142=CARTESIAN_POINT('Ctrl Pts',(96.0174658793753,216.963103539924,80.2283410458261));
#2143=CARTESIAN_POINT('Ctrl Pts',(95.9995261849142,216.908493408986,79.9398037581441));
#2144=CARTESIAN_POINT('Ctrl Pts',(95.9354622780282,216.688859296552,79.4109552846319));
#2145=CARTESIAN_POINT('Ctrl Pts',(95.8903254465619,216.523917723483,79.1704907394186));
#2146=CARTESIAN_POINT('Ctrl Pts',(95.8050023119343,216.144347422666,78.7904517277763));
#2147=CARTESIAN_POINT('Ctrl Pts',(95.7590749824155,215.903657472349,78.625058338538));
#2148=CARTESIAN_POINT('Ctrl Pts',(95.6905145873877,215.374173978325,78.4047879054727));
#2149=CARTESIAN_POINT('Ctrl Pts',(95.6686306690852,215.085246204324,78.350001013279));
#2150=CARTESIAN_POINT('Ctrl Pts',(95.6620033937284,214.761464767176,78.350001013279));
#2151=CARTESIAN_POINT('Ctrl Pts',(95.6614583598265,214.709183407519,78.3518657076692));
#2152=CARTESIAN_POINT('Ctrl Pts',(95.6614583598265,214.656553368093,78.3557081126472));
#2153=CARTESIAN_POINT('',(95.6614583598265,214.656553368104,118.));
#2154=CARTESIAN_POINT('',(95.9257520440753,212.663103539924,80.5000010132789));
#2155=CARTESIAN_POINT('Ctrl Pts',(95.6614583598265,214.656553368093,78.3557081126472));
#2156=CARTESIAN_POINT('Ctrl Pts',(95.6614583598265,214.433086464298,78.3720229463984));
#2157=CARTESIAN_POINT('Ctrl Pts',(95.6718651584652,214.203422705533,78.4252621039653));
#2158=CARTESIAN_POINT('Ctrl Pts',(95.7137831597237,213.724687668567,78.6238603896162));
#2159=CARTESIAN_POINT('Ctrl Pts',(95.7494202474076,213.48377105289,78.7889762408988));
#2160=CARTESIAN_POINT('Ctrl Pts',(95.8183407458004,213.10311371914,79.1692302319407));
#2161=CARTESIAN_POINT('Ctrl Pts',(95.856204332894,212.937680198781,79.4102738060949));
#2162=CARTESIAN_POINT('Ctrl Pts',(95.910379632925,212.717643450999,79.9398540480441));
#2163=CARTESIAN_POINT('Ctrl Pts',(95.9257520440753,212.663103539924,80.2285126871302));
#2164=CARTESIAN_POINT('Ctrl Pts',(95.9257520440753,212.663103539924,80.500001013279));
#2165=CARTESIAN_POINT('Ctrl Pts',(95.9257520440753,212.663103539924,80.500001013279));
#2166=CARTESIAN_POINT('Ctrl Pts',(95.9257520440753,212.663103539924,80.7714893394278));
#2167=CARTESIAN_POINT('Ctrl Pts',(95.910379632925,212.717643450999,81.0601479785139));
#2168=CARTESIAN_POINT('Ctrl Pts',(95.856204332894,212.937680198781,81.589728220463));
#2169=CARTESIAN_POINT('Ctrl Pts',(95.8183407458004,213.10311371914,81.8307717946172));
#2170=CARTESIAN_POINT('Ctrl Pts',(95.7494202474076,213.48377105289,82.2110257856591));
#2171=CARTESIAN_POINT('Ctrl Pts',(95.7137831597237,213.724687668567,82.3761416369417));
#2172=CARTESIAN_POINT('Ctrl Pts',(95.6718651584652,214.203422705533,82.5747399225926));
#2173=CARTESIAN_POINT('Ctrl Pts',(95.6614583598265,214.433086464298,82.6279790801595));
#2174=CARTESIAN_POINT('Ctrl Pts',(95.6614583598265,214.656553368093,82.6442939139107));
#2175=CARTESIAN_POINT('',(95.9257520440753,212.663103539924,105.500001013279));
#2176=CARTESIAN_POINT('Ctrl Pts',(95.6614583598265,214.656553368093,103.355708112647));
#2177=CARTESIAN_POINT('Ctrl Pts',(95.6614583598265,214.433086464298,103.372022946398));
#2178=CARTESIAN_POINT('Ctrl Pts',(95.6718651584652,214.203422705533,103.425262103965));
#2179=CARTESIAN_POINT('Ctrl Pts',(95.7137831597237,213.724687668567,103.623860389616));
#2180=CARTESIAN_POINT('Ctrl Pts',(95.7494202474076,213.48377105289,103.788976240899));
#2181=CARTESIAN_POINT('Ctrl Pts',(95.8183407458004,213.10311371914,104.169230231941));
#2182=CARTESIAN_POINT('Ctrl Pts',(95.856204332894,212.937680198781,104.410273806095));
#2183=CARTESIAN_POINT('Ctrl Pts',(95.910379632925,212.717643450999,104.939854048044));
#2184=CARTESIAN_POINT('Ctrl Pts',(95.9257520440753,212.663103539924,105.22851268713));
#2185=CARTESIAN_POINT('Ctrl Pts',(95.9257520440753,212.663103539924,105.500001013279));
#2186=CARTESIAN_POINT('Ctrl Pts',(95.9257520440753,212.663103539924,105.500001013279));
#2187=CARTESIAN_POINT('Ctrl Pts',(95.9257520440753,212.663103539924,105.771489339428));
#2188=CARTESIAN_POINT('Ctrl Pts',(95.910379632925,212.717643450999,106.060147978514));
#2189=CARTESIAN_POINT('Ctrl Pts',(95.856204332894,212.937680198781,106.589728220463));
#2190=CARTESIAN_POINT('Ctrl Pts',(95.8183407458004,213.10311371914,106.830771794617));
#2191=CARTESIAN_POINT('Ctrl Pts',(95.7494202474076,213.48377105289,107.211025785659));
#2192=CARTESIAN_POINT('Ctrl Pts',(95.7137831597237,213.724687668567,107.376141636942));
#2193=CARTESIAN_POINT('Ctrl Pts',(95.6718651584652,214.203422705533,107.574739922593));
#2194=CARTESIAN_POINT('Ctrl Pts',(95.6614583598265,214.433086464298,107.627979080159));
#2195=CARTESIAN_POINT('Ctrl Pts',(95.6614583598265,214.656553368093,107.644293913911));
#2196=CARTESIAN_POINT('',(110.697164675578,212.663103539924,80.500001013279));
#2197=CARTESIAN_POINT('',(110.605450840278,216.963103539924,80.500001013279));
#2198=CARTESIAN_POINT('Ctrl Pts',(110.697164675578,212.663103539924,80.500001013279));
#2199=CARTESIAN_POINT('Ctrl Pts',(110.697164675578,212.663103539924,80.2285126871301));
#2200=CARTESIAN_POINT('Ctrl Pts',(110.712537086728,212.717643450999,79.9398540480441));
#2201=CARTESIAN_POINT('Ctrl Pts',(110.766712386759,212.937680198781,79.4102738060949));
#2202=CARTESIAN_POINT('Ctrl Pts',(110.804575973853,213.10311371914,79.1692302319407));
#2203=CARTESIAN_POINT('Ctrl Pts',(110.873496472245,213.48377105289,78.7889762408988));
#2204=CARTESIAN_POINT('Ctrl Pts',(110.909133559929,213.724687668567,78.6238603896162));
#2205=CARTESIAN_POINT('Ctrl Pts',(110.955467705535,214.253858388621,78.4043393817422));
#2206=CARTESIAN_POINT('Ctrl Pts',(110.965401177628,214.542206777108,78.350001013279));
#2207=CARTESIAN_POINT('Ctrl Pts',(110.954286050568,215.085246204324,78.350001013279));
#2208=CARTESIAN_POINT('Ctrl Pts',(110.932402132265,215.374173978325,78.4047879054727));
#2209=CARTESIAN_POINT('Ctrl Pts',(110.863841737238,215.903657472349,78.625058338538));
#2210=CARTESIAN_POINT('Ctrl Pts',(110.817914407719,216.144347422666,78.7904517277763));
#2211=CARTESIAN_POINT('Ctrl Pts',(110.732591273091,216.523917723483,79.1704907394186));
#2212=CARTESIAN_POINT('Ctrl Pts',(110.687454441625,216.688859296552,79.4109552846319));
#2213=CARTESIAN_POINT('Ctrl Pts',(110.623390534739,216.908493408986,79.9398037581441));
#2214=CARTESIAN_POINT('Ctrl Pts',(110.605450840278,216.963103539924,80.2283410458261));
#2215=CARTESIAN_POINT('Ctrl Pts',(110.605450840278,216.963103539924,80.500001013279));
#2216=CARTESIAN_POINT('Ctrl Pts',(110.605450840278,216.963103539924,80.500001013279));
#2217=CARTESIAN_POINT('Ctrl Pts',(110.605450840278,216.963103539924,80.7716609807318));
#2218=CARTESIAN_POINT('Ctrl Pts',(110.623390534739,216.908493408986,81.0601982684139));
#2219=CARTESIAN_POINT('Ctrl Pts',(110.687454441625,216.688859296552,81.589046741926));
#2220=CARTESIAN_POINT('Ctrl Pts',(110.732591273091,216.523917723483,81.8295112871394));
#2221=CARTESIAN_POINT('Ctrl Pts',(110.817914407719,216.144347422666,82.2095502987816));
#2222=CARTESIAN_POINT('Ctrl Pts',(110.863841737238,215.903657472348,82.3749436880199));
#2223=CARTESIAN_POINT('Ctrl Pts',(110.932402132265,215.374173978325,82.5952141210852));
#2224=CARTESIAN_POINT('Ctrl Pts',(110.954286050568,215.085246204324,82.650001013279));
#2225=CARTESIAN_POINT('Ctrl Pts',(110.965401177628,214.542206777108,82.650001013279));
#2226=CARTESIAN_POINT('Ctrl Pts',(110.955467705535,214.253858388621,82.5956626448157));
#2227=CARTESIAN_POINT('Ctrl Pts',(110.909133559929,213.724687668567,82.3761416369417));
#2228=CARTESIAN_POINT('Ctrl Pts',(110.873496472245,213.48377105289,82.2110257856591));
#2229=CARTESIAN_POINT('Ctrl Pts',(110.804575973853,213.10311371914,81.8307717946172));
#2230=CARTESIAN_POINT('Ctrl Pts',(110.766712386759,212.937680198781,81.589728220463));
#2231=CARTESIAN_POINT('Ctrl Pts',(110.712537086728,212.717643450999,81.0601479785139));
#2232=CARTESIAN_POINT('Ctrl Pts',(110.697164675578,212.663103539924,80.7714893394278));
#2233=CARTESIAN_POINT('Ctrl Pts',(110.697164675578,212.663103539924,80.500001013279));
#2234=CARTESIAN_POINT('',(110.697164675578,212.663103539924,105.500001013279));
#2235=CARTESIAN_POINT('',(110.605450840278,216.963103539924,105.500001013279));
#2236=CARTESIAN_POINT('Ctrl Pts',(110.697164675578,212.663103539924,105.500001013279));
#2237=CARTESIAN_POINT('Ctrl Pts',(110.697164675578,212.663103539924,105.22851268713));
#2238=CARTESIAN_POINT('Ctrl Pts',(110.712537086728,212.717643450999,104.939854048044));
#2239=CARTESIAN_POINT('Ctrl Pts',(110.766712386759,212.937680198781,104.410273806095));
#2240=CARTESIAN_POINT('Ctrl Pts',(110.804575973853,213.10311371914,104.169230231941));
#2241=CARTESIAN_POINT('Ctrl Pts',(110.873496472245,213.48377105289,103.788976240899));
#2242=CARTESIAN_POINT('Ctrl Pts',(110.909133559929,213.724687668567,103.623860389616));
#2243=CARTESIAN_POINT('Ctrl Pts',(110.955467705535,214.253858388621,103.404339381742));
#2244=CARTESIAN_POINT('Ctrl Pts',(110.965401177628,214.542206777108,103.350001013279));
#2245=CARTESIAN_POINT('Ctrl Pts',(110.954286050568,215.085246204324,103.350001013279));
#2246=CARTESIAN_POINT('Ctrl Pts',(110.932402132265,215.374173978325,103.404787905473));
#2247=CARTESIAN_POINT('Ctrl Pts',(110.863841737238,215.903657472348,103.625058338538));
#2248=CARTESIAN_POINT('Ctrl Pts',(110.817914407719,216.144347422666,103.790451727776));
#2249=CARTESIAN_POINT('Ctrl Pts',(110.732591273091,216.523917723483,104.170490739419));
#2250=CARTESIAN_POINT('Ctrl Pts',(110.687454441625,216.688859296552,104.410955284632));
#2251=CARTESIAN_POINT('Ctrl Pts',(110.623390534739,216.908493408986,104.939803758144));
#2252=CARTESIAN_POINT('Ctrl Pts',(110.605450840278,216.963103539924,105.228341045826));
#2253=CARTESIAN_POINT('Ctrl Pts',(110.605450840278,216.963103539924,105.500001013279));
#2254=CARTESIAN_POINT('Ctrl Pts',(110.605450840278,216.963103539924,105.500001013279));
#2255=CARTESIAN_POINT('Ctrl Pts',(110.605450840278,216.963103539924,105.771660980732));
#2256=CARTESIAN_POINT('Ctrl Pts',(110.623390534739,216.908493408986,106.060198268414));
#2257=CARTESIAN_POINT('Ctrl Pts',(110.687454441625,216.688859296552,106.589046741926));
#2258=CARTESIAN_POINT('Ctrl Pts',(110.732591273091,216.523917723483,106.829511287139));
#2259=CARTESIAN_POINT('Ctrl Pts',(110.817914407719,216.144347422666,107.209550298782));
#2260=CARTESIAN_POINT('Ctrl Pts',(110.863841737238,215.903657472348,107.37494368802));
#2261=CARTESIAN_POINT('Ctrl Pts',(110.932402132265,215.374173978325,107.595214121085));
#2262=CARTESIAN_POINT('Ctrl Pts',(110.954286050568,215.085246204324,107.650001013279));
#2263=CARTESIAN_POINT('Ctrl Pts',(110.965401177628,214.542206777108,107.650001013279));
#2264=CARTESIAN_POINT('Ctrl Pts',(110.955467705535,214.253858388621,107.595662644816));
#2265=CARTESIAN_POINT('Ctrl Pts',(110.909133559929,213.724687668567,107.376141636942));
#2266=CARTESIAN_POINT('Ctrl Pts',(110.873496472245,213.48377105289,107.211025785659));
#2267=CARTESIAN_POINT('Ctrl Pts',(110.804575973853,213.10311371914,106.830771794617));
#2268=CARTESIAN_POINT('Ctrl Pts',(110.766712386759,212.937680198781,106.589728220463));
#2269=CARTESIAN_POINT('Ctrl Pts',(110.712537086728,212.717643450999,106.060147978514));
#2270=CARTESIAN_POINT('Ctrl Pts',(110.697164675578,212.663103539924,105.771489339428));
#2271=CARTESIAN_POINT('Ctrl Pts',(110.697164675578,212.663103539924,105.500001013279));
#2272=CARTESIAN_POINT('Origin',(103.311458359827,214.656553368104,68.));
#2273=CARTESIAN_POINT('Origin',(91.6364583598265,209.156553368104,40.8));
#2274=CARTESIAN_POINT('',(86.8114583598265,199.156553368104,40.8));
#2275=CARTESIAN_POINT('',(86.8114583598265,209.156553368104,30.8));
#2276=CARTESIAN_POINT('Origin',(86.8114583598265,209.156553368104,40.8));
#2277=CARTESIAN_POINT('',(90.1114583598265,209.156553368104,30.8));
#2278=CARTESIAN_POINT('',(91.6364583598265,209.156553368104,30.8));
#2279=CARTESIAN_POINT('',(90.1114583598265,199.156553368104,40.8));
#2280=CARTESIAN_POINT('Origin',(90.1114583598265,209.156553368104,40.8));
#2281=CARTESIAN_POINT('',(91.6364583598265,199.156553368104,40.8));
#2282=CARTESIAN_POINT('Origin',(90.1114583598265,230.156553368104,64.));
#2283=CARTESIAN_POINT('',(90.1114583598265,199.156553368104,64.));
#2284=CARTESIAN_POINT('',(90.1114583598265,220.156553368104,30.8));
#2285=CARTESIAN_POINT('',(90.1114583598265,230.156553368104,30.8));
#2286=CARTESIAN_POINT('Origin',(90.1114583598265,220.156553368104,40.8));
#2287=CARTESIAN_POINT('',(90.1114583598265,224.294458852152,47.8018646025072));
#2288=CARTESIAN_POINT('Origin',(90.1114583598265,222.494458852152,47.8018646025072));
#2289=CARTESIAN_POINT('',(90.1114583598265,208.618647884057,47.8018646025066));
#2290=CARTESIAN_POINT('Origin',(90.1114583598265,206.818647884057,47.8018646025066));
#2291=CARTESIAN_POINT('Origin',(88.4614583598265,214.656553368104,30.8));
#2292=CARTESIAN_POINT('',(86.8114583598265,220.156553368104,30.8));
#2293=CARTESIAN_POINT('',(86.8114583598265,199.156553368104,30.8));
#2294=CARTESIAN_POINT('',(104.136458359827,220.156553368104,30.8));
#2295=CARTESIAN_POINT('Origin',(104.136458359827,220.156553368104,40.8));
#2296=CARTESIAN_POINT('Origin',(86.8114583598265,220.156553368104,40.8));
#2297=CARTESIAN_POINT('Ctrl Pts',(116.053256502643,217.479753052877,104.240859053906));
#2298=CARTESIAN_POINT('Ctrl Pts',(116.083467839873,217.393894544021,104.057778855249));
#2299=CARTESIAN_POINT('Ctrl Pts',(116.114113528532,217.289278743797,103.884135866908));
#2300=CARTESIAN_POINT('Ctrl Pts',(116.200704933448,216.936306406978,103.416048231115));
#2301=CARTESIAN_POINT('Ctrl Pts',(116.253766874511,216.6461766615,103.157011278923));
#2302=CARTESIAN_POINT('Ctrl Pts',(116.33754736176,215.980592956371,102.765977634321));
#2303=CARTESIAN_POINT('Ctrl Pts',(116.367460461177,215.612125727733,102.63707158697));
#2304=CARTESIAN_POINT('Ctrl Pts',(116.394827688059,214.857140512813,102.53060799583));
#2305=CARTESIAN_POINT('Ctrl Pts',(116.393101921245,214.479655835096,102.548947549714));
#2306=CARTESIAN_POINT('Ctrl Pts',(116.360897961529,213.765914712898,102.721473200145));
#2307=CARTESIAN_POINT('Ctrl Pts',(116.331859815598,213.435476729436,102.868906045106));
#2308=CARTESIAN_POINT('Ctrl Pts',(116.256517113901,212.85714366385,103.265196507642));
#2309=CARTESIAN_POINT('Ctrl Pts',(116.211586080484,212.610998167072,103.506912494979));
#2310=CARTESIAN_POINT('Ctrl Pts',(116.117975322262,212.221362927124,104.052497632657));
#2311=CARTESIAN_POINT('Ctrl Pts',(116.070187320282,212.076841290582,104.350328063539));
#2312=CARTESIAN_POINT('Ctrl Pts',(115.998252366845,211.92871657022,104.858606022308));
#2313=CARTESIAN_POINT('Ctrl Pts',(115.972348945962,211.892444404971,105.056383171916));
#2314=CARTESIAN_POINT('Ctrl Pts',(115.929255477046,211.863609629026,105.420740412771));
#2315=CARTESIAN_POINT('Ctrl Pts',(115.911409692381,211.864364577041,105.585851024509));
#2316=CARTESIAN_POINT('Ctrl Pts',(115.878169693695,211.894714014784,105.928391607348));
#2317=CARTESIAN_POINT('Ctrl Pts',(115.863180332518,211.926629898885,106.104967866613));
#2318=CARTESIAN_POINT('Ctrl Pts',(115.832343036411,212.043873173671,106.529601950531));
#2319=CARTESIAN_POINT('Ctrl Pts',(115.819431812724,212.14663657373,106.771351832066));
#2320=CARTESIAN_POINT('Ctrl Pts',(115.786678810269,212.672927318993,107.664935574684));
#2321=CARTESIAN_POINT('Ctrl Pts',(115.804231994138,213.335004042562,108.163684581457));
#2322=CARTESIAN_POINT('Ctrl Pts',(115.809607915526,214.456246771697,108.449535731331));
#2323=CARTESIAN_POINT('Ctrl Pts',(115.807824789734,214.84245383297,108.471268432956));
#2324=CARTESIAN_POINT('Ctrl Pts',(115.796070065859,215.577831140754,108.367496061144));
#2325=CARTESIAN_POINT('Ctrl Pts',(115.786932692649,215.92149662469,108.252265328473));
#2326=CARTESIAN_POINT('Ctrl Pts',(115.771175301125,216.531910034785,107.913395614003));
#2327=CARTESIAN_POINT('Ctrl Pts',(115.764972804151,216.797417074306,107.698869371132));
#2328=CARTESIAN_POINT('Ctrl Pts',(115.765425004236,217.381921287335,107.032889023241));
#2329=CARTESIAN_POINT('Ctrl Pts',(115.784926639335,217.624066479593,106.521779244131));
#2330=CARTESIAN_POINT('Ctrl Pts',(115.845407908756,217.742888815041,105.821319766083));
#2331=CARTESIAN_POINT('Ctrl Pts',(115.861601650041,217.756892582816,105.656863767786));
#2332=CARTESIAN_POINT('Ctrl Pts',(115.899410215495,217.757393167211,105.314816638407));
#2333=CARTESIAN_POINT('Ctrl Pts',(115.921219416602,217.741657833121,105.138024922745));
#2334=CARTESIAN_POINT('Ctrl Pts',(115.978431836732,217.664966370847,104.713505371652));
#2335=CARTESIAN_POINT('Ctrl Pts',(116.015362545501,217.58744503056,104.470495800814));
#2336=CARTESIAN_POINT('Ctrl Pts',(116.053256502643,217.479753052877,104.240859053906));
#2337=CARTESIAN_POINT('Ctrl Pts',(115.802328864268,217.223721462435,104.324254756418));
#2338=CARTESIAN_POINT('Ctrl Pts',(115.829089391762,217.143142485666,104.158304541113));
#2339=CARTESIAN_POINT('Ctrl Pts',(115.856127183179,217.045825222953,104.001623592677));
#2340=CARTESIAN_POINT('Ctrl Pts',(115.932264224726,216.720037054299,103.580989624924));
#2341=CARTESIAN_POINT('Ctrl Pts',(115.978602648211,216.455398606196,103.350584063232));
#2342=CARTESIAN_POINT('Ctrl Pts',(116.051514231162,215.854456457191,103.004761523707));
#2343=CARTESIAN_POINT('Ctrl Pts',(116.077436356794,215.524413855425,102.891813827453));
#2344=CARTESIAN_POINT('Ctrl Pts',(116.10123551205,214.850389021728,102.798802935409));
#2345=CARTESIAN_POINT('Ctrl Pts',(116.099836503981,214.514116376914,102.815046606152));
#2346=CARTESIAN_POINT('Ctrl Pts',(116.072189530283,213.876220917119,102.966946302307));
#2347=CARTESIAN_POINT('Ctrl Pts',(116.047151275049,213.579675347292,103.096820626822));
#2348=CARTESIAN_POINT('Ctrl Pts',(115.98177994908,213.056645283462,103.44850785951));
#2349=CARTESIAN_POINT('Ctrl Pts',(115.942613870609,212.831928842915,103.664099393907));
#2350=CARTESIAN_POINT('Ctrl Pts',(115.860453194018,212.472521036452,104.15471271578));
#2351=CARTESIAN_POINT('Ctrl Pts',(115.81824811967,212.337172089081,104.424235075275));
#2352=CARTESIAN_POINT('Ctrl Pts',(115.75418199421,212.195927190109,104.88720445546));
#2353=CARTESIAN_POINT('Ctrl Pts',(115.730983704946,212.160459844196,105.06794446614));
#2354=CARTESIAN_POINT('Ctrl Pts',(115.692120798639,212.130214069363,105.401850224051));
#2355=CARTESIAN_POINT('Ctrl Pts',(115.675917281487,212.129260525453,105.553460667654));
#2356=CARTESIAN_POINT('Ctrl Pts',(115.645490681491,212.154109009597,105.86847247766));
#2357=CARTESIAN_POINT('Ctrl Pts',(115.631603672916,212.181977513953,106.031049511487));
#2358=CARTESIAN_POINT('Ctrl Pts',(115.602623433754,212.286956322149,106.422355414288));
#2359=CARTESIAN_POINT('Ctrl Pts',(115.590011893664,212.379981206642,106.645105025494));
#2360=CARTESIAN_POINT('Ctrl Pts',(115.556095218993,212.860630523413,107.468338172032));
#2361=CARTESIAN_POINT('Ctrl Pts',(115.567009331831,213.4671621584,107.923356957459));
#2362=CARTESIAN_POINT('Ctrl Pts',(115.568928629259,214.486793027155,108.18364632277));
#2363=CARTESIAN_POINT('Ctrl Pts',(115.567056826556,214.837790240821,108.203607859667));
#2364=CARTESIAN_POINT('Ctrl Pts',(115.557591913764,215.50660799644,108.109983656391));
#2365=CARTESIAN_POINT('Ctrl Pts',(115.550544452813,215.819847524056,108.005581415913));
#2366=CARTESIAN_POINT('Ctrl Pts',(115.539384840922,216.377714850064,107.696664898762));
#2367=CARTESIAN_POINT('Ctrl Pts',(115.535472851144,216.62106359801,107.500344021461));
#2368=CARTESIAN_POINT('Ctrl Pts',(115.540141027399,217.157018995973,106.888336471548));
#2369=CARTESIAN_POINT('Ctrl Pts',(115.559954039153,217.378378271615,106.416089020105));
#2370=CARTESIAN_POINT('Ctrl Pts',(115.61577396101,217.481987822441,105.770286151919));
#2371=CARTESIAN_POINT('Ctrl Pts',(115.630609027865,217.493393607962,105.61884959022));
#2372=CARTESIAN_POINT('Ctrl Pts',(115.664914809163,217.490409823148,105.304390778099));
#2373=CARTESIAN_POINT('Ctrl Pts',(115.684582420368,217.474011057527,105.142193942992));
#2374=CARTESIAN_POINT('Ctrl Pts',(115.735874114167,217.398782968638,104.753777189735));
#2375=CARTESIAN_POINT('Ctrl Pts',(115.768765119284,217.324776243317,104.532390346692));
#2376=CARTESIAN_POINT('Ctrl Pts',(115.802328864268,217.223721462435,104.324254756418));
#2377=CARTESIAN_POINT('Ctrl Pts',(115.551401225894,216.967689871993,104.407650458931));
#2378=CARTESIAN_POINT('Ctrl Pts',(115.574713036152,216.892435194228,104.258847939011));
#2379=CARTESIAN_POINT('Ctrl Pts',(115.598136944878,216.802330049349,104.119110135597));
#2380=CARTESIAN_POINT('Ctrl Pts',(115.663834093055,216.503873740709,103.745953721303));
#2381=CARTESIAN_POINT('Ctrl Pts',(115.703429418188,216.264642722333,103.544222807962));
#2382=CARTESIAN_POINT('Ctrl Pts',(115.765501113297,215.728355606824,103.243525231877));
#2383=CARTESIAN_POINT('Ctrl Pts',(115.787417304625,215.436803972275,103.146606678312));
#2384=CARTESIAN_POINT('Ctrl Pts',(115.807656956945,214.843617921949,103.06702352598));
#2385=CARTESIAN_POINT('Ctrl Pts',(115.806593193565,214.548671509169,103.081156448675));
#2386=CARTESIAN_POINT('Ctrl Pts',(115.783483914337,213.986531327265,103.2125169238));
#2387=CARTESIAN_POINT('Ctrl Pts',(115.762469189043,213.723925242247,103.32475826438));
#2388=CARTESIAN_POINT('Ctrl Pts',(115.707045738712,213.256213555318,103.631942506644));
#2389=CARTESIAN_POINT('Ctrl Pts',(115.673663972314,213.052897299311,103.821363467124));
#2390=CARTESIAN_POINT('Ctrl Pts',(115.602942592674,212.723786475063,104.257034783745));
#2391=CARTESIAN_POINT('Ctrl Pts',(115.566326157692,212.59756734198,104.498281543008));
#2392=CARTESIAN_POINT('Ctrl Pts',(115.510133084697,212.463241417458,104.915889393999));
#2393=CARTESIAN_POINT('Ctrl Pts',(115.489639535814,212.428575017785,105.079635768774));
#2394=CARTESIAN_POINT('Ctrl Pts',(115.455007276503,212.396906165863,105.383055274735));
#2395=CARTESIAN_POINT('Ctrl Pts',(115.440450921599,212.394289768802,105.521209467768));
#2396=CARTESIAN_POINT('Ctrl Pts',(115.412828478302,212.413550478523,105.808634968512));
#2397=CARTESIAN_POINT('Ctrl Pts',(115.400062177901,212.437543970147,105.957315431924));
#2398=CARTESIAN_POINT('Ctrl Pts',(115.372905748529,212.529926597314,106.315111167737));
#2399=CARTESIAN_POINT('Ctrl Pts',(115.360647290246,212.613779097893,106.519168702588));
#2400=CARTESIAN_POINT('Ctrl Pts',(115.32541728279,213.047346937976,107.27121746307));
#2401=CARTESIAN_POINT('Ctrl Pts',(115.329850297202,213.598612394827,107.683048953768));
#2402=CARTESIAN_POINT('Ctrl Pts',(115.328186098227,214.517504387208,107.917607004745));
#2403=CARTESIAN_POINT('Ctrl Pts',(115.326301681166,214.832851454965,107.935899643407));
#2404=CARTESIAN_POINT('Ctrl Pts',(115.319050381399,215.435430003105,107.852344606652));
#2405=CARTESIAN_POINT('Ctrl Pts',(115.314174607353,215.718112108595,107.758863493679));
#2406=CARTESIAN_POINT('Ctrl Pts',(115.307522710347,216.223439330708,107.479835894774));
#2407=CARTESIAN_POINT('Ctrl Pts',(115.305992940323,216.444724077859,107.301757776275));
#2408=CARTESIAN_POINT('Ctrl Pts',(115.314756530058,216.931915692261,106.743762690453));
#2409=CARTESIAN_POINT('Ctrl Pts',(115.334836185494,217.132514649774,106.310238038859));
#2410=CARTESIAN_POINT('Ctrl Pts',(115.386174247992,217.221124100715,105.719267843383));
#2411=CARTESIAN_POINT('Ctrl Pts',(115.399592276772,217.229858924265,105.580806879711));
#2412=CARTESIAN_POINT('Ctrl Pts',(115.430430630688,217.223437193364,105.29396752741));
#2413=CARTESIAN_POINT('Ctrl Pts',(115.447936984571,217.206349787901,105.146349380274));
#2414=CARTESIAN_POINT('Ctrl Pts',(115.493319674413,217.132602382983,104.794053057433));
#2415=CARTESIAN_POINT('Ctrl Pts',(115.522159441739,217.062096608789,104.594307941463));
#2416=CARTESIAN_POINT('Ctrl Pts',(115.551401225894,216.967689871993,104.407650458931));
#2417=CARTESIAN_POINT('Ctrl Pts',(115.300473587519,216.711658281552,104.491046161444));
#2418=CARTESIAN_POINT('Ctrl Pts',(115.320334588041,216.641683135873,104.359373624875));
#2419=CARTESIAN_POINT('Ctrl Pts',(115.340150599525,216.558876528505,104.236597861365));
#2420=CARTESIAN_POINT('Ctrl Pts',(115.395393384334,216.287604388031,103.910895115113));
#2421=CARTESIAN_POINT('Ctrl Pts',(115.428265191887,216.073864667029,103.737795592271));
#2422=CARTESIAN_POINT('Ctrl Pts',(115.479467982699,215.602219107644,103.482309121263));
#2423=CARTESIAN_POINT('Ctrl Pts',(115.497393200242,215.349092099967,103.401348918796));
#2424=CARTESIAN_POINT('Ctrl Pts',(115.514064780935,214.836866430863,103.335218465559));
#2425=CARTESIAN_POINT('Ctrl Pts',(115.513327776302,214.583132050988,103.347255505113));
#2426=CARTESIAN_POINT('Ctrl Pts',(115.49477548309,214.096837531485,103.457990025961));
#2427=CARTESIAN_POINT('Ctrl Pts',(115.477760648494,213.868123860104,103.552672846096));
#2428=CARTESIAN_POINT('Ctrl Pts',(115.43230857389,213.45571517493,103.815253858512));
#2429=CARTESIAN_POINT('Ctrl Pts',(115.404691762439,213.273827975155,103.978550366052));
#2430=CARTESIAN_POINT('Ctrl Pts',(115.34542046443,212.974944584391,104.359249866868));
#2431=CARTESIAN_POINT('Ctrl Pts',(115.31438695708,212.85789814048,104.572188554745));
#2432=CARTESIAN_POINT('Ctrl Pts',(115.266062712062,212.730452037347,104.944487827152));
#2433=CARTESIAN_POINT('Ctrl Pts',(115.248274294798,212.69659045701,105.091197062997));
#2434=CARTESIAN_POINT('Ctrl Pts',(115.217872598096,212.6635106062,105.364165086015));
#2435=CARTESIAN_POINT('Ctrl Pts',(115.204958510706,212.659185717214,105.488819110913));
#2436=CARTESIAN_POINT('Ctrl Pts',(115.180149466098,212.672945473336,105.748715838824));
#2437=CARTESIAN_POINT('Ctrl Pts',(115.168485518298,212.692891585215,105.883397076798));
#2438=CARTESIAN_POINT('Ctrl Pts',(115.143186145873,212.773009745791,106.207864631494));
#2439=CARTESIAN_POINT('Ctrl Pts',(115.131227371186,212.847123730806,106.392921896017));
#2440=CARTESIAN_POINT('Ctrl Pts',(115.094833691513,213.235050142396,107.074620060418));
#2441=CARTESIAN_POINT('Ctrl Pts',(115.092627634895,213.730770510666,107.44272132977));
#2442=CARTESIAN_POINT('Ctrl Pts',(115.08750681196,214.548050642665,107.651717596184));
#2443=CARTESIAN_POINT('Ctrl Pts',(115.085533717988,214.828187862816,107.668239070118));
#2444=CARTESIAN_POINT('Ctrl Pts',(115.080572229304,215.364206858791,107.594832201899));
#2445=CARTESIAN_POINT('Ctrl Pts',(115.077786367516,215.61646300796,107.512179581119));
#2446=CARTESIAN_POINT('Ctrl Pts',(115.075732250144,216.069244145986,107.263105179534));
#2447=CARTESIAN_POINT('Ctrl Pts',(115.076492987316,216.268370601563,107.103232426604));
#2448=CARTESIAN_POINT('Ctrl Pts',(115.089472553221,216.707013400899,106.599210138759));
#2449=CARTESIAN_POINT('Ctrl Pts',(115.109863585313,216.886826441795,106.204547814833));
#2450=CARTESIAN_POINT('Ctrl Pts',(115.156540300246,216.960223108115,105.668234229219));
#2451=CARTESIAN_POINT('Ctrl Pts',(115.168599654596,216.966359949412,105.542792702144));
#2452=CARTESIAN_POINT('Ctrl Pts',(115.195935224357,216.956453849301,105.283541667103));
#2453=CARTESIAN_POINT('Ctrl Pts',(115.211299988337,216.938703012307,105.150518400521));
#2454=CARTESIAN_POINT('Ctrl Pts',(115.250761951848,216.866418980774,104.834324875516));
#2455=CARTESIAN_POINT('Ctrl Pts',(115.275562015522,216.799427821546,104.656202487341));
#2456=CARTESIAN_POINT('Ctrl Pts',(115.300473587519,216.711658281552,104.491046161444));
#2457=CARTESIAN_POINT('',(116.053256502643,217.479753052877,104.240859053906));
#2458=CARTESIAN_POINT('',(115.300473587519,216.711658281552,104.491046161444));
#2459=CARTESIAN_POINT('',(116.053256502643,217.479753052877,104.240859053906));
#2460=CARTESIAN_POINT('',(115.173274752312,216.963157079006,105.500039842827));
#2461=CARTESIAN_POINT('Ctrl Pts',(115.300473587519,216.711658281552,104.491046161444));
#2462=CARTESIAN_POINT('Ctrl Pts',(115.320334588041,216.641683135873,104.359373624875));
#2463=CARTESIAN_POINT('Ctrl Pts',(115.340150599525,216.558876528505,104.236597861365));
#2464=CARTESIAN_POINT('Ctrl Pts',(115.395393384334,216.287604388031,103.910895115113));
#2465=CARTESIAN_POINT('Ctrl Pts',(115.428265191887,216.073864667029,103.737795592271));
#2466=CARTESIAN_POINT('Ctrl Pts',(115.479467982699,215.602219107644,103.482309121263));
#2467=CARTESIAN_POINT('Ctrl Pts',(115.497393200242,215.349092099967,103.401348918796));
#2468=CARTESIAN_POINT('Ctrl Pts',(115.514064780935,214.836866430863,103.335218465559));
#2469=CARTESIAN_POINT('Ctrl Pts',(115.513327776302,214.583132050988,103.347255505113));
#2470=CARTESIAN_POINT('Ctrl Pts',(115.49477548309,214.096837531485,103.457990025961));
#2471=CARTESIAN_POINT('Ctrl Pts',(115.477760648494,213.868123860104,103.552672846096));
#2472=CARTESIAN_POINT('Ctrl Pts',(115.43230857389,213.45571517493,103.815253858512));
#2473=CARTESIAN_POINT('Ctrl Pts',(115.404691762439,213.273827975155,103.978550366052));
#2474=CARTESIAN_POINT('Ctrl Pts',(115.34542046443,212.974944584391,104.359249866868));
#2475=CARTESIAN_POINT('Ctrl Pts',(115.31438695708,212.85789814048,104.572188554745));
#2476=CARTESIAN_POINT('Ctrl Pts',(115.266062712062,212.730452037347,104.944487827152));
#2477=CARTESIAN_POINT('Ctrl Pts',(115.248274294798,212.69659045701,105.091197062997));
#2478=CARTESIAN_POINT('Ctrl Pts',(115.217872598096,212.6635106062,105.364165086015));
#2479=CARTESIAN_POINT('Ctrl Pts',(115.204958510706,212.659185717214,105.488819110913));
#2480=CARTESIAN_POINT('Ctrl Pts',(115.180149466098,212.672945473336,105.748715838824));
#2481=CARTESIAN_POINT('Ctrl Pts',(115.168485518298,212.692891585215,105.883397076798));
#2482=CARTESIAN_POINT('Ctrl Pts',(115.143186145873,212.773009745791,106.207864631494));
#2483=CARTESIAN_POINT('Ctrl Pts',(115.131227371186,212.847123730806,106.392921896017));
#2484=CARTESIAN_POINT('Ctrl Pts',(115.094833691513,213.235050142396,107.074620060418));
#2485=CARTESIAN_POINT('Ctrl Pts',(115.092627634895,213.730770510666,107.44272132977));
#2486=CARTESIAN_POINT('Ctrl Pts',(115.08750681196,214.548050642665,107.651717596184));
#2487=CARTESIAN_POINT('Ctrl Pts',(115.085533717988,214.828187862816,107.668239070118));
#2488=CARTESIAN_POINT('Ctrl Pts',(115.080572229304,215.364206858791,107.594832201899));
#2489=CARTESIAN_POINT('Ctrl Pts',(115.077786367516,215.61646300796,107.512179581119));
#2490=CARTESIAN_POINT('Ctrl Pts',(115.075732250144,216.069244145986,107.263105179534));
#2491=CARTESIAN_POINT('Ctrl Pts',(115.076492987316,216.268370601563,107.103232426604));
#2492=CARTESIAN_POINT('Ctrl Pts',(115.089472553221,216.707013400899,106.599210138759));
#2493=CARTESIAN_POINT('Ctrl Pts',(115.109863585313,216.886826441795,106.204547814833));
#2494=CARTESIAN_POINT('Ctrl Pts',(115.154165272385,216.956488502378,105.695523204239));
#2495=CARTESIAN_POINT('Ctrl Pts',(115.163380528057,216.9631513664,105.597647423102));
#2496=CARTESIAN_POINT('Ctrl Pts',(115.173274752312,216.963157079006,105.500039842827));
#2497=CARTESIAN_POINT('Ctrl Pts',(115.173274752312,216.963157079006,105.500039842827));
#2498=CARTESIAN_POINT('Ctrl Pts',(115.176045655134,216.963158678836,105.47270459019));
#2499=CARTESIAN_POINT('Ctrl Pts',(115.178869809079,216.962638162036,105.445390372395));
#2500=CARTESIAN_POINT('Ctrl Pts',(115.195935224357,216.956453849301,105.283541667103));
#2501=CARTESIAN_POINT('Ctrl Pts',(115.211299988337,216.938703012307,105.150518400521));
#2502=CARTESIAN_POINT('Ctrl Pts',(115.250761951848,216.866418980774,104.834324875516));
#2503=CARTESIAN_POINT('Ctrl Pts',(115.275562015522,216.799427821546,104.656202487341));
#2504=CARTESIAN_POINT('Ctrl Pts',(115.300473587519,216.711658281552,104.491046161444));
#2505=CARTESIAN_POINT('Ctrl Pts',(116.053256502643,217.479753052877,104.240859053906));
#2506=CARTESIAN_POINT('Ctrl Pts',(116.015362545501,217.58744503056,104.470495800814));
#2507=CARTESIAN_POINT('Ctrl Pts',(115.978431836732,217.664966370847,104.713505371652));
#2508=CARTESIAN_POINT('Ctrl Pts',(115.921219416602,217.741657833121,105.138024922745));
#2509=CARTESIAN_POINT('Ctrl Pts',(115.899410215495,217.757393167211,105.314816638407));
#2510=CARTESIAN_POINT('Ctrl Pts',(115.861601650041,217.756892582816,105.656863767786));
#2511=CARTESIAN_POINT('Ctrl Pts',(115.845407908756,217.742888815041,105.821319766083));
#2512=CARTESIAN_POINT('Ctrl Pts',(115.784926639335,217.624066479593,106.521779244131));
#2513=CARTESIAN_POINT('Ctrl Pts',(115.765425004236,217.381921287335,107.032889023241));
#2514=CARTESIAN_POINT('Ctrl Pts',(115.764972804151,216.797417074306,107.698869371132));
#2515=CARTESIAN_POINT('Ctrl Pts',(115.771175301125,216.531910034785,107.913395614003));
#2516=CARTESIAN_POINT('Ctrl Pts',(115.786932692649,215.92149662469,108.252265328473));
#2517=CARTESIAN_POINT('Ctrl Pts',(115.796070065859,215.577831140754,108.367496061144));
#2518=CARTESIAN_POINT('Ctrl Pts',(115.807824789734,214.84245383297,108.471268432956));
#2519=CARTESIAN_POINT('Ctrl Pts',(115.809607915526,214.456246771697,108.449535731331));
#2520=CARTESIAN_POINT('Ctrl Pts',(115.804231994138,213.335004042562,108.163684581457));
#2521=CARTESIAN_POINT('Ctrl Pts',(115.786678810269,212.672927318993,107.664935574684));
#2522=CARTESIAN_POINT('Ctrl Pts',(115.819431812724,212.14663657373,106.771351832066));
#2523=CARTESIAN_POINT('Ctrl Pts',(115.832343036411,212.043873173671,106.529601950531));
#2524=CARTESIAN_POINT('Ctrl Pts',(115.863180332518,211.926629898885,106.104967866613));
#2525=CARTESIAN_POINT('Ctrl Pts',(115.878169693695,211.894714014784,105.928391607348));
#2526=CARTESIAN_POINT('Ctrl Pts',(115.911409692381,211.864364577041,105.585851024509));
#2527=CARTESIAN_POINT('Ctrl Pts',(115.929255477046,211.863609629026,105.420740412771));
#2528=CARTESIAN_POINT('Ctrl Pts',(115.972348945962,211.892444404971,105.056383171916));
#2529=CARTESIAN_POINT('Ctrl Pts',(115.998252366845,211.92871657022,104.858606022308));
#2530=CARTESIAN_POINT('Ctrl Pts',(116.070187320282,212.076841290582,104.350328063539));
#2531=CARTESIAN_POINT('Ctrl Pts',(116.117975322262,212.221362927124,104.052497632657));
#2532=CARTESIAN_POINT('Ctrl Pts',(116.211586080484,212.610998167072,103.506912494979));
#2533=CARTESIAN_POINT('Ctrl Pts',(116.256517113901,212.85714366385,103.265196507642));
#2534=CARTESIAN_POINT('Ctrl Pts',(116.331859815598,213.435476729436,102.868906045106));
#2535=CARTESIAN_POINT('Ctrl Pts',(116.360897961529,213.765914712898,102.721473200145));
#2536=CARTESIAN_POINT('Ctrl Pts',(116.393101921245,214.479655835096,102.548947549714));
#2537=CARTESIAN_POINT('Ctrl Pts',(116.394827688059,214.857140512813,102.53060799583));
#2538=CARTESIAN_POINT('Ctrl Pts',(116.367460461177,215.612125727733,102.63707158697));
#2539=CARTESIAN_POINT('Ctrl Pts',(116.33754736176,215.980592956371,102.765977634321));
#2540=CARTESIAN_POINT('Ctrl Pts',(116.253766874511,216.6461766615,103.157011278923));
#2541=CARTESIAN_POINT('Ctrl Pts',(116.200704933448,216.936306406978,103.416048231115));
#2542=CARTESIAN_POINT('Ctrl Pts',(116.114113528532,217.289278743797,103.884135866908));
#2543=CARTESIAN_POINT('Ctrl Pts',(116.083467839873,217.393894544021,104.057778855249));
#2544=CARTESIAN_POINT('Ctrl Pts',(116.053256502643,217.479753052877,104.240859053906));
#2545=CARTESIAN_POINT('Ctrl Pts',(104.61796907743,203.180686091737,118.));
#2546=CARTESIAN_POINT('Ctrl Pts',(109.682465505916,197.021221209795,101.333333329974));
#2547=CARTESIAN_POINT('Ctrl Pts',(114.746961934403,190.861756327853,84.6666666599485));
#2548=CARTESIAN_POINT('Ctrl Pts',(119.811458362889,184.702291445911,67.9999999899227));
#2549=CARTESIAN_POINT('Ctrl Pts',(105.946187815517,203.331901853896,118.));
#2550=CARTESIAN_POINT('Ctrl Pts',(110.569008881856,197.912192768867,101.333333329974));
#2551=CARTESIAN_POINT('Ctrl Pts',(115.188637296282,192.50077490846,84.6666666599485));
#2552=CARTESIAN_POINT('Ctrl Pts',(119.811458362621,187.08106582343,67.9999999899227));
#2553=CARTESIAN_POINT('Ctrl Pts',(109.859445457029,204.469266748803,118.));
#2554=CARTESIAN_POINT('Ctrl Pts',(113.176499842829,201.053474534848,101.333333329974));
#2555=CARTESIAN_POINT('Ctrl Pts',(116.494403976033,197.633181169804,84.6666666599485));
#2556=CARTESIAN_POINT('Ctrl Pts',(119.811458361832,194.217388955849,67.9999999899227));
#2557=CARTESIAN_POINT('Ctrl Pts',(114.765343014475,209.595226832444,118.));
#2558=CARTESIAN_POINT('Ctrl Pts',(116.447454240816,208.431818633908,101.333333329974));
#2559=CARTESIAN_POINT('Ctrl Pts',(118.129347134502,207.274669041099,84.6666666599485));
#2560=CARTESIAN_POINT('Ctrl Pts',(119.811458360844,206.111260842563,67.9999999899228));
#2561=CARTESIAN_POINT('Ctrl Pts',(115.345295946839,218.098816782696,118.));
#2562=CARTESIAN_POINT('Ctrl Pts',(116.833150406296,218.860914760312,101.333333329974));
#2563=CARTESIAN_POINT('Ctrl Pts',(118.323603901269,219.621809128529,84.6666666599485));
#2564=CARTESIAN_POINT('Ctrl Pts',(119.811458360727,220.383907106145,67.9999999899227));
#2565=CARTESIAN_POINT('Ctrl Pts',(112.021128347549,222.699704093826,118.));
#2566=CARTESIAN_POINT('Ctrl Pts',(114.617018667105,225.096284150489,101.333333329974));
#2567=CARTESIAN_POINT('Ctrl Pts',(117.215568041841,227.502424558753,84.6666666599485));
#2568=CARTESIAN_POINT('Ctrl Pts',(119.811458361397,229.899004615415,67.9999999899227));
#2569=CARTESIAN_POINT('Ctrl Pts',(109.811029763684,224.204226988738,118.));
#2570=CARTESIAN_POINT('Ctrl Pts',(113.14450596307,227.688335782562,101.333333329974));
#2571=CARTESIAN_POINT('Ctrl Pts',(116.477982162456,231.172444576387,84.6666666599485));
#2572=CARTESIAN_POINT('Ctrl Pts',(119.811458361842,234.656553370211,67.9999999899227));
#2573=CARTESIAN_POINT('',(111.729653592512,206.748551785884,118.));
#2574=CARTESIAN_POINT('Origin',(103.311458359827,214.656553368104,118.));
#2575=CARTESIAN_POINT('',(111.729653592512,206.748551785884,118.));
#2576=CARTESIAN_POINT('',(118.62394911564,217.635401985207,79.6415690405024));
#2577=CARTESIAN_POINT('Ctrl Pts',(118.62394911564,217.635401985207,79.6415690405024));
#2578=CARTESIAN_POINT('Ctrl Pts',(118.598643589259,217.705551934282,79.8719549113693));
#2579=CARTESIAN_POINT('Ctrl Pts',(118.57303274901,217.747134283355,80.110046738007));
#2580=CARTESIAN_POINT('Ctrl Pts',(118.525169250177,217.770148421121,80.5683515050859));
#2581=CARTESIAN_POINT('Ctrl Pts',(118.502975949028,217.756827238785,80.7867625828415));
#2582=CARTESIAN_POINT('Ctrl Pts',(118.457753517778,217.676927555184,81.2467821349492));
#2583=CARTESIAN_POINT('Ctrl Pts',(118.43524597983,217.603301310836,81.4855490268908));
#2584=CARTESIAN_POINT('Ctrl Pts',(118.356492921787,217.209254780495,82.3580663547702));
#2585=CARTESIAN_POINT('Ctrl Pts',(118.317233757221,216.677998604497,82.8910716049891));
#2586=CARTESIAN_POINT('Ctrl Pts',(118.287814035515,215.694141033906,83.3357275136688));
#2587=CARTESIAN_POINT('Ctrl Pts',(118.282719537708,215.333524336355,83.423771844362));
#2588=CARTESIAN_POINT('Ctrl Pts',(118.281466056947,214.577882323485,83.4632151035686));
#2589=CARTESIAN_POINT('Ctrl Pts',(118.285791647627,214.189816060656,83.4062893486654));
#2590=CARTESIAN_POINT('Ctrl Pts',(118.313755052832,213.109962998656,83.0235044566103));
#2591=CARTESIAN_POINT('Ctrl Pts',(118.353273050736,212.50705323261,82.4878640611576));
#2592=CARTESIAN_POINT('Ctrl Pts',(118.434628934413,212.055973986418,81.5812898415513));
#2593=CARTESIAN_POINT('Ctrl Pts',(118.457542798216,211.971397940429,81.3359650066622));
#2594=CARTESIAN_POINT('Ctrl Pts',(118.503056337385,211.876544086177,80.8679141988468));
#2595=CARTESIAN_POINT('Ctrl Pts',(118.525022974853,211.85712966678,80.6488319440452));
#2596=CARTESIAN_POINT('Ctrl Pts',(118.571687309428,211.867683639468,80.195348233702));
#2597=CARTESIAN_POINT('Ctrl Pts',(118.596301794158,211.901138026153,79.9625024551788));
#2598=CARTESIAN_POINT('Ctrl Pts',(118.653264900931,212.042910580949,79.4340226216487));
#2599=CARTESIAN_POINT('Ctrl Pts',(118.68509221724,212.171794135839,79.1465717301861));
#2600=CARTESIAN_POINT('Ctrl Pts',(118.767400437493,212.652825868587,78.4129318742568));
#2601=CARTESIAN_POINT('Ctrl Pts',(118.854964344678,213.551282077331,77.653323539923));
#2602=CARTESIAN_POINT('Ctrl Pts',(118.871954431787,214.721543720509,77.4998423658479));
#2603=CARTESIAN_POINT('Ctrl Pts',(118.845594841586,216.051011040655,77.7137435249224));
#2604=CARTESIAN_POINT('Ctrl Pts',(118.793031742345,216.758163663259,78.1515800692025));
#2605=CARTESIAN_POINT('Ctrl Pts',(118.690703859152,217.397365024768,79.0424046796638));
#2606=CARTESIAN_POINT('Ctrl Pts',(118.6578121846,217.541529503465,79.3332738280107));
#2607=CARTESIAN_POINT('Ctrl Pts',(118.62394911564,217.635401985206,79.6415690405024));
#2608=CARTESIAN_POINT('Origin',(86.8114583598265,214.813103539924,105.500001013279));
#2609=CARTESIAN_POINT('',(86.8114583598265,216.963103539924,105.500001013279));
#2610=CARTESIAN_POINT('Ctrl Pts',(118.62394911564,217.635401985206,79.6415690405024));
#2611=CARTESIAN_POINT('Ctrl Pts',(118.6578121846,217.541529503465,79.3332738280107));
#2612=CARTESIAN_POINT('Ctrl Pts',(118.690703859152,217.397365024768,79.0424046796638));
#2613=CARTESIAN_POINT('Ctrl Pts',(118.793031742345,216.758163663259,78.1515800692025));
#2614=CARTESIAN_POINT('Ctrl Pts',(118.845594841586,216.051011040655,77.7137435249224));
#2615=CARTESIAN_POINT('Ctrl Pts',(118.871954431787,214.721543720509,77.4998423658479));
#2616=CARTESIAN_POINT('Ctrl Pts',(118.854964344678,213.551282077331,77.653323539923));
#2617=CARTESIAN_POINT('Ctrl Pts',(118.767400437493,212.652825868587,78.4129318742568));
#2618=CARTESIAN_POINT('Ctrl Pts',(118.68509221724,212.171794135839,79.1465717301861));
#2619=CARTESIAN_POINT('Ctrl Pts',(118.653264900931,212.042910580949,79.4340226216487));
#2620=CARTESIAN_POINT('Ctrl Pts',(118.596301794158,211.901138026153,79.9625024551788));
#2621=CARTESIAN_POINT('Ctrl Pts',(118.571687309428,211.867683639468,80.195348233702));
#2622=CARTESIAN_POINT('Ctrl Pts',(118.525022974853,211.85712966678,80.6488319440452));
#2623=CARTESIAN_POINT('Ctrl Pts',(118.503056337385,211.876544086177,80.8679141988468));
#2624=CARTESIAN_POINT('Ctrl Pts',(118.457542798216,211.971397940429,81.3359650066622));
#2625=CARTESIAN_POINT('Ctrl Pts',(118.434628934413,212.055973986418,81.5812898415513));
#2626=CARTESIAN_POINT('Ctrl Pts',(118.353273050736,212.50705323261,82.4878640611576));
#2627=CARTESIAN_POINT('Ctrl Pts',(118.313755052832,213.109962998656,83.0235044566103));
#2628=CARTESIAN_POINT('Ctrl Pts',(118.285791647627,214.189816060656,83.4062893486654));
#2629=CARTESIAN_POINT('Ctrl Pts',(118.281466056947,214.577882323485,83.4632151035686));
#2630=CARTESIAN_POINT('Ctrl Pts',(118.282719537708,215.333524336355,83.423771844362));
#2631=CARTESIAN_POINT('Ctrl Pts',(118.287814035515,215.694141033906,83.3357275136688));
#2632=CARTESIAN_POINT('Ctrl Pts',(118.317233757221,216.677998604497,82.8910716049891));
#2633=CARTESIAN_POINT('Ctrl Pts',(118.356492921787,217.209254780495,82.3580663547702));
#2634=CARTESIAN_POINT('Ctrl Pts',(118.43524597983,217.603301310836,81.4855490268908));
#2635=CARTESIAN_POINT('Ctrl Pts',(118.457753517778,217.676927555184,81.2467821349492));
#2636=CARTESIAN_POINT('Ctrl Pts',(118.502975949028,217.756827238785,80.7867625828415));
#2637=CARTESIAN_POINT('Ctrl Pts',(118.525169250177,217.770148421121,80.5683515050859));
#2638=CARTESIAN_POINT('Ctrl Pts',(118.57303274901,217.747134283355,80.110046738007));
#2639=CARTESIAN_POINT('Ctrl Pts',(118.598643589259,217.705551934282,79.8719549113693));
#2640=CARTESIAN_POINT('Ctrl Pts',(118.62394911564,217.635401985207,79.6415690405024));
#2641=CARTESIAN_POINT('Ctrl Pts',(118.356056384177,217.37187151311,79.6932712480038));
#2642=CARTESIAN_POINT('Ctrl Pts',(118.38657346856,217.283599470236,79.4140353299146));
#2643=CARTESIAN_POINT('Ctrl Pts',(118.416155476344,217.150575921804,79.1514440047862));
#2644=CARTESIAN_POINT('Ctrl Pts',(118.507876698812,216.564345629732,78.3506707055234));
#2645=CARTESIAN_POINT('Ctrl Pts',(118.554770814805,215.925827251592,77.9612951463051));
#2646=CARTESIAN_POINT('Ctrl Pts',(118.578333091938,214.730273764439,77.7711490386783));
#2647=CARTESIAN_POINT('Ctrl Pts',(118.563223193867,213.679415510971,77.9073090165204));
#2648=CARTESIAN_POINT('Ctrl Pts',(118.485057835531,212.864617001738,78.5852379700403));
#2649=CARTESIAN_POINT('Ctrl Pts',(118.411189392949,212.422645102751,79.2459051927983));
#2650=CARTESIAN_POINT('Ctrl Pts',(118.382577788283,212.303415479534,79.5053185085324));
#2651=CARTESIAN_POINT('Ctrl Pts',(118.331178636664,212.169610673975,79.9844622006708));
#2652=CARTESIAN_POINT('Ctrl Pts',(118.308915638751,212.137041720709,80.19604871908));
#2653=CARTESIAN_POINT('Ctrl Pts',(118.266577034053,212.12322616587,80.6092947957424));
#2654=CARTESIAN_POINT('Ctrl Pts',(118.246582361646,212.138946315677,80.8093769226346));
#2655=CARTESIAN_POINT('Ctrl Pts',(118.205025313654,212.221516561457,81.2377221848375));
#2656=CARTESIAN_POINT('Ctrl Pts',(118.183993334437,212.29677846117,81.4627432092204));
#2657=CARTESIAN_POINT('Ctrl Pts',(118.109040700034,212.702749579721,82.2957804126651));
#2658=CARTESIAN_POINT('Ctrl Pts',(118.071717800551,213.252842685551,82.7904522964192));
#2659=CARTESIAN_POINT('Ctrl Pts',(118.04518492732,214.24151328035,83.1439601958915));
#2660=CARTESIAN_POINT('Ctrl Pts',(118.041077982719,214.597079674844,83.1965492474011));
#2661=CARTESIAN_POINT('Ctrl Pts',(118.042354800434,215.289527525934,83.1602656890814));
#2662=CARTESIAN_POINT('Ctrl Pts',(118.047261981847,215.619913507437,83.079043098451));
#2663=CARTESIAN_POINT('Ctrl Pts',(118.075270674544,216.520468824605,82.6687267994119));
#2664=CARTESIAN_POINT('Ctrl Pts',(118.11222357923,217.004789694421,82.1766504813751));
#2665=CARTESIAN_POINT('Ctrl Pts',(118.184660820409,217.358719674568,81.3750663760447));
#2666=CARTESIAN_POINT('Ctrl Pts',(118.205290494197,217.423998159403,81.1561134680732));
#2667=CARTESIAN_POINT('Ctrl Pts',(118.246532755928,217.492940713073,80.7352046287746));
#2668=CARTESIAN_POINT('Ctrl Pts',(118.266712740598,217.503060267404,80.535777167825));
#2669=CARTESIAN_POINT('Ctrl Pts',(118.310096927211,217.47784059119,80.118289223717));
#2670=CARTESIAN_POINT('Ctrl Pts',(118.333243332931,217.437721454406,79.9019884806826));
#2671=CARTESIAN_POINT('Ctrl Pts',(118.356056384177,217.37187151311,79.6932712480038));
#2672=CARTESIAN_POINT('Ctrl Pts',(118.088163652713,217.108341041014,79.7449734555052));
#2673=CARTESIAN_POINT('Ctrl Pts',(118.115371181305,217.026126236164,79.4945970340723));
#2674=CARTESIAN_POINT('Ctrl Pts',(118.141567948016,216.903268352158,79.2607374178491));
#2675=CARTESIAN_POINT('Ctrl Pts',(118.222824375349,216.371780575757,78.5491859169399));
#2676=CARTESIAN_POINT('Ctrl Pts',(118.263957586462,215.800802165519,78.2089848784229));
#2677=CARTESIAN_POINT('Ctrl Pts',(118.28467823756,214.739059596402,78.0428620795535));
#2678=CARTESIAN_POINT('Ctrl Pts',(118.271509618556,213.807785006845,78.1611449608995));
#2679=CARTESIAN_POINT('Ctrl Pts',(118.20268004926,213.075884170596,78.758098043513));
#2680=CARTESIAN_POINT('Ctrl Pts',(118.137300974593,212.674733232728,79.3448695891432));
#2681=CARTESIAN_POINT('Ctrl Pts',(118.111884053581,212.564333814925,79.5766788264636));
#2682=CARTESIAN_POINT('Ctrl Pts',(118.066059417755,212.438923029426,80.0062444324842));
#2683=CARTESIAN_POINT('Ctrl Pts',(118.046145176886,212.407002609472,80.1967075493026));
#2684=CARTESIAN_POINT('Ctrl Pts',(118.008129698463,212.390025533161,80.5696423848288));
#2685=CARTESIAN_POINT('Ctrl Pts',(117.990116362943,212.402008169102,80.7507747863935));
#2686=CARTESIAN_POINT('Ctrl Pts',(117.952496825982,212.472258737567,81.1393817075018));
#2687=CARTESIAN_POINT('Ctrl Pts',(117.933377491812,212.538294366553,81.3441457785238));
#2688=CARTESIAN_POINT('Ctrl Pts',(117.864747682277,212.898792089643,82.1035023743123));
#2689=CARTESIAN_POINT('Ctrl Pts',(117.829648590934,213.39622798723,82.5574048822885));
#2690=CARTESIAN_POINT('Ctrl Pts',(117.804596174064,214.293415312996,82.8813104732239));
#2691=CARTESIAN_POINT('Ctrl Pts',(117.800692618394,214.616595444487,82.9296901477373));
#2692=CARTESIAN_POINT('Ctrl Pts',(117.80198604763,215.245753937565,82.8965383749723));
#2693=CARTESIAN_POINT('Ctrl Pts',(117.806732458177,215.546003073765,82.8220822975044));
#2694=CARTESIAN_POINT('Ctrl Pts',(117.833266038905,216.363036311195,82.446335181376));
#2695=CARTESIAN_POINT('Ctrl Pts',(117.867892210619,216.800549906529,81.995078718071));
#2696=CARTESIAN_POINT('Ctrl Pts',(117.934094105975,217.114081804664,81.264623117816));
#2697=CARTESIAN_POINT('Ctrl Pts',(117.952814342064,217.171104472588,81.0654267987181));
#2698=CARTESIAN_POINT('Ctrl Pts',(117.990096947211,217.229037647362,80.6836607272754));
#2699=CARTESIAN_POINT('Ctrl Pts',(118.008251668596,217.235982253997,80.503199827213));
#2700=CARTESIAN_POINT('Ctrl Pts',(118.047164129896,217.208542263837,80.1265369435882));
#2701=CARTESIAN_POINT('Ctrl Pts',(118.067839688878,217.169894183817,79.9320301275735));
#2702=CARTESIAN_POINT('Ctrl Pts',(118.088163652713,217.108341041014,79.7449734555052));
#2703=CARTESIAN_POINT('Ctrl Pts',(117.82027092125,216.844810568918,79.7966756630066));
#2704=CARTESIAN_POINT('Ctrl Pts',(117.844132465265,216.768196202935,79.5753585359762));
#2705=CARTESIAN_POINT('Ctrl Pts',(117.867019565208,216.656479249193,79.3697767429715));
#2706=CARTESIAN_POINT('Ctrl Pts',(117.937669331815,216.17796254223,78.7482765532609));
#2707=CARTESIAN_POINT('Ctrl Pts',(117.97313355968,215.675618376456,78.4565364998056));
#2708=CARTESIAN_POINT('Ctrl Pts',(117.991056897711,214.747789640331,78.3141687523839));
#2709=CARTESIAN_POINT('Ctrl Pts',(117.979768467745,213.935918440484,78.415130437497));
#2710=CARTESIAN_POINT('Ctrl Pts',(117.920337447298,213.287675303747,78.9304041392965));
#2711=CARTESIAN_POINT('Ctrl Pts',(117.863398150302,212.92558419964,79.4442030517554));
#2712=CARTESIAN_POINT('Ctrl Pts',(117.841196940932,212.824838713509,79.6479747133473));
#2713=CARTESIAN_POINT('Ctrl Pts',(117.80093626026,212.707395677248,80.0282041779762));
#2714=CARTESIAN_POINT('Ctrl Pts',(117.78337350621,212.676360690714,80.1974080346806));
#2715=CARTESIAN_POINT('Ctrl Pts',(117.749683757663,212.656122032252,80.530105236526));
#2716=CARTESIAN_POINT('Ctrl Pts',(117.733642387205,212.664410398602,80.6922375101813));
#2717=CARTESIAN_POINT('Ctrl Pts',(117.69997934142,212.722377358595,81.0411388856771));
#2718=CARTESIAN_POINT('Ctrl Pts',(117.682741891835,212.779098841306,81.2255991461929));
#2719=CARTESIAN_POINT('Ctrl Pts',(117.620515331575,213.094488436754,81.9114187258199));
#2720=CARTESIAN_POINT('Ctrl Pts',(117.587611338653,213.539107674125,82.3243527220973));
#2721=CARTESIAN_POINT('Ctrl Pts',(117.563989453757,214.34511253269,82.61898132045));
#2722=CARTESIAN_POINT('Ctrl Pts',(117.560304544166,214.635792795845,82.6630242915699));
#2723=CARTESIAN_POINT('Ctrl Pts',(117.561621310356,215.201757127144,82.6330322196918));
#2724=CARTESIAN_POINT('Ctrl Pts',(117.566180404509,215.471775547296,82.5653978822865));
#2725=CARTESIAN_POINT('Ctrl Pts',(117.591302956227,216.205506531303,82.2239903757988));
#2726=CARTESIAN_POINT('Ctrl Pts',(117.623622868062,216.596084820455,81.8136628446759));
#2727=CARTESIAN_POINT('Ctrl Pts',(117.683508946554,216.869500168396,81.15414046697));
#2728=CARTESIAN_POINT('Ctrl Pts',(117.700351318483,216.918175076807,80.9747581318421));
#2729=CARTESIAN_POINT('Ctrl Pts',(117.733653754112,216.965151121649,80.6321027732085));
#2730=CARTESIAN_POINT('Ctrl Pts',(117.749795159017,216.96889410028,80.4706254899521));
#2731=CARTESIAN_POINT('Ctrl Pts',(117.784228308097,216.939248571672,80.1347794292982));
#2732=CARTESIAN_POINT('Ctrl Pts',(117.802439432549,216.902063703942,79.9620636968869));
#2733=CARTESIAN_POINT('Ctrl Pts',(117.82027092125,216.844810568918,79.7966756630066));
#2734=CARTESIAN_POINT('',(117.82027092125,216.844810568918,79.7966756630066));
#2735=CARTESIAN_POINT('',(118.62394911564,217.635401985206,79.6415690405024));
#2736=CARTESIAN_POINT('',(117.746977970817,216.963130661877,80.4999934998718));
#2737=CARTESIAN_POINT('Ctrl Pts',(117.82027092125,216.844810568918,79.7966756630066));
#2738=CARTESIAN_POINT('Ctrl Pts',(117.844132465265,216.768196202935,79.5753585359762));
#2739=CARTESIAN_POINT('Ctrl Pts',(117.867019565208,216.656479249193,79.3697767429715));
#2740=CARTESIAN_POINT('Ctrl Pts',(117.937669331815,216.17796254223,78.7482765532609));
#2741=CARTESIAN_POINT('Ctrl Pts',(117.97313355968,215.675618376456,78.4565364998056));
#2742=CARTESIAN_POINT('Ctrl Pts',(117.991056897711,214.747789640331,78.3141687523839));
#2743=CARTESIAN_POINT('Ctrl Pts',(117.979768467745,213.935918440484,78.415130437497));
#2744=CARTESIAN_POINT('Ctrl Pts',(117.920337447298,213.287675303747,78.9304041392965));
#2745=CARTESIAN_POINT('Ctrl Pts',(117.863398150302,212.92558419964,79.4442030517554));
#2746=CARTESIAN_POINT('Ctrl Pts',(117.841196940932,212.824838713509,79.6479747133473));
#2747=CARTESIAN_POINT('Ctrl Pts',(117.80093626026,212.707395677248,80.0282041779762));
#2748=CARTESIAN_POINT('Ctrl Pts',(117.78337350621,212.676360690714,80.1974080346806));
#2749=CARTESIAN_POINT('Ctrl Pts',(117.749683757663,212.656122032252,80.530105236526));
#2750=CARTESIAN_POINT('Ctrl Pts',(117.733642387205,212.664410398602,80.6922375101813));
#2751=CARTESIAN_POINT('Ctrl Pts',(117.69997934142,212.722377358595,81.0411388856771));
#2752=CARTESIAN_POINT('Ctrl Pts',(117.682741891835,212.779098841306,81.2255991461929));
#2753=CARTESIAN_POINT('Ctrl Pts',(117.620515331575,213.094488436754,81.9114187258199));
#2754=CARTESIAN_POINT('Ctrl Pts',(117.587611338653,213.539107674125,82.3243527220973));
#2755=CARTESIAN_POINT('Ctrl Pts',(117.563989453757,214.34511253269,82.61898132045));
#2756=CARTESIAN_POINT('Ctrl Pts',(117.560304544166,214.635792795845,82.6630242915699));
#2757=CARTESIAN_POINT('Ctrl Pts',(117.561621310356,215.201757127144,82.6330322196918));
#2758=CARTESIAN_POINT('Ctrl Pts',(117.566180404509,215.471775547296,82.5653978822865));
#2759=CARTESIAN_POINT('Ctrl Pts',(117.591302956227,216.205506531303,82.2239903757988));
#2760=CARTESIAN_POINT('Ctrl Pts',(117.623622868062,216.596084820455,81.8136628446759));
#2761=CARTESIAN_POINT('Ctrl Pts',(117.683508946554,216.869500168396,81.15414046697));
#2762=CARTESIAN_POINT('Ctrl Pts',(117.700351318483,216.918175076807,80.9747581318421));
#2763=CARTESIAN_POINT('Ctrl Pts',(117.72753072789,216.956514049047,80.6951038032028));
#2764=CARTESIAN_POINT('Ctrl Pts',(117.737188501466,216.963132677269,80.5974283573947));
#2765=CARTESIAN_POINT('Ctrl Pts',(117.746977970817,216.963130661877,80.4999934998718));
#2766=CARTESIAN_POINT('Ctrl Pts',(117.746977970817,216.963130661877,80.4999934998718));
#2767=CARTESIAN_POINT('Ctrl Pts',(117.75332252409,216.963129355701,80.4368459867662));
#2768=CARTESIAN_POINT('Ctrl Pts',(117.759722393982,216.960347158278,80.3737995287688));
#2769=CARTESIAN_POINT('Ctrl Pts',(117.784228308097,216.939248571672,80.1347794292982));
#2770=CARTESIAN_POINT('Ctrl Pts',(117.802439432549,216.902063703942,79.9620636968869));
#2771=CARTESIAN_POINT('Ctrl Pts',(117.82027092125,216.844810568918,79.7966756630066));
#2772=CARTESIAN_POINT('Origin',(86.8114583598265,214.813103539924,80.500001013279));
#2773=CARTESIAN_POINT('',(86.8114583598265,216.963103539924,80.500001013279));
#2774=CARTESIAN_POINT('Ctrl Pts',(90.5697165490014,217.479913124165,104.241200438849));
#2775=CARTESIAN_POINT('Ctrl Pts',(90.5798263180666,217.508637097353,104.302470502833));
#2776=CARTESIAN_POINT('Ctrl Pts',(90.5898763100149,217.535233243259,104.364735451741));
#2777=CARTESIAN_POINT('Ctrl Pts',(90.6333483160101,217.641955903074,104.640740206549));
#2778=CARTESIAN_POINT('Ctrl Pts',(90.6655407843752,217.699238176614,104.862860469559));
#2779=CARTESIAN_POINT('Ctrl Pts',(90.7166170951136,217.753106045643,105.258276596971));
#2780=CARTESIAN_POINT('Ctrl Pts',(90.7366998854724,217.761470706708,105.428633990941));
#2781=CARTESIAN_POINT('Ctrl Pts',(90.7723604115924,217.748738323712,105.767044418344));
#2782=CARTESIAN_POINT('Ctrl Pts',(90.787930247329,217.72811435635,105.934456904994));
#2783=CARTESIAN_POINT('Ctrl Pts',(90.8184944779474,217.647633434031,106.31596604173));
#2784=CARTESIAN_POINT('Ctrl Pts',(90.8316641962722,217.577829687203,106.527038862788));
#2785=CARTESIAN_POINT('Ctrl Pts',(90.8565720465745,217.325276829229,107.07587107296));
#2786=CARTESIAN_POINT('Ctrl Pts',(90.8601286296571,217.099663013035,107.388976543251));
#2787=CARTESIAN_POINT('Ctrl Pts',(90.8491203072303,216.25491199029,108.183450652323));
#2788=CARTESIAN_POINT('Ctrl Pts',(90.8196767583356,215.477480125546,108.474805036278));
#2789=CARTESIAN_POINT('Ctrl Pts',(90.8132380537208,214.336671782706,108.431005069822));
#2790=CARTESIAN_POINT('Ctrl Pts',(90.8150907201797,213.97702898033,108.349180595264));
#2791=CARTESIAN_POINT('Ctrl Pts',(90.825099107951,212.967732263447,107.91104279513));
#2792=CARTESIAN_POINT('Ctrl Pts',(90.8333969304026,212.415235901621,107.359179882374));
#2793=CARTESIAN_POINT('Ctrl Pts',(90.7873960866417,212.031396231896,106.487081616269));
#2794=CARTESIAN_POINT('Ctrl Pts',(90.7734206788997,211.965489954466,106.278569952092));
#2795=CARTESIAN_POINT('Ctrl Pts',(90.7421179597293,211.890555956485,105.900132860448));
#2796=CARTESIAN_POINT('Ctrl Pts',(90.7263812464134,211.872014050157,105.732984602578));
#2797=CARTESIAN_POINT('Ctrl Pts',(90.6906582471588,211.863331435889,105.393413005113));
#2798=CARTESIAN_POINT('Ctrl Pts',(90.6706477884089,211.873990507688,105.221639386314));
#2799=CARTESIAN_POINT('Ctrl Pts',(90.6198773732995,211.934196691285,104.820694173302));
#2800=CARTESIAN_POINT('Ctrl Pts',(90.5880530544862,211.996552852031,104.594805968437));
#2801=CARTESIAN_POINT('Ctrl Pts',(90.4464407832222,212.375696712298,103.66365252475));
#2802=CARTESIAN_POINT('Ctrl Pts',(90.3305821036644,212.958052387712,103.076006327981));
#2803=CARTESIAN_POINT('Ctrl Pts',(90.2448055017791,214.037766735297,102.631097998768));
#2804=CARTESIAN_POINT('Ctrl Pts',(90.2304587845176,214.420434406687,102.554353401945));
#2805=CARTESIAN_POINT('Ctrl Pts',(90.2347862308034,215.177907213988,102.552954191476));
#2806=CARTESIAN_POINT('Ctrl Pts',(90.2519027633178,215.544258819386,102.621519513448));
#2807=CARTESIAN_POINT('Ctrl Pts',(90.3109548447894,216.218541243105,102.883717814904));
#2808=CARTESIAN_POINT('Ctrl Pts',(90.3513958064988,216.52206534263,103.07051086079));
#2809=CARTESIAN_POINT('Ctrl Pts',(90.4511770013898,217.077293672897,103.56805346212));
#2810=CARTESIAN_POINT('Ctrl Pts',(90.5111352416915,217.313471349908,103.886169535174));
#2811=CARTESIAN_POINT('Ctrl Pts',(90.5697165490014,217.479913124165,104.241200438849));
#2812=CARTESIAN_POINT('Ctrl Pts',(90.8206377544306,217.223871663885,104.324564189313));
#2813=CARTESIAN_POINT('Ctrl Pts',(90.8295928763716,217.250824900178,104.380098893481));
#2814=CARTESIAN_POINT('Ctrl Pts',(90.8385077867453,217.275871628253,104.436615878798));
#2815=CARTESIAN_POINT('Ctrl Pts',(90.8771239134383,217.376758100447,104.687464540727));
#2816=CARTESIAN_POINT('Ctrl Pts',(90.9058708851718,217.43197291098,104.890234360399));
#2817=CARTESIAN_POINT('Ctrl Pts',(90.9517822248233,217.485844931293,105.25248901438));
#2818=CARTESIAN_POINT('Ctrl Pts',(90.969936741848,217.49535801011,105.408946669074));
#2819=CARTESIAN_POINT('Ctrl Pts',(91.0024095052877,217.486897375507,105.720281993444));
#2820=CARTESIAN_POINT('Ctrl Pts',(91.0167100604062,217.469398481662,105.87455333762));
#2821=CARTESIAN_POINT('Ctrl Pts',(91.0451293146343,217.398142442007,106.22637985176));
#2822=CARTESIAN_POINT('Ctrl Pts',(91.0576498691857,217.335209304395,106.421212238576));
#2823=CARTESIAN_POINT('Ctrl Pts',(91.0823318948811,217.105049894381,106.927506925136));
#2824=CARTESIAN_POINT('Ctrl Pts',(91.0872756149871,216.898358799638,107.215902058186));
#2825=CARTESIAN_POINT('Ctrl Pts',(91.0831351816875,216.123297319496,107.944404125541));
#2826=CARTESIAN_POINT('Ctrl Pts',(91.0601765574183,215.414574623772,108.207015000085));
#2827=CARTESIAN_POINT('Ctrl Pts',(91.0536833117706,214.37813044968,108.166874839769));
#2828=CARTESIAN_POINT('Ctrl Pts',(91.0545509537575,214.050901984538,108.092272862914));
#2829=CARTESIAN_POINT('Ctrl Pts',(91.0592542162737,213.131487719853,107.693068552206));
#2830=CARTESIAN_POINT('Ctrl Pts',(91.0621974521588,212.624245701134,107.187242212668));
#2831=CARTESIAN_POINT('Ctrl Pts',(91.0173422575944,212.27560736237,106.383129632839));
#2832=CARTESIAN_POINT('Ctrl Pts',(91.0040595242988,212.216437841895,106.191059743672));
#2833=CARTESIAN_POINT('Ctrl Pts',(90.9750226638622,212.150448919147,105.842499454666));
#2834=CARTESIAN_POINT('Ctrl Pts',(90.960570720439,212.134885040778,105.688758121434));
#2835=CARTESIAN_POINT('Ctrl Pts',(90.9280790642078,212.130188449264,105.376806197115));
#2836=CARTESIAN_POINT('Ctrl Pts',(90.9100115128687,212.141693003147,105.219351693454));
#2837=CARTESIAN_POINT('Ctrl Pts',(90.8644406983354,212.201386636853,104.852541130732));
#2838=CARTESIAN_POINT('Ctrl Pts',(90.8360935196884,212.260800253704,104.646818992596));
#2839=CARTESIAN_POINT('Ctrl Pts',(90.7105612831213,212.618363666851,103.801360577768));
#2840=CARTESIAN_POINT('Ctrl Pts',(90.6099100039049,213.151542143972,103.279741695064));
#2841=CARTESIAN_POINT('Ctrl Pts',(90.5358796322516,214.119557686134,102.887227360535));
#2842=CARTESIAN_POINT('Ctrl Pts',(90.5236264469998,214.461192928268,102.819862274468));
#2843=CARTESIAN_POINT('Ctrl Pts',(90.5275232022362,215.136594345855,102.818220723281));
#2844=CARTESIAN_POINT('Ctrl Pts',(90.5423756031385,215.463621714049,102.878052011155));
#2845=CARTESIAN_POINT('Ctrl Pts',(90.5936452016621,216.068712046027,103.108711930865));
#2846=CARTESIAN_POINT('Ctrl Pts',(90.6288197709162,216.342972648781,103.273707316364));
#2847=CARTESIAN_POINT('Ctrl Pts',(90.7160543451556,216.849220124153,103.717132844225));
#2848=CARTESIAN_POINT('Ctrl Pts',(90.7687451419157,217.06765383873,104.002723902184));
#2849=CARTESIAN_POINT('Ctrl Pts',(90.8206377544306,217.223871663885,104.324564189313));
#2850=CARTESIAN_POINT('Ctrl Pts',(91.0715589598597,216.967830203605,104.407927939776));
#2851=CARTESIAN_POINT('Ctrl Pts',(91.0793599276666,216.993012142774,104.457730011713));
#2852=CARTESIAN_POINT('Ctrl Pts',(91.0871386956427,217.016510000362,104.508493435344));
#2853=CARTESIAN_POINT('Ctrl Pts',(91.1209009523297,217.11155538008,104.734198997067));
#2854=CARTESIAN_POINT('Ctrl Pts',(91.1462008545974,217.164692008543,104.917611229421));
#2855=CARTESIAN_POINT('Ctrl Pts',(91.186944607425,217.218573953004,105.246698633505));
#2856=CARTESIAN_POINT('Ctrl Pts',(91.203173743436,217.229212374608,105.389260853305));
#2857=CARTESIAN_POINT('Ctrl Pts',(91.2324524974189,217.22505603959,105.673515552855));
#2858=CARTESIAN_POINT('Ctrl Pts',(91.2454944255,217.210609957357,105.814649513528));
#2859=CARTESIAN_POINT('Ctrl Pts',(91.2717461115324,217.148709460326,106.136789058587));
#2860=CARTESIAN_POINT('Ctrl Pts',(91.2836616147577,217.092386389246,106.315375499714));
#2861=CARTESIAN_POINT('Ctrl Pts',(91.3080205927218,216.885137679679,106.779151664817));
#2862=CARTESIAN_POINT('Ctrl Pts',(91.3145291461929,216.696464336294,107.042721690048));
#2863=CARTESIAN_POINT('Ctrl Pts',(91.3169021376214,215.992872215869,107.70546523346));
#2864=CARTESIAN_POINT('Ctrl Pts',(91.3002890690896,215.352537425046,107.9396953184));
#2865=CARTESIAN_POINT('Ctrl Pts',(91.2943471678001,214.419550248674,107.902114011162));
#2866=CARTESIAN_POINT('Ctrl Pts',(91.2939598003122,214.125274952849,107.835211673958));
#2867=CARTESIAN_POINT('Ctrl Pts',(91.2935720755542,213.295027713669,107.47454267249));
#2868=CARTESIAN_POINT('Ctrl Pts',(91.29117945249,212.832934823224,107.014349148187));
#2869=CARTESIAN_POINT('Ctrl Pts',(91.2472037955531,212.520256655829,106.27922533617));
#2870=CARTESIAN_POINT('Ctrl Pts',(91.2347002955288,212.467564179292,106.103252914675));
#2871=CARTESIAN_POINT('Ctrl Pts',(91.2078740262801,212.410651559924,105.784785448378));
#2872=CARTESIAN_POINT('Ctrl Pts',(91.1947333514448,212.398047465984,105.644307181765));
#2873=CARTESIAN_POINT('Ctrl Pts',(91.1654609089617,212.397252081473,105.360092642894));
#2874=CARTESIAN_POINT('Ctrl Pts',(91.1493356762169,212.409818849089,105.216808607516));
#2875=CARTESIAN_POINT('Ctrl Pts',(91.1089757869813,212.46854874516,104.884360130212));
#2876=CARTESIAN_POINT('Ctrl Pts',(91.0840783734733,212.525766171183,104.698434690058));
#2877=CARTESIAN_POINT('Ctrl Pts',(90.9747237449651,212.859661524574,103.939751425146));
#2878=CARTESIAN_POINT('Ctrl Pts',(90.8891631289761,213.344086531186,103.483479970004));
#2879=CARTESIAN_POINT('Ctrl Pts',(90.8270160180923,214.201776337058,103.143516793759));
#2880=CARTESIAN_POINT('Ctrl Pts',(90.8167881826302,214.501648470066,103.085452241609));
#2881=CARTESIAN_POINT('Ctrl Pts',(90.8202975340855,215.095523429978,103.083610491153));
#2882=CARTESIAN_POINT('Ctrl Pts',(90.832843121951,215.382891354876,103.13461336441));
#2883=CARTESIAN_POINT('Ctrl Pts',(90.8763648766969,215.918984258617,103.333829432754));
#2884=CARTESIAN_POINT('Ctrl Pts',(90.9062416209887,216.163894269524,103.476931100483));
#2885=CARTESIAN_POINT('Ctrl Pts',(90.9809498800736,216.621163898137,103.866288846279));
#2886=CARTESIAN_POINT('Ctrl Pts',(91.0263579952104,216.82194946293,104.119391668129));
#2887=CARTESIAN_POINT('Ctrl Pts',(91.0715589598597,216.967830203605,104.407927939776));
#2888=CARTESIAN_POINT('Ctrl Pts',(91.3224801652889,216.711788743325,104.49129169024));
#2889=CARTESIAN_POINT('Ctrl Pts',(91.3291264859717,216.735199945599,104.53535840236));
#2890=CARTESIAN_POINT('Ctrl Pts',(91.3357701723731,216.757148385356,104.580373862401));
#2891=CARTESIAN_POINT('Ctrl Pts',(91.3646765497578,216.846357577453,104.780923331245));
#2892=CARTESIAN_POINT('Ctrl Pts',(91.386530955394,216.897426742909,104.944985120262));
#2893=CARTESIAN_POINT('Ctrl Pts',(91.4221097371348,216.951312838654,105.240911050914));
#2894=CARTESIAN_POINT('Ctrl Pts',(91.4364105998116,216.963099678011,105.369573531439));
#2895=CARTESIAN_POINT('Ctrl Pts',(91.4625015911143,216.963215091385,105.626753127955));
#2896=CARTESIAN_POINT('Ctrl Pts',(91.4742742385772,216.951894082668,105.754745946155));
#2897=CARTESIAN_POINT('Ctrl Pts',(91.4983809482193,216.899218468302,106.047202868617));
#2898=CARTESIAN_POINT('Ctrl Pts',(91.5096472876712,216.849766006438,106.209548875502));
#2899=CARTESIAN_POINT('Ctrl Pts',(91.5337804410284,216.664910744831,106.630787516992));
#2900=CARTESIAN_POINT('Ctrl Pts',(91.5416761315229,216.495160122897,106.869647204983));
#2901=CARTESIAN_POINT('Ctrl Pts',(91.5509170120787,215.861257545075,107.466418706678));
#2902=CARTESIAN_POINT('Ctrl Pts',(91.5407888681722,215.289631923271,107.671905282207));
#2903=CARTESIAN_POINT('Ctrl Pts',(91.5347924258499,214.461008915648,107.63798378111));
#2904=CARTESIAN_POINT('Ctrl Pts',(91.53342003389,214.199147957058,107.578303941608));
#2905=CARTESIAN_POINT('Ctrl Pts',(91.5277271838769,213.458783170075,107.256568429567));
#2906=CARTESIAN_POINT('Ctrl Pts',(91.5199799742461,213.041944622737,106.842411478482));
#2907=CARTESIAN_POINT('Ctrl Pts',(91.4771499665058,212.764467786302,106.17527335274));
#2908=CARTESIAN_POINT('Ctrl Pts',(91.4653391409279,212.718512066721,106.015742706255));
#2909=CARTESIAN_POINT('Ctrl Pts',(91.440778730413,212.670544522586,105.727152042596));
#2910=CARTESIAN_POINT('Ctrl Pts',(91.4289228254705,212.660918456605,105.600080700621));
#2911=CARTESIAN_POINT('Ctrl Pts',(91.4028817260107,212.664109094848,105.343485834896));
#2912=CARTESIAN_POINT('Ctrl Pts',(91.3886994006767,212.677521344548,105.214520914656));
#2913=CARTESIAN_POINT('Ctrl Pts',(91.3535391120172,212.735738690728,104.916207087643));
#2914=CARTESIAN_POINT('Ctrl Pts',(91.3321188386754,212.790013572855,104.750447714217));
#2915=CARTESIAN_POINT('Ctrl Pts',(91.2388442448642,213.102328479128,104.077459478164));
#2916=CARTESIAN_POINT('Ctrl Pts',(91.1684910292166,213.537576287446,103.687215337087));
#2917=CARTESIAN_POINT('Ctrl Pts',(91.1180901485647,214.283567287895,103.399646155526));
#2918=CARTESIAN_POINT('Ctrl Pts',(91.1099558451124,214.542406991647,103.350961114131));
#2919=CARTESIAN_POINT('Ctrl Pts',(91.1130345055184,215.054210561846,103.348877022958));
#2920=CARTESIAN_POINT('Ctrl Pts',(91.1233159617717,215.302254249538,103.391145862116));
#2921=CARTESIAN_POINT('Ctrl Pts',(91.1590552335696,215.769155061539,103.558823548715));
#2922=CARTESIAN_POINT('Ctrl Pts',(91.1836655854061,215.984801575675,103.680127556057));
#2923=CARTESIAN_POINT('Ctrl Pts',(91.2458272238394,216.393090349393,104.015368228383));
#2924=CARTESIAN_POINT('Ctrl Pts',(91.2839678954346,216.576131951753,104.235946035138));
#2925=CARTESIAN_POINT('Ctrl Pts',(91.3224801652889,216.711788743325,104.49129169024));
#2926=CARTESIAN_POINT('',(90.5697165490014,217.479913124165,104.241200438849));
#2927=CARTESIAN_POINT('',(91.3224801652889,216.711788743325,104.49129169024));
#2928=CARTESIAN_POINT('',(90.5697165490014,217.479913124165,104.241200438849));
#2929=CARTESIAN_POINT('',(91.449644123531,216.963158039821,105.500016912941));
#2930=CARTESIAN_POINT('Ctrl Pts',(91.3224801652889,216.711788743325,104.49129169024));
#2931=CARTESIAN_POINT('Ctrl Pts',(91.3291264859717,216.735199945599,104.53535840236));
#2932=CARTESIAN_POINT('Ctrl Pts',(91.3357701723731,216.757148385356,104.580373862401));
#2933=CARTESIAN_POINT('Ctrl Pts',(91.3646765497578,216.846357577453,104.780923331245));
#2934=CARTESIAN_POINT('Ctrl Pts',(91.386530955394,216.897426742909,104.944985120262));
#2935=CARTESIAN_POINT('Ctrl Pts',(91.4221097371348,216.951312838654,105.240911050914));
#2936=CARTESIAN_POINT('Ctrl Pts',(91.4364105998116,216.963099678011,105.369573531439));
#2937=CARTESIAN_POINT('Ctrl Pts',(91.449585233492,216.963157955939,105.49943624669));
#2938=CARTESIAN_POINT('Ctrl Pts',(91.4496146815489,216.96315802733,105.499726578828));
#2939=CARTESIAN_POINT('Ctrl Pts',(91.449644123531,216.963158039821,105.500016912941));
#2940=CARTESIAN_POINT('Ctrl Pts',(91.449644123531,216.963158039821,105.500016912941));
#2941=CARTESIAN_POINT('Ctrl Pts',(91.4625551540879,216.963163517215,105.627335535322));
#2942=CARTESIAN_POINT('Ctrl Pts',(91.4742979680095,216.951842231443,105.755033826038));
#2943=CARTESIAN_POINT('Ctrl Pts',(91.4983809482193,216.899218468302,106.047202868617));
#2944=CARTESIAN_POINT('Ctrl Pts',(91.5096472876712,216.849766006438,106.209548875502));
#2945=CARTESIAN_POINT('Ctrl Pts',(91.5337804410284,216.664910744831,106.630787516992));
#2946=CARTESIAN_POINT('Ctrl Pts',(91.5416761315229,216.495160122897,106.869647204983));
#2947=CARTESIAN_POINT('Ctrl Pts',(91.5509170120787,215.861257545075,107.466418706678));
#2948=CARTESIAN_POINT('Ctrl Pts',(91.5407888681722,215.289631923271,107.671905282207));
#2949=CARTESIAN_POINT('Ctrl Pts',(91.5347924258499,214.461008915648,107.63798378111));
#2950=CARTESIAN_POINT('Ctrl Pts',(91.53342003389,214.199147957058,107.578303941608));
#2951=CARTESIAN_POINT('Ctrl Pts',(91.5277271838769,213.458783170075,107.256568429567));
#2952=CARTESIAN_POINT('Ctrl Pts',(91.5199799742461,213.041944622737,106.842411478482));
#2953=CARTESIAN_POINT('Ctrl Pts',(91.4771499665058,212.764467786302,106.17527335274));
#2954=CARTESIAN_POINT('Ctrl Pts',(91.4653391409279,212.718512066721,106.015742706255));
#2955=CARTESIAN_POINT('Ctrl Pts',(91.440778730413,212.670544522586,105.727152042596));
#2956=CARTESIAN_POINT('Ctrl Pts',(91.4289228254705,212.660918456605,105.600080700621));
#2957=CARTESIAN_POINT('Ctrl Pts',(91.4028817260107,212.664109094848,105.343485834896));
#2958=CARTESIAN_POINT('Ctrl Pts',(91.3886994006767,212.677521344548,105.214520914656));
#2959=CARTESIAN_POINT('Ctrl Pts',(91.3535391120172,212.735738690728,104.916207087643));
#2960=CARTESIAN_POINT('Ctrl Pts',(91.3321188386754,212.790013572855,104.750447714217));
#2961=CARTESIAN_POINT('Ctrl Pts',(91.2388442448642,213.102328479128,104.077459478164));
#2962=CARTESIAN_POINT('Ctrl Pts',(91.1684910292166,213.537576287446,103.687215337087));
#2963=CARTESIAN_POINT('Ctrl Pts',(91.1180901485647,214.283567287895,103.399646155526));
#2964=CARTESIAN_POINT('Ctrl Pts',(91.1099558451124,214.542406991647,103.350961114131));
#2965=CARTESIAN_POINT('Ctrl Pts',(91.1130345055184,215.054210561846,103.348877022958));
#2966=CARTESIAN_POINT('Ctrl Pts',(91.1233159617717,215.302254249538,103.391145862116));
#2967=CARTESIAN_POINT('Ctrl Pts',(91.1590552335696,215.769155061539,103.558823548715));
#2968=CARTESIAN_POINT('Ctrl Pts',(91.1836655854061,215.984801575675,103.680127556057));
#2969=CARTESIAN_POINT('Ctrl Pts',(91.2458272238394,216.393090349393,104.015368228383));
#2970=CARTESIAN_POINT('Ctrl Pts',(91.2839678954346,216.576131951753,104.235946035138));
#2971=CARTESIAN_POINT('Ctrl Pts',(91.3224801652889,216.711788743325,104.49129169024));
#2972=CARTESIAN_POINT('Ctrl Pts',(90.5697165490014,217.479913124165,104.241200438849));
#2973=CARTESIAN_POINT('Ctrl Pts',(90.5111352416915,217.313471349908,103.886169535174));
#2974=CARTESIAN_POINT('Ctrl Pts',(90.4511770013898,217.077293672897,103.56805346212));
#2975=CARTESIAN_POINT('Ctrl Pts',(90.3513958064988,216.52206534263,103.07051086079));
#2976=CARTESIAN_POINT('Ctrl Pts',(90.3109548447894,216.218541243105,102.883717814904));
#2977=CARTESIAN_POINT('Ctrl Pts',(90.2519027633178,215.544258819386,102.621519513448));
#2978=CARTESIAN_POINT('Ctrl Pts',(90.2347862308034,215.177907213988,102.552954191476));
#2979=CARTESIAN_POINT('Ctrl Pts',(90.2304587845176,214.420434406687,102.554353401945));
#2980=CARTESIAN_POINT('Ctrl Pts',(90.2448055017791,214.037766735297,102.631097998768));
#2981=CARTESIAN_POINT('Ctrl Pts',(90.3305821036644,212.958052387712,103.076006327981));
#2982=CARTESIAN_POINT('Ctrl Pts',(90.4464407832222,212.375696712298,103.66365252475));
#2983=CARTESIAN_POINT('Ctrl Pts',(90.5880530544862,211.996552852031,104.594805968437));
#2984=CARTESIAN_POINT('Ctrl Pts',(90.6198773732995,211.934196691285,104.820694173302));
#2985=CARTESIAN_POINT('Ctrl Pts',(90.6706477884089,211.873990507688,105.221639386314));
#2986=CARTESIAN_POINT('Ctrl Pts',(90.6906582471588,211.863331435889,105.393413005113));
#2987=CARTESIAN_POINT('Ctrl Pts',(90.7263812464134,211.872014050157,105.732984602578));
#2988=CARTESIAN_POINT('Ctrl Pts',(90.7421179597293,211.890555956485,105.900132860448));
#2989=CARTESIAN_POINT('Ctrl Pts',(90.7734206788997,211.965489954466,106.278569952092));
#2990=CARTESIAN_POINT('Ctrl Pts',(90.7873960866417,212.031396231896,106.487081616269));
#2991=CARTESIAN_POINT('Ctrl Pts',(90.8333969304026,212.415235901621,107.359179882374));
#2992=CARTESIAN_POINT('Ctrl Pts',(90.825099107951,212.967732263447,107.91104279513));
#2993=CARTESIAN_POINT('Ctrl Pts',(90.8150907201797,213.97702898033,108.349180595264));
#2994=CARTESIAN_POINT('Ctrl Pts',(90.8132380537208,214.336671782706,108.431005069822));
#2995=CARTESIAN_POINT('Ctrl Pts',(90.8196767583356,215.477480125546,108.474805036278));
#2996=CARTESIAN_POINT('Ctrl Pts',(90.8491203072303,216.25491199029,108.183450652323));
#2997=CARTESIAN_POINT('Ctrl Pts',(90.8601286296571,217.099663013035,107.388976543251));
#2998=CARTESIAN_POINT('Ctrl Pts',(90.8565720465745,217.325276829229,107.07587107296));
#2999=CARTESIAN_POINT('Ctrl Pts',(90.8316641962722,217.577829687203,106.527038862788));
#3000=CARTESIAN_POINT('Ctrl Pts',(90.8184944779474,217.647633434031,106.31596604173));
#3001=CARTESIAN_POINT('Ctrl Pts',(90.787930247329,217.72811435635,105.934456904994));
#3002=CARTESIAN_POINT('Ctrl Pts',(90.7723604115924,217.748738323712,105.767044418344));
#3003=CARTESIAN_POINT('Ctrl Pts',(90.7366998854724,217.761470706708,105.428633990941));
#3004=CARTESIAN_POINT('Ctrl Pts',(90.7166170951136,217.753106045643,105.258276596971));
#3005=CARTESIAN_POINT('Ctrl Pts',(90.6655407843752,217.699238176614,104.862860469559));
#3006=CARTESIAN_POINT('Ctrl Pts',(90.6333483160101,217.641955903074,104.640740206549));
#3007=CARTESIAN_POINT('Ctrl Pts',(90.5898763100149,217.535233243259,104.364735451741));
#3008=CARTESIAN_POINT('Ctrl Pts',(90.5798263180666,217.508637097353,104.302470502833));
#3009=CARTESIAN_POINT('Ctrl Pts',(90.5697165490014,217.479913124165,104.241200438849));
#3010=CARTESIAN_POINT('Ctrl Pts',(96.8118869559687,224.204226988738,118.));
#3011=CARTESIAN_POINT('Ctrl Pts',(93.4784107565828,227.688335782562,101.333333329974));
#3012=CARTESIAN_POINT('Ctrl Pts',(90.1449345571969,231.172444576387,84.6666666599485));
#3013=CARTESIAN_POINT('Ctrl Pts',(86.811458357811,234.656553370211,67.9999999899227));
#3014=CARTESIAN_POINT('Ctrl Pts',(95.7068376640363,223.451965541282,118.));
#3015=CARTESIAN_POINT('Ctrl Pts',(92.7418078023286,226.393723037295,101.333333329974));
#3016=CARTESIAN_POINT('Ctrl Pts',(89.7764882197414,229.336021496801,84.6666666599485));
#3017=CARTESIAN_POINT('Ctrl Pts',(86.8114583580337,232.277778992813,67.9999999899227));
#3018=CARTESIAN_POINT('Ctrl Pts',(93.7609140999507,221.559949088092,118.));
#3019=CARTESIAN_POINT('Ctrl Pts',(91.4444801328251,223.546680129369,101.333333329974));
#3020=CARTESIAN_POINT('Ctrl Pts',(89.1278923255515,225.533499196819,84.6666666599484));
#3021=CARTESIAN_POINT('Ctrl Pts',(86.8114583584259,227.520230238096,67.9999999899227));
#3022=CARTESIAN_POINT('Ctrl Pts',(91.9812258184481,217.898295564924,118.));
#3023=CARTESIAN_POINT('Ctrl Pts',(90.2579284452673,218.726846115368,101.333333329974));
#3024=CARTESIAN_POINT('Ctrl Pts',(88.5347557319653,219.555356555741,84.6666666599485));
#3025=CARTESIAN_POINT('Ctrl Pts',(86.8114583587846,220.383907106185,67.9999999899227));
#3026=CARTESIAN_POINT('Ctrl Pts',(91.5537618334623,213.849214679397,118.));
#3027=CARTESIAN_POINT('Ctrl Pts',(89.9727418969046,213.648659980186,101.333333329974));
#3028=CARTESIAN_POINT('Ctrl Pts',(88.3924782954285,213.448138673564,84.6666666599485));
#3029=CARTESIAN_POINT('Ctrl Pts',(86.8114583588708,213.247583974353,67.9999999899227));
#3030=CARTESIAN_POINT('Ctrl Pts',(92.5310917962933,209.897002774387,118.));
#3031=CARTESIAN_POINT('Ctrl Pts',(90.6246509047641,208.635151559256,101.333333329974));
#3032=CARTESIAN_POINT('Ctrl Pts',(88.7178992502031,207.373112057633,84.6666666599485));
#3033=CARTESIAN_POINT('Ctrl Pts',(86.8114583586738,206.111260842502,67.9999999899227));
#3034=CARTESIAN_POINT('Ctrl Pts',(94.7932849440183,206.511970877236,118.));
#3035=CARTESIAN_POINT('Ctrl Pts',(92.1324756350634,203.999560396548,101.333333329974));
#3036=CARTESIAN_POINT('Ctrl Pts',(89.4722676671728,201.487348191224,84.6666666599485));
#3037=CARTESIAN_POINT('Ctrl Pts',(86.8114583582179,198.974937710536,67.9999999899227));
#3038=CARTESIAN_POINT('Ctrl Pts',(98.0737205094761,204.100254034516,118.));
#3039=CARTESIAN_POINT('Ctrl Pts',(94.3196976095325,200.013072492563,101.333333329974));
#3040=CARTESIAN_POINT('Ctrl Pts',(90.5654812575003,195.925796120327,84.6666666599485));
#3041=CARTESIAN_POINT('Ctrl Pts',(86.8114583575567,191.838614578374,67.9999999899227));
#3042=CARTESIAN_POINT('Ctrl Pts',(100.676728904136,203.331901853896,118.));
#3043=CARTESIAN_POINT('Ctrl Pts',(96.0549665589384,197.915169409499,101.333333329974));
#3044=CARTESIAN_POINT('Ctrl Pts',(91.4332207022301,192.497798267828,84.6666666599485));
#3045=CARTESIAN_POINT('Ctrl Pts',(86.8114583570321,187.08106582343,67.9999999899227));
#3046=CARTESIAN_POINT('Ctrl Pts',(102.004947642223,203.180686091737,118.));
#3047=CARTESIAN_POINT('Ctrl Pts',(96.9404512137367,197.021221209795,101.333333329974));
#3048=CARTESIAN_POINT('Ctrl Pts',(91.8759547852505,190.861756327853,84.6666666599485));
#3049=CARTESIAN_POINT('Ctrl Pts',(86.8114583567643,184.702291445911,67.9999999899227));
#3050=CARTESIAN_POINT('',(94.893263127141,206.748551785884,118.));
#3051=CARTESIAN_POINT('Origin',(103.311458359827,214.656553368104,118.));
#3052=CARTESIAN_POINT('',(86.8114583598268,230.156553368104,68.));
#3053=CARTESIAN_POINT('',(94.893263127141,206.748551785884,118.));
#3054=CARTESIAN_POINT('',(87.9989943715639,217.63547617708,79.641812738718));
#3055=CARTESIAN_POINT('Ctrl Pts',(87.9989943715639,217.63547617708,79.641812738718));
#3056=CARTESIAN_POINT('Ctrl Pts',(87.9642382678295,217.539156615099,79.325382448567));
#3057=CARTESIAN_POINT('Ctrl Pts',(87.9304723967561,217.390103859433,79.0271533503543));
#3058=CARTESIAN_POINT('Ctrl Pts',(87.8670507137191,216.985765222211,78.47528665424));
#3059=CARTESIAN_POINT('Ctrl Pts',(87.8383054566461,216.727537973287,78.2300223698183));
#3060=CARTESIAN_POINT('Ctrl Pts',(87.7918193446973,216.126490002901,77.836455892018));
#3061=CARTESIAN_POINT('Ctrl Pts',(87.774827377304,215.786699301378,77.6946768457849));
#3062=CARTESIAN_POINT('Ctrl Pts',(87.7558778077574,215.057857378079,77.5393547560209));
#3063=CARTESIAN_POINT('Ctrl Pts',(87.7547142575247,214.674594360542,77.5325749927276));
#3064=CARTESIAN_POINT('Ctrl Pts',(87.7749569504817,213.642398551163,77.714071562934));
#3065=CARTESIAN_POINT('Ctrl Pts',(87.8556170733832,212.421208571476,78.4076563097119));
#3066=CARTESIAN_POINT('Ctrl Pts',(88.0001150219629,211.895681940944,79.7016066141766));
#3067=CARTESIAN_POINT('Ctrl Pts',(88.0910552043879,211.855329894704,80.5811008667812));
#3068=CARTESIAN_POINT('Ctrl Pts',(88.1131158081009,211.8695120418,80.7997925984692));
#3069=CARTESIAN_POINT('Ctrl Pts',(88.1583725596449,211.951916779619,81.2621947591381));
#3070=CARTESIAN_POINT('Ctrl Pts',(88.1810656880802,212.027451335906,81.5029944521184));
#3071=CARTESIAN_POINT('Ctrl Pts',(88.231696102509,212.285069743982,82.061855652374));
#3072=CARTESIAN_POINT('Ctrl Pts',(88.2569837694027,212.497454855569,82.3617191139545));
#3073=CARTESIAN_POINT('Ctrl Pts',(88.2969626822883,213.012947836338,82.861002167501));
#3074=CARTESIAN_POINT('Ctrl Pts',(88.3117279789174,213.308611945227,83.0592812956457));
#3075=CARTESIAN_POINT('Ctrl Pts',(88.3329573338359,213.970614542808,83.3481235823396));
#3076=CARTESIAN_POINT('Ctrl Pts',(88.3389399525652,214.333524189215,83.4309608911374));
#3077=CARTESIAN_POINT('Ctrl Pts',(88.3421359472372,215.091748857463,83.4592618656286));
#3078=CARTESIAN_POINT('Ctrl Pts',(88.3387799030118,215.48006185423,83.3961410138339));
#3079=CARTESIAN_POINT('Ctrl Pts',(88.3133048387398,216.54754596558,82.9983415383136));
#3080=CARTESIAN_POINT('Ctrl Pts',(88.2750693959635,217.137079896762,82.4616123863363));
#3081=CARTESIAN_POINT('Ctrl Pts',(88.1946631657459,217.575977722883,81.5608870626512));
#3082=CARTESIAN_POINT('Ctrl Pts',(88.1719675724498,217.657892538318,81.3179132301838));
#3083=CARTESIAN_POINT('Ctrl Pts',(88.1265695239018,217.749601130617,80.8528752402304));
#3084=CARTESIAN_POINT('Ctrl Pts',(88.1044911493349,217.767871606351,80.6342366655829));
#3085=CARTESIAN_POINT('Ctrl Pts',(88.0572741371705,217.755140055484,80.1796934969796));
#3086=CARTESIAN_POINT('Ctrl Pts',(88.0322024959689,217.720135407247,79.9453959605019));
#3087=CARTESIAN_POINT('Ctrl Pts',(88.0045411673376,217.650495020674,79.6923714115061));
#3088=CARTESIAN_POINT('Ctrl Pts',(88.0017654431873,217.643155645613,79.6670414296121));
#3089=CARTESIAN_POINT('Ctrl Pts',(87.9989943715639,217.63547617708,79.641812738718));
#3090=CARTESIAN_POINT('Origin',(86.8114583598265,214.813103539924,105.500001013279));
#3091=CARTESIAN_POINT('',(86.8114583598265,216.963103539924,105.500001013279));
#3092=CARTESIAN_POINT('Ctrl Pts',(87.9989943715639,217.63547617708,79.641812738718));
#3093=CARTESIAN_POINT('Ctrl Pts',(88.0017654431873,217.643155645613,79.6670414296121));
#3094=CARTESIAN_POINT('Ctrl Pts',(88.0045411673376,217.650495020674,79.6923714115061));
#3095=CARTESIAN_POINT('Ctrl Pts',(88.0322024959689,217.720135407247,79.9453959605019));
#3096=CARTESIAN_POINT('Ctrl Pts',(88.0572741371705,217.755140055484,80.1796934969796));
#3097=CARTESIAN_POINT('Ctrl Pts',(88.1044911493349,217.767871606351,80.6342366655829));
#3098=CARTESIAN_POINT('Ctrl Pts',(88.1265695239018,217.749601130617,80.8528752402304));
#3099=CARTESIAN_POINT('Ctrl Pts',(88.1719675724498,217.657892538318,81.3179132301838));
#3100=CARTESIAN_POINT('Ctrl Pts',(88.1946631657459,217.575977722883,81.5608870626512));
#3101=CARTESIAN_POINT('Ctrl Pts',(88.2750693959635,217.137079896762,82.4616123863363));
#3102=CARTESIAN_POINT('Ctrl Pts',(88.3133048387398,216.54754596558,82.9983415383136));
#3103=CARTESIAN_POINT('Ctrl Pts',(88.3387799030118,215.48006185423,83.3961410138339));
#3104=CARTESIAN_POINT('Ctrl Pts',(88.3421359472372,215.091748857463,83.4592618656286));
#3105=CARTESIAN_POINT('Ctrl Pts',(88.3389399525652,214.333524189215,83.4309608911374));
#3106=CARTESIAN_POINT('Ctrl Pts',(88.3329573338359,213.970614542808,83.3481235823396));
#3107=CARTESIAN_POINT('Ctrl Pts',(88.3117279789174,213.308611945227,83.0592812956457));
#3108=CARTESIAN_POINT('Ctrl Pts',(88.2969626822883,213.012947836338,82.861002167501));
#3109=CARTESIAN_POINT('Ctrl Pts',(88.2569837694027,212.497454855569,82.3617191139545));
#3110=CARTESIAN_POINT('Ctrl Pts',(88.231696102509,212.285069743982,82.061855652374));
#3111=CARTESIAN_POINT('Ctrl Pts',(88.1810656880802,212.027451335906,81.5029944521184));
#3112=CARTESIAN_POINT('Ctrl Pts',(88.1583725596449,211.951916779619,81.2621947591381));
#3113=CARTESIAN_POINT('Ctrl Pts',(88.1131158081009,211.8695120418,80.7997925984692));
#3114=CARTESIAN_POINT('Ctrl Pts',(88.0910552043879,211.855329894704,80.5811008667812));
#3115=CARTESIAN_POINT('Ctrl Pts',(88.0001150219629,211.895681940944,79.7016066141766));
#3116=CARTESIAN_POINT('Ctrl Pts',(87.8556170733832,212.421208571476,78.4076563097119));
#3117=CARTESIAN_POINT('Ctrl Pts',(87.7749569504817,213.642398551163,77.714071562934));
#3118=CARTESIAN_POINT('Ctrl Pts',(87.7547142575247,214.674594360542,77.5325749927276));
#3119=CARTESIAN_POINT('Ctrl Pts',(87.7558778077574,215.057857378079,77.5393547560209));
#3120=CARTESIAN_POINT('Ctrl Pts',(87.774827377304,215.786699301378,77.6946768457849));
#3121=CARTESIAN_POINT('Ctrl Pts',(87.7918193446973,216.126490002901,77.836455892018));
#3122=CARTESIAN_POINT('Ctrl Pts',(87.8383054566461,216.727537973287,78.2300223698183));
#3123=CARTESIAN_POINT('Ctrl Pts',(87.8670507137191,216.985765222211,78.47528665424));
#3124=CARTESIAN_POINT('Ctrl Pts',(87.9304723967561,217.390103859433,79.0271533503543));
#3125=CARTESIAN_POINT('Ctrl Pts',(87.9642382678295,217.539156615099,79.325382448567));
#3126=CARTESIAN_POINT('Ctrl Pts',(87.9989943715639,217.63547617708,79.641812738718));
#3127=CARTESIAN_POINT('Ctrl Pts',(88.2668844677642,217.371941158751,79.6934920285738));
#3128=CARTESIAN_POINT('Ctrl Pts',(88.269382605679,217.379149999822,79.7163479800009));
#3129=CARTESIAN_POINT('Ctrl Pts',(88.2718859865139,217.386052862233,79.7393035104093));
#3130=CARTESIAN_POINT('Ctrl Pts',(88.2968359969249,217.451680438042,79.9686716552367));
#3131=CARTESIAN_POINT('Ctrl Pts',(88.3195082250386,217.485785090677,80.1816462505473));
#3132=CARTESIAN_POINT('Ctrl Pts',(88.3623304737644,217.501591453689,80.5959006232057));
#3133=CARTESIAN_POINT('Ctrl Pts',(88.3824193622321,217.486941822833,80.7956282720705));
#3134=CARTESIAN_POINT('Ctrl Pts',(88.423851046068,217.407205134116,81.2212980991446));
#3135=CARTESIAN_POINT('Ctrl Pts',(88.4446735078471,217.334339233488,81.4442071389912));
#3136=CARTESIAN_POINT('Ctrl Pts',(88.518714753898,216.939362810925,82.2720134695727));
#3137=CARTESIAN_POINT('Ctrl Pts',(88.5548501558692,216.401316562915,82.7676758473546));
#3138=CARTESIAN_POINT('Ctrl Pts',(88.5791877315203,215.423791603374,83.1347822990179));
#3139=CARTESIAN_POINT('Ctrl Pts',(88.582440977114,215.067958445786,83.1929598844199));
#3140=CARTESIAN_POINT('Ctrl Pts',(88.5794644661541,214.373173473654,83.166742193717));
#3141=CARTESIAN_POINT('Ctrl Pts',(88.5737654703611,214.040703251614,83.0901909971411));
#3142=CARTESIAN_POINT('Ctrl Pts',(88.5536685060192,213.434945959679,82.823558909232));
#3143=CARTESIAN_POINT('Ctrl Pts',(88.5397397469271,213.164800484144,82.6405650521763));
#3144=CARTESIAN_POINT('Ctrl Pts',(88.5023785966904,212.695289082758,82.1803639336422));
#3145=CARTESIAN_POINT('Ctrl Pts',(88.4789036175224,212.50278491649,81.9042556431088));
#3146=CARTESIAN_POINT('Ctrl Pts',(88.4322940202412,212.271440526761,81.390961940878));
#3147=CARTESIAN_POINT('Ctrl Pts',(88.411497883954,212.204381264005,81.170209550386));
#3148=CARTESIAN_POINT('Ctrl Pts',(88.3701961231537,212.133261737573,80.7471549227514));
#3149=CARTESIAN_POINT('Ctrl Pts',(88.3501413978239,212.122203536109,80.5476390571534));
#3150=CARTESIAN_POINT('Ctrl Pts',(88.2676498038217,212.16753120294,79.7461555292483));
#3151=CARTESIAN_POINT('Ctrl Pts',(88.137822194148,212.657432271056,78.5784789316856));
#3152=CARTESIAN_POINT('Ctrl Pts',(88.0660198693242,213.760301246246,77.9623310315177));
#3153=CARTESIAN_POINT('Ctrl Pts',(88.0479049579807,214.688330817159,77.8000737388849));
#3154=CARTESIAN_POINT('Ctrl Pts',(88.0489933682745,215.032764006923,77.8063676279689));
#3155=CARTESIAN_POINT('Ctrl Pts',(88.0658962205465,215.688420460864,77.9443234867149));
#3156=CARTESIAN_POINT('Ctrl Pts',(88.0810758638282,215.99471311162,78.0705827512165));
#3157=CARTESIAN_POINT('Ctrl Pts',(88.1226184821495,216.538589088629,78.4220138344783));
#3158=CARTESIAN_POINT('Ctrl Pts',(88.1483376326249,216.773445589802,78.6415908060711));
#3159=CARTESIAN_POINT('Ctrl Pts',(88.2052089988601,217.143670631629,79.1377620600695));
#3160=CARTESIAN_POINT('Ctrl Pts',(88.2355511391989,217.2815133858,79.4068145752058));
#3161=CARTESIAN_POINT('Ctrl Pts',(88.2668844677642,217.371941158751,79.6934920285738));
#3162=CARTESIAN_POINT('Ctrl Pts',(88.5347745639644,217.108406140423,79.7451713184295));
#3163=CARTESIAN_POINT('Ctrl Pts',(88.5370001403187,217.115144644387,79.7656552161845));
#3164=CARTESIAN_POINT('Ctrl Pts',(88.5392303668272,217.12161033479,79.786234876893));
#3165=CARTESIAN_POINT('Ctrl Pts',(88.5614724728845,217.183227623233,79.991951960234));
#3166=CARTESIAN_POINT('Ctrl Pts',(88.581737632682,217.216421956322,80.1835951272884));
#3167=CARTESIAN_POINT('Ctrl Pts',(88.6201723176811,217.235314529471,80.5575518624087));
#3168=CARTESIAN_POINT('Ctrl Pts',(88.6382581744872,217.224258033471,80.7383753465583));
#3169=CARTESIAN_POINT('Ctrl Pts',(88.675744557678,217.1565410077,81.1246516518991));
#3170=CARTESIAN_POINT('Ctrl Pts',(88.6946590889939,217.092629747498,81.327532370604));
#3171=CARTESIAN_POINT('Ctrl Pts',(88.7624195645987,216.741866397694,82.0822315848324));
#3172=CARTESIAN_POINT('Ctrl Pts',(88.7964207978901,216.25506904779,82.5369607484993));
#3173=CARTESIAN_POINT('Ctrl Pts',(88.8195522338484,215.367779948308,82.8730076489784));
#3174=CARTESIAN_POINT('Ctrl Pts',(88.8227300155963,215.044313263597,82.9263761873949));
#3175=CARTESIAN_POINT('Ctrl Pts',(88.8199566771807,214.41302537319,82.9021338321087));
#3176=CARTESIAN_POINT('Ctrl Pts',(88.8145407536965,214.110957987617,82.8319025228324));
#3177=CARTESIAN_POINT('Ctrl Pts',(88.795581096127,213.561469969815,82.5874318725366));
#3178=CARTESIAN_POINT('Ctrl Pts',(88.7824779411442,213.316833897932,82.4197074661244));
#3179=CARTESIAN_POINT('Ctrl Pts',(88.7477408573479,212.893305128637,81.9985806176856));
#3180=CARTESIAN_POINT('Ctrl Pts',(88.7260706557122,212.720724703728,81.746153677197));
#3181=CARTESIAN_POINT('Ctrl Pts',(88.6834793959957,212.515580592876,81.2784778076234));
#3182=CARTESIAN_POINT('Ctrl Pts',(88.6645735825053,212.45712860827,81.0776364125239));
#3183=CARTESIAN_POINT('Ctrl Pts',(88.6272362287454,212.397077579753,80.6941186913275));
#3184=CARTESIAN_POINT('Ctrl Pts',(88.6091626199891,212.389551561925,80.5133982625428));
#3185=CARTESIAN_POINT('Ctrl Pts',(88.535193744312,212.438421598281,79.7911124424191));
#3186=CARTESIAN_POINT('Ctrl Pts',(88.4200050874388,212.893899340519,78.7490003154608));
#3187=CARTESIAN_POINT('Ctrl Pts',(88.3569308333574,213.877505356678,78.209487443237));
#3188=CARTESIAN_POINT('Ctrl Pts',(88.3412041736935,214.702314166803,78.068443526802));
#3189=CARTESIAN_POINT('Ctrl Pts',(88.342098162845,215.007510325133,78.0733211690986));
#3190=CARTESIAN_POINT('Ctrl Pts',(88.3570116424353,215.590226720826,78.1943704458464));
#3191=CARTESIAN_POINT('Ctrl Pts',(88.3703373997072,215.86288842492,78.3047625035168));
#3192=CARTESIAN_POINT('Ctrl Pts',(88.4069530824181,216.349663699677,78.6142035429331));
#3193=CARTESIAN_POINT('Ctrl Pts',(88.4296277234982,216.561129614537,78.8079429618146));
#3194=CARTESIAN_POINT('Ctrl Pts',(88.4799547502663,216.897231771269,79.2484455115429));
#3195=CARTESIAN_POINT('Ctrl Pts',(88.5068608121717,217.023899650837,79.488259684699));
#3196=CARTESIAN_POINT('Ctrl Pts',(88.5347745639644,217.108406140423,79.7451713184295));
#3197=CARTESIAN_POINT('Ctrl Pts',(88.8026646601647,216.844871122094,79.7968506082852));
#3198=CARTESIAN_POINT('Ctrl Pts',(88.8046173028104,216.851138998596,79.8149617665733));
#3199=CARTESIAN_POINT('Ctrl Pts',(88.8065751860035,216.857168176349,79.8331669757962));
#3200=CARTESIAN_POINT('Ctrl Pts',(88.8261059738405,216.914772654028,80.0152276549688));
#3201=CARTESIAN_POINT('Ctrl Pts',(88.8439717205502,216.947066991515,80.1855478808561));
#3202=CARTESIAN_POINT('Ctrl Pts',(88.8780116421106,216.96903437681,80.5192158200314));
#3203=CARTESIAN_POINT('Ctrl Pts',(88.8941080128176,216.961598725688,80.6811283783983));
#3204=CARTESIAN_POINT('Ctrl Pts',(88.9276280312963,216.905853603499,81.02803652086));
#3205=CARTESIAN_POINT('Ctrl Pts',(88.9446694310951,216.850991258102,81.210852446944));
#3206=CARTESIAN_POINT('Ctrl Pts',(89.0060649225332,216.544149311857,81.8926326680688));
#3207=CARTESIAN_POINT('Ctrl Pts',(89.0379661150195,216.108839645124,82.3062950575404));
#3208=CARTESIAN_POINT('Ctrl Pts',(89.0599600623569,215.311509697453,82.6116489341624));
#3209=CARTESIAN_POINT('Ctrl Pts',(89.0630350454732,215.02052285192,82.6600742061862));
#3210=CARTESIAN_POINT('Ctrl Pts',(89.0604811907696,214.45267465763,82.6379151346883));
#3211=CARTESIAN_POINT('Ctrl Pts',(89.0553488902216,214.181046696423,82.5739699376339));
#3212=CARTESIAN_POINT('Ctrl Pts',(89.0375216232288,213.687803984267,82.351709486123));
#3213=CARTESIAN_POINT('Ctrl Pts',(89.025255005783,213.468686545738,82.1992703507996));
#3214=CARTESIAN_POINT('Ctrl Pts',(88.9931356846356,213.091139355827,81.8172254373733));
#3215=CARTESIAN_POINT('Ctrl Pts',(88.9732781707256,212.938439876236,81.5885536679318));
#3216=CARTESIAN_POINT('Ctrl Pts',(88.9347077281567,212.759569783731,81.166445296383));
#3217=CARTESIAN_POINT('Ctrl Pts',(88.9176989068144,212.709593092657,80.9856512037719));
#3218=CARTESIAN_POINT('Ctrl Pts',(88.8843165437982,212.660827275526,80.6414810156097));
#3219=CARTESIAN_POINT('Ctrl Pts',(88.8682488134251,212.65642520333,80.4799364529149));
#3220=CARTESIAN_POINT('Ctrl Pts',(88.8027285261708,212.710270860277,79.8356613574908));
#3221=CARTESIAN_POINT('Ctrl Pts',(88.7022102082035,213.130123040098,78.9198229374345));
#3222=CARTESIAN_POINT('Ctrl Pts',(88.6479937521999,213.995408051762,78.4577469118206));
#3223=CARTESIAN_POINT('Ctrl Pts',(88.6343948741495,214.71605062342,78.3359422729592));
#3224=CARTESIAN_POINT('Ctrl Pts',(88.635213723362,214.982416953978,78.3403340410466));
#3225=CARTESIAN_POINT('Ctrl Pts',(88.6480804856778,215.491947880312,78.4440170867765));
#3226=CARTESIAN_POINT('Ctrl Pts',(88.6595939188382,215.73111153364,78.5388893627153));
#3227=CARTESIAN_POINT('Ctrl Pts',(88.6912661079215,216.16071481502,78.806195007593));
#3228=CARTESIAN_POINT('Ctrl Pts',(88.7109146424039,216.348809982128,78.9742471136457));
#3229=CARTESIAN_POINT('Ctrl Pts',(88.7546913523703,216.650798543465,79.3590542212581));
#3230=CARTESIAN_POINT('Ctrl Pts',(88.7781736835411,216.766256421538,79.5696918113377));
#3231=CARTESIAN_POINT('Ctrl Pts',(88.8026646601647,216.844871122094,79.7968506082852));
#3232=CARTESIAN_POINT('',(88.8026646601647,216.844871122094,79.7968506082852));
#3233=CARTESIAN_POINT('',(87.9989943715639,217.63547617708,79.641812738718));
#3234=CARTESIAN_POINT('',(88.8759403200794,216.96311369291,80.4999794847327));
#3235=CARTESIAN_POINT('Ctrl Pts',(88.8026646601647,216.844871122094,79.7968506082852));
#3236=CARTESIAN_POINT('Ctrl Pts',(88.8046173028104,216.851138998596,79.8149617665733));
#3237=CARTESIAN_POINT('Ctrl Pts',(88.8065751860035,216.857168176349,79.8331669757962));
#3238=CARTESIAN_POINT('Ctrl Pts',(88.8261059738405,216.914772654028,80.0152276549688));
#3239=CARTESIAN_POINT('Ctrl Pts',(88.8439717205502,216.947066991515,80.1855478808561));
#3240=CARTESIAN_POINT('Ctrl Pts',(88.8664371955191,216.961564902258,80.4057601607871));
#3241=CARTESIAN_POINT('Ctrl Pts',(88.8712046221668,216.963114263447,80.4528457387768));
#3242=CARTESIAN_POINT('Ctrl Pts',(88.8759403200794,216.96311369291,80.4999794847327));
#3243=CARTESIAN_POINT('Ctrl Pts',(88.8759403200794,216.96311369291,80.4999794847327));
#3244=CARTESIAN_POINT('Ctrl Pts',(88.8873825131573,216.963112314402,80.6138620489668));
#3245=CARTESIAN_POINT('Ctrl Pts',(88.8986394796495,216.954062716351,80.7280258090278));
#3246=CARTESIAN_POINT('Ctrl Pts',(88.9276280312963,216.905853603499,81.02803652086));
#3247=CARTESIAN_POINT('Ctrl Pts',(88.9446694310951,216.850991258102,81.210852446944));
#3248=CARTESIAN_POINT('Ctrl Pts',(89.0060649225332,216.544149311857,81.8926326680688));
#3249=CARTESIAN_POINT('Ctrl Pts',(89.0379661150195,216.108839645124,82.3062950575404));
#3250=CARTESIAN_POINT('Ctrl Pts',(89.0599600623569,215.311509697453,82.6116489341624));
#3251=CARTESIAN_POINT('Ctrl Pts',(89.0630350454732,215.02052285192,82.6600742061862));
#3252=CARTESIAN_POINT('Ctrl Pts',(89.0604811907696,214.45267465763,82.6379151346883));
#3253=CARTESIAN_POINT('Ctrl Pts',(89.0553488902216,214.181046696423,82.5739699376339));
#3254=CARTESIAN_POINT('Ctrl Pts',(89.0375216232288,213.687803984267,82.351709486123));
#3255=CARTESIAN_POINT('Ctrl Pts',(89.025255005783,213.468686545738,82.1992703507996));
#3256=CARTESIAN_POINT('Ctrl Pts',(88.9931356846356,213.091139355827,81.8172254373733));
#3257=CARTESIAN_POINT('Ctrl Pts',(88.9732781707256,212.938439876236,81.5885536679318));
#3258=CARTESIAN_POINT('Ctrl Pts',(88.9347077281567,212.759569783731,81.166445296383));
#3259=CARTESIAN_POINT('Ctrl Pts',(88.9176989068144,212.709593092657,80.9856512037719));
#3260=CARTESIAN_POINT('Ctrl Pts',(88.8843165437982,212.660827275526,80.6414810156097));
#3261=CARTESIAN_POINT('Ctrl Pts',(88.8682488134251,212.65642520333,80.4799364529149));
#3262=CARTESIAN_POINT('Ctrl Pts',(88.8027285261708,212.710270860277,79.8356613574908));
#3263=CARTESIAN_POINT('Ctrl Pts',(88.7022102082035,213.130123040098,78.9198229374345));
#3264=CARTESIAN_POINT('Ctrl Pts',(88.6479937521999,213.995408051762,78.4577469118206));
#3265=CARTESIAN_POINT('Ctrl Pts',(88.6343948741495,214.71605062342,78.3359422729592));
#3266=CARTESIAN_POINT('Ctrl Pts',(88.635213723362,214.982416953978,78.3403340410466));
#3267=CARTESIAN_POINT('Ctrl Pts',(88.6480804856778,215.491947880312,78.4440170867765));
#3268=CARTESIAN_POINT('Ctrl Pts',(88.6595939188382,215.73111153364,78.5388893627153));
#3269=CARTESIAN_POINT('Ctrl Pts',(88.6912661079215,216.16071481502,78.806195007593));
#3270=CARTESIAN_POINT('Ctrl Pts',(88.7109146424039,216.348809982128,78.9742471136457));
#3271=CARTESIAN_POINT('Ctrl Pts',(88.7546913523703,216.650798543465,79.3590542212581));
#3272=CARTESIAN_POINT('Ctrl Pts',(88.7781736835411,216.766256421538,79.5696918113377));
#3273=CARTESIAN_POINT('Ctrl Pts',(88.8026646601647,216.844871122094,79.7968506082852));
#3274=CARTESIAN_POINT('Origin',(86.8114583598265,214.813103539924,80.500001013279));
#3275=CARTESIAN_POINT('',(86.8114583598265,216.963103539924,80.500001013279));
#3276=CARTESIAN_POINT('Origin',(115.211458359826,183.056553368104,64.));
#3277=CARTESIAN_POINT('',(113.111458359826,183.056553368104,68.));
#3278=CARTESIAN_POINT('',(113.111458359826,183.056553368104,64.));
#3279=CARTESIAN_POINT('Origin',(115.211458359826,183.056553368104,68.));
#3280=CARTESIAN_POINT('Origin',(115.211458359826,183.056553368104,68.));
#3281=CARTESIAN_POINT('Origin',(99.4114583598264,183.056553368104,64.));
#3282=CARTESIAN_POINT('',(97.3114583598264,183.056553368104,68.));
#3283=CARTESIAN_POINT('',(97.3114583598264,183.056553368104,64.));
#3284=CARTESIAN_POINT('Origin',(99.4114583598264,183.056553368104,68.));
#3285=CARTESIAN_POINT('Origin',(99.4114583598264,183.056553368104,68.));
#3286=CARTESIAN_POINT('Origin',(107.311458359826,198.856553368104,59.5));
#3287=CARTESIAN_POINT('Origin',(119.811458359827,199.156553368104,68.));
#3288=CARTESIAN_POINT('',(86.8114583598265,172.156553368104,68.));
#3289=CARTESIAN_POINT('',(86.8114583598265,199.156553368104,68.));
#3290=CARTESIAN_POINT('',(86.8114583598265,172.156553368104,68.));
#3291=CARTESIAN_POINT('Origin',(103.311458359827,172.156553368104,66.));
#3292=CARTESIAN_POINT('',(86.8114583598265,172.156553368104,64.));
#3293=CARTESIAN_POINT('Origin',(115.211458359827,214.656553368104,63.4));
#3294=CARTESIAN_POINT('',(117.011458359827,214.656553368104,63.4));
#3295=CARTESIAN_POINT('Origin',(115.211458359827,214.656553368104,63.4));
#3296=CARTESIAN_POINT('Origin',(117.611458359827,214.656553368104,63.4));
#3297=CARTESIAN_POINT('Origin',(115.211458359827,214.656553368104,64.));
#3298=CARTESIAN_POINT('',(117.011458359827,214.656553368104,59.5));
#3299=CARTESIAN_POINT('Origin',(115.211458359827,214.656553368104,59.5));
#3300=CARTESIAN_POINT('',(117.011458359827,214.656553368104,64.));
#3301=CARTESIAN_POINT('Origin',(101.725314788453,209.07040979673,63.4));
#3302=CARTESIAN_POINT('',(103.525314788453,209.07040979673,63.4));
#3303=CARTESIAN_POINT('Origin',(101.725314788453,209.07040979673,63.4));
#3304=CARTESIAN_POINT('Origin',(104.125314788453,209.07040979673,63.4));
#3305=CARTESIAN_POINT('Origin',(101.725314788453,209.07040979673,64.));
#3306=CARTESIAN_POINT('',(103.525314788453,209.07040979673,59.5));
#3307=CARTESIAN_POINT('Origin',(101.725314788453,209.07040979673,59.5));
#3308=CARTESIAN_POINT('',(103.525314788453,209.07040979673,64.));
#3309=CARTESIAN_POINT('Origin',(99.4114583598265,214.656553368104,63.4));
#3310=CARTESIAN_POINT('',(101.211458359827,214.656553368104,63.4));
#3311=CARTESIAN_POINT('Origin',(99.4114583598265,214.656553368104,63.4));
#3312=CARTESIAN_POINT('Origin',(101.811458359827,214.656553368104,63.4));
#3313=CARTESIAN_POINT('Origin',(99.4114583598265,214.656553368104,64.));
#3314=CARTESIAN_POINT('',(101.211458359827,214.656553368104,59.5));
#3315=CARTESIAN_POINT('Origin',(99.4114583598265,214.656553368104,59.5));
#3316=CARTESIAN_POINT('',(101.211458359827,214.656553368104,64.));
#3317=CARTESIAN_POINT('Origin',(101.725314788453,220.242696939478,63.4));
#3318=CARTESIAN_POINT('',(103.525314788453,220.242696939478,63.4));
#3319=CARTESIAN_POINT('Origin',(101.725314788453,220.242696939478,63.4));
#3320=CARTESIAN_POINT('Origin',(104.125314788453,220.242696939478,63.4));
#3321=CARTESIAN_POINT('Origin',(101.725314788453,220.242696939478,64.));
#3322=CARTESIAN_POINT('',(103.525314788453,220.242696939478,59.5));
#3323=CARTESIAN_POINT('Origin',(101.725314788453,220.242696939478,59.5));
#3324=CARTESIAN_POINT('',(103.525314788453,220.242696939478,64.));
#3325=CARTESIAN_POINT('Origin',(107.311458359827,222.556553368104,63.4));
#3326=CARTESIAN_POINT('',(109.111458359827,222.556553368104,63.4));
#3327=CARTESIAN_POINT('Origin',(107.311458359827,222.556553368104,63.4));
#3328=CARTESIAN_POINT('Origin',(109.711458359827,222.556553368104,63.4));
#3329=CARTESIAN_POINT('Origin',(107.311458359827,222.556553368104,64.));
#3330=CARTESIAN_POINT('',(109.111458359827,222.556553368104,59.5));
#3331=CARTESIAN_POINT('Origin',(107.311458359827,222.556553368104,59.5));
#3332=CARTESIAN_POINT('',(109.111458359827,222.556553368104,64.));
#3333=CARTESIAN_POINT('Origin',(107.311458359827,214.656553368104,63.4));
#3334=CARTESIAN_POINT('',(111.211458359827,214.656553368104,63.4));
#3335=CARTESIAN_POINT('Origin',(107.311458359827,214.656553368104,63.4));
#3336=CARTESIAN_POINT('Origin',(111.811458359827,214.656553368104,63.4));
#3337=CARTESIAN_POINT('Origin',(107.311458359827,214.656553368104,64.));
#3338=CARTESIAN_POINT('',(111.211458359827,214.656553368104,59.5));
#3339=CARTESIAN_POINT('Origin',(107.311458359827,214.656553368104,59.5));
#3340=CARTESIAN_POINT('',(111.211458359827,214.656553368104,64.));
#3341=CARTESIAN_POINT('Origin',(112.8976019312,220.242696939478,63.4));
#3342=CARTESIAN_POINT('',(114.6976019312,220.242696939478,63.4));
#3343=CARTESIAN_POINT('Origin',(112.8976019312,220.242696939478,63.4));
#3344=CARTESIAN_POINT('Origin',(115.2976019312,220.242696939478,63.4));
#3345=CARTESIAN_POINT('Origin',(112.8976019312,220.242696939478,64.));
#3346=CARTESIAN_POINT('',(114.6976019312,220.242696939478,59.5));
#3347=CARTESIAN_POINT('Origin',(112.8976019312,220.242696939478,59.5));
#3348=CARTESIAN_POINT('',(114.6976019312,220.242696939478,64.));
#3349=CARTESIAN_POINT('Origin',(112.8976019312,209.07040979673,63.4));
#3350=CARTESIAN_POINT('',(114.6976019312,209.07040979673,63.4));
#3351=CARTESIAN_POINT('Origin',(112.8976019312,209.07040979673,63.4));
#3352=CARTESIAN_POINT('Origin',(115.2976019312,209.07040979673,63.4));
#3353=CARTESIAN_POINT('Origin',(112.8976019312,209.07040979673,64.));
#3354=CARTESIAN_POINT('',(114.6976019312,209.07040979673,59.5));
#3355=CARTESIAN_POINT('Origin',(112.8976019312,209.07040979673,59.5));
#3356=CARTESIAN_POINT('',(114.6976019312,209.07040979673,64.));
#3357=CARTESIAN_POINT('Origin',(107.311458359827,206.756553368104,63.4));
#3358=CARTESIAN_POINT('',(109.111458359826,206.756553368104,63.4));
#3359=CARTESIAN_POINT('Origin',(107.311458359827,206.756553368104,63.4));
#3360=CARTESIAN_POINT('Origin',(109.711458359827,206.756553368104,63.4));
#3361=CARTESIAN_POINT('Origin',(107.311458359827,206.756553368104,64.));
#3362=CARTESIAN_POINT('',(109.111458359826,206.756553368104,59.5));
#3363=CARTESIAN_POINT('Origin',(107.311458359827,206.756553368104,59.5));
#3364=CARTESIAN_POINT('',(109.111458359826,206.756553368104,64.));
#3365=CARTESIAN_POINT('Origin',(103.311458359827,214.656553368104,118.));
#3366=CARTESIAN_POINT('Origin',(103.311458359827,214.656553368104,118.));
#3367=CARTESIAN_POINT('Ctrl Pts',(94.893263127141,206.748551785884,118.));
#3368=CARTESIAN_POINT('Ctrl Pts',(92.959096212355,204.931607108358,106.033818123098));
#3369=CARTESIAN_POINT('Ctrl Pts',(91.0249292975689,203.114662430832,94.0676362461955));
#3370=CARTESIAN_POINT('Ctrl Pts',(89.090762382783,201.297717753306,82.1014543692933));
#3371=CARTESIAN_POINT('Ctrl Pts',(96.1233535216199,205.439100720794,118.));
#3372=CARTESIAN_POINT('Ctrl Pts',(94.6474846805197,203.935676865353,106.033818123098));
#3373=CARTESIAN_POINT('Ctrl Pts',(93.1700325063132,202.431838319883,94.0676362461955));
#3374=CARTESIAN_POINT('Ctrl Pts',(91.694163665213,200.928414464442,82.1014543692933));
#3375=CARTESIAN_POINT('Ctrl Pts',(99.2057553180161,203.405682336168,118.));
#3376=CARTESIAN_POINT('Ctrl Pts',(98.4959777997769,202.388985740837,106.033818123098));
#3377=CARTESIAN_POINT('Ctrl Pts',(97.7862281711923,201.371627928483,94.0676362461955));
#3378=CARTESIAN_POINT('Ctrl Pts',(97.0764506529531,200.354931333152,82.1014543692933));
#3379=CARTESIAN_POINT('Ctrl Pts',(103.787719118273,202.871064871193,118.));
#3380=CARTESIAN_POINT('Ctrl Pts',(103.861750901606,201.982732465929,106.033818123098));
#3381=CARTESIAN_POINT('Ctrl Pts',(103.935865966324,201.092486062668,94.0676362461955));
#3382=CARTESIAN_POINT('Ctrl Pts',(104.009897749657,200.204153657405,82.1014543692932));
#3383=CARTESIAN_POINT('Ctrl Pts',(108.188151777636,203.918508903899,118.));
#3384=CARTESIAN_POINT('Ctrl Pts',(109.089470264427,202.778778184884,106.033818123098));
#3385=CARTESIAN_POINT('Ctrl Pts',(109.990829297571,201.639294061052,94.0676362461955));
#3386=CARTESIAN_POINT('Ctrl Pts',(110.892147784363,200.499563342036,82.1014543692933));
#3387=CARTESIAN_POINT('Ctrl Pts',(110.499563198033,205.439100720794,118.));
#3388=CARTESIAN_POINT('Ctrl Pts',(111.975414360993,203.936810994783,106.033818123098));
#3389=CARTESIAN_POINT('Ctrl Pts',(113.45290189148,202.430704190453,94.0676362461955));
#3390=CARTESIAN_POINT('Ctrl Pts',(114.92875305444,200.928414464442,82.1014543692933));
#3391=CARTESIAN_POINT('Ctrl Pts',(111.729653592512,206.748551785884,118.));
#3392=CARTESIAN_POINT('Ctrl Pts',(113.663820507298,204.931607108358,106.033818123098));
#3393=CARTESIAN_POINT('Ctrl Pts',(115.597987422084,203.114662430832,94.0676362461955));
#3394=CARTESIAN_POINT('Ctrl Pts',(117.53215433687,201.297717753306,82.1014543692933));
#3395=CARTESIAN_POINT('Origin',(86.8114583598265,206.818647884057,47.8018646025066));
#3396=CARTESIAN_POINT('',(86.8114583598265,208.618647884057,47.8018646025066));
#3397=CARTESIAN_POINT('Origin',(86.8114583598265,206.818647884057,47.8018646025066));
#3398=CARTESIAN_POINT('',(86.8114583598265,208.618647884057,47.8018646025066));
#3399=CARTESIAN_POINT('Origin',(86.8114583598265,222.494458852152,47.8018646025072));
#3400=CARTESIAN_POINT('',(86.8114583598265,224.294458852152,47.8018646025072));
#3401=CARTESIAN_POINT('Origin',(86.8114583598265,222.494458852152,47.8018646025072));
#3402=CARTESIAN_POINT('',(86.8114583598265,224.294458852152,47.8018646025072));
#3403=CARTESIAN_POINT('Origin',(86.8114583598265,230.156553368104,64.));
#3404=CARTESIAN_POINT('',(86.8114583598265,199.156553368104,64.));
#3405=CARTESIAN_POINT('Origin',(94.8114583598265,199.156553368104,64.));
#3406=CARTESIAN_POINT('Origin',(107.311458359827,214.656553368104,59.5));
#3407=CARTESIAN_POINT('Origin',(107.311458359827,206.756553368104,59.5));
#3408=CARTESIAN_POINT('Origin',(107.311458359827,222.556553368104,59.5));
#3409=CARTESIAN_POINT('Origin',(112.8976019312,220.242696939478,59.5));
#3410=CARTESIAN_POINT('Origin',(115.211458359827,214.656553368104,59.5));
#3411=CARTESIAN_POINT('Origin',(99.4114583598265,214.656553368104,59.5));
#3412=CARTESIAN_POINT('Origin',(101.725314788453,220.242696939478,59.5));
#3413=CARTESIAN_POINT('Origin',(101.725314788453,209.07040979673,59.5));
#3414=CARTESIAN_POINT('Origin',(112.8976019312,209.07040979673,59.5));
#3415=UNCERTAINTY_MEASURE_WITH_UNIT(LENGTH_MEASURE(0.01),#3419,
'DISTANCE_ACCURACY_VALUE',
'Maximum model space distance between geometric entities at asserted c
onnectivities');
#3416=UNCERTAINTY_MEASURE_WITH_UNIT(LENGTH_MEASURE(0.01),#3419,
'DISTANCE_ACCURACY_VALUE',
'Maximum model space distance between geometric entities at asserted c
onnectivities');
#3417=(
GEOMETRIC_REPRESENTATION_CONTEXT(3)
GLOBAL_UNCERTAINTY_ASSIGNED_CONTEXT((#3415))
GLOBAL_UNIT_ASSIGNED_CONTEXT((#3419,#3421,#3422))
REPRESENTATION_CONTEXT('','3D')
);
#3418=(
GEOMETRIC_REPRESENTATION_CONTEXT(3)
GLOBAL_UNCERTAINTY_ASSIGNED_CONTEXT((#3416))
GLOBAL_UNIT_ASSIGNED_CONTEXT((#3419,#3421,#3422))
REPRESENTATION_CONTEXT('','3D')
);
#3419=(
LENGTH_UNIT()
NAMED_UNIT(*)
SI_UNIT(.MILLI.,.METRE.)
);
#3420=(
LENGTH_UNIT()
NAMED_UNIT(*)
SI_UNIT($,.METRE.)
);
#3421=(
NAMED_UNIT(*)
PLANE_ANGLE_UNIT()
SI_UNIT($,.RADIAN.)
);
#3422=(
NAMED_UNIT(*)
SI_UNIT($,.STERADIAN.)
SOLID_ANGLE_UNIT()
);
#3423=SHAPE_DEFINITION_REPRESENTATION(#3424,#3425);
#3424=PRODUCT_DEFINITION_SHAPE('',$,#3427);
#3425=SHAPE_REPRESENTATION('',(#1219),#3417);
#3426=PRODUCT_DEFINITION_CONTEXT('part definition',#3431,'design');
#3427=PRODUCT_DEFINITION(
'Assem1 final prj_Support structure base Front Left',
'Assem1 final prj_Support structure base Front Left v1',#3428,#3426);
#3428=PRODUCT_DEFINITION_FORMATION('',$,#3433);
#3429=PRODUCT_RELATED_PRODUCT_CATEGORY(
'Assem1 final prj_Support structure base Front Left v1',
'Assem1 final prj_Support structure base Front Left v1',(#3433));
#3430=APPLICATION_PROTOCOL_DEFINITION('international standard',
'automotive_design',2009,#3431);
#3431=APPLICATION_CONTEXT(
'Core Data for Automotive Mechanical Design Process');
#3432=PRODUCT_CONTEXT('part definition',#3431,'mechanical');
#3433=PRODUCT('Assem1 final prj_Support structure base Front Left',
'Assem1 final prj_Support structure base Front Left v1',$,(#3432));
#3434=PRESENTATION_STYLE_ASSIGNMENT((#3436));
#3435=PRESENTATION_STYLE_ASSIGNMENT((#3437));
#3436=SURFACE_STYLE_USAGE(.BOTH.,#3438);
#3437=SURFACE_STYLE_USAGE(.BOTH.,#3439);
#3438=SURFACE_SIDE_STYLE('',(#3440));
#3439=SURFACE_SIDE_STYLE('',(#3441));
#3440=SURFACE_STYLE_FILL_AREA(#3442);
#3441=SURFACE_STYLE_FILL_AREA(#3443);
#3442=FILL_AREA_STYLE('Steel - Satin',(#3444));
#3443=FILL_AREA_STYLE('EPX 86FR (with Carbon M2 M3 L1 3D Printers)',(#3445));
#3444=FILL_AREA_STYLE_COLOUR('Steel - Satin',#3446);
#3445=FILL_AREA_STYLE_COLOUR(
'EPX 86FR (with Carbon M2 M3 L1 3D Printers)',#3447);
#3446=COLOUR_RGB('Steel - Satin',0.627450980392157,0.627450980392157,0.627450980392157);
#3447=COLOUR_RGB('EPX 86FR (with Carbon M2 M3 L1 3D Printers)',0.247058823529412,
0.247058823529412,0.247058823529412);
ENDSEC;
END-ISO-10303-21;
