ISO-10303-21;
HEADER;
/* Generated by software containing ST-Developer
 * from STEP Tools, Inc. (www.steptools.com) 
 */

FILE_DESCRIPTION(
/* description */ (''),
/* implementation_level */ '2;1');

FILE_NAME(
/* name */ 'Intermediate layer mount v4.step',
/* time_stamp */ '2026-03-01T00:19:05+05:30',
/* author */ (''),
/* organization */ (''),
/* preprocessor_version */ 'ST-DEVELOPER v20.1',
/* originating_system */ 'Autodesk Translation Framework v14.24.0.0',
/* authorisation */ '');

FILE_SCHEMA (('AUTOMOTIVE_DESIGN { 1 0 10303 214 3 1 1 }'));
ENDSEC;

DATA;
#10=MECHANICAL_DESIGN_GEOMETRIC_PRESENTATION_REPRESENTATION('',(#13),#2754);
#11=SHAPE_REPRESENTATION_RELATIONSHIP('SRR','None',#2761,#12);
#12=ADVANCED_BREP_SHAPE_REPRESENTATION('',(#14),#2753);
#13=STYLED_ITEM('',(#2770),#14);
#14=MANIFOLD_SOLID_BREP('Body1',#1078);
#15=SPHERICAL_SURFACE('',#1139,1.);
#16=SPHERICAL_SURFACE('',#1142,1.);
#17=B_SPLINE_SURFACE_WITH_KNOTS('',3,3,((#1771,#1772,#1773,#1774),(#1775,
#1776,#1777,#1778),(#1779,#1780,#1781,#1782),(#1783,#1784,#1785,#1786),
(#1787,#1788,#1789,#1790)),.UNSPECIFIED.,.F.,.F.,.F.,(4,1,4),(4,4),(0.,
0.571428571428571,1.),(2.22044604925031E-16,0.183502440570274),
 .UNSPECIFIED.);
#18=B_SPLINE_SURFACE_WITH_KNOTS('',3,3,((#1909,#1910,#1911,#1912),(#1913,
#1914,#1915,#1916),(#1917,#1918,#1919,#1920),(#1921,#1922,#1923,#1924),
(#1925,#1926,#1927,#1928)),.UNSPECIFIED.,.F.,.F.,.F.,(4,1,4),(4,4),(0.,
0.571428571428571,1.),(0.,0.0119546916837196),.UNSPECIFIED.);
#19=B_SPLINE_SURFACE_WITH_KNOTS('',3,3,((#1935,#1936,#1937,#1938,#1939,
#1940,#1941,#1942,#1943,#1944,#1945,#1946),(#1947,#1948,#1949,#1950,#1951,
#1952,#1953,#1954,#1955,#1956,#1957,#1958),(#1959,#1960,#1961,#1962,#1963,
#1964,#1965,#1966,#1967,#1968,#1969,#1970),(#1971,#1972,#1973,#1974,#1975,
#1976,#1977,#1978,#1979,#1980,#1981,#1982),(#1983,#1984,#1985,#1986,#1987,
#1988,#1989,#1990,#1991,#1992,#1993,#1994)),.UNSPECIFIED.,.F.,.F.,.F.,(4,
1,4),(4,1,1,1,1,1,1,2,4),(0.,0.571428571428571,1.),(-0.530023483553147,
-0.424018786842517,-0.371016438487203,-0.318014090131888,-0.265011741776573,
-0.212009393421259,-0.106004696710629,0.,0.00101200149111827),
 .UNSPECIFIED.);
#20=B_SPLINE_SURFACE_WITH_KNOTS('',3,3,((#2013,#2014,#2015,#2016,#2017),
(#2018,#2019,#2020,#2021,#2022),(#2023,#2024,#2025,#2026,#2027),(#2028,
#2029,#2030,#2031,#2032),(#2033,#2034,#2035,#2036,#2037)),.UNSPECIFIED.,
 .F.,.F.,.F.,(4,1,4),(4,1,4),(0.,0.571428571428571,1.),(0.,0.640171197075028,
1.49373279317506),.UNSPECIFIED.);
#21=B_SPLINE_SURFACE_WITH_KNOTS('',3,3,((#2047,#2048,#2049,#2050,#2051),
(#2052,#2053,#2054,#2055,#2056),(#2057,#2058,#2059,#2060,#2061),(#2062,
#2063,#2064,#2065,#2066),(#2067,#2068,#2069,#2070,#2071)),.UNSPECIFIED.,
 .F.,.F.,.F.,(4,1,4),(4,1,4),(0.,0.571428571428571,1.),(0.,0.640171196882251,
1.49373279272525),.UNSPECIFIED.);
#22=B_SPLINE_SURFACE_WITH_KNOTS('',3,3,((#2104,#2105,#2106,#2107),(#2108,
#2109,#2110,#2111),(#2112,#2113,#2114,#2115),(#2116,#2117,#2118,#2119),
(#2120,#2121,#2122,#2123)),.UNSPECIFIED.,.F.,.F.,.F.,(4,1,4),(4,4),(0.,
0.571428571428571,1.),(0.,0.0119546916837196),.UNSPECIFIED.);
#23=B_SPLINE_SURFACE_WITH_KNOTS('',3,3,((#2130,#2131,#2132,#2133,#2134,
#2135,#2136,#2137,#2138,#2139),(#2140,#2141,#2142,#2143,#2144,#2145,#2146,
#2147,#2148,#2149),(#2150,#2151,#2152,#2153,#2154,#2155,#2156,#2157,#2158,
#2159),(#2160,#2161,#2162,#2163,#2164,#2165,#2166,#2167,#2168,#2169),(#2170,
#2171,#2172,#2173,#2174,#2175,#2176,#2177,#2178,#2179)),.UNSPECIFIED.,.F.,
 .F.,.F.,(4,1,4),(4,2,1,1,1,1,4),(0.,0.571428571428571,1.),(-0.531035485044266,
-0.530023483553175,-0.42401878684254,-0.318014090131905,-0.21200939342127,
-0.106004696710635,-4.46903830842843E-16),.UNSPECIFIED.);
#24=B_SPLINE_SURFACE_WITH_KNOTS('',3,3,((#2190,#2191,#2192,#2193),(#2194,
#2195,#2196,#2197),(#2198,#2199,#2200,#2201),(#2202,#2203,#2204,#2205),
(#2206,#2207,#2208,#2209)),.UNSPECIFIED.,.F.,.F.,.F.,(4,1,4),(4,4),(0.,
0.571428571428571,1.),(-0.806572257681688,-0.624156946753365),
 .UNSPECIFIED.);
#25=B_SPLINE_SURFACE_WITH_KNOTS('',3,3,((#2254,#2255,#2256,#2257,#2258,
#2259,#2260,#2261,#2262,#2263,#2264,#2265,#2266,#2267,#2268,#2269,#2270,
#2271,#2272,#2273,#2274,#2275,#2276,#2277,#2278,#2279,#2280,#2281,#2282,
#2283,#2284,#2285,#2286,#2287),(#2288,#2289,#2290,#2291,#2292,#2293,#2294,
#2295,#2296,#2297,#2298,#2299,#2300,#2301,#2302,#2303,#2304,#2305,#2306,
#2307,#2308,#2309,#2310,#2311,#2312,#2313,#2314,#2315,#2316,#2317,#2318,
#2319,#2320,#2321),(#2322,#2323,#2324,#2325,#2326,#2327,#2328,#2329,#2330,
#2331,#2332,#2333,#2334,#2335,#2336,#2337,#2338,#2339,#2340,#2341,#2342,
#2343,#2344,#2345,#2346,#2347,#2348,#2349,#2350,#2351,#2352,#2353,#2354,
#2355),(#2356,#2357,#2358,#2359,#2360,#2361,#2362,#2363,#2364,#2365,#2366,
#2367,#2368,#2369,#2370,#2371,#2372,#2373,#2374,#2375,#2376,#2377,#2378,
#2379,#2380,#2381,#2382,#2383,#2384,#2385,#2386,#2387,#2388,#2389)),
 .UNSPECIFIED.,.F.,.F.,.F.,(4,4),(4,2,2,2,2,2,2,2,2,2,2,2,2,2,2,2,4),(0.,
1.),(-0.667769667847021,-0.638372688879609,-0.576438669273352,-0.518366493450018,
-0.464910454623974,-0.41774394734312,-0.383235643178779,-0.368687340604098,
-0.358432975105127,-0.348314576983905,-0.333929254591722,-0.300294786688668,
-0.242224187232681,-0.179726040361349,-0.115992367308071,-0.0560483462865282,
-0.0488614963024803),.UNSPECIFIED.);
#26=B_SPLINE_SURFACE_WITH_KNOTS('',3,3,((#2478,#2479,#2480,#2481,#2482,
#2483),(#2484,#2485,#2486,#2487,#2488,#2489),(#2490,#2491,#2492,#2493,#2494,
#2495),(#2496,#2497,#2498,#2499,#2500,#2501)),.UNSPECIFIED.,.F.,.F.,.F.,
(4,4),(4,2,4),(0.,1.),(0.66776966784702,0.675335698111116,0.716554133151145),
 .UNSPECIFIED.);
#27=B_SPLINE_SURFACE_WITH_KNOTS('',3,3,((#2514,#2515,#2516,#2517),(#2518,
#2519,#2520,#2521),(#2522,#2523,#2524,#2525),(#2526,#2527,#2528,#2529)),
 .UNSPECIFIED.,.F.,.F.,.F.,(4,4),(4,4),(0.,1.),(1.62285782088782E-10,0.0488614963024807),
 .UNSPECIFIED.);
#28=B_SPLINE_SURFACE_WITH_KNOTS('',3,3,((#2701,#2702,#2703,#2704,#2705,
#2706,#2707),(#2708,#2709,#2710,#2711,#2712,#2713,#2714),(#2715,#2716,#2717,
#2718,#2719,#2720,#2721),(#2722,#2723,#2724,#2725,#2726,#2727,#2728),(#2729,
#2730,#2731,#2732,#2733,#2734,#2735),(#2736,#2737,#2738,#2739,#2740,#2741,
#2742),(#2743,#2744,#2745,#2746,#2747,#2748,#2749)),.UNSPECIFIED.,.F.,.F.,
 .F.,(4,1,1,1,4),(4,1,1,1,4),(0.,0.285714285714286,0.571428571428571,0.857142857142857,
1.),(-1.72956528362739,-1.19004121492457,-0.650517146221743,-0.380755111870331,
0.158768956832493),.UNSPECIFIED.);
#29=ELLIPSE('',#1116,0.707106781186548,0.5);
#30=ELLIPSE('',#1125,1.4142135623731,1.);
#31=ELLIPSE('',#1130,1.4142135623731,1.);
#32=ELLIPSE('',#1149,1.4142135623731,1.);
#33=ELLIPSE('',#1156,1.4142135623731,1.);
#34=TOROIDAL_SURFACE('',#1111,1.5,0.5);
#35=TOROIDAL_SURFACE('',#1119,1.5,0.5);
#36=TOROIDAL_SURFACE('',#1132,12.65,2.);
#37=CONICAL_SURFACE('',#1096,8.65,0.523598775598299);
#38=CONICAL_SURFACE('',#1107,8.65,0.523598775598299);
#39=CONICAL_SURFACE('',#1168,2.1,0.523598775598299);
#40=FACE_BOUND('',#134,.T.);
#41=FACE_BOUND('',#137,.T.);
#42=FACE_BOUND('',#138,.T.);
#43=FACE_BOUND('',#139,.T.);
#44=FACE_BOUND('',#140,.T.);
#45=FACE_BOUND('',#141,.T.);
#46=FACE_BOUND('',#143,.T.);
#47=FACE_BOUND('',#146,.T.);
#48=FACE_BOUND('',#196,.T.);
#49=FACE_BOUND('',#197,.T.);
#50=FACE_BOUND('',#198,.T.);
#51=FACE_BOUND('',#204,.T.);
#52=FACE_BOUND('',#206,.T.);
#53=PLANE('',#1094);
#54=PLANE('',#1103);
#55=PLANE('',#1109);
#56=PLANE('',#1122);
#57=PLANE('',#1123);
#58=PLANE('',#1127);
#59=PLANE('',#1128);
#60=PLANE('',#1136);
#61=PLANE('',#1163);
#62=PLANE('',#1166);
#63=PLANE('',#1167);
#64=PLANE('',#1171);
#65=PLANE('',#1174);
#66=PLANE('',#1175);
#67=PLANE('',#1177);
#68=PLANE('',#1180);
#69=PLANE('',#1186);
#70=FACE_OUTER_BOUND('',#132,.T.);
#71=FACE_OUTER_BOUND('',#133,.T.);
#72=FACE_OUTER_BOUND('',#135,.T.);
#73=FACE_OUTER_BOUND('',#136,.T.);
#74=FACE_OUTER_BOUND('',#142,.T.);
#75=FACE_OUTER_BOUND('',#144,.T.);
#76=FACE_OUTER_BOUND('',#145,.T.);
#77=FACE_OUTER_BOUND('',#147,.T.);
#78=FACE_OUTER_BOUND('',#148,.T.);
#79=FACE_OUTER_BOUND('',#149,.T.);
#80=FACE_OUTER_BOUND('',#150,.T.);
#81=FACE_OUTER_BOUND('',#151,.T.);
#82=FACE_OUTER_BOUND('',#152,.T.);
#83=FACE_OUTER_BOUND('',#153,.T.);
#84=FACE_OUTER_BOUND('',#154,.T.);
#85=FACE_OUTER_BOUND('',#155,.T.);
#86=FACE_OUTER_BOUND('',#156,.T.);
#87=FACE_OUTER_BOUND('',#157,.T.);
#88=FACE_OUTER_BOUND('',#158,.T.);
#89=FACE_OUTER_BOUND('',#159,.T.);
#90=FACE_OUTER_BOUND('',#160,.T.);
#91=FACE_OUTER_BOUND('',#161,.T.);
#92=FACE_OUTER_BOUND('',#162,.T.);
#93=FACE_OUTER_BOUND('',#163,.T.);
#94=FACE_OUTER_BOUND('',#164,.T.);
#95=FACE_OUTER_BOUND('',#165,.T.);
#96=FACE_OUTER_BOUND('',#166,.T.);
#97=FACE_OUTER_BOUND('',#167,.T.);
#98=FACE_OUTER_BOUND('',#168,.T.);
#99=FACE_OUTER_BOUND('',#169,.T.);
#100=FACE_OUTER_BOUND('',#170,.T.);
#101=FACE_OUTER_BOUND('',#171,.T.);
#102=FACE_OUTER_BOUND('',#172,.T.);
#103=FACE_OUTER_BOUND('',#173,.T.);
#104=FACE_OUTER_BOUND('',#174,.T.);
#105=FACE_OUTER_BOUND('',#175,.T.);
#106=FACE_OUTER_BOUND('',#176,.T.);
#107=FACE_OUTER_BOUND('',#177,.T.);
#108=FACE_OUTER_BOUND('',#178,.T.);
#109=FACE_OUTER_BOUND('',#179,.T.);
#110=FACE_OUTER_BOUND('',#180,.T.);
#111=FACE_OUTER_BOUND('',#181,.T.);
#112=FACE_OUTER_BOUND('',#182,.T.);
#113=FACE_OUTER_BOUND('',#183,.T.);
#114=FACE_OUTER_BOUND('',#184,.T.);
#115=FACE_OUTER_BOUND('',#185,.T.);
#116=FACE_OUTER_BOUND('',#186,.T.);
#117=FACE_OUTER_BOUND('',#187,.T.);
#118=FACE_OUTER_BOUND('',#188,.T.);
#119=FACE_OUTER_BOUND('',#189,.T.);
#120=FACE_OUTER_BOUND('',#190,.T.);
#121=FACE_OUTER_BOUND('',#191,.T.);
#122=FACE_OUTER_BOUND('',#192,.T.);
#123=FACE_OUTER_BOUND('',#193,.T.);
#124=FACE_OUTER_BOUND('',#194,.T.);
#125=FACE_OUTER_BOUND('',#195,.T.);
#126=FACE_OUTER_BOUND('',#199,.T.);
#127=FACE_OUTER_BOUND('',#200,.T.);
#128=FACE_OUTER_BOUND('',#201,.T.);
#129=FACE_OUTER_BOUND('',#202,.T.);
#130=FACE_OUTER_BOUND('',#203,.T.);
#131=FACE_OUTER_BOUND('',#205,.T.);
#132=EDGE_LOOP('',(#675,#676,#677,#678,#679));
#133=EDGE_LOOP('',(#680));
#134=EDGE_LOOP('',(#681));
#135=EDGE_LOOP('',(#682,#683,#684,#685));
#136=EDGE_LOOP('',(#686,#687,#688,#689));
#137=EDGE_LOOP('',(#690,#691,#692,#693));
#138=EDGE_LOOP('',(#694,#695));
#139=EDGE_LOOP('',(#696,#697));
#140=EDGE_LOOP('',(#698,#699));
#141=EDGE_LOOP('',(#700,#701));
#142=EDGE_LOOP('',(#702,#703,#704));
#143=EDGE_LOOP('',(#705));
#144=EDGE_LOOP('',(#706,#707,#708,#709));
#145=EDGE_LOOP('',(#710));
#146=EDGE_LOOP('',(#711));
#147=EDGE_LOOP('',(#712,#713,#714,#715));
#148=EDGE_LOOP('',(#716,#717,#718,#719));
#149=EDGE_LOOP('',(#720,#721,#722,#723));
#150=EDGE_LOOP('',(#724,#725,#726,#727));
#151=EDGE_LOOP('',(#728,#729,#730,#731,#732,#733));
#152=EDGE_LOOP('',(#734,#735,#736,#737,#738,#739));
#153=EDGE_LOOP('',(#740,#741,#742,#743));
#154=EDGE_LOOP('',(#744,#745,#746,#747));
#155=EDGE_LOOP('',(#748,#749,#750,#751,#752,#753,#754,#755));
#156=EDGE_LOOP('',(#756,#757,#758,#759,#760,#761,#762,#763));
#157=EDGE_LOOP('',(#764,#765,#766,#767));
#158=EDGE_LOOP('',(#768,#769,#770,#771));
#159=EDGE_LOOP('',(#772,#773,#774,#775,#776,#777,#778,#779,#780,#781));
#160=EDGE_LOOP('',(#782,#783,#784,#785));
#161=EDGE_LOOP('',(#786,#787,#788,#789));
#162=EDGE_LOOP('',(#790,#791,#792));
#163=EDGE_LOOP('',(#793,#794,#795));
#164=EDGE_LOOP('',(#796,#797,#798,#799,#800));
#165=EDGE_LOOP('',(#801,#802,#803,#804));
#166=EDGE_LOOP('',(#805,#806,#807,#808));
#167=EDGE_LOOP('',(#809,#810,#811,#812));
#168=EDGE_LOOP('',(#813,#814,#815,#816));
#169=EDGE_LOOP('',(#817,#818,#819));
#170=EDGE_LOOP('',(#820,#821,#822,#823));
#171=EDGE_LOOP('',(#824,#825,#826,#827));
#172=EDGE_LOOP('',(#828,#829,#830,#831));
#173=EDGE_LOOP('',(#832,#833,#834,#835));
#174=EDGE_LOOP('',(#836,#837,#838,#839,#840));
#175=EDGE_LOOP('',(#841,#842,#843,#844));
#176=EDGE_LOOP('',(#845,#846,#847,#848));
#177=EDGE_LOOP('',(#849,#850,#851));
#178=EDGE_LOOP('',(#852,#853,#854,#855,#856));
#179=EDGE_LOOP('',(#857,#858,#859,#860));
#180=EDGE_LOOP('',(#861,#862,#863,#864));
#181=EDGE_LOOP('',(#865,#866,#867,#868));
#182=EDGE_LOOP('',(#869,#870,#871,#872,#873));
#183=EDGE_LOOP('',(#874,#875,#876,#877,#878));
#184=EDGE_LOOP('',(#879,#880,#881,#882,#883));
#185=EDGE_LOOP('',(#884,#885,#886,#887));
#186=EDGE_LOOP('',(#888,#889,#890,#891));
#187=EDGE_LOOP('',(#892,#893,#894,#895));
#188=EDGE_LOOP('',(#896,#897,#898,#899,#900,#901,#902));
#189=EDGE_LOOP('',(#903,#904,#905,#906,#907,#908,#909,#910));
#190=EDGE_LOOP('',(#911,#912,#913,#914));
#191=EDGE_LOOP('',(#915,#916,#917,#918));
#192=EDGE_LOOP('',(#919,#920,#921,#922));
#193=EDGE_LOOP('',(#923,#924,#925,#926));
#194=EDGE_LOOP('',(#927,#928,#929,#930));
#195=EDGE_LOOP('',(#931,#932,#933,#934,#935,#936,#937,#938));
#196=EDGE_LOOP('',(#939,#940,#941));
#197=EDGE_LOOP('',(#942,#943,#944));
#198=EDGE_LOOP('',(#945,#946));
#199=EDGE_LOOP('',(#947,#948,#949,#950,#951,#952,#953));
#200=EDGE_LOOP('',(#954,#955,#956,#957,#958,#959));
#201=EDGE_LOOP('',(#960,#961,#962,#963,#964,#965,#966));
#202=EDGE_LOOP('',(#967,#968,#969,#970,#971));
#203=EDGE_LOOP('',(#972,#973,#974,#975,#976,#977,#978,#979,#980,#981,#982,
#983));
#204=EDGE_LOOP('',(#984,#985));
#205=EDGE_LOOP('',(#986,#987,#988,#989));
#206=EDGE_LOOP('',(#990));
#207=CIRCLE('',#1093,2.5);
#208=CIRCLE('',#1095,2.15);
#209=CIRCLE('',#1097,9.4);
#210=CIRCLE('',#1098,7.9);
#211=CIRCLE('',#1100,7.9);
#212=CIRCLE('',#1101,7.9);
#213=CIRCLE('',#1102,7.9);
#214=CIRCLE('',#1104,10.65);
#215=CIRCLE('',#1105,10.65);
#216=CIRCLE('',#1106,10.65);
#217=CIRCLE('',#1108,9.4);
#218=CIRCLE('',#1110,10.65);
#219=CIRCLE('',#1112,0.5);
#220=CIRCLE('',#1113,1.);
#221=CIRCLE('',#1114,1.5);
#222=CIRCLE('',#1118,0.5);
#223=CIRCLE('',#1120,1.);
#224=CIRCLE('',#1121,1.5);
#225=CIRCLE('',#1131,1.);
#226=CIRCLE('',#1133,12.65);
#227=CIRCLE('',#1134,10.65);
#228=CIRCLE('',#1135,12.65);
#229=CIRCLE('',#1138,1.);
#230=CIRCLE('',#1140,1.);
#231=CIRCLE('',#1141,1.);
#232=CIRCLE('',#1143,1.);
#233=CIRCLE('',#1144,1.);
#234=CIRCLE('',#1145,1.);
#235=CIRCLE('',#1148,1.);
#236=CIRCLE('',#1152,1.);
#237=CIRCLE('',#1153,0.999999999999999);
#238=CIRCLE('',#1155,1.);
#239=CIRCLE('',#1158,1.);
#240=CIRCLE('',#1161,1.);
#241=CIRCLE('',#1162,1.);
#242=CIRCLE('',#1169,2.6);
#243=CIRCLE('',#1170,1.6);
#244=CIRCLE('',#1173,1.6);
#245=CIRCLE('',#1176,7.65);
#246=CIRCLE('',#1179,7.65);
#247=LINE('',#1484,#305);
#248=LINE('',#1493,#306);
#249=LINE('',#1497,#307);
#250=LINE('',#1501,#308);
#251=LINE('',#1505,#309);
#252=LINE('',#1669,#310);
#253=LINE('',#1689,#311);
#254=LINE('',#1691,#312);
#255=LINE('',#1695,#313);
#256=LINE('',#1698,#314);
#257=LINE('',#1712,#315);
#258=LINE('',#1719,#316);
#259=LINE('',#1720,#317);
#260=LINE('',#1723,#318);
#261=LINE('',#1725,#319);
#262=LINE('',#1732,#320);
#263=LINE('',#1735,#321);
#264=LINE('',#1737,#322);
#265=LINE('',#1738,#323);
#266=LINE('',#1741,#324);
#267=LINE('',#1743,#325);
#268=LINE('',#1751,#326);
#269=LINE('',#1752,#327);
#270=LINE('',#1755,#328);
#271=LINE('',#1757,#329);
#272=LINE('',#1764,#330);
#273=LINE('',#1769,#331);
#274=LINE('',#1860,#332);
#275=LINE('',#1861,#333);
#276=LINE('',#1876,#334);
#277=LINE('',#1900,#335);
#278=LINE('',#1903,#336);
#279=LINE('',#1907,#337);
#280=LINE('',#1908,#338);
#281=LINE('',#2011,#339);
#282=LINE('',#2045,#340);
#283=LINE('',#2092,#341);
#284=LINE('',#2103,#342);
#285=LINE('',#2213,#343);
#286=LINE('',#2222,#344);
#287=LINE('',#2224,#345);
#288=LINE('',#2236,#346);
#289=LINE('',#2392,#347);
#290=LINE('',#2429,#348);
#291=LINE('',#2472,#349);
#292=LINE('',#2476,#350);
#293=LINE('',#2550,#351);
#294=LINE('',#2554,#352);
#295=LINE('',#2556,#353);
#296=LINE('',#2557,#354);
#297=LINE('',#2561,#355);
#298=LINE('',#2564,#356);
#299=LINE('',#2565,#357);
#300=LINE('',#2570,#358);
#301=LINE('',#2694,#359);
#302=LINE('',#2696,#360);
#303=LINE('',#2698,#361);
#304=LINE('',#2700,#362);
#305=VECTOR('',#1191,2.5);
#306=VECTOR('',#1202,8.65);
#307=VECTOR('',#1207,7.9);
#308=VECTOR('',#1210,10.);
#309=VECTOR('',#1213,10.);
#310=VECTOR('',#1228,8.65);
#311=VECTOR('',#1243,10.);
#312=VECTOR('',#1244,10.);
#313=VECTOR('',#1249,10.);
#314=VECTOR('',#1252,10.);
#315=VECTOR('',#1261,10.);
#316=VECTOR('',#1262,10.);
#317=VECTOR('',#1263,10.);
#318=VECTOR('',#1266,10.);
#319=VECTOR('',#1267,10.);
#320=VECTOR('',#1270,10.);
#321=VECTOR('',#1273,10.);
#322=VECTOR('',#1276,10.);
#323=VECTOR('',#1277,10.);
#324=VECTOR('',#1280,10.);
#325=VECTOR('',#1281,10.);
#326=VECTOR('',#1282,10.);
#327=VECTOR('',#1283,10.);
#328=VECTOR('',#1286,10.);
#329=VECTOR('',#1287,10.);
#330=VECTOR('',#1288,10.);
#331=VECTOR('',#1293,10.);
#332=VECTOR('',#1306,10.);
#333=VECTOR('',#1307,10.);
#334=VECTOR('',#1328,10.);
#335=VECTOR('',#1333,10.);
#336=VECTOR('',#1338,10.);
#337=VECTOR('',#1343,10.);
#338=VECTOR('',#1344,10.);
#339=VECTOR('',#1351,10.);
#340=VECTOR('',#1356,10.);
#341=VECTOR('',#1361,10.);
#342=VECTOR('',#1366,10.);
#343=VECTOR('',#1373,10.);
#344=VECTOR('',#1374,10.);
#345=VECTOR('',#1377,10.);
#346=VECTOR('',#1378,10.);
#347=VECTOR('',#1383,10.);
#348=VECTOR('',#1384,10.);
#349=VECTOR('',#1387,10.);
#350=VECTOR('',#1390,10.);
#351=VECTOR('',#1397,1.6);
#352=VECTOR('',#1402,10.);
#353=VECTOR('',#1403,10.);
#354=VECTOR('',#1404,10.);
#355=VECTOR('',#1409,10.);
#356=VECTOR('',#1412,10.);
#357=VECTOR('',#1413,10.);
#358=VECTOR('',#1422,10.65);
#359=VECTOR('',#1425,2.15);
#360=VECTOR('',#1428,2.15);
#361=VECTOR('',#1431,2.15);
#362=VECTOR('',#1434,2.15);
#363=B_SPLINE_CURVE_WITH_KNOTS('',3,(#1441,#1442,#1443,#1444,#1445,#1446,
#1447,#1448,#1449,#1450,#1451,#1452,#1453,#1454,#1455,#1456,#1457,#1458),
 .UNSPECIFIED.,.F.,.F.,(4,2,2,2,2,2,2,2,4),(-1.70311043305177,-1.64427703840124,
-1.5852228937253,-1.51793303030577,-1.44775663500368,-1.36062104610648,
-1.23651070072488,-1.09416749082254,-1.0600044551438),.UNSPECIFIED.);
#364=B_SPLINE_CURVE_WITH_KNOTS('',3,(#1459,#1460,#1461,#1462,#1463,#1464,
#1465,#1466,#1467,#1468,#1469,#1470,#1471,#1472,#1473,#1474,#1475,#1476,
#1477,#1478,#1479,#1480,#1481,#1482),.UNSPECIFIED.,.F.,.F.,(4,2,2,2,2,2,
2,2,2,2,2,4),(-1.0600044551438,-0.98542059405851,-0.900076130042807,-0.81497676680879,
-0.72281600748673,-0.630859940118482,-0.541913494413447,-0.451336242250509,
-0.365686036187282,-0.264451365369864,-0.126518674282002,0.),
 .UNSPECIFIED.);
#365=B_SPLINE_CURVE_WITH_KNOTS('',3,(#1509,#1510,#1511,#1512,#1513,#1514,
#1515,#1516,#1517,#1518,#1519,#1520,#1521,#1522,#1523,#1524,#1525,#1526),
 .UNSPECIFIED.,.F.,.F.,(4,2,2,2,2,2,2,2,4),(0.,0.0814404216043333,0.162880843208667,
0.244305090830297,0.325729338451928,0.407153586073559,0.488577833695189,
0.570018255299523,0.651458676903856),.UNSPECIFIED.);
#366=B_SPLINE_CURVE_WITH_KNOTS('',3,(#1527,#1528,#1529,#1530,#1531,#1532,
#1533,#1534,#1535,#1536,#1537,#1538,#1539,#1540,#1541,#1542,#1543,#1544),
 .UNSPECIFIED.,.F.,.F.,(4,2,2,2,2,2,2,2,4),(0.651458676903856,0.732899098508189,
0.814339520112523,0.895763767734153,0.977188015355784,1.05861226297741,
1.14003651059905,1.22147693220338,1.30291735380771),.UNSPECIFIED.);
#367=B_SPLINE_CURVE_WITH_KNOTS('',3,(#1547,#1548,#1549,#1550,#1551,#1552,
#1553,#1554,#1555,#1556,#1557,#1558,#1559,#1560,#1561,#1562,#1563,#1564),
 .UNSPECIFIED.,.F.,.F.,(4,2,2,2,2,2,2,2,4),(0.,0.0814404216043333,0.162880843208667,
0.244305090830297,0.325729338451928,0.407153586073559,0.488577833695189,
0.570018255299523,0.651458676903856),.UNSPECIFIED.);
#368=B_SPLINE_CURVE_WITH_KNOTS('',3,(#1565,#1566,#1567,#1568,#1569,#1570,
#1571,#1572,#1573,#1574,#1575,#1576,#1577,#1578,#1579,#1580,#1581,#1582),
 .UNSPECIFIED.,.F.,.F.,(4,2,2,2,2,2,2,2,4),(0.651458676903856,0.732899098508189,
0.814339520112522,0.895763767734153,0.977188015355784,1.05861226297741,
1.14003651059905,1.22147693220338,1.30291735380771),.UNSPECIFIED.);
#369=B_SPLINE_CURVE_WITH_KNOTS('',3,(#1585,#1586,#1587,#1588,#1589,#1590,
#1591,#1592,#1593,#1594,#1595,#1596,#1597,#1598,#1599,#1600,#1601,#1602),
 .UNSPECIFIED.,.F.,.F.,(4,2,2,2,2,2,2,2,4),(0.,0.0814404216043333,0.162880843208667,
0.244305090830297,0.325729338451928,0.407153586073559,0.48857783369519,
0.570018255299523,0.651458676903856),.UNSPECIFIED.);
#370=B_SPLINE_CURVE_WITH_KNOTS('',3,(#1603,#1604,#1605,#1606,#1607,#1608,
#1609,#1610,#1611,#1612,#1613,#1614,#1615,#1616,#1617,#1618,#1619,#1620),
 .UNSPECIFIED.,.F.,.F.,(4,2,2,2,2,2,2,2,4),(0.651458676903856,0.73289909850819,
0.814339520112523,0.895763767734154,0.977188015355784,1.05861226297741,
1.14003651059905,1.22147693220338,1.30291735380771),.UNSPECIFIED.);
#371=B_SPLINE_CURVE_WITH_KNOTS('',3,(#1623,#1624,#1625,#1626,#1627,#1628,
#1629,#1630,#1631,#1632,#1633,#1634,#1635,#1636,#1637,#1638,#1639,#1640),
 .UNSPECIFIED.,.F.,.F.,(4,2,2,2,2,2,2,2,4),(0.,0.0814404216043333,0.162880843208667,
0.244305090830297,0.325729338451928,0.407153586073559,0.488577833695189,
0.570018255299523,0.651458676903856),.UNSPECIFIED.);
#372=B_SPLINE_CURVE_WITH_KNOTS('',3,(#1641,#1642,#1643,#1644,#1645,#1646,
#1647,#1648,#1649,#1650,#1651,#1652,#1653,#1654,#1655,#1656,#1657,#1658),
 .UNSPECIFIED.,.F.,.F.,(4,2,2,2,2,2,2,2,4),(0.651458676903856,0.732899098508189,
0.814339520112523,0.895763767734153,0.977188015355784,1.05861226297742,
1.14003651059905,1.22147693220338,1.30291735380771),.UNSPECIFIED.);
#373=B_SPLINE_CURVE_WITH_KNOTS('',3,(#1680,#1681,#1682,#1683,#1684,#1685),
 .UNSPECIFIED.,.F.,.F.,(4,2,4),(0.,0.0728443644252658,0.117182648957843),
 .UNSPECIFIED.);
#374=B_SPLINE_CURVE_WITH_KNOTS('',3,(#1702,#1703,#1704,#1705,#1706,#1707),
 .UNSPECIFIED.,.F.,.F.,(4,2,4),(0.283415687681529,0.327753972214107,0.400598336639372),
 .UNSPECIFIED.);
#375=B_SPLINE_CURVE_WITH_KNOTS('',3,(#1714,#1715,#1716,#1717),
 .UNSPECIFIED.,.F.,.F.,(4,4),(0.624156946753365,0.70402212615067),
 .UNSPECIFIED.);
#376=B_SPLINE_CURVE_WITH_KNOTS('',3,(#1726,#1727,#1728,#1729),
 .UNSPECIFIED.,.F.,.F.,(4,4),(-0.0802552524336244,-2.22044604925031E-16),
 .UNSPECIFIED.);
#377=B_SPLINE_CURVE_WITH_KNOTS('',3,(#1745,#1746,#1747,#1748,#1749),
 .UNSPECIFIED.,.F.,.F.,(4,1,4),(-1.39657745498647,-0.640171196882251,0.),
 .UNSPECIFIED.);
#378=B_SPLINE_CURVE_WITH_KNOTS('',3,(#1759,#1760,#1761,#1762,#1763),
 .UNSPECIFIED.,.F.,.F.,(4,1,4),(0.,0.640171197075028,1.39657745725882),
 .UNSPECIFIED.);
#379=B_SPLINE_CURVE_WITH_KNOTS('',3,(#1792,#1793,#1794,#1795,#1796,#1797,
#1798,#1799,#1800,#1801,#1802,#1803),.UNSPECIFIED.,.F.,.F.,(4,2,2,2,2,4),
(-0.156916153652161,-0.127766765794807,-0.0907167737725823,-0.0444213195378698,
0.,0.000489324772518181),.UNSPECIFIED.);
#380=B_SPLINE_CURVE_WITH_KNOTS('',3,(#1804,#1805,#1806,#1807),
 .UNSPECIFIED.,.F.,.F.,(4,4),(2.22044604925031E-16,0.183502440570274),
 .UNSPECIFIED.);
#381=B_SPLINE_CURVE_WITH_KNOTS('',3,(#1810,#1811,#1812,#1813),
 .UNSPECIFIED.,.F.,.F.,(4,4),(-0.806572257681513,-0.722539759580835),
 .UNSPECIFIED.);
#382=B_SPLINE_CURVE_WITH_KNOTS('',3,(#1817,#1818,#1819,#1820),
 .UNSPECIFIED.,.F.,.F.,(4,4),(-0.0119546916837196,0.),.UNSPECIFIED.);
#383=B_SPLINE_CURVE_WITH_KNOTS('',3,(#1822,#1823,#1824,#1825,#1826,#1827,
#1828,#1829,#1830,#1831),.UNSPECIFIED.,.F.,.F.,(4,2,1,1,1,1,4),(-0.531035485044266,
-0.530023483553175,-0.42401878684254,-0.318014090131905,-0.21200939342127,
-0.106004696710635,-4.46903830842843E-16),.UNSPECIFIED.);
#384=B_SPLINE_CURVE_WITH_KNOTS('',3,(#1835,#1836,#1837,#1838,#1839,#1840,
#1841,#1842,#1843,#1844,#1845,#1846),.UNSPECIFIED.,.F.,.F.,(4,1,1,1,1,1,
1,2,4),(-0.530023483553147,-0.424018786842517,-0.371016438487203,-0.318014090131888,
-0.265011741776573,-0.212009393421259,-0.106004696710629,0.,0.00101200149111827),
 .UNSPECIFIED.);
#385=B_SPLINE_CURVE_WITH_KNOTS('',3,(#1848,#1849,#1850,#1851),
 .UNSPECIFIED.,.F.,.F.,(4,4),(-0.0119546916837196,0.),.UNSPECIFIED.);
#386=B_SPLINE_CURVE_WITH_KNOTS('',3,(#1854,#1855,#1856,#1857),
 .UNSPECIFIED.,.F.,.F.,(4,4),(-0.722539759580835,-0.624156946753365),
 .UNSPECIFIED.);
#387=B_SPLINE_CURVE_WITH_KNOTS('',3,(#1878,#1879,#1880,#1881,#1882,#1883,
#1884),.UNSPECIFIED.,.F.,.F.,(4,3,4),(-0.418414731667136,-0.398527240985837,
-0.393540425829807),.UNSPECIFIED.);
#388=B_SPLINE_CURVE_WITH_KNOTS('',3,(#1885,#1886,#1887,#1888,#1889,#1890,
#1891,#1892,#1893,#1894,#1895,#1896),.UNSPECIFIED.,.F.,.F.,(4,2,2,2,2,4),
(-0.166857900725908,-0.135349873889893,-0.0939742980721718,-0.0483542669039722,
0.,0.000634358703654654),.UNSPECIFIED.);
#389=B_SPLINE_CURVE_WITH_KNOTS('',3,(#1931,#1932,#1933,#1934),
 .UNSPECIFIED.,.F.,.F.,(4,4),(0.,0.0119546916837196),.UNSPECIFIED.);
#390=B_SPLINE_CURVE_WITH_KNOTS('',3,(#1995,#1996,#1997,#1998,#1999,#2000,
#2001,#2002,#2003,#2004,#2005,#2006),.UNSPECIFIED.,.F.,.F.,(4,2,1,1,1,1,
1,1,4),(-0.00101200149111827,0.,0.106004696710629,0.212009393421259,0.265011741776573,
0.318014090131888,0.371016438487203,0.424018786842517,0.530023483553147),
 .UNSPECIFIED.);
#391=B_SPLINE_CURVE_WITH_KNOTS('',3,(#2038,#2039,#2040,#2041,#2042),
 .UNSPECIFIED.,.F.,.F.,(4,1,4),(-1.49373279317506,-0.640171197075028,0.),
 .UNSPECIFIED.);
#392=B_SPLINE_CURVE_WITH_KNOTS('',3,(#2073,#2074,#2075,#2076,#2077),
 .UNSPECIFIED.,.F.,.F.,(4,1,4),(0.,0.640171196882251,1.49373279272525),
 .UNSPECIFIED.);
#393=B_SPLINE_CURVE_WITH_KNOTS('',3,(#2078,#2079,#2080,#2081,#2082,#2083,
#2084,#2085,#2086,#2087,#2088,#2089),.UNSPECIFIED.,.F.,.F.,(4,2,2,2,2,4),
(0.,0.0312202640042952,0.072217956658364,0.117421340049151,0.165333987398794,
0.165962552503745),.UNSPECIFIED.);
#394=B_SPLINE_CURVE_WITH_KNOTS('',3,(#2093,#2094,#2095,#2096,#2097,#2098,
#2099),.UNSPECIFIED.,.F.,.F.,(4,3,4),(-0.196173314789138,-0.17628312836289,
-0.171291415796521),.UNSPECIFIED.);
#395=B_SPLINE_CURVE_WITH_KNOTS('',3,(#2126,#2127,#2128,#2129),
 .UNSPECIFIED.,.F.,.F.,(4,4),(0.,0.0119546916837196),.UNSPECIFIED.);
#396=B_SPLINE_CURVE_WITH_KNOTS('',3,(#2180,#2181,#2182,#2183,#2184,#2185,
#2186,#2187,#2188,#2189),.UNSPECIFIED.,.F.,.F.,(4,1,1,1,1,2,4),(4.46903830842843E-16,
0.106004696710635,0.21200939342127,0.318014090131905,0.42401878684254,0.530023483553175,
0.531035485044266),.UNSPECIFIED.);
#397=B_SPLINE_CURVE_WITH_KNOTS('',3,(#2214,#2215,#2216,#2217,#2218,#2219,
#2220,#2221),.UNSPECIFIED.,.F.,.F.,(4,2,2,4),(-0.96511615553423,-0.620717987254795,
0.,0.00199721534790242),.UNSPECIFIED.);
#398=B_SPLINE_CURVE_WITH_KNOTS('',3,(#2226,#2227,#2228,#2229,#2230,#2231,
#2232,#2233,#2234,#2235),.UNSPECIFIED.,.F.,.F.,(4,2,2,2,4),(-3.6077361576632,
-3.60593523812995,-3.24320552494096,-2.83653305450962,-2.77595523381594),
 .UNSPECIFIED.);
#399=B_SPLINE_CURVE_WITH_KNOTS('',3,(#2238,#2239,#2240,#2241,#2242,#2243,
#2244),.UNSPECIFIED.,.F.,.F.,(4,3,4),(0.833687097690768,1.60801633958351,
2.36186648340297),.UNSPECIFIED.);
#400=B_SPLINE_CURVE_WITH_KNOTS('',3,(#2246,#2247,#2248,#2249,#2250,#2251,
#2252,#2253),.UNSPECIFIED.,.F.,.F.,(4,2,2,4),(0.436584058731744,0.677447046680051,
1.37162628191619,1.96288359227234),.UNSPECIFIED.);
#401=B_SPLINE_CURVE_WITH_KNOTS('',3,(#2394,#2395,#2396,#2397,#2398,#2399,
#2400,#2401,#2402,#2403,#2404,#2405,#2406,#2407,#2408,#2409,#2410,#2411,
#2412,#2413,#2414,#2415,#2416,#2417,#2418,#2419,#2420,#2421,#2422,#2423,
#2424,#2425,#2426,#2427),.UNSPECIFIED.,.F.,.F.,(4,2,2,2,2,2,2,2,2,2,2,2,
2,2,2,2,4),(-0.667769667847021,-0.638372688879609,-0.576438669273352,-0.518366493450018,
-0.464910454623974,-0.41774394734312,-0.383235643178779,-0.368687340604098,
-0.358432975105127,-0.348314576983905,-0.333929254591722,-0.300294786688668,
-0.242224187232681,-0.179726040361349,-0.115992367308071,-0.0560483462865282,
-0.0488614963024803),.UNSPECIFIED.);
#402=B_SPLINE_CURVE_WITH_KNOTS('',3,(#2431,#2432,#2433,#2434,#2435,#2436,
#2437,#2438,#2439,#2440),.UNSPECIFIED.,.F.,.F.,(4,2,2,2,4),(0.0488614963024803,
0.0560483462865282,0.115992367308071,0.179726040361349,0.212610506993017),
 .UNSPECIFIED.);
#403=B_SPLINE_CURVE_WITH_KNOTS('',3,(#2441,#2442,#2443,#2444,#2445,#2446,
#2447,#2448,#2449,#2450,#2451,#2452,#2453,#2454,#2455,#2456,#2457,#2458,
#2459,#2460,#2461,#2462,#2463,#2464,#2465,#2466,#2467,#2468),
 .UNSPECIFIED.,.F.,.F.,(4,2,2,2,2,2,2,2,2,2,2,2,2,4),(0.212610506993017,
0.242224187232681,0.300294786688668,0.333929254591722,0.348314576983905,
0.358432975105127,0.368687340604098,0.383235643178779,0.41774394734312,
0.464910454623974,0.518366493450018,0.576438669273352,0.638372688879609,
0.667769667847021),.UNSPECIFIED.);
#404=B_SPLINE_CURVE_WITH_KNOTS('',3,(#2502,#2503,#2504,#2505,#2506,#2507),
 .UNSPECIFIED.,.F.,.F.,(4,2,4),(-0.716554133151145,-0.675335698111116,-0.66776966784702),
 .UNSPECIFIED.);
#405=B_SPLINE_CURVE_WITH_KNOTS('',3,(#2508,#2509,#2510,#2511,#2512,#2513),
 .UNSPECIFIED.,.F.,.F.,(4,2,4),(0.66776966784702,0.675335698111116,0.716554133151145),
 .UNSPECIFIED.);
#406=B_SPLINE_CURVE_WITH_KNOTS('',3,(#2530,#2531,#2532,#2533),
 .UNSPECIFIED.,.F.,.F.,(4,4),(-0.0488614963024807,-1.62285782088782E-10),
 .UNSPECIFIED.);
#407=B_SPLINE_CURVE_WITH_KNOTS('',3,(#2534,#2535,#2536,#2537),
 .UNSPECIFIED.,.F.,.F.,(4,4),(1.62285782088782E-10,0.0488614963024807),
 .UNSPECIFIED.);
#408=B_SPLINE_CURVE_WITH_KNOTS('',3,(#2539,#2540,#2541,#2542,#2543),
 .UNSPECIFIED.,.F.,.F.,(4,1,4),(-0.698657883949435,-0.650517146221743,-0.560068000598679),
 .UNSPECIFIED.);
#409=B_SPLINE_CURVE_WITH_KNOTS('',3,(#2544,#2545,#2546,#2547),
 .UNSPECIFIED.,.F.,.F.,(4,4),(-1.01066805599995,-0.872092070773378),
 .UNSPECIFIED.);
#410=B_SPLINE_CURVE_WITH_KNOTS('',3,(#2573,#2574,#2575,#2576,#2577,#2578,
#2579,#2580,#2581,#2582),.UNSPECIFIED.,.F.,.F.,(4,2,2,2,4),(0.324912994043166,
0.406138878285569,0.487364762527972,0.568595375307152,0.649825988086332),
 .UNSPECIFIED.);
#411=B_SPLINE_CURVE_WITH_KNOTS('',3,(#2584,#2585,#2586,#2587,#2588,#2589,
#2590,#2591,#2592,#2593),.UNSPECIFIED.,.F.,.F.,(4,2,2,2,4),(0.649825988086332,
0.731056600865511,0.812287213644691,0.893513097887094,0.974738982129497),
 .UNSPECIFIED.);
#412=B_SPLINE_CURVE_WITH_KNOTS('',3,(#2594,#2595,#2596,#2597,#2598,#2599,
#2600,#2601,#2602,#2603,#2604,#2605,#2606,#2607,#2608,#2609,#2610,#2611,
#2612),.UNSPECIFIED.,.F.,.F.,(4,2,2,2,3,2,2,2,4),(0.974738982129497,1.0559648663719,
1.1371907506143,1.21842136339348,1.29965197617266,1.38088258895184,1.46211320173102,
1.54333908597343,1.62456497021583),.UNSPECIFIED.);
#413=B_SPLINE_CURVE_WITH_KNOTS('',3,(#2615,#2616,#2617,#2618,#2619,#2620,
#2621,#2622,#2623,#2624),.UNSPECIFIED.,.F.,.F.,(4,2,2,2,4),(0.324912994043166,
0.406138878285569,0.487364762527972,0.568595375307152,0.649825988086331),
 .UNSPECIFIED.);
#414=B_SPLINE_CURVE_WITH_KNOTS('',3,(#2626,#2627,#2628,#2629,#2630,#2631,
#2632,#2633,#2634,#2635),.UNSPECIFIED.,.F.,.F.,(4,2,2,2,4),(0.649825988086331,
0.731056600865511,0.81228721364469,0.893513097887094,0.974738982129497),
 .UNSPECIFIED.);
#415=B_SPLINE_CURVE_WITH_KNOTS('',3,(#2636,#2637,#2638,#2639,#2640,#2641,
#2642,#2643,#2644,#2645,#2646,#2647,#2648,#2649,#2650,#2651,#2652,#2653,
#2654),.UNSPECIFIED.,.F.,.F.,(4,2,2,2,3,2,2,2,4),(0.974738982129497,1.0559648663719,
1.1371907506143,1.21842136339348,1.29965197617266,1.38088258895184,1.46211320173102,
1.54333908597342,1.62456497021583),.UNSPECIFIED.);
#416=B_SPLINE_CURVE_WITH_KNOTS('',3,(#2657,#2658,#2659,#2660,#2661,#2662,
#2663,#2664,#2665,#2666,#2667,#2668,#2669,#2670,#2671,#2672,#2673,#2674),
 .UNSPECIFIED.,.F.,.F.,(4,2,2,2,2,2,2,2,4),(0.,0.0812306127791795,0.162461225558359,
0.243687109800762,0.324912994043166,0.406138878285569,0.487364762527972,
0.568595375307152,0.649825988086331),.UNSPECIFIED.);
#417=B_SPLINE_CURVE_WITH_KNOTS('',3,(#2675,#2676,#2677,#2678,#2679,#2680,
#2681,#2682,#2683,#2684,#2685,#2686,#2687,#2688,#2689,#2690,#2691,#2692),
 .UNSPECIFIED.,.F.,.F.,(4,2,2,2,2,2,2,2,4),(0.649825988086331,0.731056600865511,
0.81228721364469,0.893513097887093,0.974738982129497,1.0559648663719,1.1371907506143,
1.21842136339348,1.29965197617266),.UNSPECIFIED.);
#418=VERTEX_POINT('',#1439);
#419=VERTEX_POINT('',#1440);
#420=VERTEX_POINT('',#1483);
#421=VERTEX_POINT('',#1487);
#422=VERTEX_POINT('',#1490);
#423=VERTEX_POINT('',#1492);
#424=VERTEX_POINT('',#1496);
#425=VERTEX_POINT('',#1499);
#426=VERTEX_POINT('',#1500);
#427=VERTEX_POINT('',#1502);
#428=VERTEX_POINT('',#1504);
#429=VERTEX_POINT('',#1507);
#430=VERTEX_POINT('',#1508);
#431=VERTEX_POINT('',#1545);
#432=VERTEX_POINT('',#1546);
#433=VERTEX_POINT('',#1583);
#434=VERTEX_POINT('',#1584);
#435=VERTEX_POINT('',#1621);
#436=VERTEX_POINT('',#1622);
#437=VERTEX_POINT('',#1660);
#438=VERTEX_POINT('',#1661);
#439=VERTEX_POINT('',#1663);
#440=VERTEX_POINT('',#1667);
#441=VERTEX_POINT('',#1671);
#442=VERTEX_POINT('',#1674);
#443=VERTEX_POINT('',#1675);
#444=VERTEX_POINT('',#1677);
#445=VERTEX_POINT('',#1679);
#446=VERTEX_POINT('',#1688);
#447=VERTEX_POINT('',#1690);
#448=VERTEX_POINT('',#1694);
#449=VERTEX_POINT('',#1696);
#450=VERTEX_POINT('',#1700);
#451=VERTEX_POINT('',#1701);
#452=VERTEX_POINT('',#1711);
#453=VERTEX_POINT('',#1713);
#454=VERTEX_POINT('',#1718);
#455=VERTEX_POINT('',#1722);
#456=VERTEX_POINT('',#1724);
#457=VERTEX_POINT('',#1731);
#458=VERTEX_POINT('',#1733);
#459=VERTEX_POINT('',#1740);
#460=VERTEX_POINT('',#1742);
#461=VERTEX_POINT('',#1744);
#462=VERTEX_POINT('',#1750);
#463=VERTEX_POINT('',#1754);
#464=VERTEX_POINT('',#1756);
#465=VERTEX_POINT('',#1758);
#466=VERTEX_POINT('',#1766);
#467=VERTEX_POINT('',#1768);
#468=VERTEX_POINT('',#1791);
#469=VERTEX_POINT('',#1809);
#470=VERTEX_POINT('',#1814);
#471=VERTEX_POINT('',#1816);
#472=VERTEX_POINT('',#1821);
#473=VERTEX_POINT('',#1832);
#474=VERTEX_POINT('',#1834);
#475=VERTEX_POINT('',#1847);
#476=VERTEX_POINT('',#1852);
#477=VERTEX_POINT('',#1859);
#478=VERTEX_POINT('',#1865);
#479=VERTEX_POINT('',#1869);
#480=VERTEX_POINT('',#1870);
#481=VERTEX_POINT('',#1875);
#482=VERTEX_POINT('',#1877);
#483=VERTEX_POINT('',#1899);
#484=VERTEX_POINT('',#1905);
#485=VERTEX_POINT('',#1929);
#486=VERTEX_POINT('',#2008);
#487=VERTEX_POINT('',#2010);
#488=VERTEX_POINT('',#2044);
#489=VERTEX_POINT('',#2072);
#490=VERTEX_POINT('',#2091);
#491=VERTEX_POINT('',#2101);
#492=VERTEX_POINT('',#2124);
#493=VERTEX_POINT('',#2212);
#494=VERTEX_POINT('',#2225);
#495=VERTEX_POINT('',#2390);
#496=VERTEX_POINT('',#2391);
#497=VERTEX_POINT('',#2393);
#498=VERTEX_POINT('',#2428);
#499=VERTEX_POINT('',#2430);
#500=VERTEX_POINT('',#2470);
#501=VERTEX_POINT('',#2471);
#502=VERTEX_POINT('',#2473);
#503=VERTEX_POINT('',#2475);
#504=VERTEX_POINT('',#2549);
#505=VERTEX_POINT('',#2553);
#506=VERTEX_POINT('',#2555);
#507=VERTEX_POINT('',#2559);
#508=VERTEX_POINT('',#2563);
#509=VERTEX_POINT('',#2571);
#510=VERTEX_POINT('',#2572);
#511=VERTEX_POINT('',#2583);
#512=VERTEX_POINT('',#2613);
#513=VERTEX_POINT('',#2614);
#514=VERTEX_POINT('',#2625);
#515=VERTEX_POINT('',#2655);
#516=VERTEX_POINT('',#2656);
#517=EDGE_CURVE('',#418,#419,#363,.T.);
#518=EDGE_CURVE('',#419,#418,#364,.T.);
#519=EDGE_CURVE('',#419,#420,#247,.T.);
#520=EDGE_CURVE('',#420,#420,#207,.T.);
#521=EDGE_CURVE('',#421,#421,#208,.T.);
#522=EDGE_CURVE('',#422,#422,#209,.T.);
#523=EDGE_CURVE('',#422,#423,#248,.T.);
#524=EDGE_CURVE('',#423,#423,#210,.T.);
#525=EDGE_CURVE('',#423,#424,#249,.T.);
#526=EDGE_CURVE('',#424,#424,#211,.T.);
#527=EDGE_CURVE('',#425,#426,#250,.T.);
#528=EDGE_CURVE('',#426,#427,#212,.T.);
#529=EDGE_CURVE('',#427,#428,#251,.T.);
#530=EDGE_CURVE('',#428,#425,#213,.T.);
#531=EDGE_CURVE('',#429,#430,#365,.T.);
#532=EDGE_CURVE('',#430,#429,#366,.T.);
#533=EDGE_CURVE('',#431,#432,#367,.T.);
#534=EDGE_CURVE('',#432,#431,#368,.T.);
#535=EDGE_CURVE('',#433,#434,#369,.T.);
#536=EDGE_CURVE('',#434,#433,#370,.T.);
#537=EDGE_CURVE('',#435,#436,#371,.T.);
#538=EDGE_CURVE('',#436,#435,#372,.T.);
#539=EDGE_CURVE('',#437,#438,#214,.T.);
#540=EDGE_CURVE('',#439,#437,#215,.T.);
#541=EDGE_CURVE('',#438,#439,#216,.T.);
#542=EDGE_CURVE('',#440,#440,#217,.T.);
#543=EDGE_CURVE('',#440,#424,#252,.T.);
#544=EDGE_CURVE('',#441,#441,#218,.T.);
#545=EDGE_CURVE('',#442,#443,#219,.T.);
#546=EDGE_CURVE('',#443,#444,#220,.T.);
#547=EDGE_CURVE('',#444,#445,#373,.T.);
#548=EDGE_CURVE('',#445,#442,#221,.T.);
#549=EDGE_CURVE('',#446,#443,#253,.T.);
#550=EDGE_CURVE('',#442,#447,#254,.T.);
#551=EDGE_CURVE('',#447,#446,#29,.T.);
#552=EDGE_CURVE('',#447,#448,#255,.T.);
#553=EDGE_CURVE('',#448,#449,#222,.T.);
#554=EDGE_CURVE('',#449,#446,#256,.T.);
#555=EDGE_CURVE('',#450,#451,#374,.T.);
#556=EDGE_CURVE('',#451,#449,#223,.T.);
#557=EDGE_CURVE('',#448,#450,#224,.T.);
#558=EDGE_CURVE('',#447,#452,#257,.T.);
#559=EDGE_CURVE('',#453,#452,#375,.T.);
#560=EDGE_CURVE('',#454,#453,#258,.T.);
#561=EDGE_CURVE('',#450,#454,#259,.T.);
#562=EDGE_CURVE('',#445,#455,#260,.T.);
#563=EDGE_CURVE('',#456,#455,#261,.T.);
#564=EDGE_CURVE('',#452,#456,#376,.T.);
#565=EDGE_CURVE('',#443,#457,#262,.T.);
#566=EDGE_CURVE('',#457,#458,#30,.T.);
#567=EDGE_CURVE('',#458,#444,#263,.T.);
#568=EDGE_CURVE('',#451,#458,#264,.T.);
#569=EDGE_CURVE('',#457,#449,#265,.T.);
#570=EDGE_CURVE('',#459,#458,#266,.T.);
#571=EDGE_CURVE('',#460,#459,#267,.T.);
#572=EDGE_CURVE('',#461,#460,#377,.T.);
#573=EDGE_CURVE('',#462,#461,#268,.T.);
#574=EDGE_CURVE('',#455,#462,#269,.T.);
#575=EDGE_CURVE('',#463,#454,#270,.T.);
#576=EDGE_CURVE('',#464,#463,#271,.T.);
#577=EDGE_CURVE('',#465,#464,#378,.T.);
#578=EDGE_CURVE('',#459,#465,#272,.T.);
#579=EDGE_CURVE('',#455,#466,#31,.T.);
#580=EDGE_CURVE('',#466,#467,#273,.T.);
#581=EDGE_CURVE('',#467,#456,#225,.T.);
#582=EDGE_CURVE('',#468,#452,#379,.F.);
#583=EDGE_CURVE('',#467,#468,#380,.T.);
#584=EDGE_CURVE('',#468,#469,#381,.T.);
#585=EDGE_CURVE('',#467,#470,#226,.T.);
#586=EDGE_CURVE('',#471,#470,#382,.T.);
#587=EDGE_CURVE('',#472,#471,#383,.T.);
#588=EDGE_CURVE('',#472,#473,#227,.T.);
#589=EDGE_CURVE('',#474,#473,#384,.T.);
#590=EDGE_CURVE('',#475,#474,#385,.T.);
#591=EDGE_CURVE('',#475,#476,#228,.T.);
#592=EDGE_CURVE('',#469,#476,#386,.T.);
#593=EDGE_CURVE('',#477,#466,#274,.T.);
#594=EDGE_CURVE('',#470,#477,#275,.T.);
#595=EDGE_CURVE('',#462,#477,#229,.F.);
#596=EDGE_CURVE('',#478,#462,#230,.F.);
#597=EDGE_CURVE('',#477,#478,#231,.F.);
#598=EDGE_CURVE('',#479,#480,#232,.F.);
#599=EDGE_CURVE('',#463,#479,#233,.F.);
#600=EDGE_CURVE('',#480,#463,#234,.F.);
#601=EDGE_CURVE('',#479,#481,#276,.T.);
#602=EDGE_CURVE('',#481,#482,#387,.T.);
#603=EDGE_CURVE('',#482,#464,#388,.T.);
#604=EDGE_CURVE('',#453,#476,#235,.T.);
#605=EDGE_CURVE('',#476,#483,#277,.T.);
#606=EDGE_CURVE('',#483,#454,#32,.T.);
#607=EDGE_CURVE('',#483,#480,#278,.T.);
#608=EDGE_CURVE('',#475,#484,#236,.T.);
#609=EDGE_CURVE('',#484,#479,#279,.T.);
#610=EDGE_CURVE('',#480,#475,#280,.T.);
#611=EDGE_CURVE('',#474,#485,#237,.T.);
#612=EDGE_CURVE('',#485,#484,#389,.T.);
#613=EDGE_CURVE('',#473,#485,#390,.T.);
#614=EDGE_CURVE('',#465,#486,#238,.T.);
#615=EDGE_CURVE('',#486,#487,#281,.T.);
#616=EDGE_CURVE('',#487,#459,#33,.T.);
#617=EDGE_CURVE('',#482,#486,#391,.T.);
#618=EDGE_CURVE('',#487,#488,#282,.T.);
#619=EDGE_CURVE('',#488,#460,#239,.T.);
#620=EDGE_CURVE('',#488,#489,#392,.T.);
#621=EDGE_CURVE('',#489,#461,#393,.T.);
#622=EDGE_CURVE('',#490,#478,#283,.T.);
#623=EDGE_CURVE('',#489,#490,#394,.T.);
#624=EDGE_CURVE('',#491,#470,#240,.T.);
#625=EDGE_CURVE('',#478,#491,#284,.T.);
#626=EDGE_CURVE('',#492,#471,#241,.T.);
#627=EDGE_CURVE('',#491,#492,#395,.T.);
#628=EDGE_CURVE('',#492,#472,#396,.T.);
#629=EDGE_CURVE('',#492,#493,#285,.T.);
#630=EDGE_CURVE('',#438,#493,#397,.F.);
#631=EDGE_CURVE('',#438,#472,#286,.T.);
#632=EDGE_CURVE('',#473,#437,#287,.T.);
#633=EDGE_CURVE('',#437,#494,#398,.T.);
#634=EDGE_CURVE('',#494,#485,#288,.T.);
#635=EDGE_CURVE('',#493,#490,#399,.T.);
#636=EDGE_CURVE('',#494,#481,#400,.F.);
#637=EDGE_CURVE('',#495,#496,#289,.T.);
#638=EDGE_CURVE('',#496,#497,#401,.T.);
#639=EDGE_CURVE('',#497,#498,#290,.T.);
#640=EDGE_CURVE('',#498,#499,#402,.T.);
#641=EDGE_CURVE('',#499,#495,#403,.T.);
#642=EDGE_CURVE('',#500,#501,#291,.T.);
#643=EDGE_CURVE('',#501,#502,#242,.T.);
#644=EDGE_CURVE('',#502,#503,#292,.T.);
#645=EDGE_CURVE('',#503,#500,#243,.T.);
#646=EDGE_CURVE('',#502,#496,#404,.T.);
#647=EDGE_CURVE('',#495,#503,#405,.T.);
#648=EDGE_CURVE('',#497,#501,#406,.T.);
#649=EDGE_CURVE('',#500,#498,#407,.T.);
#650=EDGE_CURVE('',#496,#486,#408,.T.);
#651=EDGE_CURVE('',#488,#497,#409,.T.);
#652=EDGE_CURVE('',#499,#504,#293,.T.);
#653=EDGE_CURVE('',#504,#504,#244,.T.);
#654=EDGE_CURVE('',#425,#505,#294,.T.);
#655=EDGE_CURVE('',#505,#506,#295,.T.);
#656=EDGE_CURVE('',#426,#506,#296,.T.);
#657=EDGE_CURVE('',#506,#507,#245,.T.);
#658=EDGE_CURVE('',#507,#427,#297,.T.);
#659=EDGE_CURVE('',#508,#507,#298,.T.);
#660=EDGE_CURVE('',#508,#428,#299,.T.);
#661=EDGE_CURVE('',#508,#505,#246,.T.);
#662=EDGE_CURVE('',#441,#439,#300,.T.);
#663=EDGE_CURVE('',#509,#510,#410,.T.);
#664=EDGE_CURVE('',#510,#511,#411,.T.);
#665=EDGE_CURVE('',#511,#509,#412,.T.);
#666=EDGE_CURVE('',#512,#513,#413,.T.);
#667=EDGE_CURVE('',#513,#514,#414,.T.);
#668=EDGE_CURVE('',#514,#512,#415,.T.);
#669=EDGE_CURVE('',#515,#516,#416,.T.);
#670=EDGE_CURVE('',#516,#515,#417,.T.);
#671=EDGE_CURVE('',#513,#432,#301,.T.);
#672=EDGE_CURVE('',#430,#516,#302,.T.);
#673=EDGE_CURVE('',#510,#436,#303,.T.);
#674=EDGE_CURVE('',#434,#421,#304,.T.);
#675=ORIENTED_EDGE('',*,*,#517,.F.);
#676=ORIENTED_EDGE('',*,*,#518,.F.);
#677=ORIENTED_EDGE('',*,*,#519,.T.);
#678=ORIENTED_EDGE('',*,*,#520,.T.);
#679=ORIENTED_EDGE('',*,*,#519,.F.);
#680=ORIENTED_EDGE('',*,*,#520,.F.);
#681=ORIENTED_EDGE('',*,*,#521,.F.);
#682=ORIENTED_EDGE('',*,*,#522,.T.);
#683=ORIENTED_EDGE('',*,*,#523,.T.);
#684=ORIENTED_EDGE('',*,*,#524,.T.);
#685=ORIENTED_EDGE('',*,*,#523,.F.);
#686=ORIENTED_EDGE('',*,*,#524,.F.);
#687=ORIENTED_EDGE('',*,*,#525,.T.);
#688=ORIENTED_EDGE('',*,*,#526,.F.);
#689=ORIENTED_EDGE('',*,*,#525,.F.);
#690=ORIENTED_EDGE('',*,*,#527,.T.);
#691=ORIENTED_EDGE('',*,*,#528,.T.);
#692=ORIENTED_EDGE('',*,*,#529,.T.);
#693=ORIENTED_EDGE('',*,*,#530,.T.);
#694=ORIENTED_EDGE('',*,*,#531,.T.);
#695=ORIENTED_EDGE('',*,*,#532,.T.);
#696=ORIENTED_EDGE('',*,*,#533,.T.);
#697=ORIENTED_EDGE('',*,*,#534,.T.);
#698=ORIENTED_EDGE('',*,*,#535,.T.);
#699=ORIENTED_EDGE('',*,*,#536,.T.);
#700=ORIENTED_EDGE('',*,*,#537,.T.);
#701=ORIENTED_EDGE('',*,*,#538,.T.);
#702=ORIENTED_EDGE('',*,*,#539,.F.);
#703=ORIENTED_EDGE('',*,*,#540,.F.);
#704=ORIENTED_EDGE('',*,*,#541,.F.);
#705=ORIENTED_EDGE('',*,*,#522,.F.);
#706=ORIENTED_EDGE('',*,*,#542,.T.);
#707=ORIENTED_EDGE('',*,*,#543,.T.);
#708=ORIENTED_EDGE('',*,*,#526,.T.);
#709=ORIENTED_EDGE('',*,*,#543,.F.);
#710=ORIENTED_EDGE('',*,*,#544,.T.);
#711=ORIENTED_EDGE('',*,*,#542,.F.);
#712=ORIENTED_EDGE('',*,*,#545,.T.);
#713=ORIENTED_EDGE('',*,*,#546,.T.);
#714=ORIENTED_EDGE('',*,*,#547,.T.);
#715=ORIENTED_EDGE('',*,*,#548,.T.);
#716=ORIENTED_EDGE('',*,*,#549,.T.);
#717=ORIENTED_EDGE('',*,*,#545,.F.);
#718=ORIENTED_EDGE('',*,*,#550,.T.);
#719=ORIENTED_EDGE('',*,*,#551,.T.);
#720=ORIENTED_EDGE('',*,*,#552,.T.);
#721=ORIENTED_EDGE('',*,*,#553,.T.);
#722=ORIENTED_EDGE('',*,*,#554,.T.);
#723=ORIENTED_EDGE('',*,*,#551,.F.);
#724=ORIENTED_EDGE('',*,*,#555,.T.);
#725=ORIENTED_EDGE('',*,*,#556,.T.);
#726=ORIENTED_EDGE('',*,*,#553,.F.);
#727=ORIENTED_EDGE('',*,*,#557,.T.);
#728=ORIENTED_EDGE('',*,*,#557,.F.);
#729=ORIENTED_EDGE('',*,*,#552,.F.);
#730=ORIENTED_EDGE('',*,*,#558,.T.);
#731=ORIENTED_EDGE('',*,*,#559,.F.);
#732=ORIENTED_EDGE('',*,*,#560,.F.);
#733=ORIENTED_EDGE('',*,*,#561,.F.);
#734=ORIENTED_EDGE('',*,*,#550,.F.);
#735=ORIENTED_EDGE('',*,*,#548,.F.);
#736=ORIENTED_EDGE('',*,*,#562,.T.);
#737=ORIENTED_EDGE('',*,*,#563,.F.);
#738=ORIENTED_EDGE('',*,*,#564,.F.);
#739=ORIENTED_EDGE('',*,*,#558,.F.);
#740=ORIENTED_EDGE('',*,*,#546,.F.);
#741=ORIENTED_EDGE('',*,*,#565,.T.);
#742=ORIENTED_EDGE('',*,*,#566,.T.);
#743=ORIENTED_EDGE('',*,*,#567,.T.);
#744=ORIENTED_EDGE('',*,*,#556,.F.);
#745=ORIENTED_EDGE('',*,*,#568,.T.);
#746=ORIENTED_EDGE('',*,*,#566,.F.);
#747=ORIENTED_EDGE('',*,*,#569,.T.);
#748=ORIENTED_EDGE('',*,*,#547,.F.);
#749=ORIENTED_EDGE('',*,*,#567,.F.);
#750=ORIENTED_EDGE('',*,*,#570,.F.);
#751=ORIENTED_EDGE('',*,*,#571,.F.);
#752=ORIENTED_EDGE('',*,*,#572,.F.);
#753=ORIENTED_EDGE('',*,*,#573,.F.);
#754=ORIENTED_EDGE('',*,*,#574,.F.);
#755=ORIENTED_EDGE('',*,*,#562,.F.);
#756=ORIENTED_EDGE('',*,*,#561,.T.);
#757=ORIENTED_EDGE('',*,*,#575,.F.);
#758=ORIENTED_EDGE('',*,*,#576,.F.);
#759=ORIENTED_EDGE('',*,*,#577,.F.);
#760=ORIENTED_EDGE('',*,*,#578,.F.);
#761=ORIENTED_EDGE('',*,*,#570,.T.);
#762=ORIENTED_EDGE('',*,*,#568,.F.);
#763=ORIENTED_EDGE('',*,*,#555,.F.);
#764=ORIENTED_EDGE('',*,*,#579,.T.);
#765=ORIENTED_EDGE('',*,*,#580,.T.);
#766=ORIENTED_EDGE('',*,*,#581,.T.);
#767=ORIENTED_EDGE('',*,*,#563,.T.);
#768=ORIENTED_EDGE('',*,*,#582,.T.);
#769=ORIENTED_EDGE('',*,*,#564,.T.);
#770=ORIENTED_EDGE('',*,*,#581,.F.);
#771=ORIENTED_EDGE('',*,*,#583,.T.);
#772=ORIENTED_EDGE('',*,*,#584,.F.);
#773=ORIENTED_EDGE('',*,*,#583,.F.);
#774=ORIENTED_EDGE('',*,*,#585,.T.);
#775=ORIENTED_EDGE('',*,*,#586,.F.);
#776=ORIENTED_EDGE('',*,*,#587,.F.);
#777=ORIENTED_EDGE('',*,*,#588,.T.);
#778=ORIENTED_EDGE('',*,*,#589,.F.);
#779=ORIENTED_EDGE('',*,*,#590,.F.);
#780=ORIENTED_EDGE('',*,*,#591,.T.);
#781=ORIENTED_EDGE('',*,*,#592,.F.);
#782=ORIENTED_EDGE('',*,*,#580,.F.);
#783=ORIENTED_EDGE('',*,*,#593,.F.);
#784=ORIENTED_EDGE('',*,*,#594,.F.);
#785=ORIENTED_EDGE('',*,*,#585,.F.);
#786=ORIENTED_EDGE('',*,*,#579,.F.);
#787=ORIENTED_EDGE('',*,*,#574,.T.);
#788=ORIENTED_EDGE('',*,*,#595,.T.);
#789=ORIENTED_EDGE('',*,*,#593,.T.);
#790=ORIENTED_EDGE('',*,*,#595,.F.);
#791=ORIENTED_EDGE('',*,*,#596,.F.);
#792=ORIENTED_EDGE('',*,*,#597,.F.);
#793=ORIENTED_EDGE('',*,*,#598,.F.);
#794=ORIENTED_EDGE('',*,*,#599,.F.);
#795=ORIENTED_EDGE('',*,*,#600,.F.);
#796=ORIENTED_EDGE('',*,*,#576,.T.);
#797=ORIENTED_EDGE('',*,*,#599,.T.);
#798=ORIENTED_EDGE('',*,*,#601,.T.);
#799=ORIENTED_EDGE('',*,*,#602,.T.);
#800=ORIENTED_EDGE('',*,*,#603,.T.);
#801=ORIENTED_EDGE('',*,*,#560,.T.);
#802=ORIENTED_EDGE('',*,*,#604,.T.);
#803=ORIENTED_EDGE('',*,*,#605,.T.);
#804=ORIENTED_EDGE('',*,*,#606,.T.);
#805=ORIENTED_EDGE('',*,*,#607,.T.);
#806=ORIENTED_EDGE('',*,*,#600,.T.);
#807=ORIENTED_EDGE('',*,*,#575,.T.);
#808=ORIENTED_EDGE('',*,*,#606,.F.);
#809=ORIENTED_EDGE('',*,*,#608,.T.);
#810=ORIENTED_EDGE('',*,*,#609,.T.);
#811=ORIENTED_EDGE('',*,*,#598,.T.);
#812=ORIENTED_EDGE('',*,*,#610,.T.);
#813=ORIENTED_EDGE('',*,*,#608,.F.);
#814=ORIENTED_EDGE('',*,*,#590,.T.);
#815=ORIENTED_EDGE('',*,*,#611,.T.);
#816=ORIENTED_EDGE('',*,*,#612,.T.);
#817=ORIENTED_EDGE('',*,*,#589,.T.);
#818=ORIENTED_EDGE('',*,*,#613,.T.);
#819=ORIENTED_EDGE('',*,*,#611,.F.);
#820=ORIENTED_EDGE('',*,*,#578,.T.);
#821=ORIENTED_EDGE('',*,*,#614,.T.);
#822=ORIENTED_EDGE('',*,*,#615,.T.);
#823=ORIENTED_EDGE('',*,*,#616,.T.);
#824=ORIENTED_EDGE('',*,*,#617,.T.);
#825=ORIENTED_EDGE('',*,*,#614,.F.);
#826=ORIENTED_EDGE('',*,*,#577,.T.);
#827=ORIENTED_EDGE('',*,*,#603,.F.);
#828=ORIENTED_EDGE('',*,*,#618,.T.);
#829=ORIENTED_EDGE('',*,*,#619,.T.);
#830=ORIENTED_EDGE('',*,*,#571,.T.);
#831=ORIENTED_EDGE('',*,*,#616,.F.);
#832=ORIENTED_EDGE('',*,*,#572,.T.);
#833=ORIENTED_EDGE('',*,*,#619,.F.);
#834=ORIENTED_EDGE('',*,*,#620,.T.);
#835=ORIENTED_EDGE('',*,*,#621,.T.);
#836=ORIENTED_EDGE('',*,*,#622,.T.);
#837=ORIENTED_EDGE('',*,*,#596,.T.);
#838=ORIENTED_EDGE('',*,*,#573,.T.);
#839=ORIENTED_EDGE('',*,*,#621,.F.);
#840=ORIENTED_EDGE('',*,*,#623,.T.);
#841=ORIENTED_EDGE('',*,*,#624,.T.);
#842=ORIENTED_EDGE('',*,*,#594,.T.);
#843=ORIENTED_EDGE('',*,*,#597,.T.);
#844=ORIENTED_EDGE('',*,*,#625,.T.);
#845=ORIENTED_EDGE('',*,*,#626,.T.);
#846=ORIENTED_EDGE('',*,*,#586,.T.);
#847=ORIENTED_EDGE('',*,*,#624,.F.);
#848=ORIENTED_EDGE('',*,*,#627,.T.);
#849=ORIENTED_EDGE('',*,*,#626,.F.);
#850=ORIENTED_EDGE('',*,*,#628,.T.);
#851=ORIENTED_EDGE('',*,*,#587,.T.);
#852=ORIENTED_EDGE('',*,*,#592,.T.);
#853=ORIENTED_EDGE('',*,*,#604,.F.);
#854=ORIENTED_EDGE('',*,*,#559,.T.);
#855=ORIENTED_EDGE('',*,*,#582,.F.);
#856=ORIENTED_EDGE('',*,*,#584,.T.);
#857=ORIENTED_EDGE('',*,*,#610,.F.);
#858=ORIENTED_EDGE('',*,*,#607,.F.);
#859=ORIENTED_EDGE('',*,*,#605,.F.);
#860=ORIENTED_EDGE('',*,*,#591,.F.);
#861=ORIENTED_EDGE('',*,*,#628,.F.);
#862=ORIENTED_EDGE('',*,*,#629,.T.);
#863=ORIENTED_EDGE('',*,*,#630,.F.);
#864=ORIENTED_EDGE('',*,*,#631,.T.);
#865=ORIENTED_EDGE('',*,*,#613,.F.);
#866=ORIENTED_EDGE('',*,*,#632,.T.);
#867=ORIENTED_EDGE('',*,*,#633,.T.);
#868=ORIENTED_EDGE('',*,*,#634,.T.);
#869=ORIENTED_EDGE('',*,*,#622,.F.);
#870=ORIENTED_EDGE('',*,*,#635,.F.);
#871=ORIENTED_EDGE('',*,*,#629,.F.);
#872=ORIENTED_EDGE('',*,*,#627,.F.);
#873=ORIENTED_EDGE('',*,*,#625,.F.);
#874=ORIENTED_EDGE('',*,*,#612,.F.);
#875=ORIENTED_EDGE('',*,*,#634,.F.);
#876=ORIENTED_EDGE('',*,*,#636,.T.);
#877=ORIENTED_EDGE('',*,*,#601,.F.);
#878=ORIENTED_EDGE('',*,*,#609,.F.);
#879=ORIENTED_EDGE('',*,*,#637,.T.);
#880=ORIENTED_EDGE('',*,*,#638,.T.);
#881=ORIENTED_EDGE('',*,*,#639,.T.);
#882=ORIENTED_EDGE('',*,*,#640,.T.);
#883=ORIENTED_EDGE('',*,*,#641,.T.);
#884=ORIENTED_EDGE('',*,*,#642,.T.);
#885=ORIENTED_EDGE('',*,*,#643,.T.);
#886=ORIENTED_EDGE('',*,*,#644,.T.);
#887=ORIENTED_EDGE('',*,*,#645,.T.);
#888=ORIENTED_EDGE('',*,*,#644,.F.);
#889=ORIENTED_EDGE('',*,*,#646,.T.);
#890=ORIENTED_EDGE('',*,*,#637,.F.);
#891=ORIENTED_EDGE('',*,*,#647,.T.);
#892=ORIENTED_EDGE('',*,*,#639,.F.);
#893=ORIENTED_EDGE('',*,*,#648,.T.);
#894=ORIENTED_EDGE('',*,*,#642,.F.);
#895=ORIENTED_EDGE('',*,*,#649,.T.);
#896=ORIENTED_EDGE('',*,*,#615,.F.);
#897=ORIENTED_EDGE('',*,*,#650,.F.);
#898=ORIENTED_EDGE('',*,*,#646,.F.);
#899=ORIENTED_EDGE('',*,*,#643,.F.);
#900=ORIENTED_EDGE('',*,*,#648,.F.);
#901=ORIENTED_EDGE('',*,*,#651,.F.);
#902=ORIENTED_EDGE('',*,*,#618,.F.);
#903=ORIENTED_EDGE('',*,*,#645,.F.);
#904=ORIENTED_EDGE('',*,*,#647,.F.);
#905=ORIENTED_EDGE('',*,*,#641,.F.);
#906=ORIENTED_EDGE('',*,*,#652,.T.);
#907=ORIENTED_EDGE('',*,*,#653,.F.);
#908=ORIENTED_EDGE('',*,*,#652,.F.);
#909=ORIENTED_EDGE('',*,*,#640,.F.);
#910=ORIENTED_EDGE('',*,*,#649,.F.);
#911=ORIENTED_EDGE('',*,*,#527,.F.);
#912=ORIENTED_EDGE('',*,*,#654,.T.);
#913=ORIENTED_EDGE('',*,*,#655,.T.);
#914=ORIENTED_EDGE('',*,*,#656,.F.);
#915=ORIENTED_EDGE('',*,*,#528,.F.);
#916=ORIENTED_EDGE('',*,*,#656,.T.);
#917=ORIENTED_EDGE('',*,*,#657,.T.);
#918=ORIENTED_EDGE('',*,*,#658,.T.);
#919=ORIENTED_EDGE('',*,*,#529,.F.);
#920=ORIENTED_EDGE('',*,*,#658,.F.);
#921=ORIENTED_EDGE('',*,*,#659,.F.);
#922=ORIENTED_EDGE('',*,*,#660,.T.);
#923=ORIENTED_EDGE('',*,*,#661,.F.);
#924=ORIENTED_EDGE('',*,*,#659,.T.);
#925=ORIENTED_EDGE('',*,*,#657,.F.);
#926=ORIENTED_EDGE('',*,*,#655,.F.);
#927=ORIENTED_EDGE('',*,*,#530,.F.);
#928=ORIENTED_EDGE('',*,*,#660,.F.);
#929=ORIENTED_EDGE('',*,*,#661,.T.);
#930=ORIENTED_EDGE('',*,*,#654,.F.);
#931=ORIENTED_EDGE('',*,*,#544,.F.);
#932=ORIENTED_EDGE('',*,*,#662,.T.);
#933=ORIENTED_EDGE('',*,*,#540,.T.);
#934=ORIENTED_EDGE('',*,*,#632,.F.);
#935=ORIENTED_EDGE('',*,*,#588,.F.);
#936=ORIENTED_EDGE('',*,*,#631,.F.);
#937=ORIENTED_EDGE('',*,*,#541,.T.);
#938=ORIENTED_EDGE('',*,*,#662,.F.);
#939=ORIENTED_EDGE('',*,*,#663,.T.);
#940=ORIENTED_EDGE('',*,*,#664,.T.);
#941=ORIENTED_EDGE('',*,*,#665,.T.);
#942=ORIENTED_EDGE('',*,*,#666,.T.);
#943=ORIENTED_EDGE('',*,*,#667,.T.);
#944=ORIENTED_EDGE('',*,*,#668,.T.);
#945=ORIENTED_EDGE('',*,*,#669,.T.);
#946=ORIENTED_EDGE('',*,*,#670,.T.);
#947=ORIENTED_EDGE('',*,*,#666,.F.);
#948=ORIENTED_EDGE('',*,*,#668,.F.);
#949=ORIENTED_EDGE('',*,*,#667,.F.);
#950=ORIENTED_EDGE('',*,*,#671,.T.);
#951=ORIENTED_EDGE('',*,*,#533,.F.);
#952=ORIENTED_EDGE('',*,*,#534,.F.);
#953=ORIENTED_EDGE('',*,*,#671,.F.);
#954=ORIENTED_EDGE('',*,*,#531,.F.);
#955=ORIENTED_EDGE('',*,*,#532,.F.);
#956=ORIENTED_EDGE('',*,*,#672,.T.);
#957=ORIENTED_EDGE('',*,*,#669,.F.);
#958=ORIENTED_EDGE('',*,*,#670,.F.);
#959=ORIENTED_EDGE('',*,*,#672,.F.);
#960=ORIENTED_EDGE('',*,*,#663,.F.);
#961=ORIENTED_EDGE('',*,*,#665,.F.);
#962=ORIENTED_EDGE('',*,*,#664,.F.);
#963=ORIENTED_EDGE('',*,*,#673,.T.);
#964=ORIENTED_EDGE('',*,*,#537,.F.);
#965=ORIENTED_EDGE('',*,*,#538,.F.);
#966=ORIENTED_EDGE('',*,*,#673,.F.);
#967=ORIENTED_EDGE('',*,*,#535,.F.);
#968=ORIENTED_EDGE('',*,*,#536,.F.);
#969=ORIENTED_EDGE('',*,*,#674,.T.);
#970=ORIENTED_EDGE('',*,*,#521,.T.);
#971=ORIENTED_EDGE('',*,*,#674,.F.);
#972=ORIENTED_EDGE('',*,*,#602,.F.);
#973=ORIENTED_EDGE('',*,*,#636,.F.);
#974=ORIENTED_EDGE('',*,*,#633,.F.);
#975=ORIENTED_EDGE('',*,*,#539,.T.);
#976=ORIENTED_EDGE('',*,*,#630,.T.);
#977=ORIENTED_EDGE('',*,*,#635,.T.);
#978=ORIENTED_EDGE('',*,*,#623,.F.);
#979=ORIENTED_EDGE('',*,*,#620,.F.);
#980=ORIENTED_EDGE('',*,*,#651,.T.);
#981=ORIENTED_EDGE('',*,*,#638,.F.);
#982=ORIENTED_EDGE('',*,*,#650,.T.);
#983=ORIENTED_EDGE('',*,*,#617,.F.);
#984=ORIENTED_EDGE('',*,*,#517,.T.);
#985=ORIENTED_EDGE('',*,*,#518,.T.);
#986=ORIENTED_EDGE('',*,*,#554,.F.);
#987=ORIENTED_EDGE('',*,*,#569,.F.);
#988=ORIENTED_EDGE('',*,*,#565,.F.);
#989=ORIENTED_EDGE('',*,*,#549,.F.);
#990=ORIENTED_EDGE('',*,*,#653,.T.);
#991=CYLINDRICAL_SURFACE('',#1092,2.5);
#992=CYLINDRICAL_SURFACE('',#1099,7.9);
#993=CYLINDRICAL_SURFACE('',#1115,0.5);
#994=CYLINDRICAL_SURFACE('',#1117,0.5);
#995=CYLINDRICAL_SURFACE('',#1124,1.);
#996=CYLINDRICAL_SURFACE('',#1126,1.);
#997=CYLINDRICAL_SURFACE('',#1129,1.);
#998=CYLINDRICAL_SURFACE('',#1137,1.);
#999=CYLINDRICAL_SURFACE('',#1146,1.);
#1000=CYLINDRICAL_SURFACE('',#1147,1.);
#1001=CYLINDRICAL_SURFACE('',#1150,1.);
#1002=CYLINDRICAL_SURFACE('',#1151,1.);
#1003=CYLINDRICAL_SURFACE('',#1154,1.);
#1004=CYLINDRICAL_SURFACE('',#1157,1.);
#1005=CYLINDRICAL_SURFACE('',#1159,1.);
#1006=CYLINDRICAL_SURFACE('',#1160,1.);
#1007=CYLINDRICAL_SURFACE('',#1164,2.);
#1008=CYLINDRICAL_SURFACE('',#1165,2.);
#1009=CYLINDRICAL_SURFACE('',#1172,1.6);
#1010=CYLINDRICAL_SURFACE('',#1178,7.65);
#1011=CYLINDRICAL_SURFACE('',#1181,10.65);
#1012=CYLINDRICAL_SURFACE('',#1182,2.15);
#1013=CYLINDRICAL_SURFACE('',#1183,2.15);
#1014=CYLINDRICAL_SURFACE('',#1184,2.15);
#1015=CYLINDRICAL_SURFACE('',#1185,2.15);
#1016=ADVANCED_FACE('',(#70),#991,.F.);
#1017=ADVANCED_FACE('',(#71,#40),#53,.T.);
#1018=ADVANCED_FACE('',(#72),#37,.F.);
#1019=ADVANCED_FACE('',(#73,#41,#42,#43,#44,#45),#992,.F.);
#1020=ADVANCED_FACE('',(#74,#46),#54,.F.);
#1021=ADVANCED_FACE('',(#75),#38,.F.);
#1022=ADVANCED_FACE('',(#76,#47),#55,.T.);
#1023=ADVANCED_FACE('',(#77),#34,.F.);
#1024=ADVANCED_FACE('',(#78),#993,.F.);
#1025=ADVANCED_FACE('',(#79),#994,.F.);
#1026=ADVANCED_FACE('',(#80),#35,.F.);
#1027=ADVANCED_FACE('',(#81),#56,.T.);
#1028=ADVANCED_FACE('',(#82),#57,.T.);
#1029=ADVANCED_FACE('',(#83),#995,.T.);
#1030=ADVANCED_FACE('',(#84),#996,.T.);
#1031=ADVANCED_FACE('',(#85),#58,.T.);
#1032=ADVANCED_FACE('',(#86),#59,.T.);
#1033=ADVANCED_FACE('',(#87),#997,.T.);
#1034=ADVANCED_FACE('',(#88),#17,.F.);
#1035=ADVANCED_FACE('',(#89),#36,.F.);
#1036=ADVANCED_FACE('',(#90),#60,.T.);
#1037=ADVANCED_FACE('',(#91),#998,.T.);
#1038=ADVANCED_FACE('',(#92),#15,.T.);
#1039=ADVANCED_FACE('',(#93),#16,.T.);
#1040=ADVANCED_FACE('',(#94),#999,.T.);
#1041=ADVANCED_FACE('',(#95),#1000,.T.);
#1042=ADVANCED_FACE('',(#96),#1001,.T.);
#1043=ADVANCED_FACE('',(#97),#1002,.T.);
#1044=ADVANCED_FACE('',(#98),#18,.F.);
#1045=ADVANCED_FACE('',(#99),#19,.F.);
#1046=ADVANCED_FACE('',(#100),#1003,.T.);
#1047=ADVANCED_FACE('',(#101),#20,.F.);
#1048=ADVANCED_FACE('',(#102),#1004,.T.);
#1049=ADVANCED_FACE('',(#103),#21,.F.);
#1050=ADVANCED_FACE('',(#104),#1005,.T.);
#1051=ADVANCED_FACE('',(#105),#1006,.T.);
#1052=ADVANCED_FACE('',(#106),#22,.F.);
#1053=ADVANCED_FACE('',(#107),#23,.F.);
#1054=ADVANCED_FACE('',(#108),#24,.F.);
#1055=ADVANCED_FACE('',(#109),#61,.T.);
#1056=ADVANCED_FACE('',(#110),#1007,.F.);
#1057=ADVANCED_FACE('',(#111),#1008,.F.);
#1058=ADVANCED_FACE('',(#112),#62,.T.);
#1059=ADVANCED_FACE('',(#113),#63,.T.);
#1060=ADVANCED_FACE('',(#114),#25,.T.);
#1061=ADVANCED_FACE('',(#115),#39,.F.);
#1062=ADVANCED_FACE('',(#116),#26,.T.);
#1063=ADVANCED_FACE('',(#117),#27,.T.);
#1064=ADVANCED_FACE('',(#118),#64,.T.);
#1065=ADVANCED_FACE('',(#119),#1009,.F.);
#1066=ADVANCED_FACE('',(#120),#65,.T.);
#1067=ADVANCED_FACE('',(#121),#66,.T.);
#1068=ADVANCED_FACE('',(#122),#67,.T.);
#1069=ADVANCED_FACE('',(#123),#1010,.F.);
#1070=ADVANCED_FACE('',(#124),#68,.F.);
#1071=ADVANCED_FACE('',(#125,#48,#49,#50),#1011,.T.);
#1072=ADVANCED_FACE('',(#126),#1012,.F.);
#1073=ADVANCED_FACE('',(#127),#1013,.F.);
#1074=ADVANCED_FACE('',(#128),#1014,.F.);
#1075=ADVANCED_FACE('',(#129),#1015,.F.);
#1076=ADVANCED_FACE('',(#130,#51),#28,.T.);
#1077=ADVANCED_FACE('',(#131,#52),#69,.T.);
#1078=CLOSED_SHELL('',(#1016,#1017,#1018,#1019,#1020,#1021,#1022,#1023,
#1024,#1025,#1026,#1027,#1028,#1029,#1030,#1031,#1032,#1033,#1034,#1035,
#1036,#1037,#1038,#1039,#1040,#1041,#1042,#1043,#1044,#1045,#1046,#1047,
#1048,#1049,#1050,#1051,#1052,#1053,#1054,#1055,#1056,#1057,#1058,#1059,
#1060,#1061,#1062,#1063,#1064,#1065,#1066,#1067,#1068,#1069,#1070,#1071,
#1072,#1073,#1074,#1075,#1076,#1077));
#1079=DERIVED_UNIT_ELEMENT(#1081,1.);
#1080=DERIVED_UNIT_ELEMENT(#2756,-3.);
#1081=(
MASS_UNIT()
NAMED_UNIT(*)
SI_UNIT(.KILO.,.GRAM.)
);
#1082=DERIVED_UNIT((#1079,#1080));
#1083=MEASURE_REPRESENTATION_ITEM('density measure',
POSITIVE_RATIO_MEASURE(7850.),#1082);
#1084=PROPERTY_DEFINITION_REPRESENTATION(#1089,#1086);
#1085=PROPERTY_DEFINITION_REPRESENTATION(#1090,#1087);
#1086=REPRESENTATION('material name',(#1088),#2753);
#1087=REPRESENTATION('density',(#1083),#2753);
#1088=DESCRIPTIVE_REPRESENTATION_ITEM('Steel','Steel');
#1089=PROPERTY_DEFINITION('material property','material name',#2763);
#1090=PROPERTY_DEFINITION('material property','density of part',#2763);
#1091=AXIS2_PLACEMENT_3D('',#1437,#1187,#1188);
#1092=AXIS2_PLACEMENT_3D('',#1438,#1189,#1190);
#1093=AXIS2_PLACEMENT_3D('',#1485,#1192,#1193);
#1094=AXIS2_PLACEMENT_3D('',#1486,#1194,#1195);
#1095=AXIS2_PLACEMENT_3D('',#1488,#1196,#1197);
#1096=AXIS2_PLACEMENT_3D('',#1489,#1198,#1199);
#1097=AXIS2_PLACEMENT_3D('',#1491,#1200,#1201);
#1098=AXIS2_PLACEMENT_3D('',#1494,#1203,#1204);
#1099=AXIS2_PLACEMENT_3D('',#1495,#1205,#1206);
#1100=AXIS2_PLACEMENT_3D('',#1498,#1208,#1209);
#1101=AXIS2_PLACEMENT_3D('',#1503,#1211,#1212);
#1102=AXIS2_PLACEMENT_3D('',#1506,#1214,#1215);
#1103=AXIS2_PLACEMENT_3D('',#1659,#1216,#1217);
#1104=AXIS2_PLACEMENT_3D('',#1662,#1218,#1219);
#1105=AXIS2_PLACEMENT_3D('',#1664,#1220,#1221);
#1106=AXIS2_PLACEMENT_3D('',#1665,#1222,#1223);
#1107=AXIS2_PLACEMENT_3D('',#1666,#1224,#1225);
#1108=AXIS2_PLACEMENT_3D('',#1668,#1226,#1227);
#1109=AXIS2_PLACEMENT_3D('',#1670,#1229,#1230);
#1110=AXIS2_PLACEMENT_3D('',#1672,#1231,#1232);
#1111=AXIS2_PLACEMENT_3D('',#1673,#1233,#1234);
#1112=AXIS2_PLACEMENT_3D('',#1676,#1235,#1236);
#1113=AXIS2_PLACEMENT_3D('',#1678,#1237,#1238);
#1114=AXIS2_PLACEMENT_3D('',#1686,#1239,#1240);
#1115=AXIS2_PLACEMENT_3D('',#1687,#1241,#1242);
#1116=AXIS2_PLACEMENT_3D('',#1692,#1245,#1246);
#1117=AXIS2_PLACEMENT_3D('',#1693,#1247,#1248);
#1118=AXIS2_PLACEMENT_3D('',#1697,#1250,#1251);
#1119=AXIS2_PLACEMENT_3D('',#1699,#1253,#1254);
#1120=AXIS2_PLACEMENT_3D('',#1708,#1255,#1256);
#1121=AXIS2_PLACEMENT_3D('',#1709,#1257,#1258);
#1122=AXIS2_PLACEMENT_3D('',#1710,#1259,#1260);
#1123=AXIS2_PLACEMENT_3D('',#1721,#1264,#1265);
#1124=AXIS2_PLACEMENT_3D('',#1730,#1268,#1269);
#1125=AXIS2_PLACEMENT_3D('',#1734,#1271,#1272);
#1126=AXIS2_PLACEMENT_3D('',#1736,#1274,#1275);
#1127=AXIS2_PLACEMENT_3D('',#1739,#1278,#1279);
#1128=AXIS2_PLACEMENT_3D('',#1753,#1284,#1285);
#1129=AXIS2_PLACEMENT_3D('',#1765,#1289,#1290);
#1130=AXIS2_PLACEMENT_3D('',#1767,#1291,#1292);
#1131=AXIS2_PLACEMENT_3D('',#1770,#1294,#1295);
#1132=AXIS2_PLACEMENT_3D('',#1808,#1296,#1297);
#1133=AXIS2_PLACEMENT_3D('',#1815,#1298,#1299);
#1134=AXIS2_PLACEMENT_3D('',#1833,#1300,#1301);
#1135=AXIS2_PLACEMENT_3D('',#1853,#1302,#1303);
#1136=AXIS2_PLACEMENT_3D('',#1858,#1304,#1305);
#1137=AXIS2_PLACEMENT_3D('',#1862,#1308,#1309);
#1138=AXIS2_PLACEMENT_3D('',#1863,#1310,#1311);
#1139=AXIS2_PLACEMENT_3D('',#1864,#1312,#1313);
#1140=AXIS2_PLACEMENT_3D('',#1866,#1314,#1315);
#1141=AXIS2_PLACEMENT_3D('',#1867,#1316,#1317);
#1142=AXIS2_PLACEMENT_3D('',#1868,#1318,#1319);
#1143=AXIS2_PLACEMENT_3D('',#1871,#1320,#1321);
#1144=AXIS2_PLACEMENT_3D('',#1872,#1322,#1323);
#1145=AXIS2_PLACEMENT_3D('',#1873,#1324,#1325);
#1146=AXIS2_PLACEMENT_3D('',#1874,#1326,#1327);
#1147=AXIS2_PLACEMENT_3D('',#1897,#1329,#1330);
#1148=AXIS2_PLACEMENT_3D('',#1898,#1331,#1332);
#1149=AXIS2_PLACEMENT_3D('',#1901,#1334,#1335);
#1150=AXIS2_PLACEMENT_3D('',#1902,#1336,#1337);
#1151=AXIS2_PLACEMENT_3D('',#1904,#1339,#1340);
#1152=AXIS2_PLACEMENT_3D('',#1906,#1341,#1342);
#1153=AXIS2_PLACEMENT_3D('',#1930,#1345,#1346);
#1154=AXIS2_PLACEMENT_3D('',#2007,#1347,#1348);
#1155=AXIS2_PLACEMENT_3D('',#2009,#1349,#1350);
#1156=AXIS2_PLACEMENT_3D('',#2012,#1352,#1353);
#1157=AXIS2_PLACEMENT_3D('',#2043,#1354,#1355);
#1158=AXIS2_PLACEMENT_3D('',#2046,#1357,#1358);
#1159=AXIS2_PLACEMENT_3D('',#2090,#1359,#1360);
#1160=AXIS2_PLACEMENT_3D('',#2100,#1362,#1363);
#1161=AXIS2_PLACEMENT_3D('',#2102,#1364,#1365);
#1162=AXIS2_PLACEMENT_3D('',#2125,#1367,#1368);
#1163=AXIS2_PLACEMENT_3D('',#2210,#1369,#1370);
#1164=AXIS2_PLACEMENT_3D('',#2211,#1371,#1372);
#1165=AXIS2_PLACEMENT_3D('',#2223,#1375,#1376);
#1166=AXIS2_PLACEMENT_3D('',#2237,#1379,#1380);
#1167=AXIS2_PLACEMENT_3D('',#2245,#1381,#1382);
#1168=AXIS2_PLACEMENT_3D('',#2469,#1385,#1386);
#1169=AXIS2_PLACEMENT_3D('',#2474,#1388,#1389);
#1170=AXIS2_PLACEMENT_3D('',#2477,#1391,#1392);
#1171=AXIS2_PLACEMENT_3D('',#2538,#1393,#1394);
#1172=AXIS2_PLACEMENT_3D('',#2548,#1395,#1396);
#1173=AXIS2_PLACEMENT_3D('',#2551,#1398,#1399);
#1174=AXIS2_PLACEMENT_3D('',#2552,#1400,#1401);
#1175=AXIS2_PLACEMENT_3D('',#2558,#1405,#1406);
#1176=AXIS2_PLACEMENT_3D('',#2560,#1407,#1408);
#1177=AXIS2_PLACEMENT_3D('',#2562,#1410,#1411);
#1178=AXIS2_PLACEMENT_3D('',#2566,#1414,#1415);
#1179=AXIS2_PLACEMENT_3D('',#2567,#1416,#1417);
#1180=AXIS2_PLACEMENT_3D('',#2568,#1418,#1419);
#1181=AXIS2_PLACEMENT_3D('',#2569,#1420,#1421);
#1182=AXIS2_PLACEMENT_3D('',#2693,#1423,#1424);
#1183=AXIS2_PLACEMENT_3D('',#2695,#1426,#1427);
#1184=AXIS2_PLACEMENT_3D('',#2697,#1429,#1430);
#1185=AXIS2_PLACEMENT_3D('',#2699,#1432,#1433);
#1186=AXIS2_PLACEMENT_3D('',#2750,#1435,#1436);
#1187=DIRECTION('axis',(0.,0.,1.));
#1188=DIRECTION('refdir',(1.,0.,0.));
#1189=DIRECTION('center_axis',(-0.707106781186548,-0.707106781186547,0.));
#1190=DIRECTION('ref_axis',(0.707106781186547,-0.707106781186548,0.));
#1191=DIRECTION('',(-0.707106781186548,-0.707106781186547,0.));
#1192=DIRECTION('center_axis',(-0.707106781186548,-0.707106781186547,0.));
#1193=DIRECTION('ref_axis',(0.707106781186547,-0.707106781186548,0.));
#1194=DIRECTION('center_axis',(0.707106781186548,0.707106781186547,0.));
#1195=DIRECTION('ref_axis',(0.707106781186547,-0.707106781186548,0.));
#1196=DIRECTION('center_axis',(0.707106781186548,0.707106781186547,0.));
#1197=DIRECTION('ref_axis',(-0.707106781186547,0.707106781186548,0.));
#1198=DIRECTION('center_axis',(0.,0.,-1.));
#1199=DIRECTION('ref_axis',(1.,0.,0.));
#1200=DIRECTION('center_axis',(0.,0.,-1.));
#1201=DIRECTION('ref_axis',(1.,0.,0.));
#1202=DIRECTION('',(0.5,-6.12323399573677E-17,0.866025403784438));
#1203=DIRECTION('center_axis',(0.,0.,1.));
#1204=DIRECTION('ref_axis',(1.,0.,0.));
#1205=DIRECTION('center_axis',(0.,0.,1.));
#1206=DIRECTION('ref_axis',(1.,0.,0.));
#1207=DIRECTION('',(0.,0.,1.));
#1208=DIRECTION('center_axis',(0.,0.,-1.));
#1209=DIRECTION('ref_axis',(1.,0.,0.));
#1210=DIRECTION('',(0.,0.,1.));
#1211=DIRECTION('center_axis',(0.,0.,-1.));
#1212=DIRECTION('ref_axis',(1.,0.,0.));
#1213=DIRECTION('',(0.,0.,-1.));
#1214=DIRECTION('center_axis',(0.,0.,1.));
#1215=DIRECTION('ref_axis',(1.,0.,0.));
#1216=DIRECTION('center_axis',(0.,0.,1.));
#1217=DIRECTION('ref_axis',(1.,0.,0.));
#1218=DIRECTION('center_axis',(0.,0.,1.));
#1219=DIRECTION('ref_axis',(1.,0.,0.));
#1220=DIRECTION('center_axis',(0.,0.,1.));
#1221=DIRECTION('ref_axis',(1.,0.,0.));
#1222=DIRECTION('center_axis',(0.,0.,1.));
#1223=DIRECTION('ref_axis',(1.,0.,0.));
#1224=DIRECTION('center_axis',(0.,0.,1.));
#1225=DIRECTION('ref_axis',(1.,0.,0.));
#1226=DIRECTION('center_axis',(0.,0.,1.));
#1227=DIRECTION('ref_axis',(1.,0.,0.));
#1228=DIRECTION('',(0.5,6.12323399573677E-17,-0.866025403784438));
#1229=DIRECTION('center_axis',(0.,0.,1.));
#1230=DIRECTION('ref_axis',(1.,0.,0.));
#1231=DIRECTION('center_axis',(0.,0.,1.));
#1232=DIRECTION('ref_axis',(1.,0.,0.));
#1233=DIRECTION('center_axis',(1.,0.,0.));
#1234=DIRECTION('ref_axis',(0.,0.,-1.));
#1235=DIRECTION('center_axis',(0.,-1.,0.));
#1236=DIRECTION('ref_axis',(-1.,0.,0.));
#1237=DIRECTION('center_axis',(-1.,0.,0.));
#1238=DIRECTION('ref_axis',(0.,0.707106781186548,0.707106781186548));
#1239=DIRECTION('center_axis',(1.,0.,0.));
#1240=DIRECTION('ref_axis',(0.,0.707106781186548,0.707106781186548));
#1241=DIRECTION('center_axis',(0.,-1.,0.));
#1242=DIRECTION('ref_axis',(-0.707106781186549,0.,-0.707106781186546));
#1243=DIRECTION('',(0.,1.,0.));
#1244=DIRECTION('',(0.,-1.,0.));
#1245=DIRECTION('center_axis',(0.707106781186548,-0.707106781186548,0.));
#1246=DIRECTION('ref_axis',(0.707106781186548,0.707106781186548,0.));
#1247=DIRECTION('center_axis',(1.,0.,0.));
#1248=DIRECTION('ref_axis',(0.,-0.707106781186549,-0.707106781186546));
#1249=DIRECTION('',(1.,0.,0.));
#1250=DIRECTION('center_axis',(1.,0.,0.));
#1251=DIRECTION('ref_axis',(0.,-1.,0.));
#1252=DIRECTION('',(-1.,0.,0.));
#1253=DIRECTION('center_axis',(0.,1.,0.));
#1254=DIRECTION('ref_axis',(0.,0.,1.));
#1255=DIRECTION('center_axis',(0.,-1.,0.));
#1256=DIRECTION('ref_axis',(0.707106781186548,0.,0.707106781186548));
#1257=DIRECTION('center_axis',(0.,1.,0.));
#1258=DIRECTION('ref_axis',(0.707106781186548,0.,0.707106781186548));
#1259=DIRECTION('center_axis',(0.,1.,0.));
#1260=DIRECTION('ref_axis',(-1.,0.,0.));
#1261=DIRECTION('',(0.,0.,1.));
#1262=DIRECTION('',(-1.,0.,0.));
#1263=DIRECTION('',(0.,0.,1.));
#1264=DIRECTION('center_axis',(1.,0.,0.));
#1265=DIRECTION('ref_axis',(0.,1.,0.));
#1266=DIRECTION('',(0.,0.,1.));
#1267=DIRECTION('',(0.,1.,0.));
#1268=DIRECTION('center_axis',(-1.,0.,0.));
#1269=DIRECTION('ref_axis',(0.,0.707106781186548,0.707106781186548));
#1270=DIRECTION('',(1.,0.,0.));
#1271=DIRECTION('center_axis',(-0.707106781186548,0.707106781186548,0.));
#1272=DIRECTION('ref_axis',(0.707106781186548,0.707106781186548,0.));
#1273=DIRECTION('',(-1.,0.,0.));
#1274=DIRECTION('center_axis',(0.,1.,0.));
#1275=DIRECTION('ref_axis',(0.707106781186548,0.,0.707106781186548));
#1276=DIRECTION('',(0.,1.,0.));
#1277=DIRECTION('',(0.,-1.,0.));
#1278=DIRECTION('center_axis',(0.,1.,0.));
#1279=DIRECTION('ref_axis',(-1.,0.,0.));
#1280=DIRECTION('',(0.,0.,1.));
#1281=DIRECTION('',(1.,0.,0.));
#1282=DIRECTION('',(0.,0.,-1.));
#1283=DIRECTION('',(-1.,0.,0.));
#1284=DIRECTION('center_axis',(1.,0.,0.));
#1285=DIRECTION('ref_axis',(0.,1.,0.));
#1286=DIRECTION('',(0.,1.,0.));
#1287=DIRECTION('',(0.,0.,1.));
#1288=DIRECTION('',(0.,-1.,0.));
#1289=DIRECTION('center_axis',(0.,-1.,0.));
#1290=DIRECTION('ref_axis',(0.707106781186549,0.,0.707106781186546));
#1291=DIRECTION('center_axis',(0.707106781186548,-0.707106781186548,0.));
#1292=DIRECTION('ref_axis',(0.707106781186547,0.707106781186547,0.));
#1293=DIRECTION('',(0.,-1.,0.));
#1294=DIRECTION('center_axis',(0.,1.,0.));
#1295=DIRECTION('ref_axis',(0.,0.,1.));
#1296=DIRECTION('center_axis',(0.,0.,1.));
#1297=DIRECTION('ref_axis',(1.,0.,0.));
#1298=DIRECTION('center_axis',(0.,0.,1.));
#1299=DIRECTION('ref_axis',(0.707106781186548,0.707106781186547,0.));
#1300=DIRECTION('center_axis',(0.,0.,-1.));
#1301=DIRECTION('ref_axis',(0.707106781186548,0.707106781186547,0.));
#1302=DIRECTION('center_axis',(0.,0.,1.));
#1303=DIRECTION('ref_axis',(0.707106781186548,0.707106781186547,0.));
#1304=DIRECTION('center_axis',(0.,0.,1.));
#1305=DIRECTION('ref_axis',(1.,0.,0.));
#1306=DIRECTION('',(1.,0.,0.));
#1307=DIRECTION('',(0.,1.,0.));
#1308=DIRECTION('center_axis',(-1.,0.,0.));
#1309=DIRECTION('ref_axis',(0.,0.707106781186551,0.707106781186544));
#1310=DIRECTION('center_axis',(-1.,0.,0.));
#1311=DIRECTION('ref_axis',(0.,1.,0.));
#1312=DIRECTION('center_axis',(-0.408248290463861,-0.816496580927729,0.408248290463859));
#1313=DIRECTION('ref_axis',(-0.577350269189627,0.577350269189622,0.577350269189629));
#1314=DIRECTION('center_axis',(0.,0.,1.));
#1315=DIRECTION('ref_axis',(-1.,0.,0.));
#1316=DIRECTION('center_axis',(4.44089209850063E-15,1.,0.));
#1317=DIRECTION('ref_axis',(0.,0.,1.));
#1318=DIRECTION('center_axis',(-0.408248290463863,-0.816496580927726,-0.408248290463863));
#1319=DIRECTION('ref_axis',(0.577350269189626,-0.577350269189626,0.577350269189626));
#1320=DIRECTION('center_axis',(1.,0.,0.));
#1321=DIRECTION('ref_axis',(0.,-1.,0.));
#1322=DIRECTION('center_axis',(0.,0.,1.));
#1323=DIRECTION('ref_axis',(1.,0.,0.));
#1324=DIRECTION('center_axis',(0.,-1.,0.));
#1325=DIRECTION('ref_axis',(0.,0.,1.));
#1326=DIRECTION('center_axis',(0.,0.,1.));
#1327=DIRECTION('ref_axis',(0.707106781186549,-0.707106781186546,0.));
#1328=DIRECTION('',(0.,0.,-1.));
#1329=DIRECTION('center_axis',(-1.,0.,0.));
#1330=DIRECTION('ref_axis',(0.,0.707106781186548,0.707106781186547));
#1331=DIRECTION('center_axis',(1.,0.,0.));
#1332=DIRECTION('ref_axis',(0.,1.,0.));
#1333=DIRECTION('',(1.,0.,0.));
#1334=DIRECTION('center_axis',(-0.707106781186547,0.707106781186548,0.));
#1335=DIRECTION('ref_axis',(0.707106781186548,0.707106781186547,0.));
#1336=DIRECTION('center_axis',(0.,1.,0.));
#1337=DIRECTION('ref_axis',(0.707106781186551,0.,0.707106781186544));
#1338=DIRECTION('',(0.,-1.,0.));
#1339=DIRECTION('center_axis',(1.,-8.68871848316012E-17,0.));
#1340=DIRECTION('ref_axis',(0.,-0.707106781186549,0.707106781186546));
#1341=DIRECTION('center_axis',(1.,0.,0.));
#1342=DIRECTION('ref_axis',(0.,0.,1.));
#1343=DIRECTION('',(1.,-8.68871848316012E-17,0.));
#1344=DIRECTION('',(-1.,8.68871848316012E-17,0.));
#1345=DIRECTION('center_axis',(0.99921615756498,-2.21870556941224E-15,-0.0395862408050669));
#1346=DIRECTION('ref_axis',(0.0395860420069405,0.00316919137229644,0.999211139601771));
#1347=DIRECTION('center_axis',(0.,-1.,0.));
#1348=DIRECTION('ref_axis',(0.707106781186548,0.,-0.707106781186548));
#1349=DIRECTION('center_axis',(0.,1.,0.));
#1350=DIRECTION('ref_axis',(1.,0.,0.));
#1351=DIRECTION('',(0.,1.,0.));
#1352=DIRECTION('center_axis',(0.707106781186548,-0.707106781186548,0.));
#1353=DIRECTION('ref_axis',(0.707106781186548,0.707106781186548,0.));
#1354=DIRECTION('center_axis',(1.,0.,0.));
#1355=DIRECTION('ref_axis',(0.,0.707106781186548,-0.707106781186548));
#1356=DIRECTION('',(-1.,0.,0.));
#1357=DIRECTION('center_axis',(1.,0.,0.));
#1358=DIRECTION('ref_axis',(0.,-2.50222065290017E-10,-1.));
#1359=DIRECTION('center_axis',(0.,0.,1.));
#1360=DIRECTION('ref_axis',(-0.707106781186549,0.707106781186546,0.));
#1361=DIRECTION('',(0.,0.,1.));
#1362=DIRECTION('center_axis',(0.,-1.,0.));
#1363=DIRECTION('ref_axis',(-0.707106781186549,0.,0.707106781186546));
#1364=DIRECTION('center_axis',(0.,1.,0.));
#1365=DIRECTION('ref_axis',(-1.,0.,0.));
#1366=DIRECTION('',(0.,-1.,0.));
#1367=DIRECTION('center_axis',(-2.21870556941224E-15,0.99921615756498,-0.0395862408050669));
#1368=DIRECTION('ref_axis',(-1.,-2.22044604925031E-15,0.));
#1369=DIRECTION('center_axis',(0.,0.,1.));
#1370=DIRECTION('ref_axis',(1.,0.,0.));
#1371=DIRECTION('center_axis',(0.,0.,-1.));
#1372=DIRECTION('ref_axis',(0.760954258414532,-0.648805530649046,0.));
#1373=DIRECTION('',(0.,0.,-1.));
#1374=DIRECTION('',(0.,0.,1.));
#1375=DIRECTION('center_axis',(0.,0.,1.));
#1376=DIRECTION('ref_axis',(-0.648805530649046,0.760954258414532,0.));
#1377=DIRECTION('',(0.,0.,-1.));
#1378=DIRECTION('',(0.,0.,1.));
#1379=DIRECTION('center_axis',(-1.,0.,0.));
#1380=DIRECTION('ref_axis',(0.,-1.,0.));
#1381=DIRECTION('center_axis',(-8.68871848316012E-17,-1.,0.));
#1382=DIRECTION('ref_axis',(1.,-8.68871848316012E-17,0.));
#1383=DIRECTION('',(0.461992246536206,-0.191214968400564,-0.866025403784439));
#1384=DIRECTION('',(0.191214968400562,-0.46199224653621,0.866025403784437));
#1385=DIRECTION('center_axis',(0.,0.,-1.));
#1386=DIRECTION('ref_axis',(1.,0.,0.));
#1387=DIRECTION('',(-0.0630586506094521,0.496007667867457,-0.866025403784439));
#1388=DIRECTION('center_axis',(0.,0.,-1.));
#1389=DIRECTION('ref_axis',(1.,0.,0.));
#1390=DIRECTION('',(-0.496007667867457,0.063058650609451,0.866025403784439));
#1391=DIRECTION('center_axis',(0.,0.,1.));
#1392=DIRECTION('ref_axis',(1.,0.,0.));
#1393=DIRECTION('center_axis',(0.,0.,-1.));
#1394=DIRECTION('ref_axis',(-1.,0.,0.));
#1395=DIRECTION('center_axis',(0.,0.,1.));
#1396=DIRECTION('ref_axis',(1.,0.,0.));
#1397=DIRECTION('',(0.,0.,1.));
#1398=DIRECTION('center_axis',(0.,0.,-1.));
#1399=DIRECTION('ref_axis',(1.,0.,0.));
#1400=DIRECTION('center_axis',(-0.707106781186548,-0.707106781186547,0.));
#1401=DIRECTION('ref_axis',(0.707106781186547,-0.707106781186548,0.));
#1402=DIRECTION('',(0.707106781186547,-0.707106781186548,0.));
#1403=DIRECTION('',(0.,0.,1.));
#1404=DIRECTION('',(0.707106781186547,-0.707106781186548,0.));
#1405=DIRECTION('center_axis',(0.,0.,1.));
#1406=DIRECTION('ref_axis',(1.,0.,0.));
#1407=DIRECTION('center_axis',(0.,0.,-1.));
#1408=DIRECTION('ref_axis',(1.,0.,0.));
#1409=DIRECTION('',(0.707106781186547,-0.707106781186548,0.));
#1410=DIRECTION('center_axis',(-0.707106781186548,-0.707106781186547,0.));
#1411=DIRECTION('ref_axis',(0.707106781186547,-0.707106781186548,0.));
#1412=DIRECTION('',(0.,0.,1.));
#1413=DIRECTION('',(0.707106781186547,-0.707106781186548,0.));
#1414=DIRECTION('center_axis',(0.,0.,1.));
#1415=DIRECTION('ref_axis',(1.,0.,0.));
#1416=DIRECTION('center_axis',(0.,0.,1.));
#1417=DIRECTION('ref_axis',(1.,0.,0.));
#1418=DIRECTION('center_axis',(0.,0.,1.));
#1419=DIRECTION('ref_axis',(1.,0.,0.));
#1420=DIRECTION('center_axis',(0.,0.,1.));
#1421=DIRECTION('ref_axis',(1.,0.,0.));
#1422=DIRECTION('',(0.,0.,-1.));
#1423=DIRECTION('center_axis',(0.707106781186548,0.707106781186547,0.));
#1424=DIRECTION('ref_axis',(-0.707106781186547,0.707106781186548,0.));
#1425=DIRECTION('',(0.707106781186548,0.707106781186547,0.));
#1426=DIRECTION('center_axis',(0.707106781186548,0.707106781186547,0.));
#1427=DIRECTION('ref_axis',(-0.707106781186547,0.707106781186548,0.));
#1428=DIRECTION('',(0.707106781186548,0.707106781186547,0.));
#1429=DIRECTION('center_axis',(0.707106781186548,0.707106781186547,0.));
#1430=DIRECTION('ref_axis',(-0.707106781186547,0.707106781186548,0.));
#1431=DIRECTION('',(0.707106781186548,0.707106781186547,0.));
#1432=DIRECTION('center_axis',(0.707106781186548,0.707106781186547,0.));
#1433=DIRECTION('ref_axis',(-0.707106781186547,0.707106781186548,0.));
#1434=DIRECTION('',(0.707106781186548,0.707106781186547,0.));
#1435=DIRECTION('center_axis',(0.,0.,1.));
#1436=DIRECTION('ref_axis',(1.,0.,0.));
#1437=CARTESIAN_POINT('',(0.,0.,0.));
#1438=CARTESIAN_POINT('Origin',(21.6722697750035,21.6733759117319,9.98542667622708));
#1439=CARTESIAN_POINT('',(11.7024388754402,9.34040496412871,11.844938589788));
#1440=CARTESIAN_POINT('',(7.67691073658138,11.2135507792426,9.9854266761647));
#1441=CARTESIAN_POINT('Ctrl Pts',(11.7024388754402,9.34040496412871,11.844938589788));
#1442=CARTESIAN_POINT('Ctrl Pts',(11.6921336784887,9.50266871491527,11.9545922544066));
#1443=CARTESIAN_POINT('Ctrl Pts',(11.6678778032966,9.67115211416302,12.0553327175454));
#1444=CARTESIAN_POINT('Ctrl Pts',(11.5839544818754,10.0120812710124,12.2311496975849));
#1445=CARTESIAN_POINT('Ctrl Pts',(11.5240815584537,10.1846580219577,12.3061901055957));
#1446=CARTESIAN_POINT('Ctrl Pts',(11.3500353228753,10.5448183509995,12.4287142169396));
#1447=CARTESIAN_POINT('Ctrl Pts',(11.2312484988474,10.7272350781094,12.4696426382142));
#1448=CARTESIAN_POINT('Ctrl Pts',(10.9313673646563,11.0652897554967,12.4942844280858));
#1449=CARTESIAN_POINT('Ctrl Pts',(10.7558203614196,11.21040138489,12.4748594437534));
#1450=CARTESIAN_POINT('Ctrl Pts',(10.3262768421556,11.4737090968719,12.3666452038213));
#1451=CARTESIAN_POINT('Ctrl Pts',(10.074640605527,11.570463155222,12.2649611298424));
#1452=CARTESIAN_POINT('Ctrl Pts',(9.4762993374194,11.7147935255463,11.954080996349));
#1453=CARTESIAN_POINT('Ctrl Pts',(9.11700754880703,11.7284013074236,11.7085482146931));
#1454=CARTESIAN_POINT('Ctrl Pts',(8.40887816366105,11.6375794267868,11.084056498914));
#1455=CARTESIAN_POINT('Ctrl Pts',(8.07575982159675,11.516911215514,10.6952514075081));
#1456=CARTESIAN_POINT('Ctrl Pts',(7.77682695961377,11.3048079036484,10.1864637466592));
#1457=CARTESIAN_POINT('Ctrl Pts',(7.72402432837614,11.2606643710444,10.0864576180133));
#1458=CARTESIAN_POINT('Ctrl Pts',(7.67691073658138,11.2135507792426,9.98542667610231));
#1459=CARTESIAN_POINT('Ctrl Pts',(7.67691073658138,11.2135507792426,9.98542667610231));
#1460=CARTESIAN_POINT('Ctrl Pts',(7.57405355437157,11.1106935970172,9.7648585214552));
#1461=CARTESIAN_POINT('Ctrl Pts',(7.49835755816861,10.9938187706351,9.53931989280919));
#1462=CARTESIAN_POINT('Ctrl Pts',(7.40721084448243,10.7131962981296,9.05809416922592));
#1463=CARTESIAN_POINT('Ctrl Pts',(7.4029796326096,10.5478471908674,8.80720916911313));
#1464=CARTESIAN_POINT('Ctrl Pts',(7.48937971109591,10.1837703843219,8.34150883926519));
#1465=CARTESIAN_POINT('Ctrl Pts',(7.57838702122045,9.99045476062967,8.13383925091315));
#1466=CARTESIAN_POINT('Ctrl Pts',(7.84482618402596,9.56308458120961,7.77746714890031));
#1467=CARTESIAN_POINT('Ctrl Pts',(8.02462201495001,9.33309169378307,7.64091011682757));
#1468=CARTESIAN_POINT('Ctrl Pts',(8.43250037978696,8.86921442646474,7.48422081696856));
#1469=CARTESIAN_POINT('Ctrl Pts',(8.65604548191533,8.63990229412053,7.46550449189636));
#1470=CARTESIAN_POINT('Ctrl Pts',(9.10654680969237,8.21744134214019,7.54668325202769));
#1471=CARTESIAN_POINT('Ctrl Pts',(9.3292848920946,8.02728528769323,7.64191866062014));
#1472=CARTESIAN_POINT('Ctrl Pts',(9.76763646050091,7.70753649832601,7.93112460766007));
#1473=CARTESIAN_POINT('Ctrl Pts',(9.97779311110033,7.58347728465334,8.12287989151414));
#1474=CARTESIAN_POINT('Ctrl Pts',(10.3637401593293,7.43420451051837,8.55908562989317));
#1475=CARTESIAN_POINT('Ctrl Pts',(10.5352648357181,7.40626651618546,8.79333214743323));
#1476=CARTESIAN_POINT('Ctrl Pts',(10.8783916685638,7.44027142749601,9.32704578001546));
#1477=CARTESIAN_POINT('Ctrl Pts',(11.0396097135004,7.51893611029173,9.62286124482851));
#1478=CARTESIAN_POINT('Ctrl Pts',(11.3650095733302,7.81557481942261,10.3028598719016));
#1479=CARTESIAN_POINT('Ctrl Pts',(11.5089256097151,8.07361146030729,10.6798189620681));
#1480=CARTESIAN_POINT('Ctrl Pts',(11.6834742233697,8.66161277797121,11.3255097708399));
#1481=CARTESIAN_POINT('Ctrl Pts',(11.7245997564206,8.99146377595683,11.6091331197803));
#1482=CARTESIAN_POINT('Ctrl Pts',(11.7024388754402,9.34040496412871,11.844938589788));
#1483=CARTESIAN_POINT('',(6.11592058889942,9.6525606315606,9.98542667622708));
#1484=CARTESIAN_POINT('',(19.9045028220371,23.4411428646983,9.98542667622708));
#1485=CARTESIAN_POINT('Origin',(7.88368754186578,7.88479367859423,9.98542667622708));
#1486=CARTESIAN_POINT('Origin',(7.88368754186578,7.88479367859423,9.98542667622708));
#1487=CARTESIAN_POINT('',(9.40452018978108,6.36396103067893,10.));
#1488=CARTESIAN_POINT('Origin',(7.88424061023001,7.88424061023,10.));
#1489=CARTESIAN_POINT('Origin',(0.,0.,1.29903810567666));
#1490=CARTESIAN_POINT('',(-9.4,1.15116799119851E-15,0.));
#1491=CARTESIAN_POINT('Origin',(0.,0.,0.));
#1492=CARTESIAN_POINT('',(-7.9,-9.67470971326409E-16,2.59807621135332));
#1493=CARTESIAN_POINT('',(-8.65,1.05931948126246E-15,1.29903810567666));
#1494=CARTESIAN_POINT('Origin',(0.,0.,2.59807621135332));
#1495=CARTESIAN_POINT('Origin',(0.,0.,0.));
#1496=CARTESIAN_POINT('',(-7.9,9.67470971326409E-16,37.4019237886467));
#1497=CARTESIAN_POINT('',(-7.9,-9.67470971326409E-16,0.));
#1498=CARTESIAN_POINT('Origin',(0.,0.,37.4019237886467));
#1499=CARTESIAN_POINT('',(2.28751780639859,7.56156480402102,20.));
#1500=CARTESIAN_POINT('',(2.28751780639859,7.56156480402102,24.));
#1501=CARTESIAN_POINT('',(2.28751780639859,7.56156480402102,0.));
#1502=CARTESIAN_POINT('',(7.56156480402102,2.28751780639859,24.));
#1503=CARTESIAN_POINT('Origin',(0.,0.,24.));
#1504=CARTESIAN_POINT('',(7.56156480402102,2.28751780639859,20.));
#1505=CARTESIAN_POINT('',(7.56156480402102,2.28751780639859,0.));
#1506=CARTESIAN_POINT('Origin',(0.,0.,20.));
#1507=CARTESIAN_POINT('',(3.85501111026283,6.89557026936498,30.));
#1508=CARTESIAN_POINT('',(6.89557026936498,3.85501111026282,30.));
#1509=CARTESIAN_POINT('Ctrl Pts',(3.85501111026283,6.89557026936498,30.));
#1510=CARTESIAN_POINT('Ctrl Pts',(3.85501111026283,6.89557026936498,30.2714680720144));
#1511=CARTESIAN_POINT('Ctrl Pts',(3.90492855216933,6.8683643353132,30.5600332966032));
#1512=CARTESIAN_POINT('Ctrl Pts',(4.10073210400686,6.75328745359097,31.0893065102775));
#1513=CARTESIAN_POINT('Ctrl Pts',(4.24591749705418,6.66481261772395,31.3301420162975));
#1514=CARTESIAN_POINT('Ctrl Pts',(4.56751260999325,6.4486708916137,31.7103793816831));
#1515=CARTESIAN_POINT('Ctrl Pts',(4.76570976993791,6.3062531972174,31.8756314746646));
#1516=CARTESIAN_POINT('Ctrl Pts',(5.17928807815297,5.971247273215,32.0954786671452));
#1517=CARTESIAN_POINT('Ctrl Pts',(5.3942247792195,5.77806236352795,32.15));
#1518=CARTESIAN_POINT('Ctrl Pts',(5.77806236352795,5.3942247792195,32.15));
#1519=CARTESIAN_POINT('Ctrl Pts',(5.971247273215,5.17928807815297,32.0954786671452));
#1520=CARTESIAN_POINT('Ctrl Pts',(6.3062531972174,4.76570976993791,31.8756314746646));
#1521=CARTESIAN_POINT('Ctrl Pts',(6.44867089161371,4.56751260999325,31.7103793816831));
#1522=CARTESIAN_POINT('Ctrl Pts',(6.66481261772395,4.24591749705418,31.3301420162975));
#1523=CARTESIAN_POINT('Ctrl Pts',(6.75328745359097,4.10073210400685,31.0893065102775));
#1524=CARTESIAN_POINT('Ctrl Pts',(6.86836433531321,3.90492855216932,30.5600332966032));
#1525=CARTESIAN_POINT('Ctrl Pts',(6.89557026936498,3.85501111026282,30.2714680720144));
#1526=CARTESIAN_POINT('Ctrl Pts',(6.89557026936498,3.85501111026282,30.));
#1527=CARTESIAN_POINT('Ctrl Pts',(6.89557026936498,3.85501111026282,30.));
#1528=CARTESIAN_POINT('Ctrl Pts',(6.89557026936498,3.85501111026282,29.7285319279856));
#1529=CARTESIAN_POINT('Ctrl Pts',(6.86836433531321,3.90492855216932,29.4399667033968));
#1530=CARTESIAN_POINT('Ctrl Pts',(6.75328745359097,4.10073210400685,28.9106934897225));
#1531=CARTESIAN_POINT('Ctrl Pts',(6.66481261772395,4.24591749705418,28.6698579837025));
#1532=CARTESIAN_POINT('Ctrl Pts',(6.4486708916137,4.56751260999325,28.2896206183169));
#1533=CARTESIAN_POINT('Ctrl Pts',(6.3062531972174,4.76570976993791,28.1243685253354));
#1534=CARTESIAN_POINT('Ctrl Pts',(5.971247273215,5.17928807815297,27.9045213328548));
#1535=CARTESIAN_POINT('Ctrl Pts',(5.77806236352795,5.3942247792195,27.85));
#1536=CARTESIAN_POINT('Ctrl Pts',(5.3942247792195,5.77806236352795,27.85));
#1537=CARTESIAN_POINT('Ctrl Pts',(5.17928807815297,5.971247273215,27.9045213328548));
#1538=CARTESIAN_POINT('Ctrl Pts',(4.76570976993791,6.3062531972174,28.1243685253354));
#1539=CARTESIAN_POINT('Ctrl Pts',(4.56751260999325,6.4486708916137,28.2896206183169));
#1540=CARTESIAN_POINT('Ctrl Pts',(4.24591749705418,6.66481261772395,28.6698579837025));
#1541=CARTESIAN_POINT('Ctrl Pts',(4.10073210400686,6.75328745359097,28.9106934897225));
#1542=CARTESIAN_POINT('Ctrl Pts',(3.90492855216933,6.8683643353132,29.4399667033968));
#1543=CARTESIAN_POINT('Ctrl Pts',(3.85501111026283,6.89557026936498,29.7285319279856));
#1544=CARTESIAN_POINT('Ctrl Pts',(3.85501111026283,6.89557026936498,30.));
#1545=CARTESIAN_POINT('',(-6.89557026936498,-3.85501111026282,30.));
#1546=CARTESIAN_POINT('',(-3.85501111026283,-6.89557026936498,30.));
#1547=CARTESIAN_POINT('Ctrl Pts',(-6.89557026936498,-3.85501111026282,30.));
#1548=CARTESIAN_POINT('Ctrl Pts',(-6.89557026936498,-3.85501111026282,29.7285319279856));
#1549=CARTESIAN_POINT('Ctrl Pts',(-6.86836433531321,-3.90492855216932,29.4399667033968));
#1550=CARTESIAN_POINT('Ctrl Pts',(-6.75328745359097,-4.10073210400685,28.9106934897225));
#1551=CARTESIAN_POINT('Ctrl Pts',(-6.66481261772395,-4.24591749705418,28.6698579837025));
#1552=CARTESIAN_POINT('Ctrl Pts',(-6.44867089161371,-4.56751260999325,28.2896206183169));
#1553=CARTESIAN_POINT('Ctrl Pts',(-6.3062531972174,-4.7657097699379,28.1243685253354));
#1554=CARTESIAN_POINT('Ctrl Pts',(-5.971247273215,-5.17928807815297,27.9045213328548));
#1555=CARTESIAN_POINT('Ctrl Pts',(-5.77806236352795,-5.3942247792195,27.85));
#1556=CARTESIAN_POINT('Ctrl Pts',(-5.3942247792195,-5.77806236352795,27.85));
#1557=CARTESIAN_POINT('Ctrl Pts',(-5.17928807815297,-5.971247273215,27.9045213328548));
#1558=CARTESIAN_POINT('Ctrl Pts',(-4.76570976993791,-6.3062531972174,28.1243685253354));
#1559=CARTESIAN_POINT('Ctrl Pts',(-4.56751260999325,-6.4486708916137,28.2896206183169));
#1560=CARTESIAN_POINT('Ctrl Pts',(-4.24591749705418,-6.66481261772395,28.6698579837025));
#1561=CARTESIAN_POINT('Ctrl Pts',(-4.10073210400686,-6.75328745359097,28.9106934897225));
#1562=CARTESIAN_POINT('Ctrl Pts',(-3.90492855216933,-6.8683643353132,29.4399667033969));
#1563=CARTESIAN_POINT('Ctrl Pts',(-3.85501111026283,-6.89557026936498,29.7285319279856));
#1564=CARTESIAN_POINT('Ctrl Pts',(-3.85501111026283,-6.89557026936498,30.));
#1565=CARTESIAN_POINT('Ctrl Pts',(-3.85501111026283,-6.89557026936498,30.));
#1566=CARTESIAN_POINT('Ctrl Pts',(-3.85501111026283,-6.89557026936498,30.2714680720144));
#1567=CARTESIAN_POINT('Ctrl Pts',(-3.90492855216933,-6.8683643353132,30.5600332966032));
#1568=CARTESIAN_POINT('Ctrl Pts',(-4.10073210400686,-6.75328745359097,31.0893065102775));
#1569=CARTESIAN_POINT('Ctrl Pts',(-4.24591749705418,-6.66481261772395,31.3301420162975));
#1570=CARTESIAN_POINT('Ctrl Pts',(-4.56751260999325,-6.4486708916137,31.7103793816831));
#1571=CARTESIAN_POINT('Ctrl Pts',(-4.76570976993791,-6.3062531972174,31.8756314746646));
#1572=CARTESIAN_POINT('Ctrl Pts',(-5.17928807815297,-5.971247273215,32.0954786671452));
#1573=CARTESIAN_POINT('Ctrl Pts',(-5.3942247792195,-5.77806236352795,32.15));
#1574=CARTESIAN_POINT('Ctrl Pts',(-5.77806236352795,-5.3942247792195,32.15));
#1575=CARTESIAN_POINT('Ctrl Pts',(-5.971247273215,-5.17928807815297,32.0954786671452));
#1576=CARTESIAN_POINT('Ctrl Pts',(-6.3062531972174,-4.7657097699379,31.8756314746646));
#1577=CARTESIAN_POINT('Ctrl Pts',(-6.44867089161371,-4.56751260999325,31.7103793816831));
#1578=CARTESIAN_POINT('Ctrl Pts',(-6.66481261772395,-4.24591749705418,31.3301420162975));
#1579=CARTESIAN_POINT('Ctrl Pts',(-6.75328745359097,-4.10073210400685,31.0893065102775));
#1580=CARTESIAN_POINT('Ctrl Pts',(-6.86836433531321,-3.90492855216932,30.5600332966032));
#1581=CARTESIAN_POINT('Ctrl Pts',(-6.89557026936498,-3.85501111026282,30.2714680720144));
#1582=CARTESIAN_POINT('Ctrl Pts',(-6.89557026936498,-3.85501111026282,30.));
#1583=CARTESIAN_POINT('',(3.85501111026283,6.89557026936498,10.));
#1584=CARTESIAN_POINT('',(6.89557026936498,3.85501111026282,10.));
#1585=CARTESIAN_POINT('Ctrl Pts',(3.85501111026283,6.89557026936498,10.));
#1586=CARTESIAN_POINT('Ctrl Pts',(3.85501111026283,6.89557026936498,10.2714680720144));
#1587=CARTESIAN_POINT('Ctrl Pts',(3.90492855216933,6.8683643353132,10.5600332966032));
#1588=CARTESIAN_POINT('Ctrl Pts',(4.10073210400686,6.75328745359097,11.0893065102775));
#1589=CARTESIAN_POINT('Ctrl Pts',(4.24591749705418,6.66481261772395,11.3301420162975));
#1590=CARTESIAN_POINT('Ctrl Pts',(4.56751260999325,6.44867089161371,11.7103793816831));
#1591=CARTESIAN_POINT('Ctrl Pts',(4.76570976993791,6.3062531972174,11.8756314746646));
#1592=CARTESIAN_POINT('Ctrl Pts',(5.17928807815297,5.971247273215,12.0954786671452));
#1593=CARTESIAN_POINT('Ctrl Pts',(5.3942247792195,5.77806236352795,12.15));
#1594=CARTESIAN_POINT('Ctrl Pts',(5.77806236352795,5.3942247792195,12.15));
#1595=CARTESIAN_POINT('Ctrl Pts',(5.971247273215,5.17928807815297,12.0954786671452));
#1596=CARTESIAN_POINT('Ctrl Pts',(6.3062531972174,4.76570976993791,11.8756314746646));
#1597=CARTESIAN_POINT('Ctrl Pts',(6.4486708916137,4.56751260999325,11.7103793816831));
#1598=CARTESIAN_POINT('Ctrl Pts',(6.66481261772395,4.24591749705418,11.3301420162975));
#1599=CARTESIAN_POINT('Ctrl Pts',(6.75328745359097,4.10073210400685,11.0893065102775));
#1600=CARTESIAN_POINT('Ctrl Pts',(6.86836433531321,3.90492855216932,10.5600332966032));
#1601=CARTESIAN_POINT('Ctrl Pts',(6.89557026936498,3.85501111026282,10.2714680720144));
#1602=CARTESIAN_POINT('Ctrl Pts',(6.89557026936498,3.85501111026282,10.));
#1603=CARTESIAN_POINT('Ctrl Pts',(6.89557026936498,3.85501111026282,10.));
#1604=CARTESIAN_POINT('Ctrl Pts',(6.89557026936498,3.85501111026282,9.72853192798556));
#1605=CARTESIAN_POINT('Ctrl Pts',(6.86836433531321,3.90492855216932,9.43996670339684));
#1606=CARTESIAN_POINT('Ctrl Pts',(6.75328745359097,4.10073210400685,8.91069348972252));
#1607=CARTESIAN_POINT('Ctrl Pts',(6.66481261772395,4.24591749705418,8.66985798370249));
#1608=CARTESIAN_POINT('Ctrl Pts',(6.4486708916137,4.56751260999325,8.2896206183169));
#1609=CARTESIAN_POINT('Ctrl Pts',(6.3062531972174,4.76570976993791,8.1243685253354));
#1610=CARTESIAN_POINT('Ctrl Pts',(5.971247273215,5.17928807815297,7.90452133285475));
#1611=CARTESIAN_POINT('Ctrl Pts',(5.77806236352795,5.3942247792195,7.85));
#1612=CARTESIAN_POINT('Ctrl Pts',(5.3942247792195,5.77806236352795,7.85));
#1613=CARTESIAN_POINT('Ctrl Pts',(5.17928807815297,5.971247273215,7.90452133285475));
#1614=CARTESIAN_POINT('Ctrl Pts',(4.76570976993791,6.3062531972174,8.12436852533541));
#1615=CARTESIAN_POINT('Ctrl Pts',(4.56751260999325,6.4486708916137,8.2896206183169));
#1616=CARTESIAN_POINT('Ctrl Pts',(4.24591749705418,6.66481261772395,8.66985798370249));
#1617=CARTESIAN_POINT('Ctrl Pts',(4.10073210400686,6.75328745359097,8.91069348972252));
#1618=CARTESIAN_POINT('Ctrl Pts',(3.90492855216933,6.8683643353132,9.43996670339685));
#1619=CARTESIAN_POINT('Ctrl Pts',(3.85501111026283,6.89557026936498,9.72853192798556));
#1620=CARTESIAN_POINT('Ctrl Pts',(3.85501111026283,6.89557026936498,10.));
#1621=CARTESIAN_POINT('',(-6.89557026936498,-3.85501111026282,10.));
#1622=CARTESIAN_POINT('',(-3.85501111026283,-6.89557026936498,10.));
#1623=CARTESIAN_POINT('Ctrl Pts',(-6.89557026936498,-3.85501111026282,10.));
#1624=CARTESIAN_POINT('Ctrl Pts',(-6.89557026936498,-3.85501111026282,9.72853192798555));
#1625=CARTESIAN_POINT('Ctrl Pts',(-6.86836433531321,-3.90492855216932,9.43996670339684));
#1626=CARTESIAN_POINT('Ctrl Pts',(-6.75328745359097,-4.10073210400685,8.91069348972252));
#1627=CARTESIAN_POINT('Ctrl Pts',(-6.66481261772395,-4.24591749705418,8.66985798370249));
#1628=CARTESIAN_POINT('Ctrl Pts',(-6.44867089161371,-4.56751260999325,8.2896206183169));
#1629=CARTESIAN_POINT('Ctrl Pts',(-6.3062531972174,-4.7657097699379,8.1243685253354));
#1630=CARTESIAN_POINT('Ctrl Pts',(-5.971247273215,-5.17928807815297,7.90452133285475));
#1631=CARTESIAN_POINT('Ctrl Pts',(-5.77806236352795,-5.3942247792195,7.85));
#1632=CARTESIAN_POINT('Ctrl Pts',(-5.3942247792195,-5.77806236352795,7.85));
#1633=CARTESIAN_POINT('Ctrl Pts',(-5.17928807815298,-5.971247273215,7.90452133285475));
#1634=CARTESIAN_POINT('Ctrl Pts',(-4.76570976993791,-6.3062531972174,8.1243685253354));
#1635=CARTESIAN_POINT('Ctrl Pts',(-4.56751260999325,-6.4486708916137,8.2896206183169));
#1636=CARTESIAN_POINT('Ctrl Pts',(-4.24591749705418,-6.66481261772395,8.66985798370249));
#1637=CARTESIAN_POINT('Ctrl Pts',(-4.10073210400686,-6.75328745359097,8.91069348972252));
#1638=CARTESIAN_POINT('Ctrl Pts',(-3.90492855216933,-6.8683643353132,9.43996670339684));
#1639=CARTESIAN_POINT('Ctrl Pts',(-3.85501111026283,-6.89557026936498,9.72853192798555));
#1640=CARTESIAN_POINT('Ctrl Pts',(-3.85501111026283,-6.89557026936498,10.));
#1641=CARTESIAN_POINT('Ctrl Pts',(-3.85501111026283,-6.89557026936498,10.));
#1642=CARTESIAN_POINT('Ctrl Pts',(-3.85501111026283,-6.89557026936498,10.2714680720144));
#1643=CARTESIAN_POINT('Ctrl Pts',(-3.90492855216933,-6.8683643353132,10.5600332966032));
#1644=CARTESIAN_POINT('Ctrl Pts',(-4.10073210400686,-6.75328745359097,11.0893065102775));
#1645=CARTESIAN_POINT('Ctrl Pts',(-4.24591749705418,-6.66481261772395,11.3301420162975));
#1646=CARTESIAN_POINT('Ctrl Pts',(-4.56751260999325,-6.4486708916137,11.7103793816831));
#1647=CARTESIAN_POINT('Ctrl Pts',(-4.76570976993791,-6.3062531972174,11.8756314746646));
#1648=CARTESIAN_POINT('Ctrl Pts',(-5.17928807815297,-5.971247273215,12.0954786671452));
#1649=CARTESIAN_POINT('Ctrl Pts',(-5.3942247792195,-5.77806236352795,12.15));
#1650=CARTESIAN_POINT('Ctrl Pts',(-5.77806236352795,-5.3942247792195,12.15));
#1651=CARTESIAN_POINT('Ctrl Pts',(-5.97124727321501,-5.17928807815297,12.0954786671452));
#1652=CARTESIAN_POINT('Ctrl Pts',(-6.3062531972174,-4.7657097699379,11.8756314746646));
#1653=CARTESIAN_POINT('Ctrl Pts',(-6.44867089161371,-4.56751260999325,11.7103793816831));
#1654=CARTESIAN_POINT('Ctrl Pts',(-6.66481261772395,-4.24591749705418,11.3301420162975));
#1655=CARTESIAN_POINT('Ctrl Pts',(-6.75328745359097,-4.10073210400685,11.0893065102775));
#1656=CARTESIAN_POINT('Ctrl Pts',(-6.86836433531321,-3.90492855216932,10.5600332966032));
#1657=CARTESIAN_POINT('Ctrl Pts',(-6.89557026936498,-3.85501111026282,10.2714680720144));
#1658=CARTESIAN_POINT('Ctrl Pts',(-6.89557026936498,-3.85501111026282,10.));
#1659=CARTESIAN_POINT('Origin',(0.,0.,0.));
#1660=CARTESIAN_POINT('',(10.5160513594652,-1.68379446640317,0.));
#1661=CARTESIAN_POINT('',(-1.68379446640316,10.5160513594652,0.));
#1662=CARTESIAN_POINT('Origin',(0.,0.,0.));
#1663=CARTESIAN_POINT('',(-10.65,-1.30424884109193E-15,0.));
#1664=CARTESIAN_POINT('Origin',(0.,0.,0.));
#1665=CARTESIAN_POINT('Origin',(0.,0.,0.));
#1666=CARTESIAN_POINT('Origin',(0.,0.,38.7009618943233));
#1667=CARTESIAN_POINT('',(-9.4,-1.15116799119851E-15,40.));
#1668=CARTESIAN_POINT('Origin',(0.,0.,40.));
#1669=CARTESIAN_POINT('',(-8.65,-1.05931948126246E-15,38.7009618943233));
#1670=CARTESIAN_POINT('Origin',(0.,0.,40.));
#1671=CARTESIAN_POINT('',(-10.65,-1.30424884109193E-15,40.));
#1672=CARTESIAN_POINT('Origin',(0.,0.,40.));
#1673=CARTESIAN_POINT('Origin',(9.50000013411045,23.8490826104196,21.));
#1674=CARTESIAN_POINT('',(9.00000013411045,23.8490826104196,22.5));
#1675=CARTESIAN_POINT('',(9.50000013411045,23.8490826104196,22.));
#1676=CARTESIAN_POINT('Origin',(9.50000013411045,23.8490826104196,22.5));
#1677=CARTESIAN_POINT('',(9.50000013411045,24.8490826104196,21.));
#1678=CARTESIAN_POINT('Origin',(9.50000013411045,23.8490826104196,21.));
#1679=CARTESIAN_POINT('',(9.00000013411045,24.8490826104196,22.1180339887499));
#1680=CARTESIAN_POINT('Ctrl Pts',(9.50000013411045,24.8490826104196,21.));
#1681=CARTESIAN_POINT('Ctrl Pts',(9.35981108941087,24.8490826104196,21.1982572483103));
#1682=CARTESIAN_POINT('Ctrl Pts',(9.1937782342042,24.8490826104196,21.4377022604702));
#1683=CARTESIAN_POINT('Ctrl Pts',(9.04385825285833,24.8490826104196,21.7983950066648));
#1684=CARTESIAN_POINT('Ctrl Pts',(9.00000013411045,24.8490826104196,21.9702397069746));
#1685=CARTESIAN_POINT('Ctrl Pts',(9.00000013411045,24.8490826104196,22.1180339887499));
#1686=CARTESIAN_POINT('Origin',(9.00000013411045,23.8490826104196,21.));
#1687=CARTESIAN_POINT('Origin',(9.50000013411045,10.7122707196601,22.5));
#1688=CARTESIAN_POINT('',(9.50000013411045,9.50000013411045,22.));
#1689=CARTESIAN_POINT('',(9.50000013411045,10.7122707196601,22.));
#1690=CARTESIAN_POINT('',(9.00000013411045,9.00000013411045,22.5));
#1691=CARTESIAN_POINT('',(9.00000013411045,10.7122707196601,22.5));
#1692=CARTESIAN_POINT('Origin',(9.50000013411045,9.50000013411045,22.5));
#1693=CARTESIAN_POINT('Origin',(18.6368119578147,9.50000013411045,22.5));
#1694=CARTESIAN_POINT('',(23.8490826104196,9.00000013411045,22.5));
#1695=CARTESIAN_POINT('',(18.6368119578147,9.00000013411045,22.5));
#1696=CARTESIAN_POINT('',(23.8490826104196,9.50000013411045,22.));
#1697=CARTESIAN_POINT('Origin',(23.8490826104196,9.50000013411045,22.5));
#1698=CARTESIAN_POINT('',(18.6368119578147,9.50000013411045,22.));
#1699=CARTESIAN_POINT('Origin',(23.8490826104196,9.50000013411045,21.));
#1700=CARTESIAN_POINT('',(24.8490826104196,9.00000013411045,22.1180339887499));
#1701=CARTESIAN_POINT('',(24.8490826104196,9.50000013411045,21.));
#1702=CARTESIAN_POINT('Ctrl Pts',(24.8490826104196,9.00000013411045,22.1180339887499));
#1703=CARTESIAN_POINT('Ctrl Pts',(24.8490826104196,9.00000013411045,21.9702397069746));
#1704=CARTESIAN_POINT('Ctrl Pts',(24.8490826104196,9.04385825285833,21.7983950066648));
#1705=CARTESIAN_POINT('Ctrl Pts',(24.8490826104196,9.19377823420421,21.4377022604702));
#1706=CARTESIAN_POINT('Ctrl Pts',(24.8490826104196,9.35981108941087,21.1982572483103));
#1707=CARTESIAN_POINT('Ctrl Pts',(24.8490826104196,9.50000013411045,21.));
#1708=CARTESIAN_POINT('Origin',(23.8490826104196,9.50000013411045,21.));
#1709=CARTESIAN_POINT('Origin',(23.8490826104196,9.00000013411045,21.));
#1710=CARTESIAN_POINT('Origin',(24.8490826104196,9.00000013411045,20.));
#1711=CARTESIAN_POINT('',(9.00000013411045,9.00000013411045,23.0623405449528));
#1712=CARTESIAN_POINT('',(9.00000013411045,9.00000013411045,20.));
#1713=CARTESIAN_POINT('',(9.79910699269238,9.00000013411045,23.));
#1714=CARTESIAN_POINT('Ctrl Pts',(9.79910699269238,9.00000013411045,23.));
#1715=CARTESIAN_POINT('Ctrl Pts',(9.5328897280347,9.00000013411045,23.));
#1716=CARTESIAN_POINT('Ctrl Pts',(9.265165050452,9.00000013411045,23.0214151262595));
#1717=CARTESIAN_POINT('Ctrl Pts',(9.00001488224579,9.00000013411045,23.062473934654));
#1718=CARTESIAN_POINT('',(24.8490826104196,9.00000013411045,23.));
#1719=CARTESIAN_POINT('',(18.6368119578147,9.00000013411045,23.));
#1720=CARTESIAN_POINT('',(24.8490826104196,9.00000013411045,20.));
#1721=CARTESIAN_POINT('Origin',(9.00000013411045,9.00000013411045,20.));
#1722=CARTESIAN_POINT('',(9.00000013411045,24.8490826104196,23.));
#1723=CARTESIAN_POINT('',(9.00000013411045,24.8490826104196,20.));
#1724=CARTESIAN_POINT('',(9.00000013411045,9.79910699269238,23.));
#1725=CARTESIAN_POINT('',(9.00000013411045,10.7122707196601,23.));
#1726=CARTESIAN_POINT('Ctrl Pts',(9.00000013411045,8.99996739331253,23.0621286887708));
#1727=CARTESIAN_POINT('Ctrl Pts',(9.00000013411045,9.26431382244061,23.0212428020574));
#1728=CARTESIAN_POINT('Ctrl Pts',(9.00000013411045,9.5315894845803,23.));
#1729=CARTESIAN_POINT('Ctrl Pts',(9.00000013411045,9.79910699269238,23.));
#1730=CARTESIAN_POINT('Origin',(18.6368119578147,23.8490826104196,21.));
#1731=CARTESIAN_POINT('',(23.8490826104196,23.8490826104196,22.));
#1732=CARTESIAN_POINT('',(18.6368119578147,23.8490826104196,22.));
#1733=CARTESIAN_POINT('',(24.8490826104196,24.8490826104196,21.));
#1734=CARTESIAN_POINT('Origin',(23.8490826104196,23.8490826104196,21.));
#1735=CARTESIAN_POINT('',(18.6368119578147,24.8490826104196,21.));
#1736=CARTESIAN_POINT('Origin',(23.8490826104196,6.2122706526049,21.));
#1737=CARTESIAN_POINT('',(24.8490826104196,6.2122706526049,21.));
#1738=CARTESIAN_POINT('',(23.8490826104196,6.2122706526049,22.));
#1739=CARTESIAN_POINT('Origin',(24.8490826104196,24.8490826104196,20.));
#1740=CARTESIAN_POINT('',(24.8490826104196,24.8490826104196,19.));
#1741=CARTESIAN_POINT('',(24.8490826104196,24.8490826104196,20.));
#1742=CARTESIAN_POINT('',(14.9547236238338,24.8490826104196,19.));
#1743=CARTESIAN_POINT('',(18.6368119578147,24.8490826104196,19.));
#1744=CARTESIAN_POINT('',(0.999999999999997,24.8490826104196,18.4845644981631));
#1745=CARTESIAN_POINT('Ctrl Pts',(0.999992580526755,24.8490826104196,18.485292620537));
#1746=CARTESIAN_POINT('Ctrl Pts',(3.52078651570489,24.8490826104196,18.5143651114837));
#1747=CARTESIAN_POINT('Ctrl Pts',(8.17117487282871,24.8490826104196,18.7592481850678));
#1748=CARTESIAN_POINT('Ctrl Pts',(12.8208196337929,24.8490826104196,19.0000000000122));
#1749=CARTESIAN_POINT('Ctrl Pts',(14.9547236234004,24.8490826104196,19.));
#1750=CARTESIAN_POINT('',(1.,24.8490826104196,23.));
#1751=CARTESIAN_POINT('',(1.,24.8490826104196,20.));
#1752=CARTESIAN_POINT('',(18.6368119578147,24.8490826104196,23.));
#1753=CARTESIAN_POINT('Origin',(24.8490826104196,-4.44089209850063E-15,
20.));
#1754=CARTESIAN_POINT('',(24.8490826104196,0.999999999999996,23.));
#1755=CARTESIAN_POINT('',(24.8490826104196,6.2122706526049,23.));
#1756=CARTESIAN_POINT('',(24.8490826104196,0.999999999999997,18.4845644981631));
#1757=CARTESIAN_POINT('',(24.8490826104196,0.999999999999997,20.));
#1758=CARTESIAN_POINT('',(24.8490826104196,14.9547236238332,19.));
#1759=CARTESIAN_POINT('Ctrl Pts',(24.8490826104196,14.9547236234002,19.));
#1760=CARTESIAN_POINT('Ctrl Pts',(24.8490826104196,12.8208196331501,19.0000000000122));
#1761=CARTESIAN_POINT('Ctrl Pts',(24.8490826104196,8.17117486462462,18.7592481845962));
#1762=CARTESIAN_POINT('Ctrl Pts',(24.8490826104196,3.52078649992673,18.5143651106983));
#1763=CARTESIAN_POINT('Ctrl Pts',(24.8490826104196,0.999992557807236,18.4852926202817));
#1764=CARTESIAN_POINT('',(24.8490826104196,6.2122706526049,19.));
#1765=CARTESIAN_POINT('Origin',(8.00000013411045,10.7122707196601,23.));
#1766=CARTESIAN_POINT('',(8.00000013411045,23.8490826104196,24.));
#1767=CARTESIAN_POINT('Origin',(8.00000013411045,23.8490826104196,23.));
#1768=CARTESIAN_POINT('',(8.00000013411045,9.79910699269238,24.));
#1769=CARTESIAN_POINT('',(8.00000013411045,10.7122707196601,24.));
#1770=CARTESIAN_POINT('Origin',(8.00000013411045,9.79910699269238,23.));
#1771=CARTESIAN_POINT('Ctrl Pts',(8.00000013411045,9.79910699269238,24.));
#1772=CARTESIAN_POINT('Ctrl Pts',(8.09988387011076,9.30977861572759,24.));
#1773=CARTESIAN_POINT('Ctrl Pts',(8.20743782646026,8.80717729300035,24.0740384473226));
#1774=CARTESIAN_POINT('Ctrl Pts',(8.31496701674503,8.31496701673691,24.2093668989018));
#1775=CARTESIAN_POINT('Ctrl Pts',(8.29919943445234,9.79910699269238,24.));
#1776=CARTESIAN_POINT('Ctrl Pts',(8.37996455182803,9.31016961568599,23.9692013750546));
#1777=CARTESIAN_POINT('Ctrl Pts',(8.46266142733171,8.79620943325774,24.018822816876));
#1778=CARTESIAN_POINT('Ctrl Pts',(8.54101155564991,8.29007285995182,24.1386034256273));
#1779=CARTESIAN_POINT('Ctrl Pts',(8.81716659613494,9.79910699269238,23.7488429270976));
#1780=CARTESIAN_POINT('Ctrl Pts',(8.84149431786596,9.27894027481903,23.7013523649985));
#1781=CARTESIAN_POINT('Ctrl Pts',(8.86462572294704,8.73199595677951,23.7452856825455));
#1782=CARTESIAN_POINT('Ctrl Pts',(8.88589178620556,8.19770965808626,23.8760542248977));
#1783=CARTESIAN_POINT('Ctrl Pts',(9.00000013411045,9.79910699269238,23.2243994752564));
#1784=CARTESIAN_POINT('Ctrl Pts',(8.9997425778497,9.21483050432034,23.2102540032329));
#1785=CARTESIAN_POINT('Ctrl Pts',(9.00011624560269,8.6234744703298,23.3011557244501));
#1786=CARTESIAN_POINT('Ctrl Pts',(9.00000013411045,8.05927816813797,23.4825525239211));
#1787=CARTESIAN_POINT('Ctrl Pts',(9.00000013411045,9.79910699269238,23.));
#1788=CARTESIAN_POINT('Ctrl Pts',(9.00000013411045,9.18743219079147,23.));
#1789=CARTESIAN_POINT('Ctrl Pts',(9.00000013411045,8.57702176307049,23.111057670984));
#1790=CARTESIAN_POINT('Ctrl Pts',(9.00000013411045,8.00000013410263,23.3140503483528));
#1791=CARTESIAN_POINT('',(8.31496701674503,8.31496701673691,24.2093668989018));
#1792=CARTESIAN_POINT('Ctrl Pts',(9.00000013411045,9.00000013411045,23.0623405449528));
#1793=CARTESIAN_POINT('Ctrl Pts',(9.00000013411045,9.00000013411045,23.158988320627));
#1794=CARTESIAN_POINT('Ctrl Pts',(8.9863503578649,8.98635035786284,23.2537022979281));
#1795=CARTESIAN_POINT('Ctrl Pts',(8.93155823947299,8.93155823947071,23.4595069742791));
#1796=CARTESIAN_POINT('Ctrl Pts',(8.88467103317165,8.88467103317164,23.5656276846297));
#1797=CARTESIAN_POINT('Ctrl Pts',(8.76032392795803,8.76032392795802,23.7802623394033));
#1798=CARTESIAN_POINT('Ctrl Pts',(8.67648378380927,8.67648378380928,23.8857064454759));
#1799=CARTESIAN_POINT('Ctrl Pts',(8.50368665601351,8.50368665601351,24.0637790593998));
#1800=CARTESIAN_POINT('Ctrl Pts',(8.41172885449534,8.41172885451577,24.1410121263942));
#1801=CARTESIAN_POINT('Ctrl Pts',(8.31703182594865,8.31703182594772,24.2079126390319));
#1802=CARTESIAN_POINT('Ctrl Pts',(8.31599962968527,8.31599962967715,24.2086403650775));
#1803=CARTESIAN_POINT('Ctrl Pts',(8.31496701674503,8.31496701673691,24.2093668989018));
#1804=CARTESIAN_POINT('Ctrl Pts',(8.00000013411045,9.79910699269238,24.));
#1805=CARTESIAN_POINT('Ctrl Pts',(8.09988387011076,9.30977861572759,24.));
#1806=CARTESIAN_POINT('Ctrl Pts',(8.20743782646026,8.80717729300035,24.0740384473226));
#1807=CARTESIAN_POINT('Ctrl Pts',(8.31496701674503,8.31496701673691,24.2093668989018));
#1808=CARTESIAN_POINT('Origin',(0.,0.,26.));
#1809=CARTESIAN_POINT('',(9.00000010528666,8.16694353101495,24.0626986490213));
#1810=CARTESIAN_POINT('Ctrl Pts',(8.31496701674431,8.31496701674341,24.2093668988998));
#1811=CARTESIAN_POINT('Ctrl Pts',(8.54097240174247,8.26559345320362,24.1472289051988));
#1812=CARTESIAN_POINT('Ctrl Pts',(8.77047901855319,8.21594030264907,24.0979102338338));
#1813=CARTESIAN_POINT('Ctrl Pts',(8.99985277947674,8.16703615685524,24.0627865274842));
#1814=CARTESIAN_POINT('',(1.,12.6104123643916,24.));
#1815=CARTESIAN_POINT('Origin',(0.,0.,24.));
#1816=CARTESIAN_POINT('',(1.0031691913723,12.5304827271933,24.0015777207965));
#1817=CARTESIAN_POINT('Ctrl Pts',(1.0031691913723,12.5304827271933,24.0015777207965));
#1818=CARTESIAN_POINT('Ctrl Pts',(1.00210334004849,12.557113215418,24.0005260734548));
#1819=CARTESIAN_POINT('Ctrl Pts',(1.0010467527436,12.5837633758528,24.));
#1820=CARTESIAN_POINT('Ctrl Pts',(1.,12.6104123643916,24.));
#1821=CARTESIAN_POINT('',(-1.68379446640316,10.5160513594652,26.));
#1822=CARTESIAN_POINT('Ctrl Pts',(-1.68379446640316,10.5160513594652,26.));
#1823=CARTESIAN_POINT('Ctrl Pts',(-1.68137624460662,10.5164385569351,25.9983062040373));
#1824=CARTESIAN_POINT('Ctrl Pts',(-1.67895772582676,10.5168273476524,25.9966120385877));
#1825=CARTESIAN_POINT('Ctrl Pts',(-1.42335776594862,10.5579987929248,25.8175540521328));
#1826=CARTESIAN_POINT('Ctrl Pts',(-0.915686659087753,10.6686535895312,25.4587351056127));
#1827=CARTESIAN_POINT('Ctrl Pts',(-0.201059286570397,10.9245695238311,24.9445142490291));
#1828=CARTESIAN_POINT('Ctrl Pts',(0.428307552730625,11.2962511532659,24.4809194432863));
#1829=CARTESIAN_POINT('Ctrl Pts',(0.900046745082342,11.8273173337506,24.1183269475084));
#1830=CARTESIAN_POINT('Ctrl Pts',(1.01262031309984,12.294344740351,24.0109028929086));
#1831=CARTESIAN_POINT('Ctrl Pts',(1.0031691913723,12.5304827271933,24.0015777207965));
#1832=CARTESIAN_POINT('',(10.5160513594652,-1.68379446640316,26.));
#1833=CARTESIAN_POINT('Origin',(0.,0.,26.));
#1834=CARTESIAN_POINT('',(12.5304827271933,1.00316919137229,24.0015777207965));
#1835=CARTESIAN_POINT('Ctrl Pts',(12.5304827271933,1.00316919137229,24.0015777207965));
#1836=CARTESIAN_POINT('Ctrl Pts',(12.294344740351,1.01262031309984,24.0109028929086));
#1837=CARTESIAN_POINT('Ctrl Pts',(11.9443444671958,0.929151214788451,24.0908110274623));
#1838=CARTESIAN_POINT('Ctrl Pts',(11.5613659513432,0.663361654465258,24.3002036503213));
#1839=CARTESIAN_POINT('Ctrl Pts',(11.3171501388978,0.410463615013212,24.4922158224406));
#1840=CARTESIAN_POINT('Ctrl Pts',(11.1102508456723,0.113162155943228,24.7130735128969));
#1841=CARTESIAN_POINT('Ctrl Pts',(10.8822301705594,-0.31955758227391,25.0297698828331));
#1842=CARTESIAN_POINT('Ctrl Pts',(10.6685846199155,-0.91587486479807,25.4588836762265));
#1843=CARTESIAN_POINT('Ctrl Pts',(10.5580217724734,-1.42331403921697,25.8175218019425));
#1844=CARTESIAN_POINT('Ctrl Pts',(10.5168271978681,-1.67895801133994,25.9966122492519));
#1845=CARTESIAN_POINT('Ctrl Pts',(10.5164385569356,-1.6813762446037,25.9983062040362));
#1846=CARTESIAN_POINT('Ctrl Pts',(10.5160513594652,-1.68379446640316,26.));
#1847=CARTESIAN_POINT('',(12.6104123643916,0.999999999999997,24.));
#1848=CARTESIAN_POINT('Ctrl Pts',(12.6104123643916,0.999999999999998,24.));
#1849=CARTESIAN_POINT('Ctrl Pts',(12.5837633758528,1.00104675274359,24.));
#1850=CARTESIAN_POINT('Ctrl Pts',(12.557113215418,1.00210334004849,24.0005260734548));
#1851=CARTESIAN_POINT('Ctrl Pts',(12.5304827271933,1.00316919137229,24.0015777207965));
#1852=CARTESIAN_POINT('',(9.79910699269238,8.00000013411045,24.));
#1853=CARTESIAN_POINT('Origin',(0.,0.,24.));
#1854=CARTESIAN_POINT('Ctrl Pts',(8.99985277859114,8.16703615199082,24.0627865284903));
#1855=CARTESIAN_POINT('Ctrl Pts',(9.26839692830772,8.10978059357667,24.0216647113684));
#1856=CARTESIAN_POINT('Ctrl Pts',(9.53675897174787,8.05355169927159,24.));
#1857=CARTESIAN_POINT('Ctrl Pts',(9.79910699269238,8.00000013411045,24.));
#1858=CARTESIAN_POINT('Origin',(12.4245413052098,12.4245413052098,24.));
#1859=CARTESIAN_POINT('',(1.,23.8490826104196,24.));
#1860=CARTESIAN_POINT('',(18.6368119578147,23.8490826104196,24.));
#1861=CARTESIAN_POINT('',(1.,18.6368119578147,24.));
#1862=CARTESIAN_POINT('Origin',(18.6368119578147,23.8490826104196,23.));
#1863=CARTESIAN_POINT('Origin',(1.,23.8490826104196,23.));
#1864=CARTESIAN_POINT('Origin',(1.,23.8490826104196,23.));
#1865=CARTESIAN_POINT('',(0.,23.8490826104196,23.));
#1866=CARTESIAN_POINT('Origin',(1.,23.8490826104196,23.));
#1867=CARTESIAN_POINT('Origin',(1.,23.8490826104196,23.));
#1868=CARTESIAN_POINT('Origin',(23.8490826104196,0.999999999999997,23.));
#1869=CARTESIAN_POINT('',(23.8490826104196,-3.46944695195361E-15,23.));
#1870=CARTESIAN_POINT('',(23.8490826104196,0.999999999999996,24.));
#1871=CARTESIAN_POINT('Origin',(23.8490826104196,0.999999999999996,23.));
#1872=CARTESIAN_POINT('Origin',(23.8490826104196,0.999999999999997,23.));
#1873=CARTESIAN_POINT('Origin',(23.8490826104196,0.999999999999996,23.));
#1874=CARTESIAN_POINT('Origin',(23.8490826104196,0.999999999999997,20.));
#1875=CARTESIAN_POINT('',(23.8490825683808,-3.37651010471814E-15,17.4479221174347));
#1876=CARTESIAN_POINT('',(23.8490826104196,-3.46944695195361E-15,20.));
#1877=CARTESIAN_POINT('',(24.0874857451674,0.0288337093702805,17.5082713774811));
#1878=CARTESIAN_POINT('Ctrl Pts',(23.8471873717,-0.000726519508711103,17.4513551107529));
#1879=CARTESIAN_POINT('Ctrl Pts',(23.9112367364027,-0.000736619127627346,
17.4681961244573));
#1880=CARTESIAN_POINT('Ctrl Pts',(23.9752669339052,0.00539845223979665,
17.4846256153236));
#1881=CARTESIAN_POINT('Ctrl Pts',(24.0383846782973,0.0176762399407245,17.5004355298498));
#1882=CARTESIAN_POINT('Ctrl Pts',(24.0542115379748,0.0207549117938351,17.5043998872762));
#1883=CARTESIAN_POINT('Ctrl Pts',(24.0699809037195,0.0242197535488891,17.508325504766));
#1884=CARTESIAN_POINT('Ctrl Pts',(24.0856784526083,0.0280705767956172,17.5122095329001));
#1885=CARTESIAN_POINT('Ctrl Pts',(24.0874857440514,0.0288337187306529,17.5082713772099));
#1886=CARTESIAN_POINT('Ctrl Pts',(24.1857958663308,0.0529670125559982,17.5324117636762));
#1887=CARTESIAN_POINT('Ctrl Pts',(24.2758076805006,0.0908518453783106,17.5703159991466));
#1888=CARTESIAN_POINT('Ctrl Pts',(24.4612035965963,0.199865635832802,17.6794833447045));
#1889=CARTESIAN_POINT('Ctrl Pts',(24.5484004488616,0.276957950060014,17.7567472033113));
#1890=CARTESIAN_POINT('Ctrl Pts',(24.6946557978964,0.452830939539386,17.9332694174907));
#1891=CARTESIAN_POINT('Ctrl Pts',(24.7510083410654,0.554232430720938,18.0351826403767));
#1892=CARTESIAN_POINT('Ctrl Pts',(24.8287701986216,0.767847908210542,18.2502408073264));
#1893=CARTESIAN_POINT('Ctrl Pts',(24.8485666311516,0.882147716493089,18.3655056016295));
#1894=CARTESIAN_POINT('Ctrl Pts',(24.8490792913026,0.99702492154309,18.4815588596849));
#1895=CARTESIAN_POINT('Ctrl Pts',(24.8490826104196,0.998512470275014,18.4830616714064));
#1896=CARTESIAN_POINT('Ctrl Pts',(24.8490826104196,0.999999999999997,18.4845644981631));
#1897=CARTESIAN_POINT('Origin',(18.6368119578147,8.00000013411045,23.));
#1898=CARTESIAN_POINT('Origin',(9.79910699269238,8.00000013411045,23.));
#1899=CARTESIAN_POINT('',(23.8490826104196,8.00000013411045,24.));
#1900=CARTESIAN_POINT('',(18.6368119578147,8.00000013411045,24.));
#1901=CARTESIAN_POINT('Origin',(23.8490826104196,8.00000013411045,23.));
#1902=CARTESIAN_POINT('Origin',(23.8490826104196,6.2122706526049,23.));
#1903=CARTESIAN_POINT('',(23.8490826104196,6.2122706526049,24.));
#1904=CARTESIAN_POINT('Origin',(11.1368119578147,0.999999999999998,23.));
#1905=CARTESIAN_POINT('',(12.6104123643916,-2.48726091822262E-15,23.));
#1906=CARTESIAN_POINT('Origin',(12.6104123643916,0.999999999999997,23.));
#1907=CARTESIAN_POINT('',(11.1368119578147,-2.35922392732846E-15,23.));
#1908=CARTESIAN_POINT('',(11.1368119578147,0.999999999999998,24.));
#1909=CARTESIAN_POINT('Ctrl Pts',(12.4908966851864,-2.35922392732846E-15,
23.0023665811947));
#1910=CARTESIAN_POINT('Ctrl Pts',(12.53071442215,-2.36268357839959E-15,
23.0007891101822));
#1911=CARTESIAN_POINT('Ctrl Pts',(12.5705633921125,-2.3557615623087E-15,
23.));
#1912=CARTESIAN_POINT('Ctrl Pts',(12.6104123643916,-2.35922392732846E-15,
23.));
#1913=CARTESIAN_POINT('Ctrl Pts',(12.5027647572304,-2.35922392732846E-15,
23.3019345397668));
#1914=CARTESIAN_POINT('Ctrl Pts',(12.5386033766822,8.41284183281863E-6,
23.3003070917063));
#1915=CARTESIAN_POINT('Ctrl Pts',(12.574529930018,-8.21604327162164E-6,
23.299403003208));
#1916=CARTESIAN_POINT('Ctrl Pts',(12.6104123643916,-2.35922392732846E-15,
23.2991993003419));
#1917=CARTESIAN_POINT('Ctrl Pts',(12.5233095880229,0.252214445590489,23.8205169175024));
#1918=CARTESIAN_POINT('Ctrl Pts',(12.5523153278253,0.251849879151506,23.8188299337661));
#1919=CARTESIAN_POINT('Ctrl Pts',(12.5813432744731,0.251495606049365,23.8177167658065));
#1920=CARTESIAN_POINT('Ctrl Pts',(12.6104123643916,0.251138453644175,23.8171888025085));
#1921=CARTESIAN_POINT('Ctrl Pts',(12.530510936337,0.778318102918649,24.0022897619387));
#1922=CARTESIAN_POINT('Ctrl Pts',(12.5571116241628,0.777401547619108,24.0009966927799));
#1923=CARTESIAN_POINT('Ctrl Pts',(12.5837741040674,0.776499887762952,24.0002371093964));
#1924=CARTESIAN_POINT('Ctrl Pts',(12.6104123643916,0.775600524743584,24.));
#1925=CARTESIAN_POINT('Ctrl Pts',(12.5304827271933,1.00316919137229,24.0015777207965));
#1926=CARTESIAN_POINT('Ctrl Pts',(12.557113215418,1.00210334004849,24.0005260734548));
#1927=CARTESIAN_POINT('Ctrl Pts',(12.5837633758528,1.00104675274359,24.));
#1928=CARTESIAN_POINT('Ctrl Pts',(12.6104123643916,0.999999999999998,24.));
#1929=CARTESIAN_POINT('',(12.4908966851864,-2.4164754449096E-15,23.0023665811947));
#1930=CARTESIAN_POINT('Origin',(12.4908966851864,0.999999999999998,23.0023665811947));
#1931=CARTESIAN_POINT('Ctrl Pts',(12.4908966851864,-2.35922392732846E-15,
23.0023665811947));
#1932=CARTESIAN_POINT('Ctrl Pts',(12.53071442215,-2.36268357839959E-15,
23.0007891101822));
#1933=CARTESIAN_POINT('Ctrl Pts',(12.5705633921125,-2.3557615623087E-15,
23.));
#1934=CARTESIAN_POINT('Ctrl Pts',(12.6104123643916,-2.35922392732846E-15,
23.));
#1935=CARTESIAN_POINT('Ctrl Pts',(12.5304827271933,1.00316919137229,24.0015777207965));
#1936=CARTESIAN_POINT('Ctrl Pts',(12.294344740351,1.01262031309984,24.0109028929086));
#1937=CARTESIAN_POINT('Ctrl Pts',(11.9443444671958,0.929151214788451,24.0908110274623));
#1938=CARTESIAN_POINT('Ctrl Pts',(11.5613659513432,0.663361654465258,24.3002036503213));
#1939=CARTESIAN_POINT('Ctrl Pts',(11.3171501388978,0.410463615013212,24.4922158224406));
#1940=CARTESIAN_POINT('Ctrl Pts',(11.1102508456723,0.113162155943228,24.7130735128969));
#1941=CARTESIAN_POINT('Ctrl Pts',(10.8822301705594,-0.31955758227391,25.0297698828331));
#1942=CARTESIAN_POINT('Ctrl Pts',(10.6685846199155,-0.91587486479807,25.4588836762265));
#1943=CARTESIAN_POINT('Ctrl Pts',(10.5580217724734,-1.42331403921697,25.8175218019425));
#1944=CARTESIAN_POINT('Ctrl Pts',(10.5168271978681,-1.67895801133994,25.9966122492519));
#1945=CARTESIAN_POINT('Ctrl Pts',(10.5164385569356,-1.6813762446037,25.9983062040362));
#1946=CARTESIAN_POINT('Ctrl Pts',(10.5160513594652,-1.68379446640316,26.));
#1947=CARTESIAN_POINT('Ctrl Pts',(12.5305203393848,0.703367740100768,24.0025271089862));
#1948=CARTESIAN_POINT('Ctrl Pts',(12.3303676046073,0.711925694094151,24.0133154423349));
#1949=CARTESIAN_POINT('Ctrl Pts',(12.0311516822998,0.650667737723409,24.0737056633215));
#1950=CARTESIAN_POINT('Ctrl Pts',(11.6600082325378,0.432741858245756,24.2469518922826));
#1951=CARTESIAN_POINT('Ctrl Pts',(11.406118076665,0.216226364818077,24.4195355852451));
#1952=CARTESIAN_POINT('Ctrl Pts',(11.1784030612076,-0.045336410309525,24.6312506560906));
#1953=CARTESIAN_POINT('Ctrl Pts',(10.9188001333215,-0.433071886091313,24.9507254061068));
#1954=CARTESIAN_POINT('Ctrl Pts',(10.671489390226,-0.975742287170835,25.4065426642775));
#1955=CARTESIAN_POINT('Ctrl Pts',(10.5549778967382,-1.44293997073361,25.8000567010668));
#1956=CARTESIAN_POINT('Ctrl Pts',(10.5167693924112,-1.67932311019108,25.9962901603487));
#1957=CARTESIAN_POINT('Ctrl Pts',(10.5164093562619,-1.68155861590264,25.9981448901348));
#1958=CARTESIAN_POINT('Ctrl Pts',(10.5160513594652,-1.68379446640316,26.));
#1959=CARTESIAN_POINT('Ctrl Pts',(12.5206011752214,0.183584961060242,23.7521525116505));
#1960=CARTESIAN_POINT('Ctrl Pts',(12.3515580645733,0.188246576604428,23.7649339131369));
#1961=CARTESIAN_POINT('Ctrl Pts',(12.0956192484759,0.161254714054393,23.8227100059448));
#1962=CARTESIAN_POINT('Ctrl Pts',(11.7311004497653,0.0246987833370406,24.0052563917563));
#1963=CARTESIAN_POINT('Ctrl Pts',(11.4670626469288,-0.127175376735529,24.1939902777821));
#1964=CARTESIAN_POINT('Ctrl Pts',(11.2211734487386,-0.324349968830983,24.4312760160757));
#1965=CARTESIAN_POINT('Ctrl Pts',(10.9363614838639,-0.630966466583434,24.7940888639151));
#1966=CARTESIAN_POINT('Ctrl Pts',(10.6658925584057,-1.07972794935222,25.3172438454521));
#1967=CARTESIAN_POINT('Ctrl Pts',(10.5495883912224,-1.4773771056736,25.7697429158922));
#1968=CARTESIAN_POINT('Ctrl Pts',(10.5166675305417,-1.67996126793433,25.995724899375));
#1969=CARTESIAN_POINT('Ctrl Pts',(10.516358255083,-1.6818777656758,25.9978625908074));
#1970=CARTESIAN_POINT('Ctrl Pts',(10.5160513594652,-1.68379446640316,26.));
#1971=CARTESIAN_POINT('Ctrl Pts',(12.4997977392194,-1.82215252446695E-15,
23.2270425501238));
#1972=CARTESIAN_POINT('Ctrl Pts',(12.2908625777975,0.00103295485197129,
23.2406655825113));
#1973=CARTESIAN_POINT('Ctrl Pts',(11.9774475108285,-0.0466656828165463,
23.3419246421375));
#1974=CARTESIAN_POINT('Ctrl Pts',(11.5995888235755,-0.198610535550559,23.6167028611808));
#1975=CARTESIAN_POINT('Ctrl Pts',(11.3456031434047,-0.348496164129709,23.8750108187355));
#1976=CARTESIAN_POINT('Ctrl Pts',(11.1218196177328,-0.52971196870963,24.1781479160481));
#1977=CARTESIAN_POINT('Ctrl Pts',(10.871308521114,-0.799552896805209,24.6195394396825));
#1978=CARTESIAN_POINT('Ctrl Pts',(10.6413393297196,-1.18014746354299,25.2270447926423));
#1979=CARTESIAN_POINT('Ctrl Pts',(10.5439991578697,-1.51172244662239,25.7393255446789));
#1980=CARTESIAN_POINT('Ctrl Pts',(10.5165650181566,-1.68059970291398,25.9951603008894));
#1981=CARTESIAN_POINT('Ctrl Pts',(10.5163071539041,-1.68219691544896,25.99758029148));
#1982=CARTESIAN_POINT('Ctrl Pts',(10.5160513594652,-1.68379446640316,26.));
#1983=CARTESIAN_POINT('Ctrl Pts',(12.4908966851864,-1.80411241501588E-15,
23.0023665811947));
#1984=CARTESIAN_POINT('Ctrl Pts',(12.2555153391173,-2.4541389108973E-15,
23.0163543393629));
#1985=CARTESIAN_POINT('Ctrl Pts',(11.9038544439877,-0.0657191039162824,
23.1362165411936));
#1986=CARTESIAN_POINT('Ctrl Pts',(11.5150345938268,-0.245500503330328,23.450305475482));
#1987=CARTESIAN_POINT('Ctrl Pts',(11.2665017392961,-0.409781490616345,23.7383237336609));
#1988=CARTESIAN_POINT('Ctrl Pts',(11.0568804601266,-0.597156150081855,24.0696102693454));
#1989=CARTESIAN_POINT('Ctrl Pts',(10.8293947415009,-0.863893583556626,24.5446548242498));
#1990=CARTESIAN_POINT('Ctrl Pts',(10.6273160501033,-1.22296219071675,25.1883255143397));
#1991=CARTESIAN_POINT('Ctrl Pts',(10.5415736630804,-1.52647342546972,25.7262827029141));
#1992=CARTESIAN_POINT('Ctrl Pts',(10.516520922419,-1.68087305833905,25.9949183738778));
#1993=CARTESIAN_POINT('Ctrl Pts',(10.5162852533988,-1.68233369392317,25.997459306054));
#1994=CARTESIAN_POINT('Ctrl Pts',(10.5160513594652,-1.68379446640316,26.));
#1995=CARTESIAN_POINT('Ctrl Pts',(10.5160513594652,-1.68379446640316,26.));
#1996=CARTESIAN_POINT('Ctrl Pts',(10.5162852533988,-1.68233369392317,25.997459306054));
#1997=CARTESIAN_POINT('Ctrl Pts',(10.516520922419,-1.68087305833905,25.9949183738778));
#1998=CARTESIAN_POINT('Ctrl Pts',(10.5415736630804,-1.52647342546972,25.7262827029141));
#1999=CARTESIAN_POINT('Ctrl Pts',(10.6273160501033,-1.22296219071675,25.1883255143397));
#2000=CARTESIAN_POINT('Ctrl Pts',(10.8293947415009,-0.863893583556626,24.5446548242498));
#2001=CARTESIAN_POINT('Ctrl Pts',(11.0568804601266,-0.597156150081855,24.0696102693454));
#2002=CARTESIAN_POINT('Ctrl Pts',(11.2665017392961,-0.409781490616345,23.7383237336609));
#2003=CARTESIAN_POINT('Ctrl Pts',(11.5150345938268,-0.245500503330328,23.450305475482));
#2004=CARTESIAN_POINT('Ctrl Pts',(11.9038544439877,-0.0657191039162824,
23.1362165411936));
#2005=CARTESIAN_POINT('Ctrl Pts',(12.2555153391173,-2.4541389108973E-15,
23.0163543393629));
#2006=CARTESIAN_POINT('Ctrl Pts',(12.4908966851864,-1.80411241501588E-15,
23.0023665811947));
#2007=CARTESIAN_POINT('Origin',(23.8490826104196,6.2122706526049,19.));
#2008=CARTESIAN_POINT('',(23.8490826101696,14.9547236238332,18.));
#2009=CARTESIAN_POINT('Origin',(23.8490826104196,14.9547236238332,19.));
#2010=CARTESIAN_POINT('',(23.8490826104196,23.8490826104196,18.));
#2011=CARTESIAN_POINT('',(23.8490826104196,6.2122706526049,18.));
#2012=CARTESIAN_POINT('Origin',(23.8490826104196,23.8490826104196,19.));
#2013=CARTESIAN_POINT('Ctrl Pts',(24.8490826104196,14.9547236234002,19.));
#2014=CARTESIAN_POINT('Ctrl Pts',(24.8490826104196,12.8208196331501,19.0000000000122));
#2015=CARTESIAN_POINT('Ctrl Pts',(24.8490826104196,7.84771425237619,18.7424998665007));
#2016=CARTESIAN_POINT('Ctrl Pts',(24.8490826104196,2.87375821765535,18.4802736848145));
#2017=CARTESIAN_POINT('Ctrl Pts',(24.8490826104196,0.0285483310301349,18.4794376165471));
#2018=CARTESIAN_POINT('Ctrl Pts',(24.8490826104196,14.9547236233985,18.7008006996564));
#2019=CARTESIAN_POINT('Ctrl Pts',(24.8486641260164,12.8308659204238,18.7111763110876));
#2020=CARTESIAN_POINT('Ctrl Pts',(24.8487031557799,7.86775179955941,18.4776608360757));
#2021=CARTESIAN_POINT('Ctrl Pts',(24.8490837357324,2.88126867435409,18.2268841641817));
#2022=CARTESIAN_POINT('Ctrl Pts',(24.8490826104196,0.0286227775270967,18.226089992377));
#2023=CARTESIAN_POINT('Ctrl Pts',(24.597878777017,14.9547236233955,18.182889643973));
#2024=CARTESIAN_POINT('Ctrl Pts',(24.6160703451777,12.8481224845415,18.2097814699461));
#2025=CARTESIAN_POINT('Ctrl Pts',(24.6544762180703,7.90252421033774,18.0166092440407));
#2026=CARTESIAN_POINT('Ctrl Pts',(24.6720540873142,2.89428724647163,17.785936636187));
#2027=CARTESIAN_POINT('Ctrl Pts',(24.6721180823545,0.028752329988806,17.7852121845699));
#2028=CARTESIAN_POINT('Ctrl Pts',(24.0734820856682,14.9547236233945,17.999999999998));
#2029=CARTESIAN_POINT('Ctrl Pts',(24.1192911672542,12.8542791917253,18.0120771740205));
#2030=CARTESIAN_POINT('Ctrl Pts',(24.2211802723955,7.91957813522571,17.7928201338855));
#2031=CARTESIAN_POINT('Ctrl Pts',(24.2718374124478,2.90115676503214,17.5543252592372));
#2032=CARTESIAN_POINT('Ctrl Pts',(24.2720177556076,0.0288203981615976,17.5535705283184));
#2033=CARTESIAN_POINT('Ctrl Pts',(23.8490826104105,14.9547236233945,18.));
#2034=CARTESIAN_POINT('Ctrl Pts',(23.9023989918926,12.8542520197358,18.0000000000115));
#2035=CARTESIAN_POINT('Ctrl Pts',(24.0242181808324,7.92234339926676,17.7567946610748));
#2036=CARTESIAN_POINT('Ctrl Pts',(24.0872634662118,2.90248496715319,17.5090612379555));
#2037=CARTESIAN_POINT('Ctrl Pts',(24.0874857451674,0.0288337093702826,17.5082713774811));
#2038=CARTESIAN_POINT('Ctrl Pts',(24.0874857451674,0.0288337093702826,17.5082713774811));
#2039=CARTESIAN_POINT('Ctrl Pts',(24.0872634662118,2.90248496715319,17.5090612379555));
#2040=CARTESIAN_POINT('Ctrl Pts',(24.0242181808324,7.92234339926676,17.7567946610748));
#2041=CARTESIAN_POINT('Ctrl Pts',(23.9023989918926,12.8542520197358,18.0000000000115));
#2042=CARTESIAN_POINT('Ctrl Pts',(23.8490826104105,14.9547236233945,18.));
#2043=CARTESIAN_POINT('Origin',(18.6368119578147,23.8490826104196,19.));
#2044=CARTESIAN_POINT('',(14.9547236238338,23.8490826101694,18.));
#2045=CARTESIAN_POINT('',(18.6368119578147,23.8490826104196,18.));
#2046=CARTESIAN_POINT('Origin',(14.9547236238338,23.8490826104196,19.));
#2047=CARTESIAN_POINT('Ctrl Pts',(14.9547236233947,23.8490826104105,18.));
#2048=CARTESIAN_POINT('Ctrl Pts',(12.8542520203687,23.9023989918766,18.0000000000115));
#2049=CARTESIAN_POINT('Ctrl Pts',(7.92234340139234,24.024218180779,17.7567946612287));
#2050=CARTESIAN_POINT('Ctrl Pts',(2.90248497083105,24.0872634661765,17.5090612380809));
#2051=CARTESIAN_POINT('Ctrl Pts',(0.0288337139136503,24.087485745167,17.5082713774823));
#2052=CARTESIAN_POINT('Ctrl Pts',(14.9547236233947,24.1482819107541,17.9999999999973));
#2053=CARTESIAN_POINT('Ctrl Pts',(12.8543588650255,24.1913930715857,18.0164398259704));
#2054=CARTESIAN_POINT('Ctrl Pts',(7.91869459491961,24.2866487150292,17.8051300294864));
#2055=CARTESIAN_POINT('Ctrl Pts',(2.90074212270082,24.3333627079127,17.5694124846197));
#2056=CARTESIAN_POINT('Ctrl Pts',(0.0288159656326071,24.3335284257541,17.5686702452653));
#2057=CARTESIAN_POINT('Ctrl Pts',(14.9547236233962,24.6661929664398,18.2512038333952));
#2058=CARTESIAN_POINT('Ctrl Pts',(12.8458251347027,24.6791787251225,18.2765535552569));
#2059=CARTESIAN_POINT('Ctrl Pts',(7.89777472073588,24.7067462372857,18.0792903392973));
#2060=CARTESIAN_POINT('Ctrl Pts',(2.89249408883773,24.7194591775737,17.8463714237995));
#2061=CARTESIAN_POINT('Ctrl Pts',(0.0287345780635129,24.7195052069916,17.8456388718562));
#2062=CARTESIAN_POINT('Ctrl Pts',(14.9547236233992,24.8490826104196,18.7756005247423));
#2063=CARTESIAN_POINT('Ctrl Pts',(12.8283064975073,24.8489451309019,18.783151157246));
#2064=CARTESIAN_POINT('Ctrl Pts',(7.86271677735575,24.84896273763,18.5436644796607));
#2065=CARTESIAN_POINT('Ctrl Pts',(2.87937218054867,24.8490829108662,18.2902320744762));
#2066=CARTESIAN_POINT('Ctrl Pts',(0.0286041704100551,24.8490826104196,18.2894268984208));
#2067=CARTESIAN_POINT('Ctrl Pts',(14.9547236234004,24.8490826104196,19.));
#2068=CARTESIAN_POINT('Ctrl Pts',(12.8208196337929,24.8490826104196,19.0000000000122));
#2069=CARTESIAN_POINT('Ctrl Pts',(7.8477142545122,24.8490826104196,18.7424998666636));
#2070=CARTESIAN_POINT('Ctrl Pts',(2.87375822129693,24.8490826104196,18.4802736849473));
#2071=CARTESIAN_POINT('Ctrl Pts',(0.028548335528536,24.8490826104196,18.4794376165484));
#2072=CARTESIAN_POINT('',(0.0288337139136521,24.0874857440521,17.5082713774811));
#2073=CARTESIAN_POINT('Ctrl Pts',(14.9547236233947,23.8490826104105,18.));
#2074=CARTESIAN_POINT('Ctrl Pts',(12.8542520203687,23.9023989918766,18.0000000000115));
#2075=CARTESIAN_POINT('Ctrl Pts',(7.92234340139234,24.024218180779,17.7567946612287));
#2076=CARTESIAN_POINT('Ctrl Pts',(2.90248497083105,24.0872634661765,17.5090612380809));
#2077=CARTESIAN_POINT('Ctrl Pts',(0.0288337139136503,24.087485745167,17.5082713774823));
#2078=CARTESIAN_POINT('Ctrl Pts',(0.0288337187306558,24.0874857440514,17.5082713772099));
#2079=CARTESIAN_POINT('Ctrl Pts',(0.0529670125560014,24.1857958663308,17.5324117636762));
#2080=CARTESIAN_POINT('Ctrl Pts',(0.0908518453783151,24.2758076805006,17.5703159991466));
#2081=CARTESIAN_POINT('Ctrl Pts',(0.199865635832808,24.4612035965963,17.6794833447045));
#2082=CARTESIAN_POINT('Ctrl Pts',(0.27695795006003,24.5484004488616,17.7567472033113));
#2083=CARTESIAN_POINT('Ctrl Pts',(0.452830939539391,24.6946557978964,17.9332694174907));
#2084=CARTESIAN_POINT('Ctrl Pts',(0.554232430720935,24.7510083410654,18.0351826403767));
#2085=CARTESIAN_POINT('Ctrl Pts',(0.767847908210604,24.8287701986216,18.2502408073265));
#2086=CARTESIAN_POINT('Ctrl Pts',(0.882147716493343,24.8485666311516,18.3655056016298));
#2087=CARTESIAN_POINT('Ctrl Pts',(0.997024921542602,24.8490792913026,18.4815588596844));
#2088=CARTESIAN_POINT('Ctrl Pts',(0.99851247027551,24.8490826104196,18.4830616714069));
#2089=CARTESIAN_POINT('Ctrl Pts',(0.999999999999998,24.8490826104196,18.4845644981631));
#2090=CARTESIAN_POINT('Origin',(1.,23.8490826104196,20.));
#2091=CARTESIAN_POINT('',(1.77876607865749E-15,23.8490825713197,17.4479221189675));
#2092=CARTESIAN_POINT('',(0.,23.8490826104196,20.));
#2093=CARTESIAN_POINT('Ctrl Pts',(0.0295915413780852,24.086946105958,17.5122095326411));
#2094=CARTESIAN_POINT('Ctrl Pts',(0.0142417185123982,24.0244207642652,17.4967419080146));
#2095=CARTESIAN_POINT('Ctrl Pts',(0.00500567488416729,23.9606983061208,
17.4805956839284));
#2096=CARTESIAN_POINT('Ctrl Pts',(0.00192322082620346,23.896673156222,17.463964280762));
#2097=CARTESIAN_POINT('Ctrl Pts',(0.00114963709367049,23.8806051748334,
17.4597904041375));
#2098=CARTESIAN_POINT('Ctrl Pts',(0.000763546650537862,23.8645180100692,
17.4555861839563));
#2099=CARTESIAN_POINT('Ctrl Pts',(0.000765452170111766,23.8484255526961,
17.4513551115755));
#2100=CARTESIAN_POINT('Origin',(1.,18.6368119578147,23.));
#2101=CARTESIAN_POINT('',(0.,12.6104123643916,23.));
#2102=CARTESIAN_POINT('Origin',(1.,12.6104123643916,23.));
#2103=CARTESIAN_POINT('',(0.,18.6368119578147,23.));
#2104=CARTESIAN_POINT('Ctrl Pts',(0.,12.6104123643916,23.));
#2105=CARTESIAN_POINT('Ctrl Pts',(0.,12.5705633921125,23.));
#2106=CARTESIAN_POINT('Ctrl Pts',(0.,12.53071442215,23.0007891101822));
#2107=CARTESIAN_POINT('Ctrl Pts',(0.,12.4908966851864,23.0023665811947));
#2108=CARTESIAN_POINT('Ctrl Pts',(0.,12.6104123643916,23.2991993003419));
#2109=CARTESIAN_POINT('Ctrl Pts',(-8.21604326926593E-6,12.574529930018,
23.299403003208));
#2110=CARTESIAN_POINT('Ctrl Pts',(8.41284183518167E-6,12.5386033766822,
23.3003070917063));
#2111=CARTESIAN_POINT('Ctrl Pts',(0.,12.5027647572304,23.3019345397668));
#2112=CARTESIAN_POINT('Ctrl Pts',(0.251138453644178,12.6104123643916,23.8171888025085));
#2113=CARTESIAN_POINT('Ctrl Pts',(0.251495606049368,12.5813432744731,23.8177167658065));
#2114=CARTESIAN_POINT('Ctrl Pts',(0.251849879151508,12.5523153278253,23.8188299337661));
#2115=CARTESIAN_POINT('Ctrl Pts',(0.252214445590491,12.5233095880229,23.8205169175024));
#2116=CARTESIAN_POINT('Ctrl Pts',(0.775600524743587,12.6104123643916,24.));
#2117=CARTESIAN_POINT('Ctrl Pts',(0.776499887762956,12.5837741040674,24.0002371093964));
#2118=CARTESIAN_POINT('Ctrl Pts',(0.777401547619109,12.5571116241628,24.0009966927799));
#2119=CARTESIAN_POINT('Ctrl Pts',(0.778318102918651,12.530510936337,24.0022897619387));
#2120=CARTESIAN_POINT('Ctrl Pts',(1.,12.6104123643916,24.));
#2121=CARTESIAN_POINT('Ctrl Pts',(1.0010467527436,12.5837633758528,24.));
#2122=CARTESIAN_POINT('Ctrl Pts',(1.00210334004849,12.557113215418,24.0005260734548));
#2123=CARTESIAN_POINT('Ctrl Pts',(1.0031691913723,12.5304827271933,24.0015777207965));
#2124=CARTESIAN_POINT('',(0.,12.4908966851864,23.0023665811947));
#2125=CARTESIAN_POINT('Origin',(1.,12.4908966851864,23.0023665811947));
#2126=CARTESIAN_POINT('Ctrl Pts',(0.,12.6104123643916,23.));
#2127=CARTESIAN_POINT('Ctrl Pts',(0.,12.5705633921125,23.));
#2128=CARTESIAN_POINT('Ctrl Pts',(0.,12.53071442215,23.0007891101822));
#2129=CARTESIAN_POINT('Ctrl Pts',(0.,12.4908966851864,23.0023665811947));
#2130=CARTESIAN_POINT('Ctrl Pts',(-1.68379446640316,10.5160513594652,26.));
#2131=CARTESIAN_POINT('Ctrl Pts',(-1.68137624460662,10.5164385569351,25.9983062040373));
#2132=CARTESIAN_POINT('Ctrl Pts',(-1.67895772582676,10.5168273476524,25.9966120385877));
#2133=CARTESIAN_POINT('Ctrl Pts',(-1.42335776594862,10.5579987929248,25.8175540521328));
#2134=CARTESIAN_POINT('Ctrl Pts',(-0.915686659087753,10.6686535895312,25.4587351056127));
#2135=CARTESIAN_POINT('Ctrl Pts',(-0.201059286570397,10.9245695238311,24.9445142490291));
#2136=CARTESIAN_POINT('Ctrl Pts',(0.428307552730625,11.2962511532659,24.4809194432863));
#2137=CARTESIAN_POINT('Ctrl Pts',(0.900046745082342,11.8273173337506,24.1183269475084));
#2138=CARTESIAN_POINT('Ctrl Pts',(1.01262031309984,12.294344740351,24.0109028929086));
#2139=CARTESIAN_POINT('Ctrl Pts',(1.0031691913723,12.5304827271933,24.0015777207965));
#2140=CARTESIAN_POINT('Ctrl Pts',(-1.68379446640316,10.5160513594652,26.));
#2141=CARTESIAN_POINT('Ctrl Pts',(-1.68155859331219,10.5164073350151,25.9981459286385));
#2142=CARTESIAN_POINT('Ctrl Pts',(-1.67932259506173,10.5167718681814,25.9962882736292));
#2143=CARTESIAN_POINT('Ctrl Pts',(-1.44301874032711,10.5547818361159,25.8002357323944));
#2144=CARTESIAN_POINT('Ctrl Pts',(-0.97589069222106,10.6719655666547,25.4071259654475));
#2145=CARTESIAN_POINT('Ctrl Pts',(-0.325795113066644,10.9675213404813,24.8613410792386));
#2146=CARTESIAN_POINT('Ctrl Pts',(0.234817813291953,11.3899170094842,24.403163278633));
#2147=CARTESIAN_POINT('Ctrl Pts',(0.630360808510148,11.9291316582869,24.0925218025822));
#2148=CARTESIAN_POINT('Ctrl Pts',(0.710872661577561,12.3312427315301,24.0147736692355));
#2149=CARTESIAN_POINT('Ctrl Pts',(0.703367740100769,12.5305203393848,24.0025271089862));
#2150=CARTESIAN_POINT('Ctrl Pts',(-1.68379446640316,10.5160513594652,26.));
#2151=CARTESIAN_POINT('Ctrl Pts',(-1.68187895873394,10.5163558091457,25.997863179294));
#2152=CARTESIAN_POINT('Ctrl Pts',(-1.67995979394898,10.5166705764105,25.9957240909898));
#2153=CARTESIAN_POINT('Ctrl Pts',(-1.4774725227706,10.5493634093338,25.7698034442611));
#2154=CARTESIAN_POINT('Ctrl Pts',(-1.0792657092009,10.6663548417552,25.3166993626391));
#2155=CARTESIAN_POINT('Ctrl Pts',(-0.541919835106126,10.9894058331432,24.6900630510116));
#2156=CARTESIAN_POINT('Ctrl Pts',(-0.105452003660446,11.4548412996363,24.1708513662158));
#2157=CARTESIAN_POINT('Ctrl Pts',(0.153879248858801,12.0091978766478,23.8404160448522));
#2158=CARTESIAN_POINT('Ctrl Pts',(0.186633187400627,12.3536459598595,23.7667038969344));
#2159=CARTESIAN_POINT('Ctrl Pts',(0.183584961060242,12.5206011752214,23.7521525116505));
#2160=CARTESIAN_POINT('Ctrl Pts',(-1.68379446640316,10.5160513594652,26.));
#2161=CARTESIAN_POINT('Ctrl Pts',(-1.68219775952286,10.5163056595269,25.9975803204898));
#2162=CARTESIAN_POINT('Ctrl Pts',(-1.68059844888548,10.5165669079964,25.9951599974332));
#2163=CARTESIAN_POINT('Ctrl Pts',(-1.51182237695781,10.5438536088856,25.7393686901645));
#2164=CARTESIAN_POINT('Ctrl Pts',(-1.18023634714821,10.6416180360673,25.2267587594118));
#2165=CARTESIAN_POINT('Ctrl Pts',(-0.724341231890953,10.9166004216076,24.4987813827717));
#2166=CARTESIAN_POINT('Ctrl Pts',(-0.335409607340742,11.3278832640434,23.8564392457516));
#2167=CARTESIAN_POINT('Ctrl Pts',(-0.0621207153710006,11.8720242775667,
23.3760629613805));
#2168=CARTESIAN_POINT('Ctrl Pts',(1.62681580333297E-5,12.2918536311382,
23.2415374262831));
#2169=CARTESIAN_POINT('Ctrl Pts',(-3.23175008627367E-15,12.4997977392194,
23.2270425501238));
#2170=CARTESIAN_POINT('Ctrl Pts',(-1.68379446640316,10.5160513594652,26.));
#2171=CARTESIAN_POINT('Ctrl Pts',(-1.68233369392536,10.5162852533985,25.9974593060563));
#2172=CARTESIAN_POINT('Ctrl Pts',(-1.68087287096372,10.5165210806936,25.9949180578815));
#2173=CARTESIAN_POINT('Ctrl Pts',(-1.52650218115629,10.5415493760504,25.7263310781996));
#2174=CARTESIAN_POINT('Ctrl Pts',(-1.22288174677499,10.6273854475938,25.188102658419));
#2175=CARTESIAN_POINT('Ctrl Pts',(-0.79257111042179,10.869398369736,24.4167713735438));
#2176=CARTESIAN_POINT('Ctrl Pts',(-0.401261978980384,11.2447075519336,23.7213791649294));
#2177=CARTESIAN_POINT('Ctrl Pts',(-0.0885728656488619,11.7862381045565,
23.1774904212627));
#2178=CARTESIAN_POINT('Ctrl Pts',(-3.31403171525816E-15,12.2555153391174,
23.0163543393629));
#2179=CARTESIAN_POINT('Ctrl Pts',(-3.19189119579733E-15,12.4908966851864,
23.0023665811947));
#2180=CARTESIAN_POINT('Ctrl Pts',(-3.19189119579733E-15,12.4908966851864,
23.0023665811947));
#2181=CARTESIAN_POINT('Ctrl Pts',(-3.31403171525816E-15,12.2555153391174,
23.0163543393629));
#2182=CARTESIAN_POINT('Ctrl Pts',(-0.0885728656488619,11.7862381045565,
23.1774904212627));
#2183=CARTESIAN_POINT('Ctrl Pts',(-0.401261978980384,11.2447075519336,23.7213791649294));
#2184=CARTESIAN_POINT('Ctrl Pts',(-0.79257111042179,10.869398369736,24.4167713735438));
#2185=CARTESIAN_POINT('Ctrl Pts',(-1.22288174677499,10.6273854475938,25.188102658419));
#2186=CARTESIAN_POINT('Ctrl Pts',(-1.52650218115629,10.5415493760504,25.7263310781996));
#2187=CARTESIAN_POINT('Ctrl Pts',(-1.68087287096372,10.5165210806936,25.9949180578815));
#2188=CARTESIAN_POINT('Ctrl Pts',(-1.68233369392536,10.5162852533985,25.9974593060563));
#2189=CARTESIAN_POINT('Ctrl Pts',(-1.68379446640316,10.5160513594652,26.));
#2190=CARTESIAN_POINT('Ctrl Pts',(8.31496701674431,8.31496701674341,24.2093668988998));
#2191=CARTESIAN_POINT('Ctrl Pts',(8.8055729546175,8.20778831326556,24.074479544634));
#2192=CARTESIAN_POINT('Ctrl Pts',(9.31267756018626,8.09929212555512,24.));
#2193=CARTESIAN_POINT('Ctrl Pts',(9.79910699269238,8.00000013411045,24.));
#2194=CARTESIAN_POINT('Ctrl Pts',(8.29007285995943,8.54101155564873,24.1386034256255));
#2195=CARTESIAN_POINT('Ctrl Pts',(8.79455970270417,8.46291680623015,24.0192132366575));
#2196=CARTESIAN_POINT('Ctrl Pts',(9.31306624373054,8.37948607234372,23.9693838363778));
#2197=CARTESIAN_POINT('Ctrl Pts',(9.79910699269238,8.29919943445234,24.));
#2198=CARTESIAN_POINT('Ctrl Pts',(8.1977096580943,8.88589178620524,23.8760542248957));
#2199=CARTESIAN_POINT('Ctrl Pts',(8.7302544733978,8.86469503877235,23.7457119170276));
#2200=CARTESIAN_POINT('Ctrl Pts',(9.28202191589147,8.84135019233099,23.7016337149228));
#2201=CARTESIAN_POINT('Ctrl Pts',(9.79910699269238,8.81716659613494,23.7488429270976));
#2202=CARTESIAN_POINT('Ctrl Pts',(8.05927816814646,9.00000013411045,23.4825525239184));
#2203=CARTESIAN_POINT('Ctrl Pts',(8.62163549656869,9.00011586714224,23.301746979575));
#2204=CARTESIAN_POINT('Ctrl Pts',(9.21829195304893,8.99974410369887,23.2103378057256));
#2205=CARTESIAN_POINT('Ctrl Pts',(9.79910699269238,9.00000013411045,23.2243994752564));
#2206=CARTESIAN_POINT('Ctrl Pts',(8.00000013411131,9.00000013411045,23.3140503483497));
#2207=CARTESIAN_POINT('Ctrl Pts',(8.57514098570432,9.00000013411045,23.111719316951));
#2208=CARTESIAN_POINT('Ctrl Pts',(9.19105595626464,9.00000013411045,23.));
#2209=CARTESIAN_POINT('Ctrl Pts',(9.79910699269238,9.00000013411045,23.));
#2210=CARTESIAN_POINT('Origin',(12.4245413052098,12.4245413052098,24.));
#2211=CARTESIAN_POINT('Origin',(-2.,12.4908966851864,0.));
#2212=CARTESIAN_POINT('',(9.42761792903606E-16,12.4908966851864,8.0361966054763));
#2213=CARTESIAN_POINT('',(0.,12.4908966851864,0.));
#2214=CARTESIAN_POINT('Ctrl Pts',(-3.81639164714898E-16,12.4908966851864,
8.03619660547628));
#2215=CARTESIAN_POINT('Ctrl Pts',(8.26126119735635E-15,12.1475350968162,
7.32835357806433));
#2216=CARTESIAN_POINT('Ctrl Pts',(-0.0884757044146597,11.8093868800042,
6.51449280609236));
#2217=CARTESIAN_POINT('Ctrl Pts',(-0.561557696839767,10.9692431305848,3.89883146728438));
#2218=CARTESIAN_POINT('Ctrl Pts',(-1.08849269346574,10.6131218723942,2.00006206875451));
#2219=CARTESIAN_POINT('Ctrl Pts',(-1.67999890349111,10.5166618984885,0.0127477099143149));
#2220=CARTESIAN_POINT('Ctrl Pts',(-1.68189646633514,10.5163552607969,0.00637385346611115));
#2221=CARTESIAN_POINT('Ctrl Pts',(-1.68379446640385,10.5160513594651,-8.71942796326204E-17));
#2222=CARTESIAN_POINT('',(-1.68379446640316,10.5160513594652,0.));
#2223=CARTESIAN_POINT('Origin',(12.4908966851864,-2.,0.));
#2224=CARTESIAN_POINT('',(10.5160513594652,-1.68379446640316,0.));
#2225=CARTESIAN_POINT('',(12.4908966851864,-2.38153041945138E-15,8.03619660547625));
#2226=CARTESIAN_POINT('Ctrl Pts',(10.5160513594651,-1.68379446640385,-2.79254178737039E-31));
#2227=CARTESIAN_POINT('Ctrl Pts',(10.5163552607967,-1.68189646633614,0.00637385346273114));
#2228=CARTESIAN_POINT('Ctrl Pts',(10.5166618984887,-1.67999890349018,0.0127477099202131));
#2229=CARTESIAN_POINT('Ctrl Pts',(10.5792832284618,-1.29599604656037,1.30290219755661));
#2230=CARTESIAN_POINT('Ctrl Pts',(10.7539166835873,-0.923558550670678,2.6084931402363));
#2231=CARTESIAN_POINT('Ctrl Pts',(11.3676030097615,-0.279762183743448,5.29793814885899));
#2232=CARTESIAN_POINT('Ctrl Pts',(11.8038117588523,-0.0620109576554135,
6.531493624732));
#2233=CARTESIAN_POINT('Ctrl Pts',(12.3491947345039,-0.00375924624825408,
7.73911422010644));
#2234=CARTESIAN_POINT('Ctrl Pts',(12.420102905698,2.47656327466821E-14,
7.89025458722994));
#2235=CARTESIAN_POINT('Ctrl Pts',(12.4908966851872,-3.45209971719385E-15,
8.03619660547781));
#2236=CARTESIAN_POINT('',(12.4908966851864,-2.4980018054066E-15,0.));
#2237=CARTESIAN_POINT('Origin',(0.,24.8490826104196,20.));
#2238=CARTESIAN_POINT('Ctrl Pts',(0.000344624656026312,12.4859939724348,
8.03705522268656));
#2239=CARTESIAN_POINT('Ctrl Pts',(0.000302382872927063,13.6175621701851,
10.3534285678143));
#2240=CARTESIAN_POINT('Ctrl Pts',(0.000335876139381481,15.2962308139395,
12.5049433710434));
#2241=CARTESIAN_POINT('Ctrl Pts',(0.000501710055441206,17.3169661633415,
14.1450565537786));
#2242=CARTESIAN_POINT('Ctrl Pts',(0.000663158073555643,19.2842580481788,
15.7417927892111));
#2243=CARTESIAN_POINT('Ctrl Pts',(0.000950039142493766,21.5757622638654,
16.8538203153687));
#2244=CARTESIAN_POINT('Ctrl Pts',(0.000765452170049209,23.8484255526133,
17.4513551115537));
#2245=CARTESIAN_POINT('Origin',(9.84908261041961,-2.18693565710462E-15,
20.));
#2246=CARTESIAN_POINT('Ctrl Pts',(23.8490825657038,-3.93799735383571E-15,
17.4479221276997));
#2247=CARTESIAN_POINT('Ctrl Pts',(23.0760723675838,-3.87083267387494E-15,
17.2463309474824));
#2248=CARTESIAN_POINT('Ctrl Pts',(22.3162565797969,-1.01585630173427E-14,
16.9903384651527));
#2249=CARTESIAN_POINT('Ctrl Pts',(19.4390580005288,-9.90857133258861E-15,
15.7905675749343));
#2250=CARTESIAN_POINT('Ctrl Pts',(17.5059218538045,-7.43826073521385E-15,
14.479334786075));
#2251=CARTESIAN_POINT('Ctrl Pts',(14.4920364297969,-7.17639271531684E-15,
11.430159828005));
#2252=CARTESIAN_POINT('Ctrl Pts',(13.3501488994341,-2.47162314099815E-15,
9.80755283530499));
#2253=CARTESIAN_POINT('Ctrl Pts',(12.4908966851864,-2.39696513504185E-15,
8.03619660547624));
#2254=CARTESIAN_POINT('Ctrl Pts',(20.6293599452344,18.4889127778589,19.7341255370698));
#2255=CARTESIAN_POINT('Ctrl Pts',(20.5823194456439,18.3927917913053,19.7194665425777));
#2256=CARTESIAN_POINT('Ctrl Pts',(20.5253900537256,18.3009722893055,19.7081133001982));
#2257=CARTESIAN_POINT('Ctrl Pts',(20.3203193004887,18.0348714284477,19.6855212681591));
#2258=CARTESIAN_POINT('Ctrl Pts',(20.1427085667781,17.8851406795736,19.6880572512556));
#2259=CARTESIAN_POINT('Ctrl Pts',(19.7529672640703,17.6785139596495,19.7440183148104));
#2260=CARTESIAN_POINT('Ctrl Pts',(19.5470738046671,17.6184895248447,19.7947470997373));
#2261=CARTESIAN_POINT('Ctrl Pts',(19.1534003910018,17.5814551778148,19.9493379884429));
#2262=CARTESIAN_POINT('Ctrl Pts',(18.968685144999,17.5985357167731,20.0495827163465));
#2263=CARTESIAN_POINT('Ctrl Pts',(18.6551801717042,17.6774673033829,20.2668873536765));
#2264=CARTESIAN_POINT('Ctrl Pts',(18.5245856257314,17.7324466572124,20.3789467191882));
#2265=CARTESIAN_POINT('Ctrl Pts',(18.3300821028456,17.8411047049662,20.5422844451334));
#2266=CARTESIAN_POINT('Ctrl Pts',(18.2578739539468,17.8906974488233,20.6000844271314));
#2267=CARTESIAN_POINT('Ctrl Pts',(18.1650378885647,17.9649682197147,20.6500741408686));
#2268=CARTESIAN_POINT('Ctrl Pts',(18.1387391305028,17.987498227375,20.6609042741718));
#2269=CARTESIAN_POINT('Ctrl Pts',(18.0955086673638,18.0269688725046,20.6717612042144));
#2270=CARTESIAN_POINT('Ctrl Pts',(18.0781121502665,18.0435940327539,20.6740414660748));
#2271=CARTESIAN_POINT('Ctrl Pts',(18.0443015190405,18.0773902991866,20.6740831455031));
#2272=CARTESIAN_POINT('Ctrl Pts',(18.0278853964231,18.0945434559263,20.6719044446663));
#2273=CARTESIAN_POINT('Ctrl Pts',(17.9888565680694,18.1372016183478,20.6614156798835));
#2274=CARTESIAN_POINT('Ctrl Pts',(17.9665553662475,18.163161799889,20.6508938702055));
#2275=CARTESIAN_POINT('Ctrl Pts',(17.893760845917,18.2538133207788,20.6026632023861));
#2276=CARTESIAN_POINT('Ctrl Pts',(17.8453116218983,18.323847345527,20.5473457829837));
#2277=CARTESIAN_POINT('Ctrl Pts',(17.722520180672,18.5402768583309,20.3658648800194));
#2278=CARTESIAN_POINT('Ctrl Pts',(17.6561724142005,18.7053850299538,20.2240182641016));
#2279=CARTESIAN_POINT('Ctrl Pts',(17.5817864160502,19.0954621664455,19.9754504751539));
#2280=CARTESIAN_POINT('Ctrl Pts',(17.5812654131144,19.3184791152005,19.8736627197551));
#2281=CARTESIAN_POINT('Ctrl Pts',(17.6798659853714,19.7629665691391,19.7386018820025));
#2282=CARTESIAN_POINT('Ctrl Pts',(17.7794138705139,19.9793101667191,19.7045131071461));
#2283=CARTESIAN_POINT('Ctrl Pts',(18.0571822986983,20.341404461588,19.6854480442881));
#2284=CARTESIAN_POINT('Ctrl Pts',(18.2273395723481,20.4872638067494,19.6974639345736));
#2285=CARTESIAN_POINT('Ctrl Pts',(18.4421738429758,20.6057695599252,19.7271548079058));
#2286=CARTESIAN_POINT('Ctrl Pts',(18.4654280612162,20.6178667964099,19.7305439848588));
#2287=CARTESIAN_POINT('Ctrl Pts',(18.4889127778588,20.6293599452344,19.7341255370698));
#2288=CARTESIAN_POINT('Ctrl Pts',(20.9377237065227,18.3612834349149,19.1560836913799));
#2289=CARTESIAN_POINT('Ctrl Pts',(20.8841917683507,18.2490346165957,19.1463168972597));
#2290=CARTESIAN_POINT('Ctrl Pts',(20.8197208547,18.1417336945531,19.1381193914069));
#2291=CARTESIAN_POINT('Ctrl Pts',(20.5879378149703,17.8297011892722,19.1189141050241));
#2292=CARTESIAN_POINT('Ctrl Pts',(20.3882024217921,17.6520170954762,19.1143943382687));
#2293=CARTESIAN_POINT('Ctrl Pts',(19.9471819030299,17.397856948808,19.1336339413548));
#2294=CARTESIAN_POINT('Ctrl Pts',(19.7130223904126,17.3180259992225,19.1559432482413));
#2295=CARTESIAN_POINT('Ctrl Pts',(19.2558712489586,17.2520163740308,19.2348824254942));
#2296=CARTESIAN_POINT('Ctrl Pts',(19.0367130766225,17.2594150014227,19.2893654773866));
#2297=CARTESIAN_POINT('Ctrl Pts',(18.649083983029,17.3344405192867,19.4128240527733));
#2298=CARTESIAN_POINT('Ctrl Pts',(18.4800288940413,17.3939966710186,19.478644173531));
#2299=CARTESIAN_POINT('Ctrl Pts',(18.2157140538689,17.5263133417008,19.575568771359));
#2300=CARTESIAN_POINT('Ctrl Pts',(18.1134819438147,17.5907498993719,19.6103977515466));
#2301=CARTESIAN_POINT('Ctrl Pts',(17.9798127016111,17.6928270000866,19.6404983269902));
#2302=CARTESIAN_POINT('Ctrl Pts',(17.9417218067493,17.724369607988,19.6470440899575));
#2303=CARTESIAN_POINT('Ctrl Pts',(17.8791138882481,17.780428686084,19.6535994533338));
#2304=CARTESIAN_POINT('Ctrl Pts',(17.8539482251346,17.8042398815821,19.6549765476889));
#2305=CARTESIAN_POINT('Ctrl Pts',(17.805252189675,17.8529123569083,19.655004890211));
#2306=CARTESIAN_POINT('Ctrl Pts',(17.7817347729475,17.8777202999477,19.6536814187285));
#2307=CARTESIAN_POINT('Ctrl Pts',(17.7262812258496,17.9395032653375,19.6473609399437));
#2308=CARTESIAN_POINT('Ctrl Pts',(17.6950364323288,17.9770966289139,19.6409794292082));
#2309=CARTESIAN_POINT('Ctrl Pts',(17.5948815172386,18.1076931736574,19.6119851289567));
#2310=CARTESIAN_POINT('Ctrl Pts',(17.5317335178903,18.2069043255022,19.578564397228));
#2311=CARTESIAN_POINT('Ctrl Pts',(17.381431478058,18.5019478353677,19.4709171692971));
#2312=CARTESIAN_POINT('Ctrl Pts',(17.3115849212873,18.7138362239994,19.387749393505));
#2313=CARTESIAN_POINT('Ctrl Pts',(17.2480379218073,19.1888719645893,19.2484367858877));
#2314=CARTESIAN_POINT('Ctrl Pts',(17.2622367588509,19.4492169641748,19.1951290079345));
#2315=CARTESIAN_POINT('Ctrl Pts',(17.4000023032413,19.959260326179,19.1304748935203));
#2316=CARTESIAN_POINT('Ctrl Pts',(17.5240667193247,20.2034936135601,19.1185475110935));
#2317=CARTESIAN_POINT('Ctrl Pts',(17.8562631033555,20.6119752567658,19.1194636814573));
#2318=CARTESIAN_POINT('Ctrl Pts',(18.0557483102243,20.7763134433608,19.1309433066179));
#2319=CARTESIAN_POINT('Ctrl Pts',(18.3066885957101,20.9109062852998,19.1513953700279));
#2320=CARTESIAN_POINT('Ctrl Pts',(18.3338599587112,20.9246432246674,19.153699460695));
#2321=CARTESIAN_POINT('Ctrl Pts',(18.3612834349149,20.9377237065227,19.1560836913799));
#2322=CARTESIAN_POINT('Ctrl Pts',(21.2460874678111,18.2336540919709,18.5780418456899));
#2323=CARTESIAN_POINT('Ctrl Pts',(21.1861041030395,18.1052417684708,18.573149645318));
#2324=CARTESIAN_POINT('Ctrl Pts',(21.1140161081073,17.9825356362808,18.5681497381786));
#2325=CARTESIAN_POINT('Ctrl Pts',(20.8556418529649,17.6244370921594,18.5522484924248));
#2326=CARTESIAN_POINT('Ctrl Pts',(20.6337174783952,17.4189336048465,18.5408443258229));
#2327=CARTESIAN_POINT('Ctrl Pts',(20.1413792594477,17.1171532737713,18.5231178552374));
#2328=CARTESIAN_POINT('Ctrl Pts',(19.8790507500628,17.0175353119004,18.5172339972585));
#2329=CARTESIAN_POINT('Ctrl Pts',(19.3582529010621,16.9226106125414,18.5203143250225));
#2330=CARTESIAN_POINT('Ctrl Pts',(19.1047632211866,16.9201952814804,18.5289803329341));
#2331=CARTESIAN_POINT('Ctrl Pts',(18.6429445735311,16.9915301112641,18.5589146729286));
#2332=CARTESIAN_POINT('Ctrl Pts',(18.4353509455893,17.0555560725528,18.5781027685861));
#2333=CARTESIAN_POINT('Ctrl Pts',(18.1014211038383,17.2115489268471,18.6090659424602));
#2334=CARTESIAN_POINT('Ctrl Pts',(17.9690026547855,17.2908814761469,18.6206999135925));
#2335=CARTESIAN_POINT('Ctrl Pts',(17.7946244496522,17.4206755565472,18.6309709616039));
#2336=CARTESIAN_POINT('Ctrl Pts',(17.7446863837655,17.4612734623919,18.6332125975421));
#2337=CARTESIAN_POINT('Ctrl Pts',(17.6627337571474,17.5338919777402,18.6354703026292));
#2338=CARTESIAN_POINT('Ctrl Pts',(17.6297792955314,17.5649095199105,18.6359472119828));
#2339=CARTESIAN_POINT('Ctrl Pts',(17.566213197035,17.6284383789445,18.6359526997051));
#2340=CARTESIAN_POINT('Ctrl Pts',(17.5355769730334,17.6609289488012,18.6355047369697));
#2341=CARTESIAN_POINT('Ctrl Pts',(17.4637259653877,17.7417876666101,18.6333104449126));
#2342=CARTESIAN_POINT('Ctrl Pts',(17.423496306274,17.7910987629798,18.6311543635279));
#2343=CARTESIAN_POINT('Ctrl Pts',(17.2960681405429,17.9614479444878,18.6211879376573));
#2344=CARTESIAN_POINT('Ctrl Pts',(17.2181632548079,18.0901211917215,18.6101334383972));
#2345=CARTESIAN_POINT('Ctrl Pts',(17.0403572442181,18.4633366744982,18.5754022626767));
#2346=CARTESIAN_POINT('Ctrl Pts',(16.9671542210576,18.7221783460465,18.5515822513218));
#2347=CARTESIAN_POINT('Ctrl Pts',(16.9141418779092,19.2823622618387,18.5212709255339));
#2348=CARTESIAN_POINT('Ctrl Pts',(16.9431833236053,19.5798385032185,18.5163069079701));
#2349=CARTESIAN_POINT('Ctrl Pts',(17.1201614974199,20.1556494872869,18.5225714918251));
#2350=CARTESIAN_POINT('Ctrl Pts',(17.268620014973,20.4276917613316,18.5323974197103));
#2351=CARTESIAN_POINT('Ctrl Pts',(17.6554227221033,20.8825363866843,18.5536116256746));
#2352=CARTESIAN_POINT('Ctrl Pts',(17.8840462657149,21.0654751039004,18.5643339247827));
#2353=CARTESIAN_POINT('Ctrl Pts',(18.1712192040837,21.2160277657372,18.5756487744624));
#2354=CARTESIAN_POINT('Ctrl Pts',(18.202278143354,21.2314333745249,18.5768445241638));
#2355=CARTESIAN_POINT('Ctrl Pts',(18.2336540919709,21.2460874678111,18.5780418456899));
#2356=CARTESIAN_POINT('Ctrl Pts',(21.5544512290994,18.1060247490269,18.));
#2357=CARTESIAN_POINT('Ctrl Pts',(21.4879764257462,17.9614845937612,18.));
#2358=CARTESIAN_POINT('Ctrl Pts',(21.4083469090817,17.8232970415284,17.9981558293872));
#2359=CARTESIAN_POINT('Ctrl Pts',(21.1232603674466,17.4192668529839,17.9856413292898));
#2360=CARTESIAN_POINT('Ctrl Pts',(20.8792113334092,17.1858100207491,17.967181412836));
#2361=CARTESIAN_POINT('Ctrl Pts',(20.3355938984073,16.8364962629299,17.9127334817818));
#2362=CARTESIAN_POINT('Ctrl Pts',(20.0449993358083,16.7170717862781,17.8784301457626));
#2363=CARTESIAN_POINT('Ctrl Pts',(19.460723759019,16.5931718087574,17.8058587620738));
#2364=CARTESIAN_POINT('Ctrl Pts',(19.1727911528102,16.5810745661299,17.7687630939743));
#2365=CARTESIAN_POINT('Ctrl Pts',(18.6368483848559,16.6485033271679,17.7048513720254));
#2366=CARTESIAN_POINT('Ctrl Pts',(18.3907942138993,16.717106086359,17.6778002229289));
#2367=CARTESIAN_POINT('Ctrl Pts',(17.9870530548616,16.8967575635817,17.6423502686858));
#2368=CARTESIAN_POINT('Ctrl Pts',(17.8246106446535,16.9909339266954,17.6310132380077));
#2369=CARTESIAN_POINT('Ctrl Pts',(17.6093992626986,17.1485343369191,17.6213951477255));
#2370=CARTESIAN_POINT('Ctrl Pts',(17.5476690600119,17.1981448430049,17.6193524133278));
#2371=CARTESIAN_POINT('Ctrl Pts',(17.4463389780317,17.2873517913196,17.6173085517485));
#2372=CARTESIAN_POINT('Ctrl Pts',(17.4056153703995,17.3255553687387,17.6168822935969));
#2373=CARTESIAN_POINT('Ctrl Pts',(17.3271638676695,17.4039604366662,17.616874444413));
#2374=CARTESIAN_POINT('Ctrl Pts',(17.2894263495578,17.4441057928226,17.6172817110319));
#2375=CARTESIAN_POINT('Ctrl Pts',(17.2011506231678,17.5440893135998,17.6192557049728));
#2376=CARTESIAN_POINT('Ctrl Pts',(17.1519773723553,17.6050335920047,17.6212399225306));
#2377=CARTESIAN_POINT('Ctrl Pts',(16.9971888118645,17.8153277973665,17.6305098642279));
#2378=CARTESIAN_POINT('Ctrl Pts',(16.9045851508,17.9731781716967,17.6413520526415));
#2379=CARTESIAN_POINT('Ctrl Pts',(16.6992685416042,18.425007651535,17.6804545519543));
#2380=CARTESIAN_POINT('Ctrl Pts',(16.6225667281444,18.7306295400921,17.7153133807251));
#2381=CARTESIAN_POINT('Ctrl Pts',(16.5803933836662,19.3757720599825,17.7942572362677));
#2382=CARTESIAN_POINT('Ctrl Pts',(16.6241546693418,19.7105763521928,17.8377731961494));
#2383=CARTESIAN_POINT('Ctrl Pts',(16.8402978152897,20.3519432443267,17.914444503343));
#2384=CARTESIAN_POINT('Ctrl Pts',(17.0132728637838,20.6518752081727,17.9464318236576));
#2385=CARTESIAN_POINT('Ctrl Pts',(17.4545035267605,21.1531071818621,17.9876272628438));
#2386=CARTESIAN_POINT('Ctrl Pts',(17.7124550035911,21.3545247405118,17.997813296827));
#2387=CARTESIAN_POINT('Ctrl Pts',(18.035733956818,21.5211644911118,17.9998893365845));
#2388=CARTESIAN_POINT('Ctrl Pts',(18.070710040849,21.5382098027824,18.));
#2389=CARTESIAN_POINT('Ctrl Pts',(18.1060247490269,21.5544512290994,18.));
#2390=CARTESIAN_POINT('',(20.6293599452344,18.4889127778588,19.7341255370698));
#2391=CARTESIAN_POINT('',(21.5544512290994,18.1060247490269,18.));
#2392=CARTESIAN_POINT('',(20.6293599452344,18.4889127778588,19.7341255370698));
#2393=CARTESIAN_POINT('',(18.1060247490269,21.5544512290994,18.));
#2394=CARTESIAN_POINT('Ctrl Pts',(21.5544512290994,18.1060247490269,18.));
#2395=CARTESIAN_POINT('Ctrl Pts',(21.4879764257462,17.9614845937612,18.));
#2396=CARTESIAN_POINT('Ctrl Pts',(21.4083469090817,17.8232970415284,17.9981558293872));
#2397=CARTESIAN_POINT('Ctrl Pts',(21.1232603674466,17.4192668529839,17.9856413292898));
#2398=CARTESIAN_POINT('Ctrl Pts',(20.8792113334092,17.1858100207491,17.967181412836));
#2399=CARTESIAN_POINT('Ctrl Pts',(20.3355938984073,16.8364962629299,17.9127334817818));
#2400=CARTESIAN_POINT('Ctrl Pts',(20.0449993358083,16.7170717862781,17.8784301457626));
#2401=CARTESIAN_POINT('Ctrl Pts',(19.460723759019,16.5931718087574,17.8058587620738));
#2402=CARTESIAN_POINT('Ctrl Pts',(19.1727911528102,16.5810745661299,17.7687630939743));
#2403=CARTESIAN_POINT('Ctrl Pts',(18.6368483848559,16.6485033271679,17.7048513720254));
#2404=CARTESIAN_POINT('Ctrl Pts',(18.3907942138993,16.717106086359,17.6778002229289));
#2405=CARTESIAN_POINT('Ctrl Pts',(17.9870530548616,16.8967575635817,17.6423502686858));
#2406=CARTESIAN_POINT('Ctrl Pts',(17.8246106446535,16.9909339266954,17.6310132380077));
#2407=CARTESIAN_POINT('Ctrl Pts',(17.6093992626986,17.1485343369191,17.6213951477255));
#2408=CARTESIAN_POINT('Ctrl Pts',(17.5476690600119,17.1981448430049,17.6193524133278));
#2409=CARTESIAN_POINT('Ctrl Pts',(17.4463389780317,17.2873517913196,17.6173085517485));
#2410=CARTESIAN_POINT('Ctrl Pts',(17.4056153703995,17.3255553687387,17.6168822935969));
#2411=CARTESIAN_POINT('Ctrl Pts',(17.3271638676695,17.4039604366662,17.616874444413));
#2412=CARTESIAN_POINT('Ctrl Pts',(17.2894263495578,17.4441057928226,17.6172817110319));
#2413=CARTESIAN_POINT('Ctrl Pts',(17.2011506231678,17.5440893135998,17.6192557049728));
#2414=CARTESIAN_POINT('Ctrl Pts',(17.1519773723553,17.6050335920047,17.6212399225306));
#2415=CARTESIAN_POINT('Ctrl Pts',(16.9971888118645,17.8153277973665,17.6305098642279));
#2416=CARTESIAN_POINT('Ctrl Pts',(16.9045851508,17.9731781716967,17.6413520526415));
#2417=CARTESIAN_POINT('Ctrl Pts',(16.6992685416042,18.425007651535,17.6804545519543));
#2418=CARTESIAN_POINT('Ctrl Pts',(16.6225667281444,18.7306295400921,17.7153133807251));
#2419=CARTESIAN_POINT('Ctrl Pts',(16.5803933836662,19.3757720599825,17.7942572362677));
#2420=CARTESIAN_POINT('Ctrl Pts',(16.6241546693418,19.7105763521928,17.8377731961494));
#2421=CARTESIAN_POINT('Ctrl Pts',(16.8402978152897,20.3519432443267,17.914444503343));
#2422=CARTESIAN_POINT('Ctrl Pts',(17.0132728637838,20.6518752081727,17.9464318236576));
#2423=CARTESIAN_POINT('Ctrl Pts',(17.4545035267605,21.1531071818621,17.9876272628438));
#2424=CARTESIAN_POINT('Ctrl Pts',(17.7124550035911,21.3545247405118,17.997813296827));
#2425=CARTESIAN_POINT('Ctrl Pts',(18.035733956818,21.5211644911118,17.9998893365845));
#2426=CARTESIAN_POINT('Ctrl Pts',(18.070710040849,21.5382098027824,18.));
#2427=CARTESIAN_POINT('Ctrl Pts',(18.1060247490269,21.5544512290994,18.));
#2428=CARTESIAN_POINT('',(18.4889127778588,20.6293599452344,19.7341255370698));
#2429=CARTESIAN_POINT('',(18.1060247490269,21.5544512290994,18.));
#2430=CARTESIAN_POINT('',(17.5923127777728,19.1921979595496,19.9400729965483));
#2431=CARTESIAN_POINT('Ctrl Pts',(18.4889127778588,20.6293599452344,19.7341255370698));
#2432=CARTESIAN_POINT('Ctrl Pts',(18.4654280612162,20.6178667964099,19.7305439848588));
#2433=CARTESIAN_POINT('Ctrl Pts',(18.4421738429758,20.6057695599252,19.7271548079058));
#2434=CARTESIAN_POINT('Ctrl Pts',(18.2273395723481,20.4872638067494,19.6974639345736));
#2435=CARTESIAN_POINT('Ctrl Pts',(18.0571822986983,20.341404461588,19.6854480442881));
#2436=CARTESIAN_POINT('Ctrl Pts',(17.7794138705139,19.9793101667191,19.7045131071461));
#2437=CARTESIAN_POINT('Ctrl Pts',(17.6798659853714,19.7629665691391,19.7386018820025));
#2438=CARTESIAN_POINT('Ctrl Pts',(17.6043968693511,19.4227547989333,19.8419777732456));
#2439=CARTESIAN_POINT('Ctrl Pts',(17.5923700994592,19.3061457285,19.8868294701255));
#2440=CARTESIAN_POINT('Ctrl Pts',(17.592356638381,19.1921821638526,19.9402036575002));
#2441=CARTESIAN_POINT('Ctrl Pts',(17.592356638381,19.1921821638526,19.9402036575002));
#2442=CARTESIAN_POINT('Ctrl Pts',(17.5923445161815,19.0895537526868,19.9882690902066));
#2443=CARTESIAN_POINT('Ctrl Pts',(17.6020747905133,18.9890707593066,20.0432459811233));
#2444=CARTESIAN_POINT('Ctrl Pts',(17.6561724142005,18.7053850299538,20.2240182641016));
#2445=CARTESIAN_POINT('Ctrl Pts',(17.722520180672,18.5402768583309,20.3658648800194));
#2446=CARTESIAN_POINT('Ctrl Pts',(17.8453116218983,18.323847345527,20.5473457829837));
#2447=CARTESIAN_POINT('Ctrl Pts',(17.893760845917,18.2538133207788,20.6026632023861));
#2448=CARTESIAN_POINT('Ctrl Pts',(17.9665553662475,18.163161799889,20.6508938702055));
#2449=CARTESIAN_POINT('Ctrl Pts',(17.9888565680694,18.1372016183478,20.6614156798835));
#2450=CARTESIAN_POINT('Ctrl Pts',(18.0278853964231,18.0945434559263,20.6719044446663));
#2451=CARTESIAN_POINT('Ctrl Pts',(18.0443015190405,18.0773902991866,20.6740831455031));
#2452=CARTESIAN_POINT('Ctrl Pts',(18.0781121502665,18.0435940327539,20.6740414660748));
#2453=CARTESIAN_POINT('Ctrl Pts',(18.0955086673638,18.0269688725046,20.6717612042144));
#2454=CARTESIAN_POINT('Ctrl Pts',(18.1387391305028,17.987498227375,20.6609042741718));
#2455=CARTESIAN_POINT('Ctrl Pts',(18.1650378885647,17.9649682197147,20.6500741408686));
#2456=CARTESIAN_POINT('Ctrl Pts',(18.2578739539468,17.8906974488233,20.6000844271314));
#2457=CARTESIAN_POINT('Ctrl Pts',(18.3300821028456,17.8411047049662,20.5422844451334));
#2458=CARTESIAN_POINT('Ctrl Pts',(18.5245856257314,17.7324466572124,20.3789467191882));
#2459=CARTESIAN_POINT('Ctrl Pts',(18.6551801717042,17.6774673033829,20.2668873536765));
#2460=CARTESIAN_POINT('Ctrl Pts',(18.968685144999,17.5985357167731,20.0495827163465));
#2461=CARTESIAN_POINT('Ctrl Pts',(19.1534003910018,17.5814551778148,19.9493379884429));
#2462=CARTESIAN_POINT('Ctrl Pts',(19.5470738046671,17.6184895248447,19.7947470997373));
#2463=CARTESIAN_POINT('Ctrl Pts',(19.7529672640703,17.6785139596495,19.7440183148104));
#2464=CARTESIAN_POINT('Ctrl Pts',(20.1427085667781,17.8851406795736,19.6880572512556));
#2465=CARTESIAN_POINT('Ctrl Pts',(20.3203193004887,18.0348714284477,19.6855212681591));
#2466=CARTESIAN_POINT('Ctrl Pts',(20.5253900537256,18.3009722893055,19.7081133001982));
#2467=CARTESIAN_POINT('Ctrl Pts',(20.5823194456439,18.3927917913053,19.7194665425777));
#2468=CARTESIAN_POINT('Ctrl Pts',(20.6293599452344,18.4889127778589,19.7341255370698));
#2469=CARTESIAN_POINT('Origin',(19.1922283609272,19.1922283609272,18.8660254037844));
#2470=CARTESIAN_POINT('',(18.990440678977,20.7794528981031,19.7320508075689));
#2471=CARTESIAN_POINT('',(18.8643233777581,21.771468233838,18.));
#2472=CARTESIAN_POINT('',(18.990440678977,20.7794528981031,19.7320508075689));
#2473=CARTESIAN_POINT('',(21.771468233838,18.8643233777581,18.));
#2474=CARTESIAN_POINT('Origin',(19.1922283609272,19.1922283609272,18.));
#2475=CARTESIAN_POINT('',(20.7794528981031,18.990440678977,19.7320508075689));
#2476=CARTESIAN_POINT('',(21.771468233838,18.8643233777581,18.));
#2477=CARTESIAN_POINT('Origin',(19.1922283609272,19.1922283609272,19.7320508075689));
#2478=CARTESIAN_POINT('Ctrl Pts',(21.5544512290994,18.1060247490269,18.));
#2479=CARTESIAN_POINT('Ctrl Pts',(21.5715601427238,18.1432256869304,18.));
#2480=CARTESIAN_POINT('Ctrl Pts',(21.5877962315028,18.1808452263302,18.));
#2481=CARTESIAN_POINT('Ctrl Pts',(21.6867512355091,18.4259185292702,18.));
#2482=CARTESIAN_POINT('Ctrl Pts',(21.7433099825888,18.6428357879497,18.));
#2483=CARTESIAN_POINT('Ctrl Pts',(21.7714682338577,18.8643233779129,18.));
#2484=CARTESIAN_POINT('Ctrl Pts',(21.2460874678111,18.2336540919709,18.5780418456899));
#2485=CARTESIAN_POINT('Ctrl Pts',(21.2615432134088,18.2667287171684,18.5779553306718));
#2486=CARTESIAN_POINT('Ctrl Pts',(21.2761929105329,18.3001713345865,18.577878883711));
#2487=CARTESIAN_POINT('Ctrl Pts',(21.365411455358,18.5180109559782,18.5774427838201));
#2488=CARTESIAN_POINT('Ctrl Pts',(21.4159146249605,18.7105908106167,18.577350179545));
#2489=CARTESIAN_POINT('Ctrl Pts',(21.4407964552728,18.9063624782676,18.5773502691896));
#2490=CARTESIAN_POINT('Ctrl Pts',(20.9377237065227,18.3612834349149,19.1560836913799));
#2491=CARTESIAN_POINT('Ctrl Pts',(20.9515233207372,18.3902293902874,19.1559108577768));
#2492=CARTESIAN_POINT('Ctrl Pts',(20.9645922240533,18.4194994643251,19.1557575700643));
#2493=CARTESIAN_POINT('Ctrl Pts',(21.0440570041663,18.6100923561368,19.1548867346237));
#2494=CARTESIAN_POINT('Ctrl Pts',(21.088494944984,18.7783219128197,19.1547006280261));
#2495=CARTESIAN_POINT('Ctrl Pts',(21.110124676688,18.9484015786223,19.1547005383793));
#2496=CARTESIAN_POINT('Ctrl Pts',(20.6293599452344,18.4889127778588,19.7341255370698));
#2497=CARTESIAN_POINT('Ctrl Pts',(20.6415063914222,18.5137324205254,19.7338661884486));
#2498=CARTESIAN_POINT('Ctrl Pts',(20.6529889030834,18.5388255725814,19.7336364537753));
#2499=CARTESIAN_POINT('Ctrl Pts',(20.7227172240152,18.7021847828449,19.7323295184438));
#2500=CARTESIAN_POINT('Ctrl Pts',(20.7610995873558,18.8460769354867,19.7320508075711));
#2501=CARTESIAN_POINT('Ctrl Pts',(20.7794528981031,18.990440678977,19.7320508075689));
#2502=CARTESIAN_POINT('Ctrl Pts',(21.7714682338577,18.8643233779129,18.));
#2503=CARTESIAN_POINT('Ctrl Pts',(21.7433099825888,18.6428357879497,18.));
#2504=CARTESIAN_POINT('Ctrl Pts',(21.6867512355091,18.4259185292702,18.));
#2505=CARTESIAN_POINT('Ctrl Pts',(21.5877962315028,18.1808452263302,18.));
#2506=CARTESIAN_POINT('Ctrl Pts',(21.5715601427238,18.1432256869304,18.));
#2507=CARTESIAN_POINT('Ctrl Pts',(21.5544512290994,18.1060247490269,18.));
#2508=CARTESIAN_POINT('Ctrl Pts',(20.6293599452344,18.4889127778588,19.7341255370698));
#2509=CARTESIAN_POINT('Ctrl Pts',(20.6415063914222,18.5137324205254,19.7338661884486));
#2510=CARTESIAN_POINT('Ctrl Pts',(20.6529889030834,18.5388255725814,19.7336364537753));
#2511=CARTESIAN_POINT('Ctrl Pts',(20.7227172240152,18.7021847828449,19.7323295184438));
#2512=CARTESIAN_POINT('Ctrl Pts',(20.7610995873558,18.8460769354867,19.7320508075711));
#2513=CARTESIAN_POINT('Ctrl Pts',(20.7794528981031,18.990440678977,19.7320508075689));
#2514=CARTESIAN_POINT('Ctrl Pts',(18.8643233779128,21.7714682338577,18.));
#2515=CARTESIAN_POINT('Ctrl Pts',(18.6017702131417,21.7380892170635,18.));
#2516=CARTESIAN_POINT('Ctrl Pts',(18.3461201289436,21.6648723998574,18.));
#2517=CARTESIAN_POINT('Ctrl Pts',(18.1060247490269,21.5544512290994,18.));
#2518=CARTESIAN_POINT('Ctrl Pts',(18.9063624782676,21.4407964552728,18.5773502691896));
#2519=CARTESIAN_POINT('Ctrl Pts',(18.6742837221291,21.4112917235116,18.5773502691905));
#2520=CARTESIAN_POINT('Ctrl Pts',(18.4471131203034,21.3458326935378,18.5774838991323));
#2521=CARTESIAN_POINT('Ctrl Pts',(18.2336540919709,21.2460874678111,18.5780418456899));
#2522=CARTESIAN_POINT('Ctrl Pts',(18.9484015786223,21.1101246766879,19.1547005383792));
#2523=CARTESIAN_POINT('Ctrl Pts',(18.7467972311165,21.0844942299597,19.154700538381));
#2524=CARTESIAN_POINT('Ctrl Pts',(18.5481061116631,21.0267929872182,19.1549677982647));
#2525=CARTESIAN_POINT('Ctrl Pts',(18.3612834349149,20.9377237065227,19.1560836913799));
#2526=CARTESIAN_POINT('Ctrl Pts',(18.990440678977,20.7794528981031,19.7320508075689));
#2527=CARTESIAN_POINT('Ctrl Pts',(18.8193107401038,20.7576967364078,19.7320508075715));
#2528=CARTESIAN_POINT('Ctrl Pts',(18.6490991030229,20.7077532808987,19.732451697397));
#2529=CARTESIAN_POINT('Ctrl Pts',(18.4889127778588,20.6293599452344,19.7341255370698));
#2530=CARTESIAN_POINT('Ctrl Pts',(18.1060247490269,21.5544512290994,18.));
#2531=CARTESIAN_POINT('Ctrl Pts',(18.3461201289436,21.6648723998574,18.));
#2532=CARTESIAN_POINT('Ctrl Pts',(18.6017702131417,21.7380892170635,18.));
#2533=CARTESIAN_POINT('Ctrl Pts',(18.8643233779128,21.7714682338577,18.));
#2534=CARTESIAN_POINT('Ctrl Pts',(18.990440678977,20.7794528981031,19.7320508075689));
#2535=CARTESIAN_POINT('Ctrl Pts',(18.8193107401038,20.7576967364078,19.7320508075715));
#2536=CARTESIAN_POINT('Ctrl Pts',(18.6490991030229,20.7077532808987,19.732451697397));
#2537=CARTESIAN_POINT('Ctrl Pts',(18.4889127778588,20.6293599452344,19.7341255370698));
#2538=CARTESIAN_POINT('Origin',(12.4245413052098,12.4245413052098,18.));
#2539=CARTESIAN_POINT('Ctrl Pts',(21.5542087953405,18.1058204719255,18.));
#2540=CARTESIAN_POINT('Ctrl Pts',(21.8452687576201,17.7603937930583,18.));
#2541=CARTESIAN_POINT('Ctrl Pts',(22.6591006325635,16.7456683450149,18.));
#2542=CARTESIAN_POINT('Ctrl Pts',(23.4001854736972,15.675200814229,18.));
#2543=CARTESIAN_POINT('Ctrl Pts',(23.8511198161055,14.9560010315415,18.));
#2544=CARTESIAN_POINT('Ctrl Pts',(14.9525860112157,23.8456845558744,18.));
#2545=CARTESIAN_POINT('Ctrl Pts',(16.0528710708997,23.1535286265118,18.));
#2546=CARTESIAN_POINT('Ctrl Pts',(17.1059159902547,22.3855775846334,18.));
#2547=CARTESIAN_POINT('Ctrl Pts',(18.1019120446385,21.5495515760721,18.));
#2548=CARTESIAN_POINT('Origin',(19.1922283609272,19.1922283609272,20.));
#2549=CARTESIAN_POINT('',(17.5922283609272,19.1922283609272,22.));
#2550=CARTESIAN_POINT('',(17.5922283609272,19.1922283609272,20.));
#2551=CARTESIAN_POINT('Origin',(19.1922283609272,19.1922283609272,22.));
#2552=CARTESIAN_POINT('Origin',(0.,9.84908261041961,20.));
#2553=CARTESIAN_POINT('',(2.68620644793699,7.16287616248262,20.));
#2554=CARTESIAN_POINT('',(0.,9.84908261041961,20.));
#2555=CARTESIAN_POINT('',(2.68620644793699,7.16287616248262,24.));
#2556=CARTESIAN_POINT('',(2.68620644793699,7.16287616248262,20.));
#2557=CARTESIAN_POINT('',(0.,9.84908261041961,24.));
#2558=CARTESIAN_POINT('Origin',(12.4245413052098,12.4245413052098,24.));
#2559=CARTESIAN_POINT('',(7.16287616248262,2.68620644793699,24.));
#2560=CARTESIAN_POINT('Origin',(0.,0.,24.));
#2561=CARTESIAN_POINT('',(0.,9.84908261041961,24.));
#2562=CARTESIAN_POINT('Origin',(7.16287616248262,2.68620644793699,20.));
#2563=CARTESIAN_POINT('',(7.16287616248262,2.68620644793699,20.));
#2564=CARTESIAN_POINT('',(7.16287616248262,2.68620644793699,20.));
#2565=CARTESIAN_POINT('',(0.,9.84908261041961,20.));
#2566=CARTESIAN_POINT('Origin',(0.,0.,20.));
#2567=CARTESIAN_POINT('Origin',(0.,0.,20.));
#2568=CARTESIAN_POINT('Origin',(12.4245413052098,12.4245413052098,20.));
#2569=CARTESIAN_POINT('Origin',(0.,0.,0.));
#2570=CARTESIAN_POINT('',(-10.65,-1.30424884109193E-15,0.));
#2571=CARTESIAN_POINT('',(-7.53068721963673,-7.53068721963673,12.15));
#2572=CARTESIAN_POINT('',(-5.85535598628323,-8.89591514538538,10.));
#2573=CARTESIAN_POINT('Ctrl Pts',(-7.53068721963673,-7.53068721963673,12.15));
#2574=CARTESIAN_POINT('Ctrl Pts',(-7.33923597445114,-7.72213846482232,12.15));
#2575=CARTESIAN_POINT('Ctrl Pts',(-7.12734041385358,-7.91795639507675,12.0957379476855));
#2576=CARTESIAN_POINT('Ctrl Pts',(-6.72387760272865,-8.26332165880724,11.8760891018327));
#2577=CARTESIAN_POINT('Ctrl Pts',(-6.53266659966634,-8.41331076167039,11.7107429191502));
#2578=CARTESIAN_POINT('Ctrl Pts',(-6.22445359628365,-8.6438251147366,11.3298051521945));
#2579=CARTESIAN_POINT('Ctrl Pts',(-6.08674485628013,-8.7399389087499,11.0885449491907));
#2580=CARTESIAN_POINT('Ctrl Pts',(-5.90195620657172,-8.86577172233727,10.5590599048858));
#2581=CARTESIAN_POINT('Ctrl Pts',(-5.85535598628323,-8.89591514538538,10.2707687092639));
#2582=CARTESIAN_POINT('Ctrl Pts',(-5.85535598628323,-8.89591514538538,10.));
#2583=CARTESIAN_POINT('',(-7.53068721963673,-7.53068721963673,7.85));
#2584=CARTESIAN_POINT('Ctrl Pts',(-5.85535598628323,-8.89591514538538,10.));
#2585=CARTESIAN_POINT('Ctrl Pts',(-5.85535598628323,-8.89591514538538,9.72923129073607));
#2586=CARTESIAN_POINT('Ctrl Pts',(-5.90195620657172,-8.86577172233727,9.44094009511415));
#2587=CARTESIAN_POINT('Ctrl Pts',(-6.08674485628013,-8.7399389087499,8.91145505080931));
#2588=CARTESIAN_POINT('Ctrl Pts',(-6.22445359628365,-8.6438251147366,8.67019484780553));
#2589=CARTESIAN_POINT('Ctrl Pts',(-6.53266659966634,-8.41331076167039,8.2892570808498));
#2590=CARTESIAN_POINT('Ctrl Pts',(-6.72387760272865,-8.26332165880724,8.12391089816727));
#2591=CARTESIAN_POINT('Ctrl Pts',(-7.12734041385358,-7.91795639507675,7.9042620523145));
#2592=CARTESIAN_POINT('Ctrl Pts',(-7.33923597445114,-7.72213846482232,7.85));
#2593=CARTESIAN_POINT('Ctrl Pts',(-7.53068721963673,-7.53068721963673,7.85));
#2594=CARTESIAN_POINT('Ctrl Pts',(-7.53068721963673,-7.53068721963673,7.85));
#2595=CARTESIAN_POINT('Ctrl Pts',(-7.72213846482232,-7.33923597445114,7.85));
#2596=CARTESIAN_POINT('Ctrl Pts',(-7.91795639507675,-7.12734041385357,7.9042620523145));
#2597=CARTESIAN_POINT('Ctrl Pts',(-8.26332165880725,-6.72387760272865,8.12391089816727));
#2598=CARTESIAN_POINT('Ctrl Pts',(-8.41331076167039,-6.53266659966634,8.2892570808498));
#2599=CARTESIAN_POINT('Ctrl Pts',(-8.6438251147366,-6.22445359628364,8.67019484780552));
#2600=CARTESIAN_POINT('Ctrl Pts',(-8.7399389087499,-6.08674485628013,8.91145505080931));
#2601=CARTESIAN_POINT('Ctrl Pts',(-8.86577172233727,-5.90195620657171,9.44094009511415));
#2602=CARTESIAN_POINT('Ctrl Pts',(-8.89591514538539,-5.85535598628323,9.72923129073607));
#2603=CARTESIAN_POINT('Ctrl Pts',(-8.89591514538539,-5.85535598628323,10.));
#2604=CARTESIAN_POINT('Ctrl Pts',(-8.89591514538539,-5.85535598628323,10.2707687092639));
#2605=CARTESIAN_POINT('Ctrl Pts',(-8.86577172233727,-5.90195620657171,10.5590599048858));
#2606=CARTESIAN_POINT('Ctrl Pts',(-8.7399389087499,-6.08674485628013,11.0885449491907));
#2607=CARTESIAN_POINT('Ctrl Pts',(-8.6438251147366,-6.22445359628364,11.3298051521945));
#2608=CARTESIAN_POINT('Ctrl Pts',(-8.41331076167039,-6.53266659966634,11.7107429191502));
#2609=CARTESIAN_POINT('Ctrl Pts',(-8.26332165880725,-6.72387760272865,11.8760891018327));
#2610=CARTESIAN_POINT('Ctrl Pts',(-7.91795639507675,-7.12734041385357,12.0957379476855));
#2611=CARTESIAN_POINT('Ctrl Pts',(-7.72213846482232,-7.33923597445114,12.15));
#2612=CARTESIAN_POINT('Ctrl Pts',(-7.53068721963673,-7.53068721963673,12.15));
#2613=CARTESIAN_POINT('',(-7.53068721963673,-7.53068721963673,32.15));
#2614=CARTESIAN_POINT('',(-5.85535598628323,-8.89591514538538,30.));
#2615=CARTESIAN_POINT('Ctrl Pts',(-7.53068721963673,-7.53068721963673,32.15));
#2616=CARTESIAN_POINT('Ctrl Pts',(-7.33923597445114,-7.72213846482232,32.15));
#2617=CARTESIAN_POINT('Ctrl Pts',(-7.12734041385358,-7.91795639507675,32.0957379476855));
#2618=CARTESIAN_POINT('Ctrl Pts',(-6.72387760272865,-8.26332165880724,31.8760891018327));
#2619=CARTESIAN_POINT('Ctrl Pts',(-6.53266659966634,-8.41331076167039,31.7107429191502));
#2620=CARTESIAN_POINT('Ctrl Pts',(-6.22445359628365,-8.6438251147366,31.3298051521945));
#2621=CARTESIAN_POINT('Ctrl Pts',(-6.08674485628013,-8.7399389087499,31.0885449491907));
#2622=CARTESIAN_POINT('Ctrl Pts',(-5.90195620657172,-8.86577172233727,30.5590599048858));
#2623=CARTESIAN_POINT('Ctrl Pts',(-5.85535598628323,-8.89591514538538,30.2707687092639));
#2624=CARTESIAN_POINT('Ctrl Pts',(-5.85535598628323,-8.89591514538538,30.));
#2625=CARTESIAN_POINT('',(-7.53068721963673,-7.53068721963673,27.85));
#2626=CARTESIAN_POINT('Ctrl Pts',(-5.85535598628323,-8.89591514538538,30.));
#2627=CARTESIAN_POINT('Ctrl Pts',(-5.85535598628323,-8.89591514538538,29.7292312907361));
#2628=CARTESIAN_POINT('Ctrl Pts',(-5.90195620657172,-8.86577172233727,29.4409400951142));
#2629=CARTESIAN_POINT('Ctrl Pts',(-6.08674485628013,-8.7399389087499,28.9114550508093));
#2630=CARTESIAN_POINT('Ctrl Pts',(-6.22445359628365,-8.6438251147366,28.6701948478055));
#2631=CARTESIAN_POINT('Ctrl Pts',(-6.53266659966634,-8.41331076167039,28.2892570808498));
#2632=CARTESIAN_POINT('Ctrl Pts',(-6.72387760272865,-8.26332165880724,28.1239108981673));
#2633=CARTESIAN_POINT('Ctrl Pts',(-7.12734041385358,-7.91795639507675,27.9042620523145));
#2634=CARTESIAN_POINT('Ctrl Pts',(-7.33923597445114,-7.72213846482232,27.85));
#2635=CARTESIAN_POINT('Ctrl Pts',(-7.53068721963673,-7.53068721963673,27.85));
#2636=CARTESIAN_POINT('Ctrl Pts',(-7.53068721963673,-7.53068721963673,27.85));
#2637=CARTESIAN_POINT('Ctrl Pts',(-7.72213846482232,-7.33923597445114,27.85));
#2638=CARTESIAN_POINT('Ctrl Pts',(-7.91795639507675,-7.12734041385358,27.9042620523145));
#2639=CARTESIAN_POINT('Ctrl Pts',(-8.26332165880725,-6.72387760272865,28.1239108981673));
#2640=CARTESIAN_POINT('Ctrl Pts',(-8.41331076167039,-6.53266659966634,28.2892570808498));
#2641=CARTESIAN_POINT('Ctrl Pts',(-8.6438251147366,-6.22445359628364,28.6701948478055));
#2642=CARTESIAN_POINT('Ctrl Pts',(-8.73993890874991,-6.08674485628012,28.9114550508093));
#2643=CARTESIAN_POINT('Ctrl Pts',(-8.86577172233728,-5.90195620657171,29.4409400951142));
#2644=CARTESIAN_POINT('Ctrl Pts',(-8.89591514538539,-5.85535598628323,29.7292312907361));
#2645=CARTESIAN_POINT('Ctrl Pts',(-8.89591514538539,-5.85535598628323,30.));
#2646=CARTESIAN_POINT('Ctrl Pts',(-8.89591514538539,-5.85535598628323,30.2707687092639));
#2647=CARTESIAN_POINT('Ctrl Pts',(-8.86577172233728,-5.90195620657171,30.5590599048858));
#2648=CARTESIAN_POINT('Ctrl Pts',(-8.73993890874991,-6.08674485628012,31.0885449491907));
#2649=CARTESIAN_POINT('Ctrl Pts',(-8.6438251147366,-6.22445359628364,31.3298051521945));
#2650=CARTESIAN_POINT('Ctrl Pts',(-8.41331076167039,-6.53266659966634,31.7107429191502));
#2651=CARTESIAN_POINT('Ctrl Pts',(-8.26332165880725,-6.72387760272865,31.8760891018327));
#2652=CARTESIAN_POINT('Ctrl Pts',(-7.91795639507675,-7.12734041385357,32.0957379476855));
#2653=CARTESIAN_POINT('Ctrl Pts',(-7.72213846482232,-7.33923597445114,32.15));
#2654=CARTESIAN_POINT('Ctrl Pts',(-7.53068721963673,-7.53068721963673,32.15));
#2655=CARTESIAN_POINT('',(5.85535598628324,8.89591514538538,30.));
#2656=CARTESIAN_POINT('',(8.89591514538539,5.85535598628323,30.));
#2657=CARTESIAN_POINT('Ctrl Pts',(5.85535598628324,8.89591514538538,30.));
#2658=CARTESIAN_POINT('Ctrl Pts',(5.85535598628324,8.89591514538538,29.7292312907361));
#2659=CARTESIAN_POINT('Ctrl Pts',(5.90195620657172,8.86577172233727,29.4409400951142));
#2660=CARTESIAN_POINT('Ctrl Pts',(6.08674485628013,8.7399389087499,28.9114550508093));
#2661=CARTESIAN_POINT('Ctrl Pts',(6.22445359628365,8.6438251147366,28.6701948478055));
#2662=CARTESIAN_POINT('Ctrl Pts',(6.53266659966634,8.41331076167039,28.2892570808498));
#2663=CARTESIAN_POINT('Ctrl Pts',(6.72387760272865,8.26332165880724,28.1239108981673));
#2664=CARTESIAN_POINT('Ctrl Pts',(7.12734041385358,7.91795639507675,27.9042620523145));
#2665=CARTESIAN_POINT('Ctrl Pts',(7.33923597445114,7.72213846482232,27.85));
#2666=CARTESIAN_POINT('Ctrl Pts',(7.72213846482232,7.33923597445114,27.85));
#2667=CARTESIAN_POINT('Ctrl Pts',(7.91795639507676,7.12734041385357,27.9042620523145));
#2668=CARTESIAN_POINT('Ctrl Pts',(8.26332165880725,6.72387760272864,28.1239108981673));
#2669=CARTESIAN_POINT('Ctrl Pts',(8.41331076167039,6.53266659966634,28.2892570808498));
#2670=CARTESIAN_POINT('Ctrl Pts',(8.6438251147366,6.22445359628364,28.6701948478055));
#2671=CARTESIAN_POINT('Ctrl Pts',(8.73993890874991,6.08674485628012,28.9114550508093));
#2672=CARTESIAN_POINT('Ctrl Pts',(8.86577172233728,5.90195620657171,29.4409400951142));
#2673=CARTESIAN_POINT('Ctrl Pts',(8.89591514538539,5.85535598628323,29.7292312907361));
#2674=CARTESIAN_POINT('Ctrl Pts',(8.89591514538539,5.85535598628323,30.));
#2675=CARTESIAN_POINT('Ctrl Pts',(8.89591514538539,5.85535598628323,30.));
#2676=CARTESIAN_POINT('Ctrl Pts',(8.89591514538539,5.85535598628323,30.2707687092639));
#2677=CARTESIAN_POINT('Ctrl Pts',(8.86577172233728,5.90195620657171,30.5590599048858));
#2678=CARTESIAN_POINT('Ctrl Pts',(8.73993890874991,6.08674485628012,31.0885449491907));
#2679=CARTESIAN_POINT('Ctrl Pts',(8.6438251147366,6.22445359628364,31.3298051521945));
#2680=CARTESIAN_POINT('Ctrl Pts',(8.41331076167039,6.53266659966634,31.7107429191502));
#2681=CARTESIAN_POINT('Ctrl Pts',(8.26332165880725,6.72387760272865,31.8760891018327));
#2682=CARTESIAN_POINT('Ctrl Pts',(7.91795639507675,7.12734041385357,32.0957379476855));
#2683=CARTESIAN_POINT('Ctrl Pts',(7.72213846482232,7.33923597445114,32.15));
#2684=CARTESIAN_POINT('Ctrl Pts',(7.33923597445114,7.72213846482232,32.15));
#2685=CARTESIAN_POINT('Ctrl Pts',(7.12734041385358,7.91795639507675,32.0957379476855));
#2686=CARTESIAN_POINT('Ctrl Pts',(6.72387760272865,8.26332165880724,31.8760891018327));
#2687=CARTESIAN_POINT('Ctrl Pts',(6.53266659966634,8.41331076167039,31.7107429191502));
#2688=CARTESIAN_POINT('Ctrl Pts',(6.22445359628365,8.6438251147366,31.3298051521945));
#2689=CARTESIAN_POINT('Ctrl Pts',(6.08674485628013,8.7399389087499,31.0885449491907));
#2690=CARTESIAN_POINT('Ctrl Pts',(5.90195620657172,8.86577172233727,30.5590599048858));
#2691=CARTESIAN_POINT('Ctrl Pts',(5.85535598628323,8.89591514538538,30.2707687092639));
#2692=CARTESIAN_POINT('Ctrl Pts',(5.85535598628323,8.89591514538538,30.));
#2693=CARTESIAN_POINT('Origin',(-7.53068721963673,-7.53068721963673,30.));
#2694=CARTESIAN_POINT('',(-6.01040764008566,-9.0509667991878,30.));
#2695=CARTESIAN_POINT('Origin',(-7.53068721963673,-7.53068721963673,30.));
#2696=CARTESIAN_POINT('',(-6.01040764008566,-9.0509667991878,30.));
#2697=CARTESIAN_POINT('Origin',(-7.53068721963673,-7.53068721963673,10.));
#2698=CARTESIAN_POINT('',(-6.01040764008566,-9.0509667991878,10.));
#2699=CARTESIAN_POINT('Origin',(-7.53068721963673,-7.53068721963673,10.));
#2700=CARTESIAN_POINT('',(-6.01040764008566,-9.0509667991878,10.));
#2701=CARTESIAN_POINT('Ctrl Pts',(-1.68379446640385,10.5160513594651,-2.7388014287361E-31));
#2702=CARTESIAN_POINT('Ctrl Pts',(0.207426472311639,10.8188672399229,-2.7388014287361E-31));
#2703=CARTESIAN_POINT('Ctrl Pts',(4.15686352960708,10.3799233417521,-3.95022125185009E-26));
#2704=CARTESIAN_POINT('Ctrl Pts',(8.10315696357297,7.37136348759719,-1.44924812666863E-24));
#2705=CARTESIAN_POINT('Ctrl Pts',(10.4853077575665,3.16428647208959,-4.04050731953354E-24));
#2706=CARTESIAN_POINT('Ctrl Pts',(10.8188672399229,0.207426472311641,-2.79254178737039E-31));
#2707=CARTESIAN_POINT('Ctrl Pts',(10.5160513594651,-1.68379446640385,-2.79254178737039E-31));
#2708=CARTESIAN_POINT('Ctrl Pts',(-1.68379446640385,10.5160513594651,2.42436610692531));
#2709=CARTESIAN_POINT('Ctrl Pts',(0.207829421193122,10.8189317587308,2.42436610692531));
#2710=CARTESIAN_POINT('Ctrl Pts',(4.15672719673752,10.3800352753922,2.42436610692531));
#2711=CARTESIAN_POINT('Ctrl Pts',(8.10330162383876,7.37170686880646,2.42436610692531));
#2712=CARTESIAN_POINT('Ctrl Pts',(10.4854976898585,3.16403607022705,2.42436610692531));
#2713=CARTESIAN_POINT('Ctrl Pts',(10.8189317587308,0.207829421193122,2.42436610692531));
#2714=CARTESIAN_POINT('Ctrl Pts',(10.5160513594651,-1.68379446640385,2.42436610692531));
#2715=CARTESIAN_POINT('Ctrl Pts',(-1.83879639593467,11.4841079033517,7.7324889915338));
#2716=CARTESIAN_POINT('Ctrl Pts',(0.226315542985094,11.814766620811,7.7324889915338));
#2717=CARTESIAN_POINT('Ctrl Pts',(4.5395937322498,11.3353914891027,7.7324889915338));
#2718=CARTESIAN_POINT('Ctrl Pts',(8.84902037257423,8.04976015241028,7.7324889915338));
#2719=CARTESIAN_POINT('Ctrl Pts',(11.4504372834947,3.45570306098798,7.7324889915338));
#2720=CARTESIAN_POINT('Ctrl Pts',(11.814766620811,0.226315542985099,7.7324889915338));
#2721=CARTESIAN_POINT('Ctrl Pts',(11.4841079033517,-1.83879639593467,7.7324889915338));
#2722=CARTESIAN_POINT('Ctrl Pts',(-2.67671129557016,16.7172621245121,14.7269920838588));
#2723=CARTESIAN_POINT('Ctrl Pts',(0.32935496037709,17.198583254886,14.7269920838588));
#2724=CARTESIAN_POINT('Ctrl Pts',(6.60825611616849,16.5007527567849,14.7269920838588));
#2725=CARTESIAN_POINT('Ctrl Pts',(12.8813683375437,11.7178517747201,14.7269920838588));
#2726=CARTESIAN_POINT('Ctrl Pts',(16.6682060461289,5.03047632631616,14.7269920838588));
#2727=CARTESIAN_POINT('Ctrl Pts',(17.198583254886,0.329354960377091,14.7269920838588));
#2728=CARTESIAN_POINT('Ctrl Pts',(16.7172621245121,-2.67671129557016,14.7269920838588));
#2729=CARTESIAN_POINT('Ctrl Pts',(-3.68269590311922,23.000087024401,17.6460670103953));
#2730=CARTESIAN_POINT('Ctrl Pts',(0.454499149611389,23.6625206601926,17.6460670103953));
#2731=CARTESIAN_POINT('Ctrl Pts',(9.09136641811098,22.7025859213809,17.6460670103953));
#2732=CARTESIAN_POINT('Ctrl Pts',(17.7230441069665,16.1229170413654,17.6460670103953));
#2733=CARTESIAN_POINT('Ctrl Pts',(22.9332368133822,6.92022599190127,17.6460670103953));
#2734=CARTESIAN_POINT('Ctrl Pts',(23.6625206601926,0.454499149611394,17.6460670103953));
#2735=CARTESIAN_POINT('Ctrl Pts',(23.000087024401,-3.68269590311921,17.6460670103953));
#2736=CARTESIAN_POINT('Ctrl Pts',(-4.26426698783138,26.6322591915151,18.));
#2737=CARTESIAN_POINT('Ctrl Pts',(0.524047716955289,27.3989478969733,18.));
#2738=CARTESIAN_POINT('Ctrl Pts',(10.5278274887196,26.2871584083705,18.));
#2739=CARTESIAN_POINT('Ctrl Pts',(20.5210669084717,18.6671501431258,18.));
#2740=CARTESIAN_POINT('Ctrl Pts',(26.5538028054737,8.01445083725206,18.));
#2741=CARTESIAN_POINT('Ctrl Pts',(27.3989478969733,0.524047716955298,18.));
#2742=CARTESIAN_POINT('Ctrl Pts',(26.6322591915151,-4.26426698783137,18.));
#2743=CARTESIAN_POINT('Ctrl Pts',(-4.45059288537732,27.7959479595251,18.));
#2744=CARTESIAN_POINT('Ctrl Pts',(0.548268093481,28.596348620078,18.));
#2745=CARTESIAN_POINT('Ctrl Pts',(10.9873904561915,27.4361354056639,18.));
#2746=CARTESIAN_POINT('Ctrl Pts',(21.4182036173314,19.4839325986724,18.));
#2747=CARTESIAN_POINT('Ctrl Pts',(27.7146867019245,8.36381823373914,18.));
#2748=CARTESIAN_POINT('Ctrl Pts',(28.596348620078,0.548268093481006,18.));
#2749=CARTESIAN_POINT('Ctrl Pts',(27.7959479595251,-4.45059288537731,18.));
#2750=CARTESIAN_POINT('Origin',(12.4245413052098,12.4245413052098,22.));
#2751=UNCERTAINTY_MEASURE_WITH_UNIT(LENGTH_MEASURE(0.01),#2755,
'DISTANCE_ACCURACY_VALUE',
'Maximum model space distance between geometric entities at asserted c
onnectivities');
#2752=UNCERTAINTY_MEASURE_WITH_UNIT(LENGTH_MEASURE(0.01),#2755,
'DISTANCE_ACCURACY_VALUE',
'Maximum model space distance between geometric entities at asserted c
onnectivities');
#2753=(
GEOMETRIC_REPRESENTATION_CONTEXT(3)
GLOBAL_UNCERTAINTY_ASSIGNED_CONTEXT((#2751))
GLOBAL_UNIT_ASSIGNED_CONTEXT((#2755,#2757,#2758))
REPRESENTATION_CONTEXT('','3D')
);
#2754=(
GEOMETRIC_REPRESENTATION_CONTEXT(3)
GLOBAL_UNCERTAINTY_ASSIGNED_CONTEXT((#2752))
GLOBAL_UNIT_ASSIGNED_CONTEXT((#2755,#2757,#2758))
REPRESENTATION_CONTEXT('','3D')
);
#2755=(
LENGTH_UNIT()
NAMED_UNIT(*)
SI_UNIT(.MILLI.,.METRE.)
);
#2756=(
LENGTH_UNIT()
NAMED_UNIT(*)
SI_UNIT($,.METRE.)
);
#2757=(
NAMED_UNIT(*)
PLANE_ANGLE_UNIT()
SI_UNIT($,.RADIAN.)
);
#2758=(
NAMED_UNIT(*)
SI_UNIT($,.STERADIAN.)
SOLID_ANGLE_UNIT()
);
#2759=SHAPE_DEFINITION_REPRESENTATION(#2760,#2761);
#2760=PRODUCT_DEFINITION_SHAPE('',$,#2763);
#2761=SHAPE_REPRESENTATION('',(#1091),#2753);
#2762=PRODUCT_DEFINITION_CONTEXT('part definition',#2767,'design');
#2763=PRODUCT_DEFINITION('Intermediate layer mount',
'Intermediate layer mount v4',#2764,#2762);
#2764=PRODUCT_DEFINITION_FORMATION('',$,#2769);
#2765=PRODUCT_RELATED_PRODUCT_CATEGORY('Intermediate layer mount v4',
'Intermediate layer mount v4',(#2769));
#2766=APPLICATION_PROTOCOL_DEFINITION('international standard',
'automotive_design',2009,#2767);
#2767=APPLICATION_CONTEXT(
'Core Data for Automotive Mechanical Design Process');
#2768=PRODUCT_CONTEXT('part definition',#2767,'mechanical');
#2769=PRODUCT('Intermediate layer mount','Intermediate layer mount v4',
$,(#2768));
#2770=PRESENTATION_STYLE_ASSIGNMENT((#2771));
#2771=SURFACE_STYLE_USAGE(.BOTH.,#2772);
#2772=SURFACE_SIDE_STYLE('',(#2773));
#2773=SURFACE_STYLE_FILL_AREA(#2774);
#2774=FILL_AREA_STYLE('Steel - Satin',(#2775));
#2775=FILL_AREA_STYLE_COLOUR('Steel - Satin',#2776);
#2776=COLOUR_RGB('Steel - Satin',0.627450980392157,0.627450980392157,0.627450980392157);
ENDSEC;
END-ISO-10303-21;
