ISO-10303-21;
HEADER;
/* Generated by software containing ST-Developer
 * from STEP Tools, Inc. (www.steptools.com) 
 */

FILE_DESCRIPTION(
/* description */ (''),
/* implementation_level */ '2;1');

FILE_NAME(
/* name */ 'Support Mount v4.step',
/* time_stamp */ '2026-03-01T00:19:50+05:30',
/* author */ (''),
/* organization */ (''),
/* preprocessor_version */ 'ST-DEVELOPER v20.1',
/* originating_system */ 'Autodesk Translation Framework v14.24.0.0',
/* authorisation */ '');

FILE_SCHEMA (('AUTOMOTIVE_DESIGN { 1 0 10303 214 3 1 1 }'));
ENDSEC;

DATA;
#10=MECHANICAL_DESIGN_GEOMETRIC_PRESENTATION_REPRESENTATION('',(#13),#3295);
#11=SHAPE_REPRESENTATION_RELATIONSHIP('SRR','None',#3302,#12);
#12=ADVANCED_BREP_SHAPE_REPRESENTATION('',(#14),#3294);
#13=STYLED_ITEM('',(#3311),#14);
#14=MANIFOLD_SOLID_BREP('Body1',#756);
#15=SPHERICAL_SURFACE('',#815,15.);
#16=SPHERICAL_SURFACE('',#819,15.);
#17=CONICAL_SURFACE('',#792,8.75,0.785398163397449);
#18=CONICAL_SURFACE('',#800,8.75,0.785398163397448);
#19=CONICAL_SURFACE('',#805,8.75,0.785398163397445);
#20=CONICAL_SURFACE('',#810,8.75,0.785398163397448);
#21=ELLIPSE('',#784,36.6691044850058,11.75);
#22=ELLIPSE('',#789,36.6691044850059,11.75);
#23=B_SPLINE_SURFACE_WITH_KNOTS('',3,3,((#1330,#1331,#1332,#1333,#1334,
#1335,#1336,#1337,#1338,#1339,#1340,#1341,#1342,#1343,#1344,#1345,#1346,
#1347,#1348,#1349,#1350,#1351,#1352,#1353,#1354,#1355),(#1356,#1357,#1358,
#1359,#1360,#1361,#1362,#1363,#1364,#1365,#1366,#1367,#1368,#1369,#1370,
#1371,#1372,#1373,#1374,#1375,#1376,#1377,#1378,#1379,#1380,#1381),(#1382,
#1383,#1384,#1385,#1386,#1387,#1388,#1389,#1390,#1391,#1392,#1393,#1394,
#1395,#1396,#1397,#1398,#1399,#1400,#1401,#1402,#1403,#1404,#1405,#1406,
#1407),(#1408,#1409,#1410,#1411,#1412,#1413,#1414,#1415,#1416,#1417,#1418,
#1419,#1420,#1421,#1422,#1423,#1424,#1425,#1426,#1427,#1428,#1429,#1430,
#1431,#1432,#1433)),.UNSPECIFIED.,.F.,.T.,.F.,(4,4),(4,1,2,2,2,1,1,1,2,
1,2,1,1,1,1,1,1,1,4),(0.,1.),(0.,0.0660263531802386,0.132052706360477,0.198077940952585,
0.3301284101368,0.379647895374947,0.429167380613093,0.453927123232167,0.528206351089386,
0.594232704269624,0.660259057449862,0.709778263040976,0.75929746863209,
0.808816674223203,0.858335879814317,0.907855085405431,0.957374290996545,
1.00689349658766,1.05641270217877),.UNSPECIFIED.);
#24=B_SPLINE_SURFACE_WITH_KNOTS('',3,3,((#1610,#1611,#1612,#1613,#1614,
#1615,#1616,#1617,#1618,#1619,#1620,#1621,#1622,#1623,#1624,#1625,#1626,
#1627,#1628,#1629,#1630,#1631,#1632,#1633,#1634,#1635,#1636,#1637,#1638,
#1639,#1640,#1641,#1642,#1643,#1644,#1645),(#1646,#1647,#1648,#1649,#1650,
#1651,#1652,#1653,#1654,#1655,#1656,#1657,#1658,#1659,#1660,#1661,#1662,
#1663,#1664,#1665,#1666,#1667,#1668,#1669,#1670,#1671,#1672,#1673,#1674,
#1675,#1676,#1677,#1678,#1679,#1680,#1681),(#1682,#1683,#1684,#1685,#1686,
#1687,#1688,#1689,#1690,#1691,#1692,#1693,#1694,#1695,#1696,#1697,#1698,
#1699,#1700,#1701,#1702,#1703,#1704,#1705,#1706,#1707,#1708,#1709,#1710,
#1711,#1712,#1713,#1714,#1715,#1716,#1717),(#1718,#1719,#1720,#1721,#1722,
#1723,#1724,#1725,#1726,#1727,#1728,#1729,#1730,#1731,#1732,#1733,#1734,
#1735,#1736,#1737,#1738,#1739,#1740,#1741,#1742,#1743,#1744,#1745,#1746,
#1747,#1748,#1749,#1750,#1751,#1752,#1753)),.UNSPECIFIED.,.F.,.T.,.F.,(4,
4),(4,2,2,1,1,2,1,1,1,1,1,1,1,1,1,1,1,1,2,1,1,1,2,1,1,1,2,4),(0.,1.),(0.264103175544693,
0.330128410136801,0.462179997909148,0.511699762794326,0.561219527679505,
0.594232704269625,0.67676459706855,0.726283732747906,0.728347030067879,
0.730410327387852,0.734536922027798,0.742790111307691,0.759296489867476,
0.775802868427261,0.792309246987046,0.825322004106617,0.841828382666402,
0.850081571946294,0.858334761226187,0.907854246464333,0.95737373170248,
1.00689321694063,1.05641270217877,1.11831205872645,1.15545167265506,1.20497115789321,
1.25449064313136,1.32051587772347),.UNSPECIFIED.);
#25=B_SPLINE_SURFACE_WITH_KNOTS('',3,3,((#1839,#1840,#1841,#1842,#1843,
#1844,#1845,#1846,#1847,#1848,#1849,#1850,#1851,#1852,#1853,#1854,#1855,
#1856,#1857,#1858,#1859,#1860,#1861,#1862,#1863,#1864,#1865),(#1866,#1867,
#1868,#1869,#1870,#1871,#1872,#1873,#1874,#1875,#1876,#1877,#1878,#1879,
#1880,#1881,#1882,#1883,#1884,#1885,#1886,#1887,#1888,#1889,#1890,#1891,
#1892),(#1893,#1894,#1895,#1896,#1897,#1898,#1899,#1900,#1901,#1902,#1903,
#1904,#1905,#1906,#1907,#1908,#1909,#1910,#1911,#1912,#1913,#1914,#1915,
#1916,#1917,#1918,#1919),(#1920,#1921,#1922,#1923,#1924,#1925,#1926,#1927,
#1928,#1929,#1930,#1931,#1932,#1933,#1934,#1935,#1936,#1937,#1938,#1939,
#1940,#1941,#1942,#1943,#1944,#1945,#1946)),.UNSPECIFIED.,.F.,.T.,.F.,(4,
4),(4,2,2,1,1,1,2,2,2,1,2,1,1,1,2,2,4),(0.,1.),(0.,0.0660263531802814,0.132052706360563,
0.198077940952671,0.264103175544779,0.330128410136887,0.396153644728995,
0.462179997909191,0.528206351089386,0.594232704269583,0.660259057449779,
0.726284292041887,0.792309526633995,0.858334761226103,0.92435999581821,
0.990386348998492,1.05641270217877),.UNSPECIFIED.);
#26=B_SPLINE_SURFACE_WITH_KNOTS('',3,3,((#2115,#2116,#2117,#2118,#2119,
#2120,#2121,#2122,#2123,#2124,#2125,#2126,#2127,#2128,#2129,#2130,#2131,
#2132,#2133,#2134,#2135,#2136,#2137,#2138,#2139,#2140,#2141,#2142,#2143),
(#2144,#2145,#2146,#2147,#2148,#2149,#2150,#2151,#2152,#2153,#2154,#2155,
#2156,#2157,#2158,#2159,#2160,#2161,#2162,#2163,#2164,#2165,#2166,#2167,
#2168,#2169,#2170,#2171,#2172),(#2173,#2174,#2175,#2176,#2177,#2178,#2179,
#2180,#2181,#2182,#2183,#2184,#2185,#2186,#2187,#2188,#2189,#2190,#2191,
#2192,#2193,#2194,#2195,#2196,#2197,#2198,#2199,#2200,#2201),(#2202,#2203,
#2204,#2205,#2206,#2207,#2208,#2209,#2210,#2211,#2212,#2213,#2214,#2215,
#2216,#2217,#2218,#2219,#2220,#2221,#2222,#2223,#2224,#2225,#2226,#2227,
#2228,#2229,#2230)),.UNSPECIFIED.,.F.,.T.,.F.,(4,4),(4,1,2,1,2,1,1,1,1,
1,1,1,1,1,2,1,1,1,1,1,2,1,4),(0.,1.),(0.792309526633215,0.858334761225713,
0.92435999581821,0.990386348998492,1.05641270217877,1.13069151056546,1.14926121266213,
1.15545111336102,1.20497031895215,1.25448952454327,1.30400873013439,1.32876833292996,
1.35352793572552,1.40304714131664,1.45256634690777,1.55160587667806,1.56811246497311,
1.58461905326816,1.61763222985826,1.65064540644836,1.71667175962855,1.78269699422027,
1.84872222881199),.UNSPECIFIED.);
#27=B_SPLINE_SURFACE_WITH_KNOTS('',3,3,((#2516,#2517,#2518,#2519,#2520,
#2521,#2522,#2523,#2524,#2525,#2526,#2527,#2528),(#2529,#2530,#2531,#2532,
#2533,#2534,#2535,#2536,#2537,#2538,#2539,#2540,#2541),(#2542,#2543,#2544,
#2545,#2546,#2547,#2548,#2549,#2550,#2551,#2552,#2553,#2554),(#2555,#2556,
#2557,#2558,#2559,#2560,#2561,#2562,#2563,#2564,#2565,#2566,#2567),(#2568,
#2569,#2570,#2571,#2572,#2573,#2574,#2575,#2576,#2577,#2578,#2579,#2580),
(#2581,#2582,#2583,#2584,#2585,#2586,#2587,#2588,#2589,#2590,#2591,#2592,
#2593),(#2594,#2595,#2596,#2597,#2598,#2599,#2600,#2601,#2602,#2603,#2604,
#2605,#2606)),.UNSPECIFIED.,.F.,.F.,.F.,(4,1,1,1,4),(4,1,1,1,1,1,1,1,1,
1,4),(0.,0.285714285714286,0.571428571428571,0.857142857142857,1.),(-0.793462050038426,
-0.566758607160393,-0.34005516428236,-0.255041373203098,-0.113351721404328,
3.46887518709593E-11,0.113351721473705,0.226703442912721,0.340055164351738,
0.566758607229771,0.793462050107803),.UNSPECIFIED.);
#28=B_SPLINE_SURFACE_WITH_KNOTS('',3,3,((#2607,#2608,#2609,#2610,#2611,
#2612,#2613,#2614,#2615,#2616,#2617,#2618,#2619,#2620,#2621,#2622,#2623,
#2624,#2625,#2626,#2627,#2628,#2629,#2630,#2631),(#2632,#2633,#2634,#2635,
#2636,#2637,#2638,#2639,#2640,#2641,#2642,#2643,#2644,#2645,#2646,#2647,
#2648,#2649,#2650,#2651,#2652,#2653,#2654,#2655,#2656),(#2657,#2658,#2659,
#2660,#2661,#2662,#2663,#2664,#2665,#2666,#2667,#2668,#2669,#2670,#2671,
#2672,#2673,#2674,#2675,#2676,#2677,#2678,#2679,#2680,#2681),(#2682,#2683,
#2684,#2685,#2686,#2687,#2688,#2689,#2690,#2691,#2692,#2693,#2694,#2695,
#2696,#2697,#2698,#2699,#2700,#2701,#2702,#2703,#2704,#2705,#2706),(#2707,
#2708,#2709,#2710,#2711,#2712,#2713,#2714,#2715,#2716,#2717,#2718,#2719,
#2720,#2721,#2722,#2723,#2724,#2725,#2726,#2727,#2728,#2729,#2730,#2731),
(#2732,#2733,#2734,#2735,#2736,#2737,#2738,#2739,#2740,#2741,#2742,#2743,
#2744,#2745,#2746,#2747,#2748,#2749,#2750,#2751,#2752,#2753,#2754,#2755,
#2756),(#2757,#2758,#2759,#2760,#2761,#2762,#2763,#2764,#2765,#2766,#2767,
#2768,#2769,#2770,#2771,#2772,#2773,#2774,#2775,#2776,#2777,#2778,#2779,
#2780,#2781)),.UNSPECIFIED.,.F.,.F.,.F.,(4,1,1,1,4),(4,1,1,1,1,1,1,1,1,
1,1,1,1,1,1,1,1,1,1,1,1,1,4),(0.,0.285714285714286,0.571428571428571,0.785714285714286,
1.),(11.4165481997437,12.379162704299,12.8604699565766,13.3417772088543,
13.823084461132,14.3043917134096,15.2670062179649,16.5504922240387,16.8713637255571,
17.1922352270756,17.8339782301125,18.1548497316309,18.4757212331493,19.1174642361862,
20.0800787407415,21.0426932452969,22.0053077498522,22.4866150021298,22.9679222544075,
23.4492295066852,23.9305367589628,24.4118440112405,24.8931512635181),
 .UNSPECIFIED.);
#29=B_SPLINE_SURFACE_WITH_KNOTS('',3,3,((#2934,#2935,#2936,#2937,#2938,
#2939,#2940,#2941,#2942,#2943,#2944,#2945,#2946,#2947,#2948,#2949,#2950,
#2951,#2952,#2953,#2954,#2955,#2956,#2957,#2958),(#2959,#2960,#2961,#2962,
#2963,#2964,#2965,#2966,#2967,#2968,#2969,#2970,#2971,#2972,#2973,#2974,
#2975,#2976,#2977,#2978,#2979,#2980,#2981,#2982,#2983),(#2984,#2985,#2986,
#2987,#2988,#2989,#2990,#2991,#2992,#2993,#2994,#2995,#2996,#2997,#2998,
#2999,#3000,#3001,#3002,#3003,#3004,#3005,#3006,#3007,#3008),(#3009,#3010,
#3011,#3012,#3013,#3014,#3015,#3016,#3017,#3018,#3019,#3020,#3021,#3022,
#3023,#3024,#3025,#3026,#3027,#3028,#3029,#3030,#3031,#3032,#3033),(#3034,
#3035,#3036,#3037,#3038,#3039,#3040,#3041,#3042,#3043,#3044,#3045,#3046,
#3047,#3048,#3049,#3050,#3051,#3052,#3053,#3054,#3055,#3056,#3057,#3058),
(#3059,#3060,#3061,#3062,#3063,#3064,#3065,#3066,#3067,#3068,#3069,#3070,
#3071,#3072,#3073,#3074,#3075,#3076,#3077,#3078,#3079,#3080,#3081,#3082,
#3083),(#3084,#3085,#3086,#3087,#3088,#3089,#3090,#3091,#3092,#3093,#3094,
#3095,#3096,#3097,#3098,#3099,#3100,#3101,#3102,#3103,#3104,#3105,#3106,
#3107,#3108)),.UNSPECIFIED.,.F.,.F.,.F.,(4,1,1,1,4),(4,1,1,1,1,1,1,1,1,
1,1,1,1,1,1,1,1,1,1,1,1,1,4),(0.,0.285714285714286,0.571428571428571,0.785714285714286,
1.),(11.4163635371428,12.378970098781,12.8602733796001,13.3415766604191,
13.8228799412382,14.3041832220573,15.2667897836955,16.550265199213,16.8711340530924,
17.1920029069718,17.8337406147305,18.1546094686099,18.7963471763687,19.1172160302481,
20.0798225918862,21.0424291535244,22.0050357151625,22.4863389959816,22.9676422768007,
23.4489455576198,23.9302488384389,24.4115521192579,24.892855400077),
 .UNSPECIFIED.);
#30=FACE_BOUND('',#101,.T.);
#31=FACE_BOUND('',#104,.T.);
#32=FACE_BOUND('',#111,.T.);
#33=FACE_BOUND('',#112,.T.);
#34=FACE_BOUND('',#118,.T.);
#35=FACE_BOUND('',#119,.T.);
#36=FACE_BOUND('',#125,.T.);
#37=FACE_BOUND('',#126,.T.);
#38=FACE_BOUND('',#127,.T.);
#39=FACE_BOUND('',#128,.T.);
#40=FACE_BOUND('',#130,.T.);
#41=FACE_BOUND('',#133,.T.);
#42=FACE_BOUND('',#136,.T.);
#43=FACE_BOUND('',#137,.T.);
#44=FACE_BOUND('',#139,.T.);
#45=FACE_BOUND('',#142,.T.);
#46=FACE_BOUND('',#143,.T.);
#47=FACE_BOUND('',#145,.T.);
#48=FACE_BOUND('',#147,.T.);
#49=FACE_BOUND('',#149,.T.);
#50=FACE_BOUND('',#155,.T.);
#51=FACE_BOUND('',#156,.T.);
#52=PLANE('',#772);
#53=PLANE('',#776);
#54=PLANE('',#797);
#55=PLANE('',#802);
#56=PLANE('',#809);
#57=PLANE('',#814);
#58=FACE_OUTER_BOUND('',#99,.T.);
#59=FACE_OUTER_BOUND('',#100,.T.);
#60=FACE_OUTER_BOUND('',#102,.T.);
#61=FACE_OUTER_BOUND('',#103,.T.);
#62=FACE_OUTER_BOUND('',#105,.T.);
#63=FACE_OUTER_BOUND('',#106,.T.);
#64=FACE_OUTER_BOUND('',#107,.T.);
#65=FACE_OUTER_BOUND('',#108,.T.);
#66=FACE_OUTER_BOUND('',#109,.T.);
#67=FACE_OUTER_BOUND('',#110,.T.);
#68=FACE_OUTER_BOUND('',#113,.T.);
#69=FACE_OUTER_BOUND('',#114,.T.);
#70=FACE_OUTER_BOUND('',#115,.T.);
#71=FACE_OUTER_BOUND('',#116,.T.);
#72=FACE_OUTER_BOUND('',#117,.T.);
#73=FACE_OUTER_BOUND('',#120,.T.);
#74=FACE_OUTER_BOUND('',#121,.T.);
#75=FACE_OUTER_BOUND('',#122,.T.);
#76=FACE_OUTER_BOUND('',#123,.T.);
#77=FACE_OUTER_BOUND('',#124,.T.);
#78=FACE_OUTER_BOUND('',#129,.T.);
#79=FACE_OUTER_BOUND('',#131,.T.);
#80=FACE_OUTER_BOUND('',#132,.T.);
#81=FACE_OUTER_BOUND('',#134,.T.);
#82=FACE_OUTER_BOUND('',#135,.T.);
#83=FACE_OUTER_BOUND('',#138,.T.);
#84=FACE_OUTER_BOUND('',#140,.T.);
#85=FACE_OUTER_BOUND('',#141,.T.);
#86=FACE_OUTER_BOUND('',#144,.T.);
#87=FACE_OUTER_BOUND('',#146,.T.);
#88=FACE_OUTER_BOUND('',#148,.T.);
#89=FACE_OUTER_BOUND('',#150,.T.);
#90=FACE_OUTER_BOUND('',#151,.T.);
#91=FACE_OUTER_BOUND('',#152,.T.);
#92=FACE_OUTER_BOUND('',#153,.T.);
#93=FACE_OUTER_BOUND('',#154,.T.);
#94=FACE_OUTER_BOUND('',#157,.T.);
#95=FACE_OUTER_BOUND('',#158,.T.);
#96=FACE_OUTER_BOUND('',#159,.T.);
#97=FACE_OUTER_BOUND('',#160,.T.);
#98=FACE_OUTER_BOUND('',#161,.T.);
#99=EDGE_LOOP('',(#475,#476,#477,#478,#479));
#100=EDGE_LOOP('',(#480));
#101=EDGE_LOOP('',(#481));
#102=EDGE_LOOP('',(#482,#483,#484,#485,#486));
#103=EDGE_LOOP('',(#487));
#104=EDGE_LOOP('',(#488));
#105=EDGE_LOOP('',(#489,#490,#491,#492,#493,#494,#495));
#106=EDGE_LOOP('',(#496,#497,#498,#499,#500));
#107=EDGE_LOOP('',(#501,#502,#503,#504,#505,#506,#507));
#108=EDGE_LOOP('',(#508,#509,#510,#511,#512));
#109=EDGE_LOOP('',(#513,#514,#515,#516,#517));
#110=EDGE_LOOP('',(#518,#519,#520,#521,#522,#523));
#111=EDGE_LOOP('',(#524));
#112=EDGE_LOOP('',(#525));
#113=EDGE_LOOP('',(#526,#527,#528,#529,#530,#531));
#114=EDGE_LOOP('',(#532,#533,#534,#535,#536));
#115=EDGE_LOOP('',(#537,#538,#539,#540,#541,#542));
#116=EDGE_LOOP('',(#543,#544,#545,#546,#547));
#117=EDGE_LOOP('',(#548,#549,#550,#551,#552,#553));
#118=EDGE_LOOP('',(#554));
#119=EDGE_LOOP('',(#555));
#120=EDGE_LOOP('',(#556,#557,#558,#559,#560,#561));
#121=EDGE_LOOP('',(#562,#563,#564,#565));
#122=EDGE_LOOP('',(#566,#567,#568,#569,#570));
#123=EDGE_LOOP('',(#571,#572,#573,#574));
#124=EDGE_LOOP('',(#575,#576,#577,#578));
#125=EDGE_LOOP('',(#579,#580));
#126=EDGE_LOOP('',(#581,#582));
#127=EDGE_LOOP('',(#583,#584));
#128=EDGE_LOOP('',(#585,#586));
#129=EDGE_LOOP('',(#587,#588,#589,#590));
#130=EDGE_LOOP('',(#591));
#131=EDGE_LOOP('',(#592,#593,#594,#595));
#132=EDGE_LOOP('',(#596,#597,#598,#599));
#133=EDGE_LOOP('',(#600));
#134=EDGE_LOOP('',(#601,#602,#603,#604));
#135=EDGE_LOOP('',(#605,#606,#607,#608,#609,#610));
#136=EDGE_LOOP('',(#611,#612));
#137=EDGE_LOOP('',(#613,#614));
#138=EDGE_LOOP('',(#615));
#139=EDGE_LOOP('',(#616));
#140=EDGE_LOOP('',(#617,#618,#619,#620));
#141=EDGE_LOOP('',(#621,#622,#623,#624,#625,#626));
#142=EDGE_LOOP('',(#627,#628));
#143=EDGE_LOOP('',(#629,#630));
#144=EDGE_LOOP('',(#631));
#145=EDGE_LOOP('',(#632));
#146=EDGE_LOOP('',(#633,#634,#635));
#147=EDGE_LOOP('',(#636,#637));
#148=EDGE_LOOP('',(#638,#639,#640));
#149=EDGE_LOOP('',(#641,#642));
#150=EDGE_LOOP('',(#643,#644,#645,#646));
#151=EDGE_LOOP('',(#647,#648,#649,#650,#651,#652,#653,#654,#655));
#152=EDGE_LOOP('',(#656,#657,#658,#659,#660,#661,#662,#663,#664));
#153=EDGE_LOOP('',(#665,#666,#667));
#154=EDGE_LOOP('',(#668,#669,#670,#671));
#155=EDGE_LOOP('',(#672,#673,#674));
#156=EDGE_LOOP('',(#675,#676,#677));
#157=EDGE_LOOP('',(#678,#679,#680));
#158=EDGE_LOOP('',(#681,#682));
#159=EDGE_LOOP('',(#683,#684,#685));
#160=EDGE_LOOP('',(#686,#687,#688,#689));
#161=EDGE_LOOP('',(#690,#691,#692));
#162=CIRCLE('',#771,2.7);
#163=CIRCLE('',#773,2.25);
#164=CIRCLE('',#775,2.7);
#165=CIRCLE('',#777,2.25);
#166=CIRCLE('',#783,11.75);
#167=CIRCLE('',#788,11.75);
#168=CIRCLE('',#793,7.75);
#169=CIRCLE('',#794,9.75);
#170=CIRCLE('',#796,7.75);
#171=CIRCLE('',#798,15.75);
#172=CIRCLE('',#799,15.75);
#173=CIRCLE('',#801,9.75);
#174=CIRCLE('',#803,15.75);
#175=CIRCLE('',#804,15.75);
#176=CIRCLE('',#806,9.75);
#177=CIRCLE('',#807,7.75);
#178=CIRCLE('',#811,9.75);
#179=CIRCLE('',#812,7.75);
#180=CIRCLE('',#816,15.);
#181=CIRCLE('',#817,15.);
#182=CIRCLE('',#818,15.);
#183=CIRCLE('',#820,15.);
#184=CIRCLE('',#821,15.);
#185=CIRCLE('',#822,15.);
#186=LINE('',#1026,#209);
#187=LINE('',#1081,#210);
#188=LINE('',#1130,#211);
#189=LINE('',#1207,#212);
#190=LINE('',#1252,#213);
#191=LINE('',#1329,#214);
#192=LINE('',#1436,#215);
#193=LINE('',#1498,#216);
#194=LINE('',#1609,#217);
#195=LINE('',#1755,#218);
#196=LINE('',#1799,#219);
#197=LINE('',#1949,#220);
#198=LINE('',#2012,#221);
#199=LINE('',#2114,#222);
#200=LINE('',#2232,#223);
#201=LINE('',#2264,#224);
#202=LINE('',#2306,#225);
#203=LINE('',#2311,#226);
#204=LINE('',#2354,#227);
#205=LINE('',#2398,#228);
#206=LINE('',#2402,#229);
#207=LINE('',#2456,#230);
#208=LINE('',#2460,#231);
#209=VECTOR('',#834,2.7);
#210=VECTOR('',#843,2.7);
#211=VECTOR('',#852,2.25);
#212=VECTOR('',#855,2.25);
#213=VECTOR('',#858,2.25);
#214=VECTOR('',#861,2.25);
#215=VECTOR('',#862,10.);
#216=VECTOR('',#867,11.75);
#217=VECTOR('',#872,1.75);
#218=VECTOR('',#873,10.);
#219=VECTOR('',#876,1.75);
#220=VECTOR('',#877,10.);
#221=VECTOR('',#882,11.75);
#222=VECTOR('',#887,1.75);
#223=VECTOR('',#888,10.);
#224=VECTOR('',#891,1.75);
#225=VECTOR('',#896,8.75);
#226=VECTOR('',#903,7.75);
#227=VECTOR('',#914,8.75);
#228=VECTOR('',#925,8.75);
#229=VECTOR('',#930,7.75);
#230=VECTOR('',#937,8.75);
#231=VECTOR('',#942,7.75);
#232=B_SPLINE_CURVE_WITH_KNOTS('',3,(#979,#980,#981,#982,#983,#984,#985,
#986,#987,#988,#989,#990,#991,#992,#993,#994,#995,#996,#997,#998,#999,#1000),
 .UNSPECIFIED.,.F.,.F.,(4,2,2,2,2,2,2,2,2,2,4),(0.,0.126833139608313,0.253666279216627,
0.305325222789135,0.356984166361644,0.409715858643691,0.462447550925738,
0.590572028457179,0.71869650598862,0.885233914819624,0.986244330236024),
 .UNSPECIFIED.);
#233=B_SPLINE_CURVE_WITH_KNOTS('',3,(#1001,#1002,#1003,#1004,#1005,#1006,
#1007,#1008,#1009,#1010,#1011,#1012,#1013,#1014,#1015,#1016,#1017,#1018,
#1019,#1020,#1021,#1022,#1023,#1024),.UNSPECIFIED.,.F.,.F.,(4,2,2,2,2,2,
2,2,2,2,2,4),(0.986244330236024,1.05177132365063,1.12487039427642,1.19796946490222,
1.25930717437131,1.3206448838404,1.38213430104208,1.44362371824376,1.51770130218215,
1.59177888612053,1.75910748828358,1.92643609044663),.UNSPECIFIED.);
#234=B_SPLINE_CURVE_WITH_KNOTS('',3,(#1034,#1035,#1036,#1037,#1038,#1039,
#1040,#1041,#1042,#1043,#1044,#1045,#1046,#1047,#1048,#1049,#1050,#1051,
#1052,#1053,#1054,#1055,#1056,#1057),.UNSPECIFIED.,.F.,.F.,(4,2,2,2,2,2,
2,2,2,2,2,4),(0.,0.167328601996658,0.334657203993317,0.408734787607957,
0.482812371222598,0.544301787494695,0.605791203766793,0.667128912155637,
0.728466620544482,0.80156568984861,0.874664759152739,0.940191767878298),
 .UNSPECIFIED.);
#235=B_SPLINE_CURVE_WITH_KNOTS('',3,(#1058,#1059,#1060,#1061,#1062,#1063,
#1064,#1065,#1066,#1067,#1068,#1069,#1070,#1071,#1072,#1073,#1074,#1075,
#1076,#1077,#1078,#1079),.UNSPECIFIED.,.F.,.F.,(4,2,2,2,2,2,2,2,2,2,4),
(0.940191767878298,1.04120216692163,1.20773957469052,1.33586405910232,1.46398854351411,
1.51672023812927,1.56945193274442,1.62111087744616,1.6727698221479,1.7996029673134,
1.9264361124789),.UNSPECIFIED.);
#236=B_SPLINE_CURVE_WITH_KNOTS('',3,(#1089,#1090,#1091,#1092,#1093,#1094,
#1095,#1096,#1097,#1098),.UNSPECIFIED.,.F.,.F.,(4,2,2,2,4),(0.339517354677445,
0.424396085764332,0.509274816851219,0.594154763103055,0.679034709354891),
 .UNSPECIFIED.);
#237=B_SPLINE_CURVE_WITH_KNOTS('',3,(#1100,#1101,#1102,#1103,#1104,#1105,
#1106,#1107,#1108,#1109,#1110,#1111,#1112,#1113,#1114,#1115,#1116,#1117,
#1118),.UNSPECIFIED.,.F.,.F.,(4,2,2,2,3,2,2,2,4),(1.01855206403234,1.10343079511922,
1.18830952620611,1.27318947245795,1.35806941870978,1.44294936496162,1.52782931121345,
1.61270804230034,1.69758677338723),.UNSPECIFIED.);
#238=B_SPLINE_CURVE_WITH_KNOTS('',3,(#1119,#1120,#1121,#1122,#1123,#1124,
#1125,#1126,#1127,#1128),.UNSPECIFIED.,.F.,.F.,(4,2,2,2,4),(0.679034709354891,
0.763914655606727,0.848794601858563,0.93367333294545,1.01855206403234),
 .UNSPECIFIED.);
#239=B_SPLINE_CURVE_WITH_KNOTS('',3,(#1132,#1133,#1134,#1135,#1136,#1137,
#1138,#1139,#1140,#1141,#1142,#1143,#1144,#1145,#1146,#1147,#1148,#1149),
 .UNSPECIFIED.,.F.,.F.,(4,2,2,2,2,2,2,2,4),(0.,0.0852979791320422,0.170595958264084,
0.255871776604123,0.341147594944162,0.4264234132842,0.511699231624239,0.596997210756281,
0.682295189888323),.UNSPECIFIED.);
#240=B_SPLINE_CURVE_WITH_KNOTS('',3,(#1150,#1151,#1152,#1153,#1154,#1155,
#1156,#1157,#1158,#1159,#1160,#1161,#1162,#1163,#1164,#1165,#1166,#1167),
 .UNSPECIFIED.,.F.,.F.,(4,2,2,2,2,2,2,2,4),(0.682295189888323,0.767593169020366,
0.852891148152408,0.938166966492447,1.02344278483249,1.10871860317252,1.19399442151256,
1.27929240064461,1.36459037977665),.UNSPECIFIED.);
#241=B_SPLINE_CURVE_WITH_KNOTS('',3,(#1171,#1172,#1173,#1174,#1175,#1176,
#1177,#1178,#1179,#1180,#1181,#1182,#1183,#1184,#1185,#1186,#1187,#1188),
 .UNSPECIFIED.,.F.,.F.,(4,2,2,2,2,2,2,2,4),(0.,0.0852979791320424,0.170595958264085,
0.255871776604124,0.341147594944162,0.426423413284201,0.51169923162424,
0.596997210756283,0.682295189888325),.UNSPECIFIED.);
#242=B_SPLINE_CURVE_WITH_KNOTS('',3,(#1189,#1190,#1191,#1192,#1193,#1194,
#1195,#1196,#1197,#1198,#1199,#1200,#1201,#1202,#1203,#1204,#1205,#1206),
 .UNSPECIFIED.,.F.,.F.,(4,2,2,2,2,2,2,2,4),(0.682295189888325,0.767593169020367,
0.85289114815241,0.938166966492448,1.02344278483249,1.10871860317253,1.19399442151256,
1.27929240064461,1.36459037977665),.UNSPECIFIED.);
#243=B_SPLINE_CURVE_WITH_KNOTS('',3,(#1211,#1212,#1213,#1214,#1215,#1216,
#1217,#1218,#1219,#1220),.UNSPECIFIED.,.F.,.F.,(4,2,2,2,4),(0.339517354677446,
0.424396085764332,0.509274816851219,0.594154763103055,0.679034709354891),
 .UNSPECIFIED.);
#244=B_SPLINE_CURVE_WITH_KNOTS('',3,(#1222,#1223,#1224,#1225,#1226,#1227,
#1228,#1229,#1230,#1231,#1232,#1233,#1234,#1235,#1236,#1237,#1238,#1239,
#1240),.UNSPECIFIED.,.F.,.F.,(4,2,2,2,3,2,2,2,4),(1.01855206403234,1.10343079511922,
1.18830952620611,1.27318947245795,1.35806941870978,1.44294936496162,1.52782931121345,
1.61270804230034,1.69758677338723),.UNSPECIFIED.);
#245=B_SPLINE_CURVE_WITH_KNOTS('',3,(#1241,#1242,#1243,#1244,#1245,#1246,
#1247,#1248,#1249,#1250),.UNSPECIFIED.,.F.,.F.,(4,2,2,2,4),(0.679034709354891,
0.763914655606727,0.848794601858563,0.93367333294545,1.01855206403234),
 .UNSPECIFIED.);
#246=B_SPLINE_CURVE_WITH_KNOTS('',3,(#1254,#1255,#1256,#1257,#1258,#1259,
#1260,#1261,#1262,#1263,#1264,#1265,#1266,#1267,#1268,#1269,#1270,#1271),
 .UNSPECIFIED.,.F.,.F.,(4,2,2,2,2,2,2,2,4),(0.,0.0852979791320423,0.170595958264085,
0.255871776604123,0.341147594944162,0.426423413284201,0.51169923162424,
0.596997210756282,0.682295189888324),.UNSPECIFIED.);
#247=B_SPLINE_CURVE_WITH_KNOTS('',3,(#1272,#1273,#1274,#1275,#1276,#1277,
#1278,#1279,#1280,#1281,#1282,#1283,#1284,#1285,#1286,#1287,#1288,#1289),
 .UNSPECIFIED.,.F.,.F.,(4,2,2,2,2,2,2,2,4),(0.682295189888324,0.767593169020367,
0.852891148152409,0.938166966492448,1.02344278483249,1.10871860317253,1.19399442151256,
1.27929240064461,1.36459037977665),.UNSPECIFIED.);
#248=B_SPLINE_CURVE_WITH_KNOTS('',3,(#1293,#1294,#1295,#1296,#1297,#1298,
#1299,#1300,#1301,#1302,#1303,#1304,#1305,#1306,#1307,#1308,#1309,#1310),
 .UNSPECIFIED.,.F.,.F.,(4,2,2,2,2,2,2,2,4),(0.,0.0852979791320424,0.170595958264085,
0.255871776604123,0.341147594944162,0.426423413284201,0.51169923162424,
0.596997210756282,0.682295189888324),.UNSPECIFIED.);
#249=B_SPLINE_CURVE_WITH_KNOTS('',3,(#1311,#1312,#1313,#1314,#1315,#1316,
#1317,#1318,#1319,#1320,#1321,#1322,#1323,#1324,#1325,#1326,#1327,#1328),
 .UNSPECIFIED.,.F.,.F.,(4,2,2,2,2,2,2,2,4),(0.682295189888324,0.767593169020367,
0.852891148152409,0.938166966492448,1.02344278483249,1.10871860317253,1.19399442151256,
1.27929240064461,1.36459037977665),.UNSPECIFIED.);
#250=B_SPLINE_CURVE_WITH_KNOTS('',3,(#1438,#1439,#1440,#1441),
 .UNSPECIFIED.,.F.,.F.,(4,4),(0.,0.0414204753682341),.UNSPECIFIED.);
#251=B_SPLINE_CURVE_WITH_KNOTS('',3,(#1442,#1443,#1444,#1445,#1446,#1447,
#1448,#1449,#1450,#1451,#1452,#1453,#1454,#1455,#1456,#1457,#1458,#1459,
#1460,#1461,#1462,#1463,#1464,#1465,#1466,#1467),.UNSPECIFIED.,.F.,.F.,
(4,1,2,2,2,1,1,1,2,1,2,1,1,1,1,1,1,1,4),(0.0414204753682341,0.0660263531802386,
0.132052706360477,0.198077940952585,0.3301284101368,0.379647895374947,0.429167380613093,
0.453927123232167,0.528206351089386,0.594232704269624,0.660259057449862,
0.709778263040976,0.75929746863209,0.808816674223203,0.858335879814317,
0.907855085405431,0.957374290996545,1.00689349658766,1.05641270217877),
 .UNSPECIFIED.);
#252=B_SPLINE_CURVE_WITH_KNOTS('',3,(#1468,#1469,#1470,#1471,#1472,#1473,
#1474,#1475,#1476,#1477,#1478,#1479,#1480,#1481,#1482,#1483,#1484,#1485,
#1486,#1487,#1488,#1489,#1490,#1491,#1492,#1493),.UNSPECIFIED.,.T.,.F.,
(4,1,1,1,1,1,1,1,2,1,2,1,1,1,2,2,2,1,4),(-1.05641270217877,-1.00689349658766,
-0.957374290996545,-0.907855085405431,-0.858335879814317,-0.808816674223203,
-0.75929746863209,-0.709778263040976,-0.660259057449862,-0.594232704269624,
-0.528206351089386,-0.453927123232167,-0.429167380613093,-0.379647895374947,
-0.3301284101368,-0.198077940952585,-0.132052706360477,-0.0660263531802386,
0.),.UNSPECIFIED.);
#253=B_SPLINE_CURVE_WITH_KNOTS('',3,(#1500,#1501,#1502,#1503,#1504,#1505,
#1506,#1507,#1508,#1509,#1510,#1511,#1512,#1513,#1514),.UNSPECIFIED.,.F.,
 .F.,(4,1,1,1,1,1,1,1,1,1,1,1,4),(11.4165481997437,12.379162704299,12.8604699565766,
13.3417772088543,13.823084461132,14.3043917134096,15.2670062179649,16.5504922240387,
16.8713637255571,17.1922352270756,17.8339782301125,18.1548497316309,18.1548761243498),
 .UNSPECIFIED.);
#254=B_SPLINE_CURVE_WITH_KNOTS('',3,(#1517,#1518,#1519,#1520,#1521,#1522,
#1523,#1524,#1525,#1526,#1527,#1528,#1529,#1530),.UNSPECIFIED.,.F.,.F.,
(4,1,1,1,1,1,1,1,1,1,1,4),(18.1548761243498,18.4757212331493,19.1174642361862,
20.0800787407415,21.0426932452969,22.0053077498522,22.4866150021298,22.9679222544075,
23.4492295066852,23.9305367589628,24.4118440112405,24.8931512635181),
 .UNSPECIFIED.);
#255=B_SPLINE_CURVE_WITH_KNOTS('',3,(#1532,#1533,#1534,#1535,#1536,#1537,
#1538,#1539,#1540,#1541,#1542,#1543,#1544,#1545,#1546,#1547,#1548,#1549,
#1550,#1551,#1552,#1553,#1554,#1555,#1556,#1557,#1558,#1559,#1560,#1561,
#1562,#1563,#1564,#1565,#1566,#1567),.UNSPECIFIED.,.T.,.F.,(4,2,1,1,1,2,
1,1,1,2,1,1,1,1,1,1,1,1,1,1,1,1,2,1,1,2,2,4),(-1.32051587772347,-1.25449064313136,
-1.20497115789321,-1.15545167265506,-1.11831205872645,-1.05641270217877,
-1.00689321694063,-0.95737373170248,-0.907854246464333,-0.858334761226187,
-0.850081571946294,-0.841828382666402,-0.825322004106617,-0.792309246987046,
-0.775802868427261,-0.759296489867476,-0.742790111307691,-0.734536922027798,
-0.730410327387852,-0.728347030067879,-0.726283732747906,-0.67676459706855,
-0.594232704269625,-0.561219527679505,-0.511699762794326,-0.462179997909148,
-0.330128410136801,-0.264103175544693),.UNSPECIFIED.);
#256=B_SPLINE_CURVE_WITH_KNOTS('',3,(#1571,#1572,#1573,#1574,#1575,#1576,
#1577,#1578,#1579,#1580,#1581,#1582,#1583,#1584,#1585,#1586,#1587,#1588,
#1589,#1590,#1591,#1592,#1593,#1594,#1595,#1596,#1597,#1598,#1599,#1600,
#1601,#1602,#1603,#1604),.UNSPECIFIED.,.F.,.F.,(4,2,2,2,2,2,2,2,2,2,2,2,
2,2,2,2,4),(0.,0.0661694951548182,0.132338990309636,0.198502396508031,0.264665802706425,
0.33082920890482,0.396992615103214,0.463162110258032,0.52933160541285,0.595501100567668,
0.661670595722486,0.72783400192088,0.793997408119275,0.86016081431767,0.926324220516064,
0.992493715670882,1.01486248625586),.UNSPECIFIED.);
#257=B_SPLINE_CURVE_WITH_KNOTS('',3,(#1605,#1606,#1607,#1608),
 .UNSPECIFIED.,.F.,.F.,(4,4),(1.01486248625586,1.0586632108257),
 .UNSPECIFIED.);
#258=B_SPLINE_CURVE_WITH_KNOTS('',3,(#1757,#1758,#1759,#1760,#1761,#1762,
#1763,#1764,#1765,#1766,#1767,#1768,#1769,#1770,#1771,#1772,#1773,#1774,
#1775,#1776,#1777,#1778,#1779,#1780,#1781,#1782,#1783,#1784,#1785),
 .UNSPECIFIED.,.F.,.F.,(4,2,2,1,1,2,1,1,1,1,1,1,1,1,1,1,1,1,2,1,1,1,4),
(0.264103175544693,0.330128410136801,0.462179997909148,0.511699762794326,
0.561219527679505,0.594232704269625,0.67676459706855,0.726283732747906,
0.728347030067879,0.730410327387852,0.734536922027798,0.742790111307691,
0.759296489867476,0.775802868427261,0.792309246987046,0.825322004106617,
0.841828382666402,0.850081571946294,0.858334761226187,0.907854246464333,
0.95737373170248,1.00689321694063,1.01499222681053),.UNSPECIFIED.);
#259=B_SPLINE_CURVE_WITH_KNOTS('',3,(#1786,#1787,#1788,#1789,#1790,#1791,
#1792,#1793,#1794,#1795,#1796),.UNSPECIFIED.,.F.,.F.,(4,2,1,1,1,2,4),(1.01499222681053,
1.05641270217877,1.11831205872645,1.15545167265506,1.20497115789321,1.25449064313136,
1.32051587772347),.UNSPECIFIED.);
#260=B_SPLINE_CURVE_WITH_KNOTS('',3,(#1801,#1802,#1803,#1804),
 .UNSPECIFIED.,.F.,.F.,(4,4),(0.,0.0438007245698405),.UNSPECIFIED.);
#261=B_SPLINE_CURVE_WITH_KNOTS('',3,(#1805,#1806,#1807,#1808,#1809,#1810,
#1811,#1812,#1813,#1814,#1815,#1816,#1817,#1818,#1819,#1820,#1821,#1822,
#1823,#1824,#1825,#1826,#1827,#1828,#1829,#1830,#1831,#1832,#1833,#1834,
#1835,#1836,#1837,#1838),.UNSPECIFIED.,.F.,.F.,(4,2,2,2,2,2,2,2,2,2,2,2,
2,2,2,2,4),(0.0438007245698405,0.0661694951548179,0.132338990309636,0.198502396508031,
0.264665802706425,0.33082920890482,0.396992615103214,0.463162110258032,
0.52933160541285,0.595501100567668,0.661670595722486,0.727834001920881,
0.793997408119275,0.86016081431767,0.926324220516064,0.992493715670882,
1.0586632108257),.UNSPECIFIED.);
#262=B_SPLINE_CURVE_WITH_KNOTS('',3,(#1951,#1952,#1953,#1954,#1955,#1956,
#1957,#1958,#1959),.UNSPECIFIED.,.F.,.F.,(4,2,2,1,4),(0.,0.0660263531802814,
0.132052706360563,0.198077940952671,0.264103175544779),.UNSPECIFIED.);
#263=B_SPLINE_CURVE_WITH_KNOTS('',3,(#1960,#1961,#1962,#1963,#1964,#1965,
#1966,#1967,#1968,#1969,#1970,#1971,#1972,#1973,#1974,#1975,#1976,#1977,
#1978,#1979,#1980),.UNSPECIFIED.,.F.,.F.,(4,1,2,2,2,1,2,1,1,1,2,2,4),(0.264103175544779,
0.330128410136887,0.396153644728995,0.462179997909191,0.528206351089386,
0.594232704269583,0.660259057449779,0.726284292041887,0.792309526633995,
0.858334761226103,0.92435999581821,0.990386348998492,1.05641270217877),
 .UNSPECIFIED.);
#264=B_SPLINE_CURVE_WITH_KNOTS('',3,(#1981,#1982,#1983,#1984,#1985,#1986,
#1987,#1988,#1989,#1990,#1991,#1992,#1993,#1994,#1995,#1996,#1997,#1998,
#1999,#2000,#2001,#2002,#2003,#2004,#2005,#2006,#2007),.UNSPECIFIED.,.T.,
 .F.,(4,2,2,1,1,1,2,1,2,2,2,1,1,1,2,2,4),(-1.05641270217877,-0.990386348998492,
-0.92435999581821,-0.858334761226103,-0.792309526633995,-0.726284292041887,
-0.660259057449779,-0.594232704269583,-0.528206351089386,-0.462179997909191,
-0.396153644728995,-0.330128410136887,-0.264103175544779,-0.198077940952671,
-0.132052706360563,-0.0660263531802814,0.),.UNSPECIFIED.);
#265=B_SPLINE_CURVE_WITH_KNOTS('',3,(#2014,#2015,#2016,#2017,#2018,#2019,
#2020,#2021,#2022,#2023,#2024,#2025,#2026,#2027),.UNSPECIFIED.,.F.,.F.,
(4,1,1,1,1,1,1,1,1,1,1,4),(11.4163635371428,12.378970098781,12.8602733796001,
13.3415766604191,13.8228799412382,14.3041832220573,15.2667897836955,16.550265199213,
16.8711340530924,17.1920029069718,17.8337406147305,18.1542254721177),
 .UNSPECIFIED.);
#266=B_SPLINE_CURVE_WITH_KNOTS('',3,(#2030,#2031,#2032,#2033,#2034,#2035,
#2036,#2037,#2038,#2039,#2040,#2041,#2042,#2043,#2044),.UNSPECIFIED.,.F.,
 .F.,(4,1,1,1,1,1,1,1,1,1,1,1,4),(18.1542254721177,18.1546094686099,18.7963471763687,
19.1172160302481,20.0798225918862,21.0424291535244,22.0050357151625,22.4863389959816,
22.9676422768007,23.4489455576198,23.9302488384389,24.4115521192579,24.892855400077),
 .UNSPECIFIED.);
#267=B_SPLINE_CURVE_WITH_KNOTS('',3,(#2046,#2047,#2048,#2049,#2050,#2051,
#2052,#2053,#2054,#2055,#2056,#2057,#2058,#2059,#2060,#2061,#2062,#2063,
#2064,#2065,#2066,#2067,#2068,#2069,#2070,#2071,#2072,#2073,#2074),
 .UNSPECIFIED.,.T.,.F.,(4,1,2,1,1,1,1,1,2,1,1,1,1,1,1,1,1,1,2,1,2,1,4),
(-1.84872222881199,-1.78269699422027,-1.71667175962855,-1.65064540644836,
-1.61763222985826,-1.58461905326816,-1.56811246497311,-1.55160587667806,
-1.45256634690777,-1.40304714131664,-1.35352793572552,-1.32876833292996,
-1.30400873013439,-1.25448952454327,-1.20497031895215,-1.15545111336102,
-1.14926121266213,-1.13069151056546,-1.05641270217877,-0.990386348998492,
-0.92435999581821,-0.858334761225713,-0.792309526633215),.UNSPECIFIED.);
#268=B_SPLINE_CURVE_WITH_KNOTS('',3,(#2078,#2079,#2080,#2081,#2082,#2083,
#2084,#2085,#2086,#2087,#2088,#2089,#2090,#2091,#2092,#2093,#2094,#2095,
#2096,#2097,#2098,#2099,#2100,#2101,#2102,#2103),.UNSPECIFIED.,.F.,.F.,
(4,2,2,2,2,2,2,2,2,2,2,2,4),(0.,0.0661694951549294,0.132338990309859,0.19850239650916,
0.264665802708461,0.330829208905949,0.396992615103437,0.463162110258143,
0.52933160541285,0.595501100567556,0.661670595722262,0.72783400191975,0.793997408117238),
 .UNSPECIFIED.);
#269=B_SPLINE_CURVE_WITH_KNOTS('',3,(#2104,#2105,#2106,#2107,#2108,#2109,
#2110,#2111,#2112,#2113),.UNSPECIFIED.,.F.,.F.,(4,2,2,2,4),(0.793997408117238,
0.860160814316539,0.92632422051584,0.99249371567077,1.0586632108257),
 .UNSPECIFIED.);
#270=B_SPLINE_CURVE_WITH_KNOTS('',3,(#2233,#2234,#2235,#2236,#2237,#2238,
#2239,#2240,#2241,#2242,#2243,#2244,#2245,#2246,#2247,#2248,#2249,#2250,
#2251,#2252,#2253,#2254,#2255,#2256,#2257,#2258,#2259,#2260,#2261),
 .UNSPECIFIED.,.T.,.F.,(4,1,2,1,2,1,1,1,1,1,1,1,1,1,2,1,1,1,1,1,2,1,4),
(0.792309526633215,0.858334761225713,0.92435999581821,0.990386348998492,
1.05641270217877,1.13069151056546,1.14926121266213,1.15545111336102,1.20497031895215,
1.25448952454327,1.30400873013439,1.32876833292996,1.35352793572552,1.40304714131664,
1.45256634690777,1.55160587667806,1.56811246497311,1.58461905326816,1.61763222985826,
1.65064540644836,1.71667175962855,1.78269699422027,1.84872222881199),
 .UNSPECIFIED.);
#271=B_SPLINE_CURVE_WITH_KNOTS('',3,(#2266,#2267,#2268,#2269,#2270,#2271,
#2272,#2273,#2274,#2275),.UNSPECIFIED.,.F.,.F.,(4,2,2,2,4),(0.,0.0661694951549298,
0.13233899030986,0.19850239650916,0.264665802708461),.UNSPECIFIED.);
#272=B_SPLINE_CURVE_WITH_KNOTS('',3,(#2276,#2277,#2278,#2279,#2280,#2281,
#2282,#2283,#2284,#2285,#2286,#2287,#2288,#2289,#2290,#2291,#2292,#2293,
#2294,#2295,#2296,#2297,#2298,#2299,#2300,#2301),.UNSPECIFIED.,.F.,.F.,
(4,2,2,2,2,2,2,2,2,2,2,2,4),(0.264665802708461,0.330829208905949,0.396992615103438,
0.463162110258144,0.52933160541285,0.595501100567556,0.661670595722263,
0.727834001919751,0.793997408117239,0.86016081431654,0.926324220515841,
0.99249371567077,1.0586632108257),.UNSPECIFIED.);
#273=B_SPLINE_CURVE_WITH_KNOTS('',3,(#2317,#2318,#2319,#2320,#2321,#2322,
#2323,#2324,#2325,#2326,#2327,#2328,#2329,#2330,#2331,#2332),
 .UNSPECIFIED.,.F.,.F.,(4,2,2,2,2,2,2,4),(0.,0.289413697469135,0.406025254188343,
0.483826607100488,0.557751554167786,0.655844716918707,0.850992061382349,
0.990499609135474),.UNSPECIFIED.);
#274=B_SPLINE_CURVE_WITH_KNOTS('',3,(#2335,#2336,#2337,#2338,#2339,#2340,
#2341,#2342,#2343,#2344,#2345,#2346,#2347,#2348,#2349,#2350),
 .UNSPECIFIED.,.F.,.F.,(4,2,2,2,2,2,2,4),(0.,0.289419048953019,0.406025683328667,
0.483825702682862,0.557754455879041,0.655851636226006,0.850998694524845,
0.990499372438995),.UNSPECIFIED.);
#275=B_SPLINE_CURVE_WITH_KNOTS('',3,(#2360,#2361,#2362,#2363,#2364,#2365,
#2366,#2367,#2368,#2369,#2370,#2371,#2372,#2373,#2374,#2375),
 .UNSPECIFIED.,.F.,.F.,(4,2,2,2,2,2,2,4),(0.,0.289407182769529,0.406025160291213,
0.483821157862726,0.557752073336015,0.655849515180798,0.850973361794459,
0.990499707479346),.UNSPECIFIED.);
#276=B_SPLINE_CURVE_WITH_KNOTS('',3,(#2378,#2379,#2380,#2381,#2382,#2383,
#2384,#2385,#2386,#2387,#2388,#2389,#2390,#2391,#2392,#2393),
 .UNSPECIFIED.,.F.,.F.,(4,2,2,2,2,2,2,4),(0.,0.289393580617802,0.406028410659296,
0.483819806345826,0.557748356317056,0.655854972414148,0.850976574859788,
0.990500283328688),.UNSPECIFIED.);
#277=B_SPLINE_CURVE_WITH_KNOTS('',3,(#2404,#2405,#2406,#2407,#2408,#2409,
#2410,#2411,#2412,#2413,#2414,#2415,#2416,#2417,#2418,#2419,#2420,#2421),
 .UNSPECIFIED.,.F.,.F.,(4,2,2,2,2,2,2,2,4),(2.60232466768135,2.67955996154431,
2.97762456739027,3.2749338004689,3.57224303354753,3.86955226662615,4.16686149970478,
4.46492610555074,4.7629907113967),.UNSPECIFIED.);
#278=B_SPLINE_CURVE_WITH_KNOTS('',3,(#2423,#2424,#2425,#2426,#2427,#2428,
#2429,#2430,#2431,#2432),.UNSPECIFIED.,.F.,.F.,(4,2,2,2,4),(1.06042343180744,
1.12869163750955,1.28572164547763,1.4427516534457,1.51101985914781),
 .UNSPECIFIED.);
#279=B_SPLINE_CURVE_WITH_KNOTS('',3,(#2433,#2434,#2435,#2436,#2437,#2438,
#2439,#2440,#2441,#2442,#2443,#2444,#2445,#2446,#2447,#2448,#2449,#2450),
 .UNSPECIFIED.,.F.,.F.,(4,2,2,2,2,2,2,2,4),(4.7629907113967,5.06105531724266,
5.35911992308862,5.65642915616725,5.95373838924588,6.2510476223245,6.54835685540313,
6.84642146124909,6.92365675511205),.UNSPECIFIED.);
#280=B_SPLINE_CURVE_WITH_KNOTS('',3,(#2462,#2463,#2464,#2465,#2466,#2467,
#2468,#2469,#2470,#2471,#2472,#2473,#2474,#2475,#2476,#2477,#2478,#2479),
 .UNSPECIFIED.,.F.,.F.,(4,2,2,2,2,2,2,2,4),(0.220829311970633,0.298064605845959,
0.596129211691919,0.893438444770547,1.19074767784917,1.4880569109278,1.78536614400643,
2.08343074985239,2.38149535569835),.UNSPECIFIED.);
#281=B_SPLINE_CURVE_WITH_KNOTS('',3,(#2481,#2482,#2483,#2484,#2485,#2486),
 .UNSPECIFIED.,.F.,.F.,(4,2,4),(3.43269168798903,3.65735090464165,3.88201012129427),
 .UNSPECIFIED.);
#282=B_SPLINE_CURVE_WITH_KNOTS('',3,(#2487,#2488,#2489,#2490,#2491,#2492,
#2493,#2494,#2495,#2496,#2497,#2498,#2499,#2500,#2501,#2502,#2503,#2504),
 .UNSPECIFIED.,.F.,.F.,(4,2,2,2,2,2,2,2,4),(2.38149535569835,2.67955996154431,
2.97762456739027,3.2749338004689,3.57224303354752,3.86955226662615,4.16686149970478,
4.46492610555074,4.54216139942607),.UNSPECIFIED.);
#283=B_SPLINE_CURVE_WITH_KNOTS('',3,(#2782,#2783,#2784,#2785,#2786,#2787,
#2788,#2789,#2790,#2791,#2792,#2793,#2794,#2795,#2796,#2797,#2798,#2799,
#2800),.UNSPECIFIED.,.F.,.F.,(4,3,3,3,3,3,4),(-12.6278943454471,-12.5826099139061,
-12.3790603354745,-12.1176633311119,-11.8414391324902,-11.5284169435456,
-11.4165482002414),.UNSPECIFIED.);
#284=B_SPLINE_CURVE_WITH_KNOTS('',3,(#2801,#2802,#2803,#2804,#2805,#2806),
 .UNSPECIFIED.,.F.,.F.,(4,1,1,4),(-24.8931512635181,-24.4118440112405,-23.9305367589628,
-23.6817815818482),.UNSPECIFIED.);
#285=B_SPLINE_CURVE_WITH_KNOTS('',3,(#2807,#2808,#2809,#2810,#2811,#2812,
#2813,#2814,#2815,#2816,#2817,#2818,#2819,#2820,#2821,#2822,#2823,#2824,
#2825,#2826,#2827,#2828,#2829,#2830,#2831,#2832,#2833,#2834,#2835,#2836,
#2837,#2838,#2839,#2840,#2841,#2842,#2843,#2844,#2845,#2846,#2847,#2848,
#2849,#2850,#2851,#2852,#2853,#2854,#2855,#2856,#2857,#2858,#2859,#2860,
#2861,#2862,#2863,#2864,#2865,#2866,#2867,#2868,#2869,#2870,#2871,#2872,
#2873,#2874,#2875,#2876,#2877,#2878,#2879,#2880,#2881,#2882,#2883,#2884,
#2885,#2886,#2887,#2888,#2889,#2890,#2891,#2892,#2893,#2894,#2895,#2896,
#2897,#2898,#2899,#2900,#2901,#2902,#2903,#2904,#2905,#2906,#2907,#2908,
#2909,#2910,#2911,#2912,#2913,#2914,#2915,#2916,#2917,#2918,#2919,#2920,
#2921,#2922,#2923,#2924,#2925,#2926,#2927,#2928,#2929,#2930,#2931,#2932,
#2933),.UNSPECIFIED.,.F.,.F.,(4,3,3,3,3,3,3,3,3,3,3,3,3,3,3,3,3,3,3,3,3,
3,3,3,3,3,3,3,3,3,3,3,3,3,3,3,3,3,3,3,3,3,4),(-21.705416659956,-21.5280100216247,
-21.3454033449036,-21.153562991345,-21.0425649394422,-21.014313335764,-20.6770917665565,
-20.3125675876253,-20.0799569579969,-19.6861783542991,-19.4016975753669,
-19.1549265674315,-19.1172167964347,-18.9235032254281,-18.7560804358745,
-18.6421414841889,-18.4758617352458,-18.3241811065821,-18.1672620093869,
-18.1548126388254,-18.1547860825943,-18.0506419355185,-17.9788364465767,
-17.8416282249094,-17.8338027880186,-17.6916991231676,-17.5441426056404,
-17.390208632662,-17.3347257546487,-17.1920640503299,-16.9582805520313,
-16.8710120579758,-16.6141971178052,-16.5502311863217,-16.2895215066562,
-16.0666202798262,-15.7231645208375,-15.4604909290514,-15.267199316224,
-15.0457425035711,-14.8372215651116,-14.6386435490386,-14.6042325396889),
 .UNSPECIFIED.);
#286=B_SPLINE_CURVE_WITH_KNOTS('',3,(#3109,#3110,#3111,#3112,#3113,#3114,
#3115,#3116,#3117,#3118,#3119,#3120,#3121,#3122,#3123,#3124,#3125,#3126,
#3127,#3128,#3129,#3130,#3131,#3132,#3133),.UNSPECIFIED.,.F.,.F.,(4,3,3,
3,3,3,3,3,4),(-12.6277509170848,-12.4326078565391,-12.3789671968182,-12.1700875056945,
-11.9479726600459,-11.916367277204,-11.7290122396162,-11.5284109734763,
-11.416363537143),.UNSPECIFIED.);
#287=B_SPLINE_CURVE_WITH_KNOTS('',3,(#3134,#3135,#3136,#3137,#3138,#3139),
 .UNSPECIFIED.,.F.,.F.,(4,1,1,4),(-24.892855400077,-24.4115521192579,-23.9302488384389,
-23.6814800000116),.UNSPECIFIED.);
#288=B_SPLINE_CURVE_WITH_KNOTS('',3,(#3140,#3141,#3142,#3143,#3144,#3145,
#3146,#3147,#3148,#3149,#3150,#3151,#3152,#3153,#3154,#3155,#3156,#3157,
#3158,#3159,#3160,#3161,#3162,#3163,#3164,#3165,#3166,#3167,#3168,#3169,
#3170,#3171,#3172,#3173,#3174,#3175,#3176,#3177,#3178,#3179,#3180,#3181,
#3182,#3183,#3184,#3185,#3186,#3187,#3188,#3189,#3190,#3191,#3192,#3193,
#3194,#3195,#3196,#3197,#3198,#3199,#3200,#3201,#3202,#3203,#3204,#3205,
#3206,#3207,#3208,#3209,#3210,#3211,#3212,#3213,#3214,#3215,#3216,#3217,
#3218,#3219,#3220,#3221,#3222,#3223,#3224,#3225,#3226,#3227,#3228,#3229,
#3230,#3231,#3232,#3233,#3234,#3235,#3236,#3237,#3238,#3239,#3240,#3241,
#3242,#3243,#3244,#3245,#3246,#3247,#3248,#3249,#3250,#3251,#3252,#3253,
#3254,#3255,#3256,#3257,#3258,#3259,#3260,#3261,#3262,#3263,#3264,#3265,
#3266,#3267,#3268,#3269),.UNSPECIFIED.,.F.,.F.,(4,3,3,3,3,3,3,3,3,3,3,3,
3,3,3,3,3,3,3,3,3,3,3,3,3,3,3,3,3,3,3,3,3,3,3,3,3,3,3,3,3,3,3,4),(-21.7051338480212,
-21.5202168128797,-21.3293084022444,-21.1280288371596,-21.0422751804265,
-20.8237051091752,-20.5979494949787,-20.3683245734677,-20.1321244431285,
-20.0798722093447,-19.8392080700102,-19.6034700113597,-19.5255327686653,
-19.2901189525957,-19.1172450983099,-18.8720002699471,-18.7963291212371,
-18.5977140022977,-18.5661688175054,-18.4362060714034,-18.3158140032252,
-18.2058826940772,-18.1549394819777,-18.1545557614073,-18.071706775856,
-17.9984769797938,-17.8669673024841,-17.8336834993092,-17.702633935861,
-17.5660772006968,-17.4744059123409,-17.1923250137799,-16.8714701780997,
-16.5505166815178,-16.4548595417755,-16.1554100493267,-15.856314449996,
-15.5698290209614,-15.3434396933813,-15.2670517681147,-15.0766025546413,
-14.8939495907402,-14.7217324172336,-14.6041020344938),.UNSPECIFIED.);
#289=B_SPLINE_CURVE_WITH_KNOTS('',3,(#3274,#3275,#3276,#3277,#3278,#3279),
 .UNSPECIFIED.,.F.,.F.,(4,2,4),(3.519508984481,3.74403969757569,3.96857041067037),
 .UNSPECIFIED.);
#290=B_SPLINE_CURVE_WITH_KNOTS('',3,(#3283,#3284,#3285,#3286),
 .UNSPECIFIED.,.F.,.F.,(4,4),(7.26354868204114,7.48807939515137),
 .UNSPECIFIED.);
#291=B_SPLINE_CURVE_WITH_KNOTS('',3,(#3287,#3288,#3289,#3290),
 .UNSPECIFIED.,.F.,.F.,(4,4),(0.,0.224530713110237),.UNSPECIFIED.);
#292=VERTEX_POINT('',#977);
#293=VERTEX_POINT('',#978);
#294=VERTEX_POINT('',#1025);
#295=VERTEX_POINT('',#1029);
#296=VERTEX_POINT('',#1032);
#297=VERTEX_POINT('',#1033);
#298=VERTEX_POINT('',#1080);
#299=VERTEX_POINT('',#1084);
#300=VERTEX_POINT('',#1087);
#301=VERTEX_POINT('',#1088);
#302=VERTEX_POINT('',#1099);
#303=VERTEX_POINT('',#1129);
#304=VERTEX_POINT('',#1131);
#305=VERTEX_POINT('',#1169);
#306=VERTEX_POINT('',#1170);
#307=VERTEX_POINT('',#1209);
#308=VERTEX_POINT('',#1210);
#309=VERTEX_POINT('',#1221);
#310=VERTEX_POINT('',#1251);
#311=VERTEX_POINT('',#1253);
#312=VERTEX_POINT('',#1291);
#313=VERTEX_POINT('',#1292);
#314=VERTEX_POINT('',#1434);
#315=VERTEX_POINT('',#1435);
#316=VERTEX_POINT('',#1437);
#317=VERTEX_POINT('',#1495);
#318=VERTEX_POINT('',#1497);
#319=VERTEX_POINT('',#1499);
#320=VERTEX_POINT('',#1515);
#321=VERTEX_POINT('',#1531);
#322=VERTEX_POINT('',#1569);
#323=VERTEX_POINT('',#1570);
#324=VERTEX_POINT('',#1754);
#325=VERTEX_POINT('',#1756);
#326=VERTEX_POINT('',#1798);
#327=VERTEX_POINT('',#1800);
#328=VERTEX_POINT('',#1947);
#329=VERTEX_POINT('',#1948);
#330=VERTEX_POINT('',#1950);
#331=VERTEX_POINT('',#2009);
#332=VERTEX_POINT('',#2011);
#333=VERTEX_POINT('',#2013);
#334=VERTEX_POINT('',#2028);
#335=VERTEX_POINT('',#2045);
#336=VERTEX_POINT('',#2076);
#337=VERTEX_POINT('',#2077);
#338=VERTEX_POINT('',#2231);
#339=VERTEX_POINT('',#2263);
#340=VERTEX_POINT('',#2265);
#341=VERTEX_POINT('',#2303);
#342=VERTEX_POINT('',#2305);
#343=VERTEX_POINT('',#2309);
#344=VERTEX_POINT('',#2313);
#345=VERTEX_POINT('',#2314);
#346=VERTEX_POINT('',#2316);
#347=VERTEX_POINT('',#2333);
#348=VERTEX_POINT('',#2352);
#349=VERTEX_POINT('',#2356);
#350=VERTEX_POINT('',#2357);
#351=VERTEX_POINT('',#2359);
#352=VERTEX_POINT('',#2376);
#353=VERTEX_POINT('',#2395);
#354=VERTEX_POINT('',#2397);
#355=VERTEX_POINT('',#2401);
#356=VERTEX_POINT('',#2403);
#357=VERTEX_POINT('',#2422);
#358=VERTEX_POINT('',#2453);
#359=VERTEX_POINT('',#2455);
#360=VERTEX_POINT('',#2459);
#361=VERTEX_POINT('',#2461);
#362=VERTEX_POINT('',#2480);
#363=VERTEX_POINT('',#2508);
#364=VERTEX_POINT('',#2512);
#365=VERTEX_POINT('',#3282);
#366=EDGE_CURVE('',#292,#293,#232,.T.);
#367=EDGE_CURVE('',#293,#292,#233,.T.);
#368=EDGE_CURVE('',#293,#294,#186,.T.);
#369=EDGE_CURVE('',#294,#294,#162,.T.);
#370=EDGE_CURVE('',#295,#295,#163,.T.);
#371=EDGE_CURVE('',#296,#297,#234,.T.);
#372=EDGE_CURVE('',#297,#296,#235,.T.);
#373=EDGE_CURVE('',#297,#298,#187,.T.);
#374=EDGE_CURVE('',#298,#298,#164,.T.);
#375=EDGE_CURVE('',#299,#299,#165,.T.);
#376=EDGE_CURVE('',#300,#301,#236,.T.);
#377=EDGE_CURVE('',#302,#300,#237,.T.);
#378=EDGE_CURVE('',#301,#302,#238,.T.);
#379=EDGE_CURVE('',#301,#303,#188,.T.);
#380=EDGE_CURVE('',#304,#303,#239,.T.);
#381=EDGE_CURVE('',#303,#304,#240,.T.);
#382=EDGE_CURVE('',#305,#306,#241,.T.);
#383=EDGE_CURVE('',#306,#305,#242,.T.);
#384=EDGE_CURVE('',#306,#295,#189,.T.);
#385=EDGE_CURVE('',#307,#308,#243,.T.);
#386=EDGE_CURVE('',#309,#307,#244,.T.);
#387=EDGE_CURVE('',#308,#309,#245,.T.);
#388=EDGE_CURVE('',#308,#310,#190,.T.);
#389=EDGE_CURVE('',#311,#310,#246,.T.);
#390=EDGE_CURVE('',#310,#311,#247,.T.);
#391=EDGE_CURVE('',#312,#313,#248,.T.);
#392=EDGE_CURVE('',#313,#312,#249,.T.);
#393=EDGE_CURVE('',#313,#299,#191,.T.);
#394=EDGE_CURVE('',#314,#315,#192,.T.);
#395=EDGE_CURVE('',#315,#316,#250,.T.);
#396=EDGE_CURVE('',#316,#315,#251,.T.);
#397=EDGE_CURVE('',#314,#314,#252,.T.);
#398=EDGE_CURVE('',#317,#317,#166,.T.);
#399=EDGE_CURVE('',#317,#318,#193,.T.);
#400=EDGE_CURVE('',#319,#318,#253,.T.);
#401=EDGE_CURVE('',#320,#319,#21,.T.);
#402=EDGE_CURVE('',#318,#320,#254,.T.);
#403=EDGE_CURVE('',#321,#321,#255,.T.);
#404=EDGE_CURVE('',#322,#323,#256,.T.);
#405=EDGE_CURVE('',#323,#322,#257,.T.);
#406=EDGE_CURVE('',#323,#316,#194,.T.);
#407=EDGE_CURVE('',#321,#324,#195,.T.);
#408=EDGE_CURVE('',#324,#325,#258,.T.);
#409=EDGE_CURVE('',#325,#324,#259,.T.);
#410=EDGE_CURVE('',#325,#326,#196,.T.);
#411=EDGE_CURVE('',#327,#326,#260,.T.);
#412=EDGE_CURVE('',#326,#327,#261,.T.);
#413=EDGE_CURVE('',#328,#329,#197,.T.);
#414=EDGE_CURVE('',#329,#330,#262,.T.);
#415=EDGE_CURVE('',#330,#329,#263,.T.);
#416=EDGE_CURVE('',#328,#328,#264,.T.);
#417=EDGE_CURVE('',#331,#331,#167,.T.);
#418=EDGE_CURVE('',#331,#332,#198,.T.);
#419=EDGE_CURVE('',#333,#332,#265,.T.);
#420=EDGE_CURVE('',#334,#333,#22,.T.);
#421=EDGE_CURVE('',#332,#334,#266,.T.);
#422=EDGE_CURVE('',#335,#335,#267,.T.);
#423=EDGE_CURVE('',#336,#337,#268,.T.);
#424=EDGE_CURVE('',#337,#336,#269,.T.);
#425=EDGE_CURVE('',#337,#330,#199,.T.);
#426=EDGE_CURVE('',#335,#338,#200,.T.);
#427=EDGE_CURVE('',#338,#338,#270,.T.);
#428=EDGE_CURVE('',#338,#339,#201,.T.);
#429=EDGE_CURVE('',#340,#339,#271,.T.);
#430=EDGE_CURVE('',#339,#340,#272,.T.);
#431=EDGE_CURVE('',#341,#341,#168,.T.);
#432=EDGE_CURVE('',#341,#342,#202,.T.);
#433=EDGE_CURVE('',#342,#342,#169,.T.);
#434=EDGE_CURVE('',#343,#343,#170,.T.);
#435=EDGE_CURVE('',#343,#341,#203,.T.);
#436=EDGE_CURVE('',#344,#345,#171,.T.);
#437=EDGE_CURVE('',#344,#346,#273,.F.);
#438=EDGE_CURVE('',#347,#346,#172,.T.);
#439=EDGE_CURVE('',#347,#345,#274,.F.);
#440=EDGE_CURVE('',#348,#348,#173,.T.);
#441=EDGE_CURVE('',#348,#343,#204,.T.);
#442=EDGE_CURVE('',#349,#350,#174,.T.);
#443=EDGE_CURVE('',#350,#351,#275,.F.);
#444=EDGE_CURVE('',#351,#352,#175,.T.);
#445=EDGE_CURVE('',#352,#349,#276,.F.);
#446=EDGE_CURVE('',#353,#353,#176,.T.);
#447=EDGE_CURVE('',#353,#354,#205,.T.);
#448=EDGE_CURVE('',#354,#354,#177,.T.);
#449=EDGE_CURVE('',#354,#355,#206,.T.);
#450=EDGE_CURVE('',#356,#355,#277,.T.);
#451=EDGE_CURVE('',#357,#356,#278,.T.);
#452=EDGE_CURVE('',#355,#357,#279,.T.);
#453=EDGE_CURVE('',#358,#358,#178,.T.);
#454=EDGE_CURVE('',#358,#359,#207,.T.);
#455=EDGE_CURVE('',#359,#359,#179,.T.);
#456=EDGE_CURVE('',#359,#360,#208,.T.);
#457=EDGE_CURVE('',#361,#360,#280,.T.);
#458=EDGE_CURVE('',#361,#362,#281,.T.);
#459=EDGE_CURVE('',#360,#362,#282,.T.);
#460=EDGE_CURVE('',#333,#320,#180,.F.);
#461=EDGE_CURVE('',#363,#333,#181,.F.);
#462=EDGE_CURVE('',#320,#363,#182,.F.);
#463=EDGE_CURVE('',#334,#364,#183,.F.);
#464=EDGE_CURVE('',#319,#334,#184,.F.);
#465=EDGE_CURVE('',#364,#319,#185,.F.);
#466=EDGE_CURVE('',#352,#364,#283,.T.);
#467=EDGE_CURVE('',#363,#346,#284,.T.);
#468=EDGE_CURVE('',#344,#349,#285,.T.);
#469=EDGE_CURVE('',#347,#363,#286,.T.);
#470=EDGE_CURVE('',#364,#351,#287,.T.);
#471=EDGE_CURVE('',#350,#345,#288,.T.);
#472=EDGE_CURVE('',#362,#361,#289,.T.);
#473=EDGE_CURVE('',#357,#365,#290,.T.);
#474=EDGE_CURVE('',#365,#356,#291,.T.);
#475=ORIENTED_EDGE('',*,*,#366,.F.);
#476=ORIENTED_EDGE('',*,*,#367,.F.);
#477=ORIENTED_EDGE('',*,*,#368,.T.);
#478=ORIENTED_EDGE('',*,*,#369,.T.);
#479=ORIENTED_EDGE('',*,*,#368,.F.);
#480=ORIENTED_EDGE('',*,*,#369,.F.);
#481=ORIENTED_EDGE('',*,*,#370,.F.);
#482=ORIENTED_EDGE('',*,*,#371,.F.);
#483=ORIENTED_EDGE('',*,*,#372,.F.);
#484=ORIENTED_EDGE('',*,*,#373,.T.);
#485=ORIENTED_EDGE('',*,*,#374,.T.);
#486=ORIENTED_EDGE('',*,*,#373,.F.);
#487=ORIENTED_EDGE('',*,*,#374,.F.);
#488=ORIENTED_EDGE('',*,*,#375,.F.);
#489=ORIENTED_EDGE('',*,*,#376,.F.);
#490=ORIENTED_EDGE('',*,*,#377,.F.);
#491=ORIENTED_EDGE('',*,*,#378,.F.);
#492=ORIENTED_EDGE('',*,*,#379,.T.);
#493=ORIENTED_EDGE('',*,*,#380,.F.);
#494=ORIENTED_EDGE('',*,*,#381,.F.);
#495=ORIENTED_EDGE('',*,*,#379,.F.);
#496=ORIENTED_EDGE('',*,*,#382,.F.);
#497=ORIENTED_EDGE('',*,*,#383,.F.);
#498=ORIENTED_EDGE('',*,*,#384,.T.);
#499=ORIENTED_EDGE('',*,*,#370,.T.);
#500=ORIENTED_EDGE('',*,*,#384,.F.);
#501=ORIENTED_EDGE('',*,*,#385,.F.);
#502=ORIENTED_EDGE('',*,*,#386,.F.);
#503=ORIENTED_EDGE('',*,*,#387,.F.);
#504=ORIENTED_EDGE('',*,*,#388,.T.);
#505=ORIENTED_EDGE('',*,*,#389,.F.);
#506=ORIENTED_EDGE('',*,*,#390,.F.);
#507=ORIENTED_EDGE('',*,*,#388,.F.);
#508=ORIENTED_EDGE('',*,*,#391,.F.);
#509=ORIENTED_EDGE('',*,*,#392,.F.);
#510=ORIENTED_EDGE('',*,*,#393,.T.);
#511=ORIENTED_EDGE('',*,*,#375,.T.);
#512=ORIENTED_EDGE('',*,*,#393,.F.);
#513=ORIENTED_EDGE('',*,*,#394,.T.);
#514=ORIENTED_EDGE('',*,*,#395,.T.);
#515=ORIENTED_EDGE('',*,*,#396,.T.);
#516=ORIENTED_EDGE('',*,*,#394,.F.);
#517=ORIENTED_EDGE('',*,*,#397,.T.);
#518=ORIENTED_EDGE('',*,*,#398,.F.);
#519=ORIENTED_EDGE('',*,*,#399,.T.);
#520=ORIENTED_EDGE('',*,*,#400,.F.);
#521=ORIENTED_EDGE('',*,*,#401,.F.);
#522=ORIENTED_EDGE('',*,*,#402,.F.);
#523=ORIENTED_EDGE('',*,*,#399,.F.);
#524=ORIENTED_EDGE('',*,*,#403,.F.);
#525=ORIENTED_EDGE('',*,*,#397,.F.);
#526=ORIENTED_EDGE('',*,*,#404,.F.);
#527=ORIENTED_EDGE('',*,*,#405,.F.);
#528=ORIENTED_EDGE('',*,*,#406,.T.);
#529=ORIENTED_EDGE('',*,*,#395,.F.);
#530=ORIENTED_EDGE('',*,*,#396,.F.);
#531=ORIENTED_EDGE('',*,*,#406,.F.);
#532=ORIENTED_EDGE('',*,*,#407,.T.);
#533=ORIENTED_EDGE('',*,*,#408,.T.);
#534=ORIENTED_EDGE('',*,*,#409,.T.);
#535=ORIENTED_EDGE('',*,*,#407,.F.);
#536=ORIENTED_EDGE('',*,*,#403,.T.);
#537=ORIENTED_EDGE('',*,*,#408,.F.);
#538=ORIENTED_EDGE('',*,*,#409,.F.);
#539=ORIENTED_EDGE('',*,*,#410,.T.);
#540=ORIENTED_EDGE('',*,*,#411,.F.);
#541=ORIENTED_EDGE('',*,*,#412,.F.);
#542=ORIENTED_EDGE('',*,*,#410,.F.);
#543=ORIENTED_EDGE('',*,*,#413,.T.);
#544=ORIENTED_EDGE('',*,*,#414,.T.);
#545=ORIENTED_EDGE('',*,*,#415,.T.);
#546=ORIENTED_EDGE('',*,*,#413,.F.);
#547=ORIENTED_EDGE('',*,*,#416,.T.);
#548=ORIENTED_EDGE('',*,*,#417,.F.);
#549=ORIENTED_EDGE('',*,*,#418,.T.);
#550=ORIENTED_EDGE('',*,*,#419,.F.);
#551=ORIENTED_EDGE('',*,*,#420,.F.);
#552=ORIENTED_EDGE('',*,*,#421,.F.);
#553=ORIENTED_EDGE('',*,*,#418,.F.);
#554=ORIENTED_EDGE('',*,*,#422,.F.);
#555=ORIENTED_EDGE('',*,*,#416,.F.);
#556=ORIENTED_EDGE('',*,*,#423,.F.);
#557=ORIENTED_EDGE('',*,*,#424,.F.);
#558=ORIENTED_EDGE('',*,*,#425,.T.);
#559=ORIENTED_EDGE('',*,*,#414,.F.);
#560=ORIENTED_EDGE('',*,*,#415,.F.);
#561=ORIENTED_EDGE('',*,*,#425,.F.);
#562=ORIENTED_EDGE('',*,*,#426,.T.);
#563=ORIENTED_EDGE('',*,*,#427,.T.);
#564=ORIENTED_EDGE('',*,*,#426,.F.);
#565=ORIENTED_EDGE('',*,*,#422,.T.);
#566=ORIENTED_EDGE('',*,*,#427,.F.);
#567=ORIENTED_EDGE('',*,*,#428,.T.);
#568=ORIENTED_EDGE('',*,*,#429,.F.);
#569=ORIENTED_EDGE('',*,*,#430,.F.);
#570=ORIENTED_EDGE('',*,*,#428,.F.);
#571=ORIENTED_EDGE('',*,*,#431,.T.);
#572=ORIENTED_EDGE('',*,*,#432,.T.);
#573=ORIENTED_EDGE('',*,*,#433,.T.);
#574=ORIENTED_EDGE('',*,*,#432,.F.);
#575=ORIENTED_EDGE('',*,*,#434,.F.);
#576=ORIENTED_EDGE('',*,*,#435,.T.);
#577=ORIENTED_EDGE('',*,*,#431,.F.);
#578=ORIENTED_EDGE('',*,*,#435,.F.);
#579=ORIENTED_EDGE('',*,*,#382,.T.);
#580=ORIENTED_EDGE('',*,*,#383,.T.);
#581=ORIENTED_EDGE('',*,*,#380,.T.);
#582=ORIENTED_EDGE('',*,*,#381,.T.);
#583=ORIENTED_EDGE('',*,*,#391,.T.);
#584=ORIENTED_EDGE('',*,*,#392,.T.);
#585=ORIENTED_EDGE('',*,*,#389,.T.);
#586=ORIENTED_EDGE('',*,*,#390,.T.);
#587=ORIENTED_EDGE('',*,*,#436,.F.);
#588=ORIENTED_EDGE('',*,*,#437,.T.);
#589=ORIENTED_EDGE('',*,*,#438,.F.);
#590=ORIENTED_EDGE('',*,*,#439,.T.);
#591=ORIENTED_EDGE('',*,*,#433,.F.);
#592=ORIENTED_EDGE('',*,*,#440,.T.);
#593=ORIENTED_EDGE('',*,*,#441,.T.);
#594=ORIENTED_EDGE('',*,*,#434,.T.);
#595=ORIENTED_EDGE('',*,*,#441,.F.);
#596=ORIENTED_EDGE('',*,*,#442,.T.);
#597=ORIENTED_EDGE('',*,*,#443,.T.);
#598=ORIENTED_EDGE('',*,*,#444,.T.);
#599=ORIENTED_EDGE('',*,*,#445,.T.);
#600=ORIENTED_EDGE('',*,*,#440,.F.);
#601=ORIENTED_EDGE('',*,*,#446,.T.);
#602=ORIENTED_EDGE('',*,*,#447,.T.);
#603=ORIENTED_EDGE('',*,*,#448,.T.);
#604=ORIENTED_EDGE('',*,*,#447,.F.);
#605=ORIENTED_EDGE('',*,*,#448,.F.);
#606=ORIENTED_EDGE('',*,*,#449,.T.);
#607=ORIENTED_EDGE('',*,*,#450,.F.);
#608=ORIENTED_EDGE('',*,*,#451,.F.);
#609=ORIENTED_EDGE('',*,*,#452,.F.);
#610=ORIENTED_EDGE('',*,*,#449,.F.);
#611=ORIENTED_EDGE('',*,*,#404,.T.);
#612=ORIENTED_EDGE('',*,*,#405,.T.);
#613=ORIENTED_EDGE('',*,*,#411,.T.);
#614=ORIENTED_EDGE('',*,*,#412,.T.);
#615=ORIENTED_EDGE('',*,*,#398,.T.);
#616=ORIENTED_EDGE('',*,*,#446,.F.);
#617=ORIENTED_EDGE('',*,*,#453,.T.);
#618=ORIENTED_EDGE('',*,*,#454,.T.);
#619=ORIENTED_EDGE('',*,*,#455,.T.);
#620=ORIENTED_EDGE('',*,*,#454,.F.);
#621=ORIENTED_EDGE('',*,*,#455,.F.);
#622=ORIENTED_EDGE('',*,*,#456,.T.);
#623=ORIENTED_EDGE('',*,*,#457,.F.);
#624=ORIENTED_EDGE('',*,*,#458,.T.);
#625=ORIENTED_EDGE('',*,*,#459,.F.);
#626=ORIENTED_EDGE('',*,*,#456,.F.);
#627=ORIENTED_EDGE('',*,*,#423,.T.);
#628=ORIENTED_EDGE('',*,*,#424,.T.);
#629=ORIENTED_EDGE('',*,*,#429,.T.);
#630=ORIENTED_EDGE('',*,*,#430,.T.);
#631=ORIENTED_EDGE('',*,*,#417,.T.);
#632=ORIENTED_EDGE('',*,*,#453,.F.);
#633=ORIENTED_EDGE('',*,*,#460,.F.);
#634=ORIENTED_EDGE('',*,*,#461,.F.);
#635=ORIENTED_EDGE('',*,*,#462,.F.);
#636=ORIENTED_EDGE('',*,*,#371,.T.);
#637=ORIENTED_EDGE('',*,*,#372,.T.);
#638=ORIENTED_EDGE('',*,*,#463,.F.);
#639=ORIENTED_EDGE('',*,*,#464,.F.);
#640=ORIENTED_EDGE('',*,*,#465,.F.);
#641=ORIENTED_EDGE('',*,*,#366,.T.);
#642=ORIENTED_EDGE('',*,*,#367,.T.);
#643=ORIENTED_EDGE('',*,*,#464,.T.);
#644=ORIENTED_EDGE('',*,*,#420,.T.);
#645=ORIENTED_EDGE('',*,*,#460,.T.);
#646=ORIENTED_EDGE('',*,*,#401,.T.);
#647=ORIENTED_EDGE('',*,*,#445,.F.);
#648=ORIENTED_EDGE('',*,*,#466,.T.);
#649=ORIENTED_EDGE('',*,*,#465,.T.);
#650=ORIENTED_EDGE('',*,*,#400,.T.);
#651=ORIENTED_EDGE('',*,*,#402,.T.);
#652=ORIENTED_EDGE('',*,*,#462,.T.);
#653=ORIENTED_EDGE('',*,*,#467,.T.);
#654=ORIENTED_EDGE('',*,*,#437,.F.);
#655=ORIENTED_EDGE('',*,*,#468,.T.);
#656=ORIENTED_EDGE('',*,*,#439,.F.);
#657=ORIENTED_EDGE('',*,*,#469,.T.);
#658=ORIENTED_EDGE('',*,*,#461,.T.);
#659=ORIENTED_EDGE('',*,*,#419,.T.);
#660=ORIENTED_EDGE('',*,*,#421,.T.);
#661=ORIENTED_EDGE('',*,*,#463,.T.);
#662=ORIENTED_EDGE('',*,*,#470,.T.);
#663=ORIENTED_EDGE('',*,*,#443,.F.);
#664=ORIENTED_EDGE('',*,*,#471,.T.);
#665=ORIENTED_EDGE('',*,*,#466,.F.);
#666=ORIENTED_EDGE('',*,*,#444,.F.);
#667=ORIENTED_EDGE('',*,*,#470,.F.);
#668=ORIENTED_EDGE('',*,*,#468,.F.);
#669=ORIENTED_EDGE('',*,*,#436,.T.);
#670=ORIENTED_EDGE('',*,*,#471,.F.);
#671=ORIENTED_EDGE('',*,*,#442,.F.);
#672=ORIENTED_EDGE('',*,*,#376,.T.);
#673=ORIENTED_EDGE('',*,*,#378,.T.);
#674=ORIENTED_EDGE('',*,*,#377,.T.);
#675=ORIENTED_EDGE('',*,*,#385,.T.);
#676=ORIENTED_EDGE('',*,*,#387,.T.);
#677=ORIENTED_EDGE('',*,*,#386,.T.);
#678=ORIENTED_EDGE('',*,*,#467,.F.);
#679=ORIENTED_EDGE('',*,*,#469,.F.);
#680=ORIENTED_EDGE('',*,*,#438,.T.);
#681=ORIENTED_EDGE('',*,*,#458,.F.);
#682=ORIENTED_EDGE('',*,*,#472,.F.);
#683=ORIENTED_EDGE('',*,*,#472,.T.);
#684=ORIENTED_EDGE('',*,*,#457,.T.);
#685=ORIENTED_EDGE('',*,*,#459,.T.);
#686=ORIENTED_EDGE('',*,*,#450,.T.);
#687=ORIENTED_EDGE('',*,*,#452,.T.);
#688=ORIENTED_EDGE('',*,*,#473,.T.);
#689=ORIENTED_EDGE('',*,*,#474,.T.);
#690=ORIENTED_EDGE('',*,*,#451,.T.);
#691=ORIENTED_EDGE('',*,*,#474,.F.);
#692=ORIENTED_EDGE('',*,*,#473,.F.);
#693=CYLINDRICAL_SURFACE('',#770,2.7);
#694=CYLINDRICAL_SURFACE('',#774,2.7);
#695=CYLINDRICAL_SURFACE('',#778,2.25);
#696=CYLINDRICAL_SURFACE('',#779,2.25);
#697=CYLINDRICAL_SURFACE('',#780,2.25);
#698=CYLINDRICAL_SURFACE('',#781,2.25);
#699=CYLINDRICAL_SURFACE('',#782,11.75);
#700=CYLINDRICAL_SURFACE('',#785,1.75);
#701=CYLINDRICAL_SURFACE('',#786,1.75);
#702=CYLINDRICAL_SURFACE('',#787,11.75);
#703=CYLINDRICAL_SURFACE('',#790,1.75);
#704=CYLINDRICAL_SURFACE('',#791,1.75);
#705=CYLINDRICAL_SURFACE('',#795,7.75);
#706=CYLINDRICAL_SURFACE('',#808,7.75);
#707=CYLINDRICAL_SURFACE('',#813,7.75);
#708=CYLINDRICAL_SURFACE('',#823,15.75);
#709=CYLINDRICAL_SURFACE('',#824,15.75);
#710=CYLINDRICAL_SURFACE('',#825,15.75);
#711=CYLINDRICAL_SURFACE('',#826,11.75);
#712=CYLINDRICAL_SURFACE('',#827,15.75);
#713=CYLINDRICAL_SURFACE('',#828,15.75);
#714=CYLINDRICAL_SURFACE('',#829,11.75);
#715=ADVANCED_FACE('',(#58),#693,.F.);
#716=ADVANCED_FACE('',(#59,#30),#52,.F.);
#717=ADVANCED_FACE('',(#60),#694,.F.);
#718=ADVANCED_FACE('',(#61,#31),#53,.F.);
#719=ADVANCED_FACE('',(#62),#695,.F.);
#720=ADVANCED_FACE('',(#63),#696,.F.);
#721=ADVANCED_FACE('',(#64),#697,.F.);
#722=ADVANCED_FACE('',(#65),#698,.F.);
#723=ADVANCED_FACE('',(#66),#23,.T.);
#724=ADVANCED_FACE('',(#67,#32,#33),#699,.T.);
#725=ADVANCED_FACE('',(#68),#700,.F.);
#726=ADVANCED_FACE('',(#69),#24,.T.);
#727=ADVANCED_FACE('',(#70),#701,.F.);
#728=ADVANCED_FACE('',(#71),#25,.T.);
#729=ADVANCED_FACE('',(#72,#34,#35),#702,.T.);
#730=ADVANCED_FACE('',(#73),#703,.F.);
#731=ADVANCED_FACE('',(#74),#26,.T.);
#732=ADVANCED_FACE('',(#75),#704,.F.);
#733=ADVANCED_FACE('',(#76),#17,.F.);
#734=ADVANCED_FACE('',(#77,#36,#37,#38,#39),#705,.F.);
#735=ADVANCED_FACE('',(#78,#40),#54,.F.);
#736=ADVANCED_FACE('',(#79),#18,.F.);
#737=ADVANCED_FACE('',(#80,#41),#55,.T.);
#738=ADVANCED_FACE('',(#81),#19,.F.);
#739=ADVANCED_FACE('',(#82,#42,#43),#706,.F.);
#740=ADVANCED_FACE('',(#83,#44),#56,.T.);
#741=ADVANCED_FACE('',(#84),#20,.F.);
#742=ADVANCED_FACE('',(#85,#45,#46),#707,.F.);
#743=ADVANCED_FACE('',(#86,#47),#57,.T.);
#744=ADVANCED_FACE('',(#87,#48),#15,.F.);
#745=ADVANCED_FACE('',(#88,#49),#16,.F.);
#746=ADVANCED_FACE('',(#89),#27,.T.);
#747=ADVANCED_FACE('',(#90),#28,.T.);
#748=ADVANCED_FACE('',(#91),#29,.T.);
#749=ADVANCED_FACE('',(#92),#708,.T.);
#750=ADVANCED_FACE('',(#93,#50,#51),#709,.T.);
#751=ADVANCED_FACE('',(#94),#710,.T.);
#752=ADVANCED_FACE('',(#95),#711,.T.);
#753=ADVANCED_FACE('',(#96),#712,.T.);
#754=ADVANCED_FACE('',(#97),#713,.T.);
#755=ADVANCED_FACE('',(#98),#714,.T.);
#756=CLOSED_SHELL('',(#715,#716,#717,#718,#719,#720,#721,#722,#723,#724,
#725,#726,#727,#728,#729,#730,#731,#732,#733,#734,#735,#736,#737,#738,#739,
#740,#741,#742,#743,#744,#745,#746,#747,#748,#749,#750,#751,#752,#753,#754,
#755));
#757=DERIVED_UNIT_ELEMENT(#759,1.);
#758=DERIVED_UNIT_ELEMENT(#3297,-3.);
#759=(
MASS_UNIT()
NAMED_UNIT(*)
SI_UNIT(.KILO.,.GRAM.)
);
#760=DERIVED_UNIT((#757,#758));
#761=MEASURE_REPRESENTATION_ITEM('density measure',
POSITIVE_RATIO_MEASURE(7850.),#760);
#762=PROPERTY_DEFINITION_REPRESENTATION(#767,#764);
#763=PROPERTY_DEFINITION_REPRESENTATION(#768,#765);
#764=REPRESENTATION('material name',(#766),#3294);
#765=REPRESENTATION('density',(#761),#3294);
#766=DESCRIPTIVE_REPRESENTATION_ITEM('Steel','Steel');
#767=PROPERTY_DEFINITION('material property','material name',#3304);
#768=PROPERTY_DEFINITION('material property','density of part',#3304);
#769=AXIS2_PLACEMENT_3D('',#975,#830,#831);
#770=AXIS2_PLACEMENT_3D('',#976,#832,#833);
#771=AXIS2_PLACEMENT_3D('',#1027,#835,#836);
#772=AXIS2_PLACEMENT_3D('',#1028,#837,#838);
#773=AXIS2_PLACEMENT_3D('',#1030,#839,#840);
#774=AXIS2_PLACEMENT_3D('',#1031,#841,#842);
#775=AXIS2_PLACEMENT_3D('',#1082,#844,#845);
#776=AXIS2_PLACEMENT_3D('',#1083,#846,#847);
#777=AXIS2_PLACEMENT_3D('',#1085,#848,#849);
#778=AXIS2_PLACEMENT_3D('',#1086,#850,#851);
#779=AXIS2_PLACEMENT_3D('',#1168,#853,#854);
#780=AXIS2_PLACEMENT_3D('',#1208,#856,#857);
#781=AXIS2_PLACEMENT_3D('',#1290,#859,#860);
#782=AXIS2_PLACEMENT_3D('',#1494,#863,#864);
#783=AXIS2_PLACEMENT_3D('',#1496,#865,#866);
#784=AXIS2_PLACEMENT_3D('',#1516,#868,#869);
#785=AXIS2_PLACEMENT_3D('',#1568,#870,#871);
#786=AXIS2_PLACEMENT_3D('',#1797,#874,#875);
#787=AXIS2_PLACEMENT_3D('',#2008,#878,#879);
#788=AXIS2_PLACEMENT_3D('',#2010,#880,#881);
#789=AXIS2_PLACEMENT_3D('',#2029,#883,#884);
#790=AXIS2_PLACEMENT_3D('',#2075,#885,#886);
#791=AXIS2_PLACEMENT_3D('',#2262,#889,#890);
#792=AXIS2_PLACEMENT_3D('',#2302,#892,#893);
#793=AXIS2_PLACEMENT_3D('',#2304,#894,#895);
#794=AXIS2_PLACEMENT_3D('',#2307,#897,#898);
#795=AXIS2_PLACEMENT_3D('',#2308,#899,#900);
#796=AXIS2_PLACEMENT_3D('',#2310,#901,#902);
#797=AXIS2_PLACEMENT_3D('',#2312,#904,#905);
#798=AXIS2_PLACEMENT_3D('',#2315,#906,#907);
#799=AXIS2_PLACEMENT_3D('',#2334,#908,#909);
#800=AXIS2_PLACEMENT_3D('',#2351,#910,#911);
#801=AXIS2_PLACEMENT_3D('',#2353,#912,#913);
#802=AXIS2_PLACEMENT_3D('',#2355,#915,#916);
#803=AXIS2_PLACEMENT_3D('',#2358,#917,#918);
#804=AXIS2_PLACEMENT_3D('',#2377,#919,#920);
#805=AXIS2_PLACEMENT_3D('',#2394,#921,#922);
#806=AXIS2_PLACEMENT_3D('',#2396,#923,#924);
#807=AXIS2_PLACEMENT_3D('',#2399,#926,#927);
#808=AXIS2_PLACEMENT_3D('',#2400,#928,#929);
#809=AXIS2_PLACEMENT_3D('',#2451,#931,#932);
#810=AXIS2_PLACEMENT_3D('',#2452,#933,#934);
#811=AXIS2_PLACEMENT_3D('',#2454,#935,#936);
#812=AXIS2_PLACEMENT_3D('',#2457,#938,#939);
#813=AXIS2_PLACEMENT_3D('',#2458,#940,#941);
#814=AXIS2_PLACEMENT_3D('',#2505,#943,#944);
#815=AXIS2_PLACEMENT_3D('',#2506,#945,#946);
#816=AXIS2_PLACEMENT_3D('',#2507,#947,#948);
#817=AXIS2_PLACEMENT_3D('',#2509,#949,#950);
#818=AXIS2_PLACEMENT_3D('',#2510,#951,#952);
#819=AXIS2_PLACEMENT_3D('',#2511,#953,#954);
#820=AXIS2_PLACEMENT_3D('',#2513,#955,#956);
#821=AXIS2_PLACEMENT_3D('',#2514,#957,#958);
#822=AXIS2_PLACEMENT_3D('',#2515,#959,#960);
#823=AXIS2_PLACEMENT_3D('',#3270,#961,#962);
#824=AXIS2_PLACEMENT_3D('',#3271,#963,#964);
#825=AXIS2_PLACEMENT_3D('',#3272,#965,#966);
#826=AXIS2_PLACEMENT_3D('',#3273,#967,#968);
#827=AXIS2_PLACEMENT_3D('',#3280,#969,#970);
#828=AXIS2_PLACEMENT_3D('',#3281,#971,#972);
#829=AXIS2_PLACEMENT_3D('',#3291,#973,#974);
#830=DIRECTION('axis',(0.,0.,1.));
#831=DIRECTION('refdir',(1.,0.,0.));
#832=DIRECTION('center_axis',(-0.707106781186547,-0.707106781186548,0.));
#833=DIRECTION('ref_axis',(-0.707106781186548,0.707106781186547,0.));
#834=DIRECTION('',(-0.707106781186547,-0.707106781186548,0.));
#835=DIRECTION('center_axis',(-0.707106781186547,-0.707106781186548,0.));
#836=DIRECTION('ref_axis',(-0.707106781186548,0.707106781186547,0.));
#837=DIRECTION('center_axis',(-0.707106781186547,-0.707106781186548,0.));
#838=DIRECTION('ref_axis',(-0.707106781186548,0.707106781186547,0.));
#839=DIRECTION('center_axis',(0.707106781186547,0.707106781186548,0.));
#840=DIRECTION('ref_axis',(-0.707106781186548,0.707106781186547,0.));
#841=DIRECTION('center_axis',(-0.707106781186547,-0.707106781186548,0.));
#842=DIRECTION('ref_axis',(-0.707106781186548,0.707106781186547,0.));
#843=DIRECTION('',(-0.707106781186547,-0.707106781186548,0.));
#844=DIRECTION('center_axis',(-0.707106781186547,-0.707106781186548,0.));
#845=DIRECTION('ref_axis',(-0.707106781186548,0.707106781186547,0.));
#846=DIRECTION('center_axis',(-0.707106781186547,-0.707106781186548,0.));
#847=DIRECTION('ref_axis',(-0.707106781186548,0.707106781186547,0.));
#848=DIRECTION('center_axis',(0.707106781186547,0.707106781186548,0.));
#849=DIRECTION('ref_axis',(-0.707106781186548,0.707106781186547,0.));
#850=DIRECTION('center_axis',(0.707106781186547,0.707106781186548,0.));
#851=DIRECTION('ref_axis',(-0.707106781186548,0.707106781186547,0.));
#852=DIRECTION('',(0.707106781186547,0.707106781186548,0.));
#853=DIRECTION('center_axis',(0.707106781186547,0.707106781186548,0.));
#854=DIRECTION('ref_axis',(-0.707106781186548,0.707106781186547,0.));
#855=DIRECTION('',(0.707106781186547,0.707106781186548,0.));
#856=DIRECTION('center_axis',(0.707106781186547,0.707106781186548,0.));
#857=DIRECTION('ref_axis',(-0.707106781186548,0.707106781186547,0.));
#858=DIRECTION('',(0.707106781186547,0.707106781186548,0.));
#859=DIRECTION('center_axis',(0.707106781186547,0.707106781186548,0.));
#860=DIRECTION('ref_axis',(-0.707106781186548,0.707106781186547,0.));
#861=DIRECTION('',(0.707106781186547,0.707106781186548,0.));
#862=DIRECTION('',(0.742103898828029,-0.196072307659892,0.640966031481516));
#863=DIRECTION('center_axis',(0.255445757935791,0.966823388604459,0.));
#864=DIRECTION('ref_axis',(0.966823388604459,-0.255445757935791,0.));
#865=DIRECTION('center_axis',(0.255445757935791,0.966823388604459,0.));
#866=DIRECTION('ref_axis',(0.966823388604459,-0.255445757935791,0.));
#867=DIRECTION('',(-0.255445757935791,-0.966823388604459,0.));
#868=DIRECTION('center_axis',(0.833990543225342,-0.55177873627995,1.43093390960982E-17));
#869=DIRECTION('ref_axis',(0.55177873627995,0.833990543225342,0.));
#870=DIRECTION('center_axis',(0.,0.,-1.));
#871=DIRECTION('ref_axis',(1.,0.,0.));
#872=DIRECTION('',(0.,0.,-1.));
#873=DIRECTION('',(-0.180627427661737,-0.683647374291967,-0.707106781186549));
#874=DIRECTION('center_axis',(0.,0.,-1.));
#875=DIRECTION('ref_axis',(1.,0.,0.));
#876=DIRECTION('',(0.,0.,-1.));
#877=DIRECTION('',(0.,-0.767569245434736,0.64096603144219));
#878=DIRECTION('center_axis',(1.,0.,0.));
#879=DIRECTION('ref_axis',(0.,1.,0.));
#880=DIRECTION('center_axis',(1.,0.,0.));
#881=DIRECTION('ref_axis',(0.,1.,0.));
#882=DIRECTION('',(-1.,0.,0.));
#883=DIRECTION('center_axis',(-0.320433241144589,0.947271100567084,-6.31470346852678E-18));
#884=DIRECTION('ref_axis',(0.947271100567084,0.320433241144589,0.));
#885=DIRECTION('center_axis',(0.,0.,-1.));
#886=DIRECTION('ref_axis',(1.,0.,0.));
#887=DIRECTION('',(0.,0.,-1.));
#888=DIRECTION('',(0.707106781186545,-7.16460875795677E-11,-0.70710678118655));
#889=DIRECTION('center_axis',(0.,0.,-1.));
#890=DIRECTION('ref_axis',(1.,0.,0.));
#891=DIRECTION('',(0.,0.,-1.));
#892=DIRECTION('center_axis',(0.,0.,-1.));
#893=DIRECTION('ref_axis',(1.,0.,0.));
#894=DIRECTION('center_axis',(0.,0.,1.));
#895=DIRECTION('ref_axis',(1.,0.,0.));
#896=DIRECTION('',(-0.707106781186548,-8.65956056235494E-17,-0.707106781186547));
#897=DIRECTION('center_axis',(0.,0.,-1.));
#898=DIRECTION('ref_axis',(1.,0.,0.));
#899=DIRECTION('center_axis',(0.,0.,1.));
#900=DIRECTION('ref_axis',(1.,0.,0.));
#901=DIRECTION('center_axis',(0.,0.,-1.));
#902=DIRECTION('ref_axis',(1.,0.,0.));
#903=DIRECTION('',(0.,0.,-1.));
#904=DIRECTION('center_axis',(0.,0.,1.));
#905=DIRECTION('ref_axis',(1.,0.,0.));
#906=DIRECTION('center_axis',(0.,0.,1.));
#907=DIRECTION('ref_axis',(1.,0.,0.));
#908=DIRECTION('center_axis',(0.,0.,1.));
#909=DIRECTION('ref_axis',(1.,0.,0.));
#910=DIRECTION('center_axis',(0.,0.,1.));
#911=DIRECTION('ref_axis',(1.,0.,0.));
#912=DIRECTION('center_axis',(0.,0.,1.));
#913=DIRECTION('ref_axis',(1.,0.,0.));
#914=DIRECTION('',(0.707106781186547,8.65956056235493E-17,-0.707106781186548));
#915=DIRECTION('center_axis',(0.,0.,1.));
#916=DIRECTION('ref_axis',(1.,0.,0.));
#917=DIRECTION('center_axis',(0.,0.,1.));
#918=DIRECTION('ref_axis',(1.,0.,0.));
#919=DIRECTION('center_axis',(0.,0.,1.));
#920=DIRECTION('ref_axis',(1.,0.,0.));
#921=DIRECTION('center_axis',(0.255445757935791,0.966823388604459,0.));
#922=DIRECTION('ref_axis',(0.966823388604459,-0.255445757935791,0.));
#923=DIRECTION('center_axis',(0.255445757935791,0.966823388604459,0.));
#924=DIRECTION('ref_axis',(0.966823388604459,-0.255445757935791,0.));
#925=DIRECTION('',(0.503019946630232,-0.864274801953706,-8.65956056235491E-17));
#926=DIRECTION('center_axis',(-0.255445757935791,-0.966823388604459,0.));
#927=DIRECTION('ref_axis',(0.966823388604459,-0.255445757935791,0.));
#928=DIRECTION('center_axis',(0.255445757935791,0.966823388604459,0.));
#929=DIRECTION('ref_axis',(0.966823388604459,-0.255445757935791,0.));
#930=DIRECTION('',(-0.255445757935791,-0.966823388604459,0.));
#931=DIRECTION('center_axis',(0.255445757935791,0.966823388604459,0.));
#932=DIRECTION('ref_axis',(0.966823388604459,-0.255445757935791,0.));
#933=DIRECTION('center_axis',(1.,0.,0.));
#934=DIRECTION('ref_axis',(0.,1.,0.));
#935=DIRECTION('center_axis',(1.,0.,0.));
#936=DIRECTION('ref_axis',(0.,1.,0.));
#937=DIRECTION('',(-0.707106781186548,0.707106781186547,8.65956056235493E-17));
#938=DIRECTION('center_axis',(-1.,0.,0.));
#939=DIRECTION('ref_axis',(0.,1.,0.));
#940=DIRECTION('center_axis',(1.,0.,0.));
#941=DIRECTION('ref_axis',(0.,1.,0.));
#942=DIRECTION('',(-1.,0.,0.));
#943=DIRECTION('center_axis',(1.,0.,0.));
#944=DIRECTION('ref_axis',(0.,1.,0.));
#945=DIRECTION('center_axis',(0.,0.,1.));
#946=DIRECTION('ref_axis',(-0.792289643355217,-0.610145163901233,0.));
#947=DIRECTION('center_axis',(0.679267844955253,0.523106661899442,0.514737423436715));
#948=DIRECTION('ref_axis',(2.96059473233375E-16,-0.701381823923872,0.712785758183497));
#949=DIRECTION('center_axis',(0.481190995869908,-0.624839243280784,-0.614842374556295));
#950=DIRECTION('ref_axis',(-0.792289643355191,-0.610145163901268,0.));
#951=DIRECTION('center_axis',(-0.481190995869928,0.624839243280721,-0.614842374556344));
#952=DIRECTION('ref_axis',(-0.67811235171165,0.17916501161462,0.712785758183501));
#953=DIRECTION('center_axis',(0.,0.,1.));
#954=DIRECTION('ref_axis',(-0.792289643285647,-0.610145163991572,0.));
#955=DIRECTION('center_axis',(0.481190995869523,-0.624839243281034,0.614842374556343));
#956=DIRECTION('ref_axis',(0.,-0.701381823923727,-0.71278575818364));
#957=DIRECTION('center_axis',(0.679267844944381,0.523106662025005,-0.514737423323459));
#958=DIRECTION('ref_axis',(-0.678112351663844,0.179165011601989,-0.712785758232156));
#959=DIRECTION('center_axis',(-0.481190995948263,0.624839243382531,0.614842374391572));
#960=DIRECTION('ref_axis',(-0.792289643355191,-0.610145163901268,0.));
#961=DIRECTION('center_axis',(0.,0.,1.));
#962=DIRECTION('ref_axis',(1.,0.,0.));
#963=DIRECTION('center_axis',(0.,0.,1.));
#964=DIRECTION('ref_axis',(-0.792289643215074,-0.610145164083212,0.));
#965=DIRECTION('center_axis',(0.,0.,1.));
#966=DIRECTION('ref_axis',(1.,0.,0.));
#967=DIRECTION('center_axis',(0.255445757935791,0.966823388604459,0.));
#968=DIRECTION('ref_axis',(0.966823388604459,-0.255445757935791,0.));
#969=DIRECTION('center_axis',(0.,0.,1.));
#970=DIRECTION('ref_axis',(1.,0.,0.));
#971=DIRECTION('center_axis',(0.,0.,1.));
#972=DIRECTION('ref_axis',(1.,0.,0.));
#973=DIRECTION('center_axis',(1.,0.,0.));
#974=DIRECTION('ref_axis',(0.,1.,0.));
#975=CARTESIAN_POINT('',(0.,0.,0.));
#976=CARTESIAN_POINT('Origin',(24.2184072556393,24.2184072556393,35.));
#977=CARTESIAN_POINT('',(12.6379999825524,16.4563766009598,35.));
#978=CARTESIAN_POINT('',(15.0692311053336,11.2508544869263,35.0000000002179));
#979=CARTESIAN_POINT('Ctrl Pts',(12.6379999825524,16.4563766009598,35.));
#980=CARTESIAN_POINT('Ctrl Pts',(12.8396769050954,16.6580535235028,34.6879209375932));
#981=CARTESIAN_POINT('Ctrl Pts',(13.0951437860978,16.8335152247041,34.3448132683027));
#982=CARTESIAN_POINT('Ctrl Pts',(13.6684313706111,17.0384107536248,33.6814404718179));
#983=CARTESIAN_POINT('Ctrl Pts',(13.9854717285587,17.0690409218111,33.3608712856449));
#984=CARTESIAN_POINT('Ctrl Pts',(14.4253442275968,16.9609930267553,32.9750845125724));
#985=CARTESIAN_POINT('Ctrl Pts',(14.5649977608502,16.9074666806385,32.8600406040077));
#986=CARTESIAN_POINT('Ctrl Pts',(14.8336799718972,16.7495950932724,32.6574285618561));
#987=CARTESIAN_POINT('Ctrl Pts',(14.9625585623203,16.6447680332779,32.5700371757221));
#988=CARTESIAN_POINT('Ctrl Pts',(15.1838655566442,16.4113540461513,32.4372840174401));
#989=CARTESIAN_POINT('Ctrl Pts',(15.293002943174,16.263896063114,32.3823055060003));
#990=CARTESIAN_POINT('Ctrl Pts',(15.4787624869822,15.9400826877758,32.3135091180954));
#991=CARTESIAN_POINT('Ctrl Pts',(15.5557953225117,15.7640364508485,32.2993463768804));
#992=CARTESIAN_POINT('Ctrl Pts',(15.7580358800198,15.1961225757884,32.3016726203498));
#993=CARTESIAN_POINT('Ctrl Pts',(15.8363417667919,14.7530938846258,32.3865054341045));
#994=CARTESIAN_POINT('Ctrl Pts',(15.895704866079,13.8903606006554,32.6748409768164));
#995=CARTESIAN_POINT('Ctrl Pts',(15.8760364401927,13.470986872173,32.8794814122375));
#996=CARTESIAN_POINT('Ctrl Pts',(15.7646427147777,12.6416045091162,33.3937240842606));
#997=CARTESIAN_POINT('Ctrl Pts',(15.641450457448,12.1849041632461,33.7701094028613));
#998=CARTESIAN_POINT('Ctrl Pts',(15.3499637103183,11.5924512345679,34.4496949804531));
#999=CARTESIAN_POINT('Ctrl Pts',(15.2186623240293,11.4002857055588,34.7230446469303));
#1000=CARTESIAN_POINT('Ctrl Pts',(15.0692311053336,11.2508544869263,35.0000000004358));
#1001=CARTESIAN_POINT('Ctrl Pts',(15.0692311053336,11.2508544869263,35.0000000004358));
#1002=CARTESIAN_POINT('Ctrl Pts',(14.9722928000802,11.1539161817139,35.1796651522964));
#1003=CARTESIAN_POINT('Ctrl Pts',(14.8677569450384,11.0748517169532,35.3608056725941));
#1004=CARTESIAN_POINT('Ctrl Pts',(14.6333564848559,10.9494461234345,35.738766181342));
#1005=CARTESIAN_POINT('Ctrl Pts',(14.4875381714959,10.9018593059079,35.9574296040452));
#1006=CARTESIAN_POINT('Ctrl Pts',(14.1741260078217,10.8762698561403,36.3810470011432));
#1007=CARTESIAN_POINT('Ctrl Pts',(14.006277289791,10.8986626140819,36.5858361500604));
#1008=CARTESIAN_POINT('Ctrl Pts',(13.7104946194123,10.995326242349,36.9082995119918));
#1009=CARTESIAN_POINT('Ctrl Pts',(13.5598610277834,11.0675489546272,37.0571035694748));
#1010=CARTESIAN_POINT('Ctrl Pts',(13.2606251149951,11.2671184293637,37.3131040951168));
#1011=CARTESIAN_POINT('Ctrl Pts',(13.1119917355283,11.3946174167888,37.4201455430483));
#1012=CARTESIAN_POINT('Ctrl Pts',(12.8490648762911,11.667260180051,37.5755907165238));
#1013=CARTESIAN_POINT('Ctrl Pts',(12.7135560579355,11.8345237837382,37.6364501216221));
#1014=CARTESIAN_POINT('Ctrl Pts',(12.4695916500068,12.1981539249254,37.7019212958029));
#1015=CARTESIAN_POINT('Ctrl Pts',(12.3610791218712,12.3944398464563,37.7067683918641));
#1016=CARTESIAN_POINT('Ctrl Pts',(12.1702215341582,12.8026373347867,37.6728159653282));
#1017=CARTESIAN_POINT('Ctrl Pts',(12.0784098066553,13.050621772757,37.6216141075866));
#1018=CARTESIAN_POINT('Ctrl Pts',(11.944115911109,13.5435098881399,37.4630118802933));
#1019=CARTESIAN_POINT('Ctrl Pts',(11.9014217605296,13.7884989093137,37.3560566209601));
#1020=CARTESIAN_POINT('Ctrl Pts',(11.8326506130605,14.4998333135691,36.9861978310612));
#1021=CARTESIAN_POINT('Ctrl Pts',(11.8799732428765,14.9841032745869,36.6335900978899));
#1022=CARTESIAN_POINT('Ctrl Pts',(12.1494475748055,15.8292322921838,35.8461781046968));
#1023=CARTESIAN_POINT('Ctrl Pts',(12.3719313695552,16.1903079879625,35.4117201027914));
#1024=CARTESIAN_POINT('Ctrl Pts',(12.6379999825524,16.4563766009598,35.));
#1025=CARTESIAN_POINT('',(11.2783531599254,7.4599765415181,35.));
#1026=CARTESIAN_POINT('',(26.1275955648429,22.3092189464356,35.));
#1027=CARTESIAN_POINT('Origin',(9.36916485072176,9.36916485072177,35.));
#1028=CARTESIAN_POINT('Origin',(9.36916485072176,9.36916485072177,35.));
#1029=CARTESIAN_POINT('',(10.9601551083915,7.77817459305204,35.));
#1030=CARTESIAN_POINT('Origin',(9.36916485072176,9.36916485072177,35.));
#1031=CARTESIAN_POINT('Origin',(24.2184072556393,24.2184072556393,15.0000002235174));
#1032=CARTESIAN_POINT('',(12.6380001278095,16.4563767462168,15.0000002235174));
#1033=CARTESIAN_POINT('',(15.0692312267716,11.2508546083642,15.0000002232995));
#1034=CARTESIAN_POINT('Ctrl Pts',(12.6380001278095,16.4563767462168,15.0000002235174));
#1035=CARTESIAN_POINT('Ctrl Pts',(12.3719315085532,16.1903081269606,14.588280129567));
#1036=CARTESIAN_POINT('Ctrl Pts',(12.1494477047045,15.8292324279215,14.1538221350329));
#1037=CARTESIAN_POINT('Ctrl Pts',(11.879973351756,14.9841034075177,13.3664101503003));
#1038=CARTESIAN_POINT('Ctrl Pts',(11.8326507100436,14.499833446926,13.0138024182527));
#1039=CARTESIAN_POINT('Ctrl Pts',(11.9014218405443,13.7884990446274,12.6439436249897));
#1040=CARTESIAN_POINT('Ctrl Pts',(11.944115985188,13.5435100245032,12.5369883637492));
#1041=CARTESIAN_POINT('Ctrl Pts',(12.0784098691343,13.0506219102275,12.3783861301201));
#1042=CARTESIAN_POINT('Ctrl Pts',(12.1702215909873,12.8026374723067,12.3271842679533));
#1043=CARTESIAN_POINT('Ctrl Pts',(12.3610791691269,12.3944399848659,12.2932318325109));
#1044=CARTESIAN_POINT('Ctrl Pts',(12.4695916921459,12.1981540641828,12.298078923154));
#1045=CARTESIAN_POINT('Ctrl Pts',(12.7135560910727,11.8345239225553,12.3635500846034));
#1046=CARTESIAN_POINT('Ctrl Pts',(12.8490649055558,11.6672603175821,12.4244094824059));
#1047=CARTESIAN_POINT('Ctrl Pts',(13.1119917589033,11.3946175505625,12.5798546416077));
#1048=CARTESIAN_POINT('Ctrl Pts',(13.2606251359082,11.2671185602088,12.6868960813427));
#1049=CARTESIAN_POINT('Ctrl Pts',(13.5598610459731,11.067549077777,12.9428965908122));
#1050=CARTESIAN_POINT('Ctrl Pts',(13.7104946373301,10.995326360745,13.0917006403275));
#1051=CARTESIAN_POINT('Ctrl Pts',(14.0062773088009,10.8986627218862,13.4141639869558));
#1052=CARTESIAN_POINT('Ctrl Pts',(14.1741260286147,10.8762699569997,13.6189531274042));
#1053=CARTESIAN_POINT('Ctrl Pts',(14.4875381980413,10.9018593917804,14.042570509283));
#1054=CARTESIAN_POINT('Ctrl Pts',(14.6333565153603,10.9494462012544,14.2612339252204));
#1055=CARTESIAN_POINT('Ctrl Pts',(14.8677570115906,11.0748517950882,14.6391944685181));
#1056=CARTESIAN_POINT('Ctrl Pts',(14.9722928958141,11.1539162774477,14.8203350305485));
#1057=CARTESIAN_POINT('Ctrl Pts',(15.0692312267716,11.2508546083642,15.0000002230816));
#1058=CARTESIAN_POINT('Ctrl Pts',(15.0692312267716,11.2508546083642,15.0000002230816));
#1059=CARTESIAN_POINT('Ctrl Pts',(15.2186624259527,11.4002858074821,15.2769555296786));
#1060=CARTESIAN_POINT('Ctrl Pts',(15.3499637988705,11.5924513023131,15.5503051496003));
#1061=CARTESIAN_POINT('Ctrl Pts',(15.6414505592522,12.1849041723712,16.2298906880195));
#1062=CARTESIAN_POINT('Ctrl Pts',(15.7646428383008,12.641604504306,16.6062760114646));
#1063=CARTESIAN_POINT('Ctrl Pts',(15.8760366092393,13.4709868657781,17.1205187132253));
#1064=CARTESIAN_POINT('Ctrl Pts',(15.8957050571578,13.8903606106737,17.3251591699394));
#1065=CARTESIAN_POINT('Ctrl Pts',(15.8363419984274,14.7530939363414,17.6134947532975));
#1066=CARTESIAN_POINT('Ctrl Pts',(15.7580361307159,15.1961226526312,17.6983275867692));
#1067=CARTESIAN_POINT('Ctrl Pts',(15.5557955902631,15.7640365662738,17.7006538527098));
#1068=CARTESIAN_POINT('Ctrl Pts',(15.4787627594564,15.9400828151854,17.686491118266));
#1069=CARTESIAN_POINT('Ctrl Pts',(15.293003220237,16.2638962144491,17.6176947412322));
#1070=CARTESIAN_POINT('Ctrl Pts',(15.1838658334266,16.4113542093643,17.5627162338017));
#1071=CARTESIAN_POINT('Ctrl Pts',(14.9625588354308,16.6447682129824,17.4299630803858));
#1072=CARTESIAN_POINT('Ctrl Pts',(14.8336802425973,16.7495952790355,17.3425716966885));
#1073=CARTESIAN_POINT('Ctrl Pts',(14.5649980238408,16.9074668745399,17.1399596576447));
#1074=CARTESIAN_POINT('Ctrl Pts',(14.4253444853274,16.9609932228125,17.024915749775));
#1075=CARTESIAN_POINT('Ctrl Pts',(13.9854719614202,17.0690411223189,16.6391289719313));
#1076=CARTESIAN_POINT('Ctrl Pts',(13.6684315838266,17.0384109465501,16.3185597798949));
#1077=CARTESIAN_POINT('Ctrl Pts',(13.0951439622613,16.8335153972748,15.655186970026));
#1078=CARTESIAN_POINT('Ctrl Pts',(12.8396770641337,16.6580536825411,15.312079293207));
#1079=CARTESIAN_POINT('Ctrl Pts',(12.6380001278095,16.4563767462168,15.0000002235174));
#1080=CARTESIAN_POINT('',(11.2783531599254,7.4599765415181,15.0000002235174));
#1081=CARTESIAN_POINT('',(26.1275955648429,22.3092189464356,15.0000002235174));
#1082=CARTESIAN_POINT('Origin',(9.36916485072176,9.36916485072177,15.0000002235174));
#1083=CARTESIAN_POINT('Origin',(9.36916485072176,9.36916485072177,15.0000002235174));
#1084=CARTESIAN_POINT('',(10.9601551083915,7.77817459305205,15.));
#1085=CARTESIAN_POINT('Origin',(9.36916485072176,9.36916485072177,15.));
#1086=CARTESIAN_POINT('Origin',(-11.1369318036881,-11.1369318036881,35.));
#1087=CARTESIAN_POINT('',(-11.1369318036881,-11.1369318036881,37.25));
#1088=CARTESIAN_POINT('',(-9.43171358485457,-12.613694100194,35.));
#1089=CARTESIAN_POINT('Ctrl Pts',(-11.1369318036881,-11.1369318036881,37.25));
#1090=CARTESIAN_POINT('Ctrl Pts',(-10.9368707159213,-11.336992891455,37.25));
#1091=CARTESIAN_POINT('Ctrl Pts',(-10.7177199048288,-11.5442629151638,37.1933773907145));
#1092=CARTESIAN_POINT('Ctrl Pts',(-10.3043417520906,-11.9146996299421,36.9636356030801));
#1093=CARTESIAN_POINT('Ctrl Pts',(-10.1103930550445,-12.07819034313,36.7905377089337));
#1094=CARTESIAN_POINT('Ctrl Pts',(-9.79953477381396,-12.3317415258789,36.391439949588));
#1095=CARTESIAN_POINT('Ctrl Pts',(-9.66184027181074,-12.4388412447855,36.1386933540585));
#1096=CARTESIAN_POINT('Ctrl Pts',(-9.47776188011396,-12.579664495287,35.5844567556625));
#1097=CARTESIAN_POINT('Ctrl Pts',(-9.43171358485457,-12.613694100194,35.2829331541728));
#1098=CARTESIAN_POINT('Ctrl Pts',(-9.43171358485457,-12.613694100194,35.));
#1099=CARTESIAN_POINT('',(-11.1369318036881,-11.1369318036881,32.75));
#1100=CARTESIAN_POINT('Ctrl Pts',(-11.1369318036881,-11.1369318036881,32.75));
#1101=CARTESIAN_POINT('Ctrl Pts',(-11.3369928914549,-10.9368707159213,32.75));
#1102=CARTESIAN_POINT('Ctrl Pts',(-11.5442629151638,-10.7177199048288,32.8066226092855));
#1103=CARTESIAN_POINT('Ctrl Pts',(-11.9146996299421,-10.3043417520906,33.0363643969198));
#1104=CARTESIAN_POINT('Ctrl Pts',(-12.07819034313,-10.1103930550445,33.2094622910663));
#1105=CARTESIAN_POINT('Ctrl Pts',(-12.3317415258789,-9.79953477381396,33.608560050412));
#1106=CARTESIAN_POINT('Ctrl Pts',(-12.4388412447855,-9.66184027181075,33.8613066459415));
#1107=CARTESIAN_POINT('Ctrl Pts',(-12.579664495287,-9.47776188011396,34.4155432443375));
#1108=CARTESIAN_POINT('Ctrl Pts',(-12.613694100194,-9.43171358485457,34.7170668458272));
#1109=CARTESIAN_POINT('Ctrl Pts',(-12.613694100194,-9.43171358485457,35.));
#1110=CARTESIAN_POINT('Ctrl Pts',(-12.613694100194,-9.43171358485457,35.2829331541728));
#1111=CARTESIAN_POINT('Ctrl Pts',(-12.579664495287,-9.47776188011396,35.5844567556625));
#1112=CARTESIAN_POINT('Ctrl Pts',(-12.4388412447855,-9.66184027181074,36.1386933540585));
#1113=CARTESIAN_POINT('Ctrl Pts',(-12.3317415258789,-9.79953477381396,36.391439949588));
#1114=CARTESIAN_POINT('Ctrl Pts',(-12.07819034313,-10.1103930550445,36.7905377089337));
#1115=CARTESIAN_POINT('Ctrl Pts',(-11.9146996299421,-10.3043417520906,36.9636356030802));
#1116=CARTESIAN_POINT('Ctrl Pts',(-11.5442629151638,-10.7177199048288,37.1933773907145));
#1117=CARTESIAN_POINT('Ctrl Pts',(-11.3369928914549,-10.9368707159213,37.25));
#1118=CARTESIAN_POINT('Ctrl Pts',(-11.1369318036881,-11.1369318036881,37.25));
#1119=CARTESIAN_POINT('Ctrl Pts',(-9.43171358485457,-12.613694100194,35.));
#1120=CARTESIAN_POINT('Ctrl Pts',(-9.43171358485457,-12.613694100194,34.7170668458272));
#1121=CARTESIAN_POINT('Ctrl Pts',(-9.47776188011396,-12.579664495287,34.4155432443375));
#1122=CARTESIAN_POINT('Ctrl Pts',(-9.66184027181075,-12.4388412447855,33.8613066459415));
#1123=CARTESIAN_POINT('Ctrl Pts',(-9.79953477381396,-12.3317415258789,33.608560050412));
#1124=CARTESIAN_POINT('Ctrl Pts',(-10.1103930550445,-12.07819034313,33.2094622910663));
#1125=CARTESIAN_POINT('Ctrl Pts',(-10.3043417520906,-11.9146996299421,33.0363643969199));
#1126=CARTESIAN_POINT('Ctrl Pts',(-10.7177199048288,-11.5442629151638,32.8066226092855));
#1127=CARTESIAN_POINT('Ctrl Pts',(-10.9368707159213,-11.336992891455,32.75));
#1128=CARTESIAN_POINT('Ctrl Pts',(-11.1369318036881,-11.1369318036881,32.75));
#1129=CARTESIAN_POINT('',(-3.65305398318102,-6.83503449852049,35.));
#1130=CARTESIAN_POINT('',(-9.54594154601839,-12.7279220613579,35.));
#1131=CARTESIAN_POINT('',(-6.83503449852049,-3.65305398318103,35.));
#1132=CARTESIAN_POINT('Ctrl Pts',(-6.83503449852049,-3.65305398318103,35.));
#1133=CARTESIAN_POINT('Ctrl Pts',(-6.83503449852049,-3.65305398318103,34.7156734028932));
#1134=CARTESIAN_POINT('Ctrl Pts',(-6.80738770034871,-3.70624278628986,34.4135993019822));
#1135=CARTESIAN_POINT('Ctrl Pts',(-6.68995734324967,-3.91423467736392,33.8597815379541));
#1136=CARTESIAN_POINT('Ctrl Pts',(-6.59948740093698,-4.06823756987726,33.6078834050802));
#1137=CARTESIAN_POINT('Ctrl Pts',(-6.3772604470484,-4.40843720815887,33.210187747837));
#1138=CARTESIAN_POINT('Ctrl Pts',(-6.23029826021387,-4.6177426245568,33.0372792787085));
#1139=CARTESIAN_POINT('Ctrl Pts',(-5.88253797799646,-5.05330686690474,32.8071414907027));
#1140=CARTESIAN_POINT('Ctrl Pts',(-5.68107458559399,-5.2790805227975,32.75));
#1141=CARTESIAN_POINT('Ctrl Pts',(-5.2790805227975,-5.68107458559399,32.75));
#1142=CARTESIAN_POINT('Ctrl Pts',(-5.05330686690475,-5.88253797799646,32.8071414907026));
#1143=CARTESIAN_POINT('Ctrl Pts',(-4.6177426245568,-6.23029826021387,33.0372792787085));
#1144=CARTESIAN_POINT('Ctrl Pts',(-4.40843720815887,-6.3772604470484,33.210187747837));
#1145=CARTESIAN_POINT('Ctrl Pts',(-4.06823756987726,-6.59948740093698,33.6078834050802));
#1146=CARTESIAN_POINT('Ctrl Pts',(-3.91423467736392,-6.68995734324967,33.8597815379541));
#1147=CARTESIAN_POINT('Ctrl Pts',(-3.70624278628986,-6.80738770034872,34.4135993019822));
#1148=CARTESIAN_POINT('Ctrl Pts',(-3.65305398318103,-6.83503449852049,34.7156734028932));
#1149=CARTESIAN_POINT('Ctrl Pts',(-3.65305398318103,-6.83503449852049,35.));
#1150=CARTESIAN_POINT('Ctrl Pts',(-3.65305398318103,-6.83503449852049,35.));
#1151=CARTESIAN_POINT('Ctrl Pts',(-3.65305398318102,-6.83503449852049,35.2843265971068));
#1152=CARTESIAN_POINT('Ctrl Pts',(-3.70624278628985,-6.80738770034872,35.5864006980178));
#1153=CARTESIAN_POINT('Ctrl Pts',(-3.91423467736391,-6.68995734324968,36.1402184620459));
#1154=CARTESIAN_POINT('Ctrl Pts',(-4.06823756987726,-6.59948740093698,36.3921165949198));
#1155=CARTESIAN_POINT('Ctrl Pts',(-4.40843720815887,-6.3772604470484,36.789812252163));
#1156=CARTESIAN_POINT('Ctrl Pts',(-4.6177426245568,-6.23029826021387,36.9627207212915));
#1157=CARTESIAN_POINT('Ctrl Pts',(-5.05330686690474,-5.88253797799646,37.1928585092973));
#1158=CARTESIAN_POINT('Ctrl Pts',(-5.2790805227975,-5.68107458559399,37.25));
#1159=CARTESIAN_POINT('Ctrl Pts',(-5.68107458559399,-5.2790805227975,37.25));
#1160=CARTESIAN_POINT('Ctrl Pts',(-5.88253797799646,-5.05330686690474,37.1928585092973));
#1161=CARTESIAN_POINT('Ctrl Pts',(-6.23029826021387,-4.6177426245568,36.9627207212915));
#1162=CARTESIAN_POINT('Ctrl Pts',(-6.3772604470484,-4.40843720815887,36.789812252163));
#1163=CARTESIAN_POINT('Ctrl Pts',(-6.59948740093698,-4.06823756987726,36.3921165949198));
#1164=CARTESIAN_POINT('Ctrl Pts',(-6.68995734324967,-3.91423467736391,36.1402184620459));
#1165=CARTESIAN_POINT('Ctrl Pts',(-6.80738770034871,-3.70624278628985,35.5864006980178));
#1166=CARTESIAN_POINT('Ctrl Pts',(-6.83503449852049,-3.65305398318103,35.2843265971068));
#1167=CARTESIAN_POINT('Ctrl Pts',(-6.83503449852049,-3.65305398318103,35.));
#1168=CARTESIAN_POINT('Origin',(-11.1369318036881,-11.1369318036881,35.));
#1169=CARTESIAN_POINT('',(3.65305398318102,6.83503449852049,35.));
#1170=CARTESIAN_POINT('',(6.83503449852049,3.65305398318103,35.));
#1171=CARTESIAN_POINT('Ctrl Pts',(3.65305398318102,6.83503449852049,35.));
#1172=CARTESIAN_POINT('Ctrl Pts',(3.65305398318102,6.83503449852049,35.2843265971068));
#1173=CARTESIAN_POINT('Ctrl Pts',(3.70624278628985,6.80738770034871,35.5864006980178));
#1174=CARTESIAN_POINT('Ctrl Pts',(3.91423467736391,6.68995734324967,36.1402184620459));
#1175=CARTESIAN_POINT('Ctrl Pts',(4.06823756987725,6.59948740093698,36.3921165949198));
#1176=CARTESIAN_POINT('Ctrl Pts',(4.40843720815886,6.3772604470484,36.789812252163));
#1177=CARTESIAN_POINT('Ctrl Pts',(4.6177426245568,6.23029826021387,36.9627207212915));
#1178=CARTESIAN_POINT('Ctrl Pts',(5.05330686690474,5.88253797799646,37.1928585092973));
#1179=CARTESIAN_POINT('Ctrl Pts',(5.27908052279749,5.68107458559399,37.25));
#1180=CARTESIAN_POINT('Ctrl Pts',(5.68107458559399,5.2790805227975,37.25));
#1181=CARTESIAN_POINT('Ctrl Pts',(5.88253797799646,5.05330686690475,37.1928585092973));
#1182=CARTESIAN_POINT('Ctrl Pts',(6.23029826021387,4.6177426245568,36.9627207212915));
#1183=CARTESIAN_POINT('Ctrl Pts',(6.3772604470484,4.40843720815887,36.789812252163));
#1184=CARTESIAN_POINT('Ctrl Pts',(6.59948740093698,4.06823756987726,36.3921165949198));
#1185=CARTESIAN_POINT('Ctrl Pts',(6.68995734324967,3.91423467736391,36.1402184620459));
#1186=CARTESIAN_POINT('Ctrl Pts',(6.80738770034871,3.70624278628986,35.5864006980178));
#1187=CARTESIAN_POINT('Ctrl Pts',(6.83503449852049,3.65305398318103,35.2843265971068));
#1188=CARTESIAN_POINT('Ctrl Pts',(6.83503449852049,3.65305398318103,35.));
#1189=CARTESIAN_POINT('Ctrl Pts',(6.83503449852049,3.65305398318103,35.));
#1190=CARTESIAN_POINT('Ctrl Pts',(6.83503449852049,3.65305398318103,34.7156734028932));
#1191=CARTESIAN_POINT('Ctrl Pts',(6.80738770034871,3.70624278628986,34.4135993019822));
#1192=CARTESIAN_POINT('Ctrl Pts',(6.68995734324967,3.91423467736392,33.8597815379541));
#1193=CARTESIAN_POINT('Ctrl Pts',(6.59948740093698,4.06823756987726,33.6078834050802));
#1194=CARTESIAN_POINT('Ctrl Pts',(6.3772604470484,4.40843720815887,33.210187747837));
#1195=CARTESIAN_POINT('Ctrl Pts',(6.23029826021387,4.61774262455681,33.0372792787085));
#1196=CARTESIAN_POINT('Ctrl Pts',(5.88253797799646,5.05330686690475,32.8071414907027));
#1197=CARTESIAN_POINT('Ctrl Pts',(5.68107458559399,5.2790805227975,32.75));
#1198=CARTESIAN_POINT('Ctrl Pts',(5.27908052279749,5.68107458559399,32.75));
#1199=CARTESIAN_POINT('Ctrl Pts',(5.05330686690474,5.88253797799646,32.8071414907027));
#1200=CARTESIAN_POINT('Ctrl Pts',(4.6177426245568,6.23029826021387,33.0372792787085));
#1201=CARTESIAN_POINT('Ctrl Pts',(4.40843720815887,6.3772604470484,33.210187747837));
#1202=CARTESIAN_POINT('Ctrl Pts',(4.06823756987725,6.59948740093698,33.6078834050802));
#1203=CARTESIAN_POINT('Ctrl Pts',(3.91423467736391,6.68995734324967,33.8597815379541));
#1204=CARTESIAN_POINT('Ctrl Pts',(3.70624278628986,6.80738770034872,34.4135993019822));
#1205=CARTESIAN_POINT('Ctrl Pts',(3.65305398318102,6.83503449852049,34.7156734028932));
#1206=CARTESIAN_POINT('Ctrl Pts',(3.65305398318102,6.83503449852049,35.));
#1207=CARTESIAN_POINT('',(-9.54594154601839,-12.7279220613579,35.));
#1208=CARTESIAN_POINT('Origin',(-11.1369318036881,-11.1369318036881,15.));
#1209=CARTESIAN_POINT('',(-11.1369318036881,-11.1369318036881,17.25));
#1210=CARTESIAN_POINT('',(-9.43171358485457,-12.613694100194,15.));
#1211=CARTESIAN_POINT('Ctrl Pts',(-11.1369318036881,-11.1369318036881,17.25));
#1212=CARTESIAN_POINT('Ctrl Pts',(-10.9368707159213,-11.3369928914549,17.25));
#1213=CARTESIAN_POINT('Ctrl Pts',(-10.7177199048288,-11.5442629151638,17.1933773907145));
#1214=CARTESIAN_POINT('Ctrl Pts',(-10.3043417520906,-11.9146996299421,16.9636356030802));
#1215=CARTESIAN_POINT('Ctrl Pts',(-10.1103930550445,-12.07819034313,16.7905377089337));
#1216=CARTESIAN_POINT('Ctrl Pts',(-9.79953477381396,-12.3317415258789,16.391439949588));
#1217=CARTESIAN_POINT('Ctrl Pts',(-9.66184027181074,-12.4388412447855,16.1386933540585));
#1218=CARTESIAN_POINT('Ctrl Pts',(-9.47776188011396,-12.579664495287,15.5844567556625));
#1219=CARTESIAN_POINT('Ctrl Pts',(-9.43171358485457,-12.613694100194,15.2829331541728));
#1220=CARTESIAN_POINT('Ctrl Pts',(-9.43171358485457,-12.613694100194,15.));
#1221=CARTESIAN_POINT('',(-11.1369318036881,-11.1369318036881,12.75));
#1222=CARTESIAN_POINT('Ctrl Pts',(-11.1369318036881,-11.1369318036881,12.75));
#1223=CARTESIAN_POINT('Ctrl Pts',(-11.3369928914549,-10.9368707159213,12.75));
#1224=CARTESIAN_POINT('Ctrl Pts',(-11.5442629151638,-10.7177199048288,12.8066226092855));
#1225=CARTESIAN_POINT('Ctrl Pts',(-11.9146996299421,-10.3043417520906,13.0363643969198));
#1226=CARTESIAN_POINT('Ctrl Pts',(-12.07819034313,-10.1103930550445,13.2094622910663));
#1227=CARTESIAN_POINT('Ctrl Pts',(-12.3317415258789,-9.79953477381396,13.608560050412));
#1228=CARTESIAN_POINT('Ctrl Pts',(-12.4388412447855,-9.66184027181074,13.8613066459415));
#1229=CARTESIAN_POINT('Ctrl Pts',(-12.579664495287,-9.47776188011396,14.4155432443375));
#1230=CARTESIAN_POINT('Ctrl Pts',(-12.613694100194,-9.43171358485457,14.7170668458272));
#1231=CARTESIAN_POINT('Ctrl Pts',(-12.613694100194,-9.43171358485457,15.));
#1232=CARTESIAN_POINT('Ctrl Pts',(-12.613694100194,-9.43171358485457,15.2829331541728));
#1233=CARTESIAN_POINT('Ctrl Pts',(-12.579664495287,-9.47776188011396,15.5844567556625));
#1234=CARTESIAN_POINT('Ctrl Pts',(-12.4388412447855,-9.66184027181074,16.1386933540585));
#1235=CARTESIAN_POINT('Ctrl Pts',(-12.3317415258789,-9.79953477381396,16.391439949588));
#1236=CARTESIAN_POINT('Ctrl Pts',(-12.07819034313,-10.1103930550445,16.7905377089337));
#1237=CARTESIAN_POINT('Ctrl Pts',(-11.9146996299421,-10.3043417520906,16.9636356030802));
#1238=CARTESIAN_POINT('Ctrl Pts',(-11.5442629151638,-10.7177199048288,17.1933773907145));
#1239=CARTESIAN_POINT('Ctrl Pts',(-11.3369928914549,-10.9368707159213,17.25));
#1240=CARTESIAN_POINT('Ctrl Pts',(-11.1369318036881,-11.1369318036881,17.25));
#1241=CARTESIAN_POINT('Ctrl Pts',(-9.43171358485457,-12.613694100194,15.));
#1242=CARTESIAN_POINT('Ctrl Pts',(-9.43171358485457,-12.613694100194,14.7170668458272));
#1243=CARTESIAN_POINT('Ctrl Pts',(-9.47776188011396,-12.579664495287,14.4155432443375));
#1244=CARTESIAN_POINT('Ctrl Pts',(-9.66184027181074,-12.4388412447855,13.8613066459415));
#1245=CARTESIAN_POINT('Ctrl Pts',(-9.79953477381396,-12.3317415258789,13.608560050412));
#1246=CARTESIAN_POINT('Ctrl Pts',(-10.1103930550445,-12.07819034313,13.2094622910663));
#1247=CARTESIAN_POINT('Ctrl Pts',(-10.3043417520906,-11.9146996299421,13.0363643969198));
#1248=CARTESIAN_POINT('Ctrl Pts',(-10.7177199048288,-11.5442629151638,12.8066226092855));
#1249=CARTESIAN_POINT('Ctrl Pts',(-10.9368707159213,-11.3369928914549,12.75));
#1250=CARTESIAN_POINT('Ctrl Pts',(-11.1369318036881,-11.1369318036881,12.75));
#1251=CARTESIAN_POINT('',(-3.65305398318102,-6.83503449852049,15.));
#1252=CARTESIAN_POINT('',(-9.54594154601839,-12.7279220613579,15.));
#1253=CARTESIAN_POINT('',(-6.83503449852049,-3.65305398318103,15.));
#1254=CARTESIAN_POINT('Ctrl Pts',(-6.83503449852049,-3.65305398318103,15.));
#1255=CARTESIAN_POINT('Ctrl Pts',(-6.83503449852049,-3.65305398318103,14.7156734028932));
#1256=CARTESIAN_POINT('Ctrl Pts',(-6.80738770034871,-3.70624278628986,14.4135993019822));
#1257=CARTESIAN_POINT('Ctrl Pts',(-6.68995734324967,-3.91423467736391,13.8597815379541));
#1258=CARTESIAN_POINT('Ctrl Pts',(-6.59948740093698,-4.06823756987726,13.6078834050802));
#1259=CARTESIAN_POINT('Ctrl Pts',(-6.3772604470484,-4.40843720815887,13.210187747837));
#1260=CARTESIAN_POINT('Ctrl Pts',(-6.23029826021387,-4.6177426245568,13.0372792787085));
#1261=CARTESIAN_POINT('Ctrl Pts',(-5.88253797799646,-5.05330686690474,12.8071414907027));
#1262=CARTESIAN_POINT('Ctrl Pts',(-5.68107458559399,-5.2790805227975,12.75));
#1263=CARTESIAN_POINT('Ctrl Pts',(-5.2790805227975,-5.68107458559399,12.75));
#1264=CARTESIAN_POINT('Ctrl Pts',(-5.05330686690475,-5.88253797799646,12.8071414907027));
#1265=CARTESIAN_POINT('Ctrl Pts',(-4.6177426245568,-6.23029826021387,13.0372792787085));
#1266=CARTESIAN_POINT('Ctrl Pts',(-4.40843720815887,-6.3772604470484,13.210187747837));
#1267=CARTESIAN_POINT('Ctrl Pts',(-4.06823756987726,-6.59948740093698,13.6078834050802));
#1268=CARTESIAN_POINT('Ctrl Pts',(-3.91423467736391,-6.68995734324967,13.8597815379541));
#1269=CARTESIAN_POINT('Ctrl Pts',(-3.70624278628986,-6.80738770034871,14.4135993019822));
#1270=CARTESIAN_POINT('Ctrl Pts',(-3.65305398318103,-6.83503449852049,14.7156734028932));
#1271=CARTESIAN_POINT('Ctrl Pts',(-3.65305398318103,-6.83503449852049,15.));
#1272=CARTESIAN_POINT('Ctrl Pts',(-3.65305398318103,-6.83503449852049,15.));
#1273=CARTESIAN_POINT('Ctrl Pts',(-3.65305398318103,-6.83503449852049,15.2843265971068));
#1274=CARTESIAN_POINT('Ctrl Pts',(-3.70624278628986,-6.80738770034871,15.5864006980178));
#1275=CARTESIAN_POINT('Ctrl Pts',(-3.91423467736391,-6.68995734324967,16.1402184620459));
#1276=CARTESIAN_POINT('Ctrl Pts',(-4.06823756987726,-6.59948740093698,16.3921165949198));
#1277=CARTESIAN_POINT('Ctrl Pts',(-4.40843720815887,-6.3772604470484,16.789812252163));
#1278=CARTESIAN_POINT('Ctrl Pts',(-4.6177426245568,-6.23029826021387,16.9627207212915));
#1279=CARTESIAN_POINT('Ctrl Pts',(-5.05330686690475,-5.88253797799646,17.1928585092973));
#1280=CARTESIAN_POINT('Ctrl Pts',(-5.2790805227975,-5.68107458559399,17.25));
#1281=CARTESIAN_POINT('Ctrl Pts',(-5.68107458559399,-5.2790805227975,17.25));
#1282=CARTESIAN_POINT('Ctrl Pts',(-5.88253797799646,-5.05330686690475,17.1928585092973));
#1283=CARTESIAN_POINT('Ctrl Pts',(-6.23029826021387,-4.6177426245568,16.9627207212915));
#1284=CARTESIAN_POINT('Ctrl Pts',(-6.3772604470484,-4.40843720815887,16.789812252163));
#1285=CARTESIAN_POINT('Ctrl Pts',(-6.59948740093698,-4.06823756987726,16.3921165949198));
#1286=CARTESIAN_POINT('Ctrl Pts',(-6.68995734324967,-3.91423467736392,16.1402184620459));
#1287=CARTESIAN_POINT('Ctrl Pts',(-6.80738770034871,-3.70624278628986,15.5864006980178));
#1288=CARTESIAN_POINT('Ctrl Pts',(-6.83503449852049,-3.65305398318103,15.2843265971068));
#1289=CARTESIAN_POINT('Ctrl Pts',(-6.83503449852049,-3.65305398318103,15.));
#1290=CARTESIAN_POINT('Origin',(-11.1369318036881,-11.1369318036881,15.));
#1291=CARTESIAN_POINT('',(3.65305398318102,6.83503449852049,15.));
#1292=CARTESIAN_POINT('',(6.83503449852049,3.65305398318103,15.));
#1293=CARTESIAN_POINT('Ctrl Pts',(3.65305398318102,6.83503449852049,15.));
#1294=CARTESIAN_POINT('Ctrl Pts',(3.65305398318102,6.83503449852049,15.2843265971068));
#1295=CARTESIAN_POINT('Ctrl Pts',(3.70624278628985,6.80738770034872,15.5864006980178));
#1296=CARTESIAN_POINT('Ctrl Pts',(3.91423467736391,6.68995734324967,16.1402184620459));
#1297=CARTESIAN_POINT('Ctrl Pts',(4.06823756987725,6.59948740093699,16.3921165949198));
#1298=CARTESIAN_POINT('Ctrl Pts',(4.40843720815886,6.3772604470484,16.789812252163));
#1299=CARTESIAN_POINT('Ctrl Pts',(4.6177426245568,6.23029826021387,16.9627207212915));
#1300=CARTESIAN_POINT('Ctrl Pts',(5.05330686690474,5.88253797799646,17.1928585092973));
#1301=CARTESIAN_POINT('Ctrl Pts',(5.27908052279749,5.68107458559399,17.25));
#1302=CARTESIAN_POINT('Ctrl Pts',(5.68107458559399,5.2790805227975,17.25));
#1303=CARTESIAN_POINT('Ctrl Pts',(5.88253797799646,5.05330686690475,17.1928585092973));
#1304=CARTESIAN_POINT('Ctrl Pts',(6.23029826021386,4.61774262455681,16.9627207212915));
#1305=CARTESIAN_POINT('Ctrl Pts',(6.3772604470484,4.40843720815887,16.789812252163));
#1306=CARTESIAN_POINT('Ctrl Pts',(6.59948740093698,4.06823756987726,16.3921165949198));
#1307=CARTESIAN_POINT('Ctrl Pts',(6.68995734324967,3.91423467736392,16.1402184620459));
#1308=CARTESIAN_POINT('Ctrl Pts',(6.80738770034871,3.70624278628986,15.5864006980178));
#1309=CARTESIAN_POINT('Ctrl Pts',(6.83503449852049,3.65305398318103,15.2843265971068));
#1310=CARTESIAN_POINT('Ctrl Pts',(6.83503449852049,3.65305398318103,15.));
#1311=CARTESIAN_POINT('Ctrl Pts',(6.83503449852049,3.65305398318103,15.));
#1312=CARTESIAN_POINT('Ctrl Pts',(6.83503449852049,3.65305398318103,14.7156734028932));
#1313=CARTESIAN_POINT('Ctrl Pts',(6.80738770034871,3.70624278628986,14.4135993019822));
#1314=CARTESIAN_POINT('Ctrl Pts',(6.68995734324967,3.91423467736392,13.8597815379541));
#1315=CARTESIAN_POINT('Ctrl Pts',(6.59948740093698,4.06823756987726,13.6078834050802));
#1316=CARTESIAN_POINT('Ctrl Pts',(6.3772604470484,4.40843720815887,13.210187747837));
#1317=CARTESIAN_POINT('Ctrl Pts',(6.23029826021387,4.61774262455681,13.0372792787085));
#1318=CARTESIAN_POINT('Ctrl Pts',(5.88253797799646,5.05330686690475,12.8071414907027));
#1319=CARTESIAN_POINT('Ctrl Pts',(5.68107458559399,5.2790805227975,12.75));
#1320=CARTESIAN_POINT('Ctrl Pts',(5.27908052279749,5.68107458559399,12.75));
#1321=CARTESIAN_POINT('Ctrl Pts',(5.05330686690474,5.88253797799646,12.8071414907027));
#1322=CARTESIAN_POINT('Ctrl Pts',(4.6177426245568,6.23029826021387,13.0372792787085));
#1323=CARTESIAN_POINT('Ctrl Pts',(4.40843720815886,6.3772604470484,13.210187747837));
#1324=CARTESIAN_POINT('Ctrl Pts',(4.06823756987725,6.59948740093698,13.6078834050802));
#1325=CARTESIAN_POINT('Ctrl Pts',(3.91423467736391,6.68995734324967,13.8597815379541));
#1326=CARTESIAN_POINT('Ctrl Pts',(3.70624278628985,6.80738770034872,14.4135993019822));
#1327=CARTESIAN_POINT('Ctrl Pts',(3.65305398318102,6.83503449852049,14.7156734028932));
#1328=CARTESIAN_POINT('Ctrl Pts',(3.65305398318102,6.83503449852049,15.));
#1329=CARTESIAN_POINT('',(-9.54594154601839,-12.7279220613579,15.));
#1330=CARTESIAN_POINT('Ctrl Pts',(9.29146275912412,44.7139296441051,13.5058775264593));
#1331=CARTESIAN_POINT('Ctrl Pts',(9.21251049790489,44.4151073291573,13.5058775264593));
#1332=CARTESIAN_POINT('Ctrl Pts',(9.16437505259399,43.7470560850078,13.4780995526608));
#1333=CARTESIAN_POINT('Ctrl Pts',(9.38460871057158,43.1201751584754,13.4093485893905));
#1334=CARTESIAN_POINT('Ctrl Pts',(9.6912204823691,42.5904559224654,13.3452166317582));
#1335=CARTESIAN_POINT('Ctrl Pts',(9.90713973552817,42.3388931296393,13.3113137196665));
#1336=CARTESIAN_POINT('Ctrl Pts',(10.6883488858531,41.7459138014411,13.2383026634532));
#1337=CARTESIAN_POINT('Ctrl Pts',(11.3252116908197,41.5778406770143,13.2383884462995));
#1338=CARTESIAN_POINT('Ctrl Pts',(12.2200620828747,41.6966537635605,13.3057100988032));
#1339=CARTESIAN_POINT('Ctrl Pts',(12.69001413679,41.8390267817336,13.3527297751415));
#1340=CARTESIAN_POINT('Ctrl Pts',(13.1722692927636,42.154113210905,13.4147733923019));
#1341=CARTESIAN_POINT('Ctrl Pts',(13.6898170167174,42.6795191051263,13.4824589293157));
#1342=CARTESIAN_POINT('Ctrl Pts',(13.9168625109553,43.1304011346944,13.5062525100681));
#1343=CARTESIAN_POINT('Ctrl Pts',(14.085436120362,43.7664249371388,13.5063224707092));
#1344=CARTESIAN_POINT('Ctrl Pts',(14.1343753815528,44.4341183548217,13.4786564901865));
#1345=CARTESIAN_POINT('Ctrl Pts',(13.9144460843158,45.0611031834681,13.409710317798));
#1346=CARTESIAN_POINT('Ctrl Pts',(13.6454130377948,45.5241322915357,13.3537904518919));
#1347=CARTESIAN_POINT('Ctrl Pts',(13.3491395996753,45.9077212389132,13.3029062849424));
#1348=CARTESIAN_POINT('Ctrl Pts',(12.7243017448581,46.3296296376894,13.2524604207135));
#1349=CARTESIAN_POINT('Ctrl Pts',(12.0558550734327,46.541266788301,13.245106068453));
#1350=CARTESIAN_POINT('Ctrl Pts',(11.3143643668684,46.5571151102024,13.281762995993));
#1351=CARTESIAN_POINT('Ctrl Pts',(10.6058176440132,46.3432434598476,13.3529438129892));
#1352=CARTESIAN_POINT('Ctrl Pts',(10.0268089549897,45.9647112399111,13.4275264461193));
#1353=CARTESIAN_POINT('Ctrl Pts',(9.53779801852855,45.3908135517466,13.4914101537571));
#1354=CARTESIAN_POINT('Ctrl Pts',(9.3506762862521,44.9380438490608,13.5058775264593));
#1355=CARTESIAN_POINT('Ctrl Pts',(9.29146275912412,44.7139296441051,13.5058775264593));
#1356=CARTESIAN_POINT('Ctrl Pts',(9.51343900824754,44.6552809892738,13.6976016714321));
#1357=CARTESIAN_POINT('Ctrl Pts',(9.44086731468652,44.3808499694331,13.6974903767063));
#1358=CARTESIAN_POINT('Ctrl Pts',(9.39957875382339,43.7668175788001,13.6740486787793));
#1359=CARTESIAN_POINT('Ctrl Pts',(9.60617883428049,43.1971947355667,13.6160095942332));
#1360=CARTESIAN_POINT('Ctrl Pts',(9.88785529513229,42.7200785282955,13.5624069449193));
#1361=CARTESIAN_POINT('Ctrl Pts',(10.0845699210641,42.4949894908219,13.5340005031655));
#1362=CARTESIAN_POINT('Ctrl Pts',(10.7863499645559,41.9690414775289,13.4737583791058));
#1363=CARTESIAN_POINT('Ctrl Pts',(11.3501351655658,41.820140128587,13.4737420588787));
#1364=CARTESIAN_POINT('Ctrl Pts',(12.1513774846458,41.9216296252309,13.5294827007503));
#1365=CARTESIAN_POINT('Ctrl Pts',(12.5751527233468,42.0463378263604,13.5686759635986));
#1366=CARTESIAN_POINT('Ctrl Pts',(13.015094701544,42.3278057791541,13.6206609763426));
#1367=CARTESIAN_POINT('Ctrl Pts',(13.4913884015858,42.803374379814,13.6776987011162));
#1368=CARTESIAN_POINT('Ctrl Pts',(13.7022109771145,43.2165483244946,13.6979381045518));
#1369=CARTESIAN_POINT('Ctrl Pts',(13.8569885581335,43.8006340903297,13.6980277420175));
#1370=CARTESIAN_POINT('Ctrl Pts',(13.8992884069791,44.4144602236488,13.6744969322723));
#1371=CARTESIAN_POINT('Ctrl Pts',(13.6927994074793,44.9839751112395,13.6164449730632));
#1372=CARTESIAN_POINT('Ctrl Pts',(13.4457932590652,45.4012107046757,13.5695861167361));
#1373=CARTESIAN_POINT('Ctrl Pts',(13.1752635358007,45.7446458777551,13.5271588272093));
#1374=CARTESIAN_POINT('Ctrl Pts',(12.615093833051,46.1185079181853,13.4853846089978));
#1375=CARTESIAN_POINT('Ctrl Pts',(12.0202703741503,46.306336727819,13.4793058870883));
#1376=CARTESIAN_POINT('Ctrl Pts',(11.3592651623639,46.3231017148836,13.5096142630439));
#1377=CARTESIAN_POINT('Ctrl Pts',(10.7209540105999,46.1360006119528,13.5688440205967));
#1378=CARTESIAN_POINT('Ctrl Pts',(10.1923508303283,45.7977554863042,13.6313849869168));
#1379=CARTESIAN_POINT('Ctrl Pts',(9.7412580607111,45.276662231416,13.6852758249132));
#1380=CARTESIAN_POINT('Ctrl Pts',(9.5675306045588,44.8609778013975,13.6976356572205));
#1381=CARTESIAN_POINT('Ctrl Pts',(9.51343900824754,44.6552809892738,13.6976016714321));
#1382=CARTESIAN_POINT('Ctrl Pts',(9.73541525737096,44.5966323344425,13.8893258164049));
#1383=CARTESIAN_POINT('Ctrl Pts',(9.66942710007976,44.3466353676609,13.8894371111308));
#1384=CARTESIAN_POINT('Ctrl Pts',(9.63454978570921,43.7864345430102,13.8699122592756));
#1385=CARTESIAN_POINT('Ctrl Pts',(9.82731851797242,43.2746799912506,13.8229579651915));
#1386=CARTESIAN_POINT('Ctrl Pts',(10.0845373671628,42.8494134633021,13.7795591957058));
#1387=CARTESIAN_POINT('Ctrl Pts',(10.2610766312095,42.6519210089397,13.7571127521106));
#1388=CARTESIAN_POINT('Ctrl Pts',(10.8851624868475,42.1909437203991,13.7087234709373));
#1389=CARTESIAN_POINT('Ctrl Pts',(11.3745575788657,42.0619169388896,13.7088730258083));
#1390=CARTESIAN_POINT('Ctrl Pts',(12.0833243884297,42.1463531186892,13.7532916415749));
#1391=CARTESIAN_POINT('Ctrl Pts',(12.4600115600294,42.2532058176195,13.7845121187635));
#1392=CARTESIAN_POINT('Ctrl Pts',(12.8585624140415,42.5014135283385,13.8265744753735));
#1393=CARTESIAN_POINT('Ctrl Pts',(13.2934962648201,42.9271478532148,13.8730178598736));
#1394=CARTESIAN_POINT('Ctrl Pts',(13.4881113141376,43.3026066213826,13.889572284465));
#1395=CARTESIAN_POINT('Ctrl Pts',(13.6292576921342,43.8348650118427,13.8896057933678));
#1396=CARTESIAN_POINT('Ctrl Pts',(13.6644628238319,44.3948068517686,13.8703202831077));
#1397=CARTESIAN_POINT('Ctrl Pts',(13.4719268814096,44.9069055623858,13.8230728683112));
#1398=CARTESIAN_POINT('Ctrl Pts',(13.246296616181,45.2784306739931,13.7853529943637));
#1399=CARTESIAN_POINT('Ctrl Pts',(13.0021943442976,45.5816738488858,13.7513034621465));
#1400=CARTESIAN_POINT('Ctrl Pts',(12.5063125705891,45.9075948964866,13.7182249604387));
#1401=CARTESIAN_POINT('Ctrl Pts',(11.9852486265082,46.0713949656258,13.7134611449052));
#1402=CARTESIAN_POINT('Ctrl Pts',(11.4047429972052,46.0892306154709,13.737371613219));
#1403=CARTESIAN_POINT('Ctrl Pts',(10.8365705970516,45.9290052650241,13.7846501959293));
#1404=CARTESIAN_POINT('Ctrl Pts',(10.3581760885938,45.6309690612092,13.8352065098042));
#1405=CARTESIAN_POINT('Ctrl Pts',(9.94411777402222,45.1622931944491,13.8792861108));
#1406=CARTESIAN_POINT('Ctrl Pts',(9.78524237549024,44.7842520699767,13.8892918306165));
#1407=CARTESIAN_POINT('Ctrl Pts',(9.73541525737096,44.5966323344425,13.8893258164049));
#1408=CARTESIAN_POINT('Ctrl Pts',(9.95739150649438,44.5379836796112,14.0810499613778));
#1409=CARTESIAN_POINT('Ctrl Pts',(9.89778391686139,44.3123780079367,14.0810499613778));
#1410=CARTESIAN_POINT('Ctrl Pts',(9.86975348693862,43.8061960368025,14.065861385394));
#1411=CARTESIAN_POINT('Ctrl Pts',(10.0488886416813,43.3516995683419,14.0296189700341));
#1412=CARTESIAN_POINT('Ctrl Pts',(10.281172179926,42.9790360691322,13.9967495088669));
#1413=CARTESIAN_POINT('Ctrl Pts',(10.4385068167454,42.8080173701223,13.9797995356095));
#1414=CARTESIAN_POINT('Ctrl Pts',(10.9831635655503,42.4140713964869,13.9441791865898));
#1415=CARTESIAN_POINT('Ctrl Pts',(11.3994810536118,42.3042163904623,13.9442266383875));
#1416=CARTESIAN_POINT('Ctrl Pts',(12.0146397902008,42.3713289803596,13.977064243522));
#1417=CARTESIAN_POINT('Ctrl Pts',(12.3451501465862,42.4605168622463,14.0004583072207));
#1418=CARTESIAN_POINT('Ctrl Pts',(12.7013878228218,42.6751060965877,14.0324620594143));
#1419=CARTESIAN_POINT('Ctrl Pts',(13.0950676496885,43.0510031279026,14.0682576316741));
#1420=CARTESIAN_POINT('Ctrl Pts',(13.2734597802968,43.3887538111828,14.0812578789487));
#1421=CARTESIAN_POINT('Ctrl Pts',(13.4008101299057,43.8690741650336,14.0813110646761));
#1422=CARTESIAN_POINT('Ctrl Pts',(13.4293758492583,44.3751487205957,14.0661607251935));
#1423=CARTESIAN_POINT('Ctrl Pts',(13.2502802045731,44.8297774901572,14.0298075235763));
#1424=CARTESIAN_POINT('Ctrl Pts',(13.0466768374514,45.1555090871331,14.0011486592079));
#1425=CARTESIAN_POINT('Ctrl Pts',(12.8283182804231,45.4185984877276,13.9755560044133));
#1426=CARTESIAN_POINT('Ctrl Pts',(12.397104658782,45.6964731769825,13.951149148723));
#1427=CARTESIAN_POINT('Ctrl Pts',(11.9496639272258,45.8364649051438,13.9476609635405));
#1428=CARTESIAN_POINT('Ctrl Pts',(11.4496437927006,45.8552172201521,13.96522288027));
#1429=CARTESIAN_POINT('Ctrl Pts',(10.9517069636382,45.7217624171293,14.0005504035368));
#1430=CARTESIAN_POINT('Ctrl Pts',(10.5237179639324,45.4640133076023,14.0390650506018));
#1431=CARTESIAN_POINT('Ctrl Pts',(10.1475778162048,45.0481418741184,14.0731517819561));
#1432=CARTESIAN_POINT('Ctrl Pts',(10.0020966937969,44.7071860223133,14.0810499613778));
#1433=CARTESIAN_POINT('Ctrl Pts',(9.95739150649438,44.5379836796112,14.0810499613778));
#1434=CARTESIAN_POINT('',(9.29146275912412,44.7139296441051,13.5058775264593));
#1435=CARTESIAN_POINT('',(9.95739150649438,44.5379836796112,14.0810499613778));
#1436=CARTESIAN_POINT('',(9.29146275912412,44.7139296441051,13.5058775264593));
#1437=CARTESIAN_POINT('',(9.9005687115282,44.0909199532288,14.0726593003465));
#1438=CARTESIAN_POINT('Ctrl Pts',(9.95739150649438,44.5379836796112,14.0810499613778));
#1439=CARTESIAN_POINT('Ctrl Pts',(9.91999772993045,44.3964539158664,14.0810499613778));
#1440=CARTESIAN_POINT('Ctrl Pts',(9.90054665144533,44.2441074159387,14.0780612594831));
#1441=CARTESIAN_POINT('Ctrl Pts',(9.9005687115282,44.0909199532288,14.0726593003465));
#1442=CARTESIAN_POINT('Ctrl Pts',(9.9005687115282,44.0909199532288,14.0726593003465));
#1443=CARTESIAN_POINT('Ctrl Pts',(9.90058181634409,43.999918776727,14.0694502607283));
#1444=CARTESIAN_POINT('Ctrl Pts',(9.92594213667632,43.663635840229,14.0544933633817));
#1445=CARTESIAN_POINT('Ctrl Pts',(10.0488886416813,43.3516995683419,14.0296189700341));
#1446=CARTESIAN_POINT('Ctrl Pts',(10.281172179926,42.9790360691322,13.9967495088669));
#1447=CARTESIAN_POINT('Ctrl Pts',(10.4385068167454,42.8080173701223,13.9797995356095));
#1448=CARTESIAN_POINT('Ctrl Pts',(10.9831635655503,42.4140713964869,13.9441791865898));
#1449=CARTESIAN_POINT('Ctrl Pts',(11.3994810536118,42.3042163904623,13.9442266383875));
#1450=CARTESIAN_POINT('Ctrl Pts',(12.0146397902008,42.3713289803596,13.977064243522));
#1451=CARTESIAN_POINT('Ctrl Pts',(12.3451501465862,42.4605168622463,14.0004583072207));
#1452=CARTESIAN_POINT('Ctrl Pts',(12.7013878228218,42.6751060965877,14.0324620594143));
#1453=CARTESIAN_POINT('Ctrl Pts',(13.0950676496885,43.0510031279026,14.0682576316741));
#1454=CARTESIAN_POINT('Ctrl Pts',(13.2734597802968,43.3887538111828,14.0812578789487));
#1455=CARTESIAN_POINT('Ctrl Pts',(13.4008101299057,43.8690741650336,14.0813110646761));
#1456=CARTESIAN_POINT('Ctrl Pts',(13.4293758492583,44.3751487205957,14.0661607251935));
#1457=CARTESIAN_POINT('Ctrl Pts',(13.2502802045731,44.8297774901572,14.0298075235763));
#1458=CARTESIAN_POINT('Ctrl Pts',(13.0466768374514,45.1555090871331,14.0011486592079));
#1459=CARTESIAN_POINT('Ctrl Pts',(12.8283182804231,45.4185984877276,13.9755560044133));
#1460=CARTESIAN_POINT('Ctrl Pts',(12.397104658782,45.6964731769825,13.951149148723));
#1461=CARTESIAN_POINT('Ctrl Pts',(11.9496639272258,45.8364649051438,13.9476609635405));
#1462=CARTESIAN_POINT('Ctrl Pts',(11.4496437927006,45.8552172201521,13.96522288027));
#1463=CARTESIAN_POINT('Ctrl Pts',(10.9517069636382,45.7217624171293,14.0005504035368));
#1464=CARTESIAN_POINT('Ctrl Pts',(10.5237179639324,45.4640133076023,14.0390650506018));
#1465=CARTESIAN_POINT('Ctrl Pts',(10.1475778162048,45.0481418741184,14.0731517819561));
#1466=CARTESIAN_POINT('Ctrl Pts',(10.0020966937969,44.7071860223133,14.0810499613778));
#1467=CARTESIAN_POINT('Ctrl Pts',(9.95739150649438,44.5379836796112,14.0810499613778));
#1468=CARTESIAN_POINT('Ctrl Pts',(9.29146275912412,44.7139296441051,13.5058775264593));
#1469=CARTESIAN_POINT('Ctrl Pts',(9.3506762862521,44.9380438490608,13.5058775264593));
#1470=CARTESIAN_POINT('Ctrl Pts',(9.53779801852855,45.3908135517466,13.4914101537571));
#1471=CARTESIAN_POINT('Ctrl Pts',(10.0268089549897,45.9647112399111,13.4275264461193));
#1472=CARTESIAN_POINT('Ctrl Pts',(10.6058176440132,46.3432434598476,13.3529438129892));
#1473=CARTESIAN_POINT('Ctrl Pts',(11.3143643668684,46.5571151102024,13.281762995993));
#1474=CARTESIAN_POINT('Ctrl Pts',(12.0558550734327,46.541266788301,13.245106068453));
#1475=CARTESIAN_POINT('Ctrl Pts',(12.7243017448581,46.3296296376894,13.2524604207135));
#1476=CARTESIAN_POINT('Ctrl Pts',(13.3491395996753,45.9077212389132,13.3029062849424));
#1477=CARTESIAN_POINT('Ctrl Pts',(13.6454130377948,45.5241322915357,13.3537904518919));
#1478=CARTESIAN_POINT('Ctrl Pts',(13.9144460843158,45.0611031834681,13.409710317798));
#1479=CARTESIAN_POINT('Ctrl Pts',(14.1343753815528,44.4341183548217,13.4786564901865));
#1480=CARTESIAN_POINT('Ctrl Pts',(14.085436120362,43.7664249371388,13.5063224707092));
#1481=CARTESIAN_POINT('Ctrl Pts',(13.9168625109553,43.1304011346944,13.5062525100681));
#1482=CARTESIAN_POINT('Ctrl Pts',(13.6898170167174,42.6795191051263,13.4824589293157));
#1483=CARTESIAN_POINT('Ctrl Pts',(13.1722692927636,42.154113210905,13.4147733923019));
#1484=CARTESIAN_POINT('Ctrl Pts',(12.69001413679,41.8390267817336,13.3527297751415));
#1485=CARTESIAN_POINT('Ctrl Pts',(12.2200620828747,41.6966537635605,13.3057100988032));
#1486=CARTESIAN_POINT('Ctrl Pts',(11.3252116908197,41.5778406770143,13.2383884462995));
#1487=CARTESIAN_POINT('Ctrl Pts',(10.6883488858531,41.7459138014411,13.2383026634532));
#1488=CARTESIAN_POINT('Ctrl Pts',(9.90713973552817,42.3388931296393,13.3113137196665));
#1489=CARTESIAN_POINT('Ctrl Pts',(9.6912204823691,42.5904559224654,13.3452166317582));
#1490=CARTESIAN_POINT('Ctrl Pts',(9.38460871057158,43.1201751584754,13.4093485893905));
#1491=CARTESIAN_POINT('Ctrl Pts',(9.16437505259399,43.7470560850078,13.4780995526608));
#1492=CARTESIAN_POINT('Ctrl Pts',(9.21251049790489,44.4151073291573,13.5058775264593));
#1493=CARTESIAN_POINT('Ctrl Pts',(9.29146275912412,44.7139296441051,13.5058775264593));
#1494=CARTESIAN_POINT('Origin',(4.02327068748871,15.2274683705202,25.));
#1495=CARTESIAN_POINT('',(2.88092618881794,56.9018915704441,25.));
#1496=CARTESIAN_POINT('Origin',(14.2411010049203,53.9004039146986,25.));
#1497=CARTESIAN_POINT('',(-7.48654710647959,17.663257122115,25.0000005876693));
#1498=CARTESIAN_POINT('',(-7.33690412861369,18.2289560262658,25.));
#1499=CARTESIAN_POINT('',(14.191221258206,21.4494389615189,33.3752326573117));
#1500=CARTESIAN_POINT('Ctrl Pts',(14.191221258206,21.4494389615189,33.3752326573117));
#1501=CARTESIAN_POINT('Ctrl Pts',(13.7342216939504,23.1670172858126,34.241730034371));
#1502=CARTESIAN_POINT('Ctrl Pts',(12.7711249325815,25.6358775445111,35.3698683467756));
#1503=CARTESIAN_POINT('Ctrl Pts',(10.8161250325829,28.1252391208753,36.348224302535));
#1504=CARTESIAN_POINT('Ctrl Pts',(9.02737883559567,29.4221812466559,36.7513769521174));
#1505=CARTESIAN_POINT('Ctrl Pts',(6.9848225727114,30.0180961766192,36.7775173606762));
#1506=CARTESIAN_POINT('Ctrl Pts',(4.06379318881405,29.82526848304,36.3093850593535));
#1507=CARTESIAN_POINT('Ctrl Pts',(-0.0900387137519411,27.6504180504677,
34.6812841089678));
#1508=CARTESIAN_POINT('Ctrl Pts',(-3.40117945052805,23.9639387621842,32.271945327606));
#1509=CARTESIAN_POINT('Ctrl Pts',(-5.36092440547313,21.1816904672121,30.1342385060001));
#1510=CARTESIAN_POINT('Ctrl Pts',(-6.492519770043,19.4278166041325,28.599811958071));
#1511=CARTESIAN_POINT('Ctrl Pts',(-7.31166345317914,17.9848734066927,26.8802208309117));
#1512=CARTESIAN_POINT('Ctrl Pts',(-7.48645417293224,17.6635555210286,25.4704343758904));
#1513=CARTESIAN_POINT('Ctrl Pts',(-7.48654709923024,17.6632571459327,25.0000392760085));
#1514=CARTESIAN_POINT('Ctrl Pts',(-7.48654710647959,17.663257122115,25.0000005876693));
#1515=CARTESIAN_POINT('',(14.1912212574973,21.4494389641836,16.6247673413442));
#1516=CARTESIAN_POINT('Origin',(2.22044604925031E-15,-2.22044604925031E-15,
25.));
#1517=CARTESIAN_POINT('Ctrl Pts',(-7.48654710647959,17.663257122115,25.0000005876693));
#1518=CARTESIAN_POINT('Ctrl Pts',(-7.48663523374661,17.6629675795407,24.5296828283332));
#1519=CARTESIAN_POINT('Ctrl Pts',(-7.3124281656548,17.9824461884486,23.1173345723899));
#1520=CARTESIAN_POINT('Ctrl Pts',(-6.07891093767868,20.1606158640518,20.5456063131374));
#1521=CARTESIAN_POINT('Ctrl Pts',(-3.41507222389956,24.0390993538376,17.7056139246504));
#1522=CARTESIAN_POINT('Ctrl Pts',(0.395016025781902,27.8980858492088,15.1219068502575));
#1523=CARTESIAN_POINT('Ctrl Pts',(4.06590327589257,29.8284587475636,13.6925817251498));
#1524=CARTESIAN_POINT('Ctrl Pts',(6.98395256018968,30.0168604796829,13.2216197229699));
#1525=CARTESIAN_POINT('Ctrl Pts',(9.02786830923048,29.4228571515944,13.2488412886921));
#1526=CARTESIAN_POINT('Ctrl Pts',(10.8165753840461,28.1244464272681,13.6521414780401));
#1527=CARTESIAN_POINT('Ctrl Pts',(12.2816420136669,26.25897678874,14.3846973130498));
#1528=CARTESIAN_POINT('Ctrl Pts',(13.4145924799574,23.9883826135885,15.383874680124));
#1529=CARTESIAN_POINT('Ctrl Pts',(13.9627333696317,22.3081834227715,16.1915412052581));
#1530=CARTESIAN_POINT('Ctrl Pts',(14.1912212574971,21.4494389641834,16.6247673413441));
#1531=CARTESIAN_POINT('',(12.2751745434949,46.4596709053045,36.75));
#1532=CARTESIAN_POINT('Ctrl Pts',(12.2751745434949,46.4596709053045,36.75));
#1533=CARTESIAN_POINT('Ctrl Pts',(11.9772790853,46.5383782804064,36.75));
#1534=CARTESIAN_POINT('Ctrl Pts',(11.6441793681604,46.5628116540256,36.7367304621326));
#1535=CARTESIAN_POINT('Ctrl Pts',(11.0786342874252,46.4855326877905,36.694404508353));
#1536=CARTESIAN_POINT('Ctrl Pts',(10.6095359678786,46.3439099212236,36.64739659014));
#1537=CARTESIAN_POINT('Ctrl Pts',(10.0758789327461,45.9956185557391,36.5787451182021));
#1538=CARTESIAN_POINT('Ctrl Pts',(9.57313015737651,45.4465586807861,36.5129274058815));
#1539=CARTESIAN_POINT('Ctrl Pts',(9.36728943217091,44.9946144878694,36.4939953567269));
#1540=CARTESIAN_POINT('Ctrl Pts',(9.23418378303525,44.4895252376496,36.4941189961649));
#1541=CARTESIAN_POINT('Ctrl Pts',(9.17263787051553,44.0039748673721,36.5084907846403));
#1542=CARTESIAN_POINT('Ctrl Pts',(9.31342181337205,43.2643097622888,36.5722230523527));
#1543=CARTESIAN_POINT('Ctrl Pts',(9.63366426427038,42.6456885358103,36.6474544451733));
#1544=CARTESIAN_POINT('Ctrl Pts',(9.97105473541815,42.2911897134982,36.694333488004));
#1545=CARTESIAN_POINT('Ctrl Pts',(10.1981463742235,42.1181344950538,36.7154319267311));
#1546=CARTESIAN_POINT('Ctrl Pts',(10.264201823231,42.0703232768142,36.7211499242433));
#1547=CARTESIAN_POINT('Ctrl Pts',(10.4005793733134,41.9815967842692,36.731254083369));
#1548=CARTESIAN_POINT('Ctrl Pts',(10.6509729359442,41.8445790620497,36.7451908925668));
#1549=CARTESIAN_POINT('Ctrl Pts',(10.9482308880278,41.7356535023544,36.7513956351234));
#1550=CARTESIAN_POINT('Ctrl Pts',(11.2516797612715,41.6707395155577,36.7483078948052));
#1551=CARTESIAN_POINT('Ctrl Pts',(11.4918856031036,41.642939524915,36.7411743823934));
#1552=CARTESIAN_POINT('Ctrl Pts',(11.6946012108358,41.6400402548754,36.7312274791393));
#1553=CARTESIAN_POINT('Ctrl Pts',(11.8370000566395,41.6485578082291,36.7223816073845));
#1554=CARTESIAN_POINT('Ctrl Pts',(11.9079518997906,41.6555216111359,36.7175205410947));
#1555=CARTESIAN_POINT('Ctrl Pts',(11.948364829873,41.6602392870048,36.7146291053526));
#1556=CARTESIAN_POINT('Ctrl Pts',(12.2115100718917,41.6944717246468,36.6952625324244));
#1557=CARTESIAN_POINT('Ctrl Pts',(12.8436861770356,41.8829936290434,36.6319934013352));
#1558=CARTESIAN_POINT('Ctrl Pts',(13.3339877442932,42.2788058323903,36.5630209450309));
#1559=CARTESIAN_POINT('Ctrl Pts',(13.6829285446062,42.7346325320427,36.520091501782));
#1560=CARTESIAN_POINT('Ctrl Pts',(13.8971886738514,43.0912130306497,36.4961096172884));
#1561=CARTESIAN_POINT('Ctrl Pts',(14.0852215305265,43.6857093979763,36.4895569963105));
#1562=CARTESIAN_POINT('Ctrl Pts',(14.0983831132349,44.1800788584467,36.513777587895));
#1563=CARTESIAN_POINT('Ctrl Pts',(13.9772646133601,45.0765701323245,36.5812087806669));
#1564=CARTESIAN_POINT('Ctrl Pts',(13.6531042935879,45.6381496402976,36.6637861585402));
#1565=CARTESIAN_POINT('Ctrl Pts',(12.8739639871652,46.2384470158544,36.736836025738));
#1566=CARTESIAN_POINT('Ctrl Pts',(12.5730700016898,46.3809635302026,36.75));
#1567=CARTESIAN_POINT('Ctrl Pts',(12.2751745434949,46.4596709053045,36.75));
#1568=CARTESIAN_POINT('Origin',(11.6493324365522,44.0909536032236,36.75));
#1569=CARTESIAN_POINT('',(9.95739150649438,44.5379836796112,17.4501655647293));
#1570=CARTESIAN_POINT('',(9.89933243655219,44.0909536032228,17.4369426890181));
#1571=CARTESIAN_POINT('Ctrl Pts',(9.95739150649438,44.5379836796112,17.4501655647293));
#1572=CARTESIAN_POINT('Ctrl Pts',(10.0137338959679,44.751231064704,17.4501655647293));
#1573=CARTESIAN_POINT('Ctrl Pts',(10.11646183861,44.966868165359,17.43949551438));
#1574=CARTESIAN_POINT('Ctrl Pts',(10.3994318763355,45.3378166274875,17.4013609478501));
#1575=CARTESIAN_POINT('Ctrl Pts',(10.579653443738,45.4932045162243,17.3744908756211));
#1576=CARTESIAN_POINT('Ctrl Pts',(10.9584241880038,45.7136543536313,17.3243676825687));
#1577=CARTESIAN_POINT('Ctrl Pts',(11.1825607929887,45.793612752266,17.297799781076));
#1578=CARTESIAN_POINT('Ctrl Pts',(11.6448917738313,45.856429250063,17.26036161858));
#1579=CARTESIAN_POINT('Ctrl Pts',(11.8831347509987,45.8392317380946,17.25));
#1580=CARTESIAN_POINT('Ctrl Pts',(12.309590274881,45.7265573284682,17.25));
#1581=CARTESIAN_POINT('Ctrl Pts',(12.5252359066805,45.6238322970822,17.26036161858));
#1582=CARTESIAN_POINT('Ctrl Pts',(12.8962026521022,45.3408490431013,17.297799781076));
#1583=CARTESIAN_POINT('Ctrl Pts',(13.0515934929824,45.160615167881,17.3243676825687));
#1584=CARTESIAN_POINT('Ctrl Pts',(13.2720433303894,44.7818444236152,17.3744908756211));
#1585=CARTESIAN_POINT('Ctrl Pts',(13.3519924856261,44.5577164648505,17.4013609478501));
#1586=CARTESIAN_POINT('Ctrl Pts',(13.41480652284,44.0954079093005,17.43949551438));
#1587=CARTESIAN_POINT('Ctrl Pts',(13.3976157560835,43.8571709119287,17.4501655647292));
#1588=CARTESIAN_POINT('Ctrl Pts',(13.2849309771365,43.4306761417432,17.4501655647292));
#1589=CARTESIAN_POINT('Ctrl Pts',(13.1822030344943,43.2150390410881,17.43949551438));
#1590=CARTESIAN_POINT('Ctrl Pts',(12.8992329967689,42.8440905789597,17.4013609478501));
#1591=CARTESIAN_POINT('Ctrl Pts',(12.7190114293664,42.6887026902229,17.3744908756211));
#1592=CARTESIAN_POINT('Ctrl Pts',(12.3402406851006,42.4682528528158,17.3243676825687));
#1593=CARTESIAN_POINT('Ctrl Pts',(12.1161040801156,42.3882944541812,17.297799781076));
#1594=CARTESIAN_POINT('Ctrl Pts',(11.6537730992731,42.3254779563842,17.26036161858));
#1595=CARTESIAN_POINT('Ctrl Pts',(11.4155301221057,42.3426754683526,17.25));
#1596=CARTESIAN_POINT('Ctrl Pts',(10.9890745982234,42.455349877979,17.25));
#1597=CARTESIAN_POINT('Ctrl Pts',(10.7734289664239,42.558074909365,17.26036161858));
#1598=CARTESIAN_POINT('Ctrl Pts',(10.4024622210022,42.8410581633459,17.297799781076));
#1599=CARTESIAN_POINT('Ctrl Pts',(10.247071380122,43.0212920385662,17.3243676825687));
#1600=CARTESIAN_POINT('Ctrl Pts',(10.026621542715,43.400062782832,17.3744908756211));
#1601=CARTESIAN_POINT('Ctrl Pts',(9.94667238747826,43.6241907415967,17.4013609478501));
#1602=CARTESIAN_POINT('Ctrl Pts',(9.90464814423732,43.9334873264452,17.4268739760015));
#1603=CARTESIAN_POINT('Ctrl Pts',(9.89933243655219,44.0124341615168,17.4324556101486));
#1604=CARTESIAN_POINT('Ctrl Pts',(9.89933243655219,44.0909536032221,17.4369426890181));
#1605=CARTESIAN_POINT('Ctrl Pts',(9.89933243655219,44.0909536032221,17.4369426890181));
#1606=CARTESIAN_POINT('Ctrl Pts',(9.89933243655218,44.2447040485784,17.4457289253891));
#1607=CARTESIAN_POINT('Ctrl Pts',(9.92009580887479,44.3968251297714,17.4501655647293));
#1608=CARTESIAN_POINT('Ctrl Pts',(9.95739150649439,44.5379836796112,17.4501655647293));
#1609=CARTESIAN_POINT('',(9.89933243655219,44.0909536032236,36.75));
#1610=CARTESIAN_POINT('Ctrl Pts',(12.2751745434949,46.4596709053045,36.75));
#1611=CARTESIAN_POINT('Ctrl Pts',(12.5730700016898,46.3809635302026,36.75));
#1612=CARTESIAN_POINT('Ctrl Pts',(12.8739639871652,46.2384470158544,36.736836025738));
#1613=CARTESIAN_POINT('Ctrl Pts',(13.6531042935879,45.6381496402976,36.6637861585402));
#1614=CARTESIAN_POINT('Ctrl Pts',(13.9772646133601,45.0765701323245,36.5812087806669));
#1615=CARTESIAN_POINT('Ctrl Pts',(14.0983831132349,44.1800788584467,36.513777587895));
#1616=CARTESIAN_POINT('Ctrl Pts',(14.0852215305265,43.6857093979763,36.4895569963105));
#1617=CARTESIAN_POINT('Ctrl Pts',(13.8971886738514,43.0912130306497,36.4961096172884));
#1618=CARTESIAN_POINT('Ctrl Pts',(13.6829285446062,42.7346325320427,36.520091501782));
#1619=CARTESIAN_POINT('Ctrl Pts',(13.3339877442932,42.2788058323903,36.5630209450309));
#1620=CARTESIAN_POINT('Ctrl Pts',(12.8436861770356,41.8829936290434,36.6319934013352));
#1621=CARTESIAN_POINT('Ctrl Pts',(12.2115100718917,41.6944717246468,36.6952625324244));
#1622=CARTESIAN_POINT('Ctrl Pts',(11.948364829873,41.6602392870048,36.7146291053526));
#1623=CARTESIAN_POINT('Ctrl Pts',(11.9079518997906,41.6555216111359,36.7175205410947));
#1624=CARTESIAN_POINT('Ctrl Pts',(11.8370000566395,41.6485578082291,36.7223816073845));
#1625=CARTESIAN_POINT('Ctrl Pts',(11.6946012108358,41.6400402548754,36.7312274791393));
#1626=CARTESIAN_POINT('Ctrl Pts',(11.4918856031036,41.642939524915,36.7411743823934));
#1627=CARTESIAN_POINT('Ctrl Pts',(11.2516797612715,41.6707395155577,36.7483078948052));
#1628=CARTESIAN_POINT('Ctrl Pts',(10.9482308880278,41.7356535023544,36.7513956351234));
#1629=CARTESIAN_POINT('Ctrl Pts',(10.6509729359442,41.8445790620497,36.7451908925668));
#1630=CARTESIAN_POINT('Ctrl Pts',(10.4005793733134,41.9815967842692,36.731254083369));
#1631=CARTESIAN_POINT('Ctrl Pts',(10.264201823231,42.0703232768142,36.7211499242433));
#1632=CARTESIAN_POINT('Ctrl Pts',(10.1981463742235,42.1181344950538,36.7154319267311));
#1633=CARTESIAN_POINT('Ctrl Pts',(9.97105473541815,42.2911897134982,36.694333488004));
#1634=CARTESIAN_POINT('Ctrl Pts',(9.63366426427038,42.6456885358103,36.6474544451733));
#1635=CARTESIAN_POINT('Ctrl Pts',(9.31342181337205,43.2643097622888,36.5722230523527));
#1636=CARTESIAN_POINT('Ctrl Pts',(9.17263787051553,44.0039748673721,36.5084907846403));
#1637=CARTESIAN_POINT('Ctrl Pts',(9.23418378303525,44.4895252376496,36.4941189961649));
#1638=CARTESIAN_POINT('Ctrl Pts',(9.36728943217091,44.9946144878694,36.4939953567269));
#1639=CARTESIAN_POINT('Ctrl Pts',(9.57313015737651,45.4465586807861,36.5129274058815));
#1640=CARTESIAN_POINT('Ctrl Pts',(10.0758789327461,45.9956185557391,36.5787451182021));
#1641=CARTESIAN_POINT('Ctrl Pts',(10.6095359678786,46.3439099212236,36.64739659014));
#1642=CARTESIAN_POINT('Ctrl Pts',(11.0786342874252,46.4855326877905,36.694404508353));
#1643=CARTESIAN_POINT('Ctrl Pts',(11.6441793681604,46.5628116540256,36.7367304621326));
#1644=CARTESIAN_POINT('Ctrl Pts',(11.9772790853,46.5383782804064,36.75));
#1645=CARTESIAN_POINT('Ctrl Pts',(12.2751745434949,46.4596709053045,36.75));
#1646=CARTESIAN_POINT('Ctrl Pts',(12.2155705333099,46.2340787812968,36.5166666666667));
#1647=CARTESIAN_POINT('Ctrl Pts',(12.480570096505,46.1642334254831,36.5166624344012));
#1648=CARTESIAN_POINT('Ctrl Pts',(12.7493404589996,46.0375060286507,36.5057270904078));
#1649=CARTESIAN_POINT('Ctrl Pts',(13.4491234070616,45.5051706673684,36.4453090341302));
#1650=CARTESIAN_POINT('Ctrl Pts',(13.7507378220524,45.0000513294431,36.3760234498591));
#1651=CARTESIAN_POINT('Ctrl Pts',(13.867010646557,44.1804773740203,36.3191014094253));
#1652=CARTESIAN_POINT('Ctrl Pts',(13.8570748148601,43.7266264389548,36.298587366105));
#1653=CARTESIAN_POINT('Ctrl Pts',(13.6837119826,43.1803734528966,36.3041328661827));
#1654=CARTESIAN_POINT('Ctrl Pts',(13.4853463054136,42.8545067352229,36.3244662834825));
#1655=CARTESIAN_POINT('Ctrl Pts',(13.1636461339339,42.4398327090192,36.3606344218007));
#1656=CARTESIAN_POINT('Ctrl Pts',(12.7135108240954,42.0845753356578,36.4186434000071));
#1657=CARTESIAN_POINT('Ctrl Pts',(12.143812262096,41.9198089281536,36.4712943821222));
#1658=CARTESIAN_POINT('Ctrl Pts',(11.9083369131824,41.8904726351336,36.4873407431753));
#1659=CARTESIAN_POINT('Ctrl Pts',(11.8721269689451,41.8864342804861,36.4897433504797));
#1660=CARTESIAN_POINT('Ctrl Pts',(11.8086252873767,41.8805357500358,36.4937728052924));
#1661=CARTESIAN_POINT('Ctrl Pts',(11.6813470510507,41.8734920079422,36.5011069227955));
#1662=CARTESIAN_POINT('Ctrl Pts',(11.5004120305644,41.8767457632341,36.5093400271213));
#1663=CARTESIAN_POINT('Ctrl Pts',(11.2864301981019,41.9019644017587,36.5152412801877));
#1664=CARTESIAN_POINT('Ctrl Pts',(11.0161587779334,41.9599925832334,36.5177910477402));
#1665=CARTESIAN_POINT('Ctrl Pts',(10.7513362270148,42.0565724164294,36.5126681160216));
#1666=CARTESIAN_POINT('Ctrl Pts',(10.5274834295984,42.1780178078861,36.501133358925));
#1667=CARTESIAN_POINT('Ctrl Pts',(10.4052102387718,42.2567588882286,36.4927600220239));
#1668=CARTESIAN_POINT('Ctrl Pts',(10.3458513206457,42.2992517277941,36.4880100177628));
#1669=CARTESIAN_POINT('Ctrl Pts',(10.141961659457,42.4528990624989,36.4705379545876));
#1670=CARTESIAN_POINT('Ctrl Pts',(9.83587094640779,42.7692413414758,36.4314938702604));
#1671=CARTESIAN_POINT('Ctrl Pts',(9.54003134602172,43.3275504693168,36.3684054500823));
#1672=CARTESIAN_POINT('Ctrl Pts',(9.40575463261968,44.0028532624925,36.3145974303376));
#1673=CARTESIAN_POINT('Ctrl Pts',(9.46096482501261,44.4493273675867,36.3023748672308));
#1674=CARTESIAN_POINT('Ctrl Pts',(9.58315457682856,44.9129638871919,36.302301683312));
#1675=CARTESIAN_POINT('Ctrl Pts',(9.77398429178318,45.327567100259,36.3183556468795));
#1676=CARTESIAN_POINT('Ctrl Pts',(10.2373246692399,45.8252945709468,36.3738892789142));
#1677=CARTESIAN_POINT('Ctrl Pts',(10.7244421554101,46.1366210297172,36.4314559380171));
#1678=CARTESIAN_POINT('Ctrl Pts',(11.1472360656423,46.2605190891246,36.4705979721713));
#1679=CARTESIAN_POINT('Ctrl Pts',(11.6536504409443,46.3268949231251,36.5056904363634));
#1680=CARTESIAN_POINT('Ctrl Pts',(11.9503878616587,46.3039839269626,36.5166123894644));
#1681=CARTESIAN_POINT('Ctrl Pts',(12.2155705333099,46.2340787812968,36.5166666666667));
#1682=CARTESIAN_POINT('Ctrl Pts',(12.1559665231248,46.0084866572891,36.2833333333333));
#1683=CARTESIAN_POINT('Ctrl Pts',(12.3889684857873,45.9467543343609,36.2833375655988));
#1684=CARTESIAN_POINT('Ctrl Pts',(12.6243167210747,45.8378154893134,36.2748082543927));
#1685=CARTESIAN_POINT('Ctrl Pts',(13.2461983518022,45.3709209328029,36.2265838123723));
#1686=CARTESIAN_POINT('Ctrl Pts',(13.5243969584059,44.9242748511122,36.1709066030127));
#1687=CARTESIAN_POINT('Ctrl Pts',(13.6364695465009,44.1808376332689,36.1242528513122));
#1688=CARTESIAN_POINT('Ctrl Pts',(13.6298208652101,43.7678459685555,36.1074478949772));
#1689=CARTESIAN_POINT('Ctrl Pts',(13.4710490051168,43.2696935666505,36.1120137227876));
#1690=CARTESIAN_POINT('Ctrl Pts',(13.2889911604447,42.9747086163664,36.1285917779883));
#1691=CARTESIAN_POINT('Ctrl Pts',(12.9936143369207,42.600467582747,36.1582634095116));
#1692=CARTESIAN_POINT('Ctrl Pts',(12.5829487359828,42.2858961477381,36.2053448473056));
#1693=CARTESIAN_POINT('Ctrl Pts',(12.0764565519183,42.1449422432912,36.2473352319605));
#1694=CARTESIAN_POINT('Ctrl Pts',(11.8678923875425,42.1204065518177,36.2601395319226));
#1695=CARTESIAN_POINT('Ctrl Pts',(11.8359526823762,42.1170732781806,36.2620422401373));
#1696=CARTESIAN_POINT('Ctrl Pts',(11.7799124876693,42.1122116704549,36.2652469567816));
#1697=CARTESIAN_POINT('Ctrl Pts',(11.6676840829814,42.1066868448831,36.2710622203915));
#1698=CARTESIAN_POINT('Ctrl Pts',(11.508662597392,42.110258212749,36.2775844835804));
#1699=CARTESIAN_POINT('Ctrl Pts',(11.3208328762569,42.1329370125916,36.2822471238953));
#1700=CARTESIAN_POINT('Ctrl Pts',(11.0839693593706,42.1840133876949,36.284264499143));
#1701=CARTESIAN_POINT('Ctrl Pts',(10.8515307770912,42.2683014925815,36.2802149459567));
#1702=CARTESIAN_POINT('Ctrl Pts',(10.6541226036633,42.374218175642,36.2710780368926));
#1703=CARTESIAN_POINT('Ctrl Pts',(10.5460199524717,42.4429649240473,36.2644314188943));
#1704=CARTESIAN_POINT('Ctrl Pts',(10.4934562962139,42.4800687343035,36.260669415842));
#1705=CARTESIAN_POINT('Ctrl Pts',(10.3119097998286,42.6147895833996,36.2467071769061));
#1706=CARTESIAN_POINT('Ctrl Pts',(10.0379605794619,42.8925975913421,36.2155917077078));
#1707=CARTESIAN_POINT('Ctrl Pts',(9.76599414097743,43.3906560941195,36.1646165809252));
#1708=CARTESIAN_POINT('Ctrl Pts',(9.63845825602957,44.0018510300153,36.1206759258351));
#1709=CARTESIAN_POINT('Ctrl Pts',(9.6871687926611,44.4089181337031,36.1106768152598));
#1710=CARTESIAN_POINT('Ctrl Pts',(9.79847130073025,44.8316611037685,36.1105565511524));
#1711=CARTESIAN_POINT('Ctrl Pts',(9.97451862364498,45.2086011970424,36.1237827902492));
#1712=CARTESIAN_POINT('Ctrl Pts',(10.3985349045946,45.655285940298,36.169030972722));
#1713=CARTESIAN_POINT('Ctrl Pts',(10.8393118398733,45.9294350790292,36.2155466977038));
#1714=CARTESIAN_POINT('Ctrl Pts',(11.2154407265085,46.0356336472285,36.2467649023173));
#1715=CARTESIAN_POINT('Ctrl Pts',(11.6636219395066,46.0910339313195,36.2747250944769));
#1716=CARTESIAN_POINT('Ctrl Pts',(11.9231476689183,46.0701591903651,36.2833876105356));
#1717=CARTESIAN_POINT('Ctrl Pts',(12.1559665231248,46.0084866572891,36.2833333333333));
#1718=CARTESIAN_POINT('Ctrl Pts',(12.0963625129398,45.7828945332814,36.05));
#1719=CARTESIAN_POINT('Ctrl Pts',(12.2964685806026,45.7300242296415,36.05));
#1720=CARTESIAN_POINT('Ctrl Pts',(12.4996931929091,45.6368745021096,36.0436993190625));
#1721=CARTESIAN_POINT('Ctrl Pts',(13.042217465276,45.2379419598737,36.0081066879623));
#1722=CARTESIAN_POINT('Ctrl Pts',(13.2978701670982,44.8477560482307,35.9657212722049));
#1723=CARTESIAN_POINT('Ctrl Pts',(13.405097079823,44.1812361488425,35.9295766728424));
#1724=CARTESIAN_POINT('Ctrl Pts',(13.4016741495438,43.8087630095341,35.9164782647717));
#1725=CARTESIAN_POINT('Ctrl Pts',(13.2575723138653,43.3588539888974,35.9200369716819));
#1726=CARTESIAN_POINT('Ctrl Pts',(13.091408921252,43.0945828195466,35.9329665596888));
#1727=CARTESIAN_POINT('Ctrl Pts',(12.8232727265614,42.7614944593759,35.9558768862814));
#1728=CARTESIAN_POINT('Ctrl Pts',(12.4527733830426,42.4874778543525,35.9919948459775));
#1729=CARTESIAN_POINT('Ctrl Pts',(12.0087587421225,42.3702794467981,36.0233670816582));
#1730=CARTESIAN_POINT('Ctrl Pts',(11.8278644708519,42.3506398999465,36.0328511697453));
#1731=CARTESIAN_POINT('Ctrl Pts',(11.8001277515306,42.3479859475308,36.0342650495223));
#1732=CARTESIAN_POINT('Ctrl Pts',(11.7515377184065,42.3441896122616,36.0366381546895));
#1733=CARTESIAN_POINT('Ctrl Pts',(11.6544299231963,42.3401385979499,36.0409416640477));
#1734=CARTESIAN_POINT('Ctrl Pts',(11.5171890248527,42.3440644510681,36.0457501283082));
#1735=CARTESIAN_POINT('Ctrl Pts',(11.3555833130873,42.3641618987926,36.0491805092778));
#1736=CARTESIAN_POINT('Ctrl Pts',(11.1518972492762,42.4083524685738,36.0506599117597));
#1737=CARTESIAN_POINT('Ctrl Pts',(10.9518940681617,42.4802948469612,36.0476921694115));
#1738=CARTESIAN_POINT('Ctrl Pts',(10.7810266599483,42.5706391992589,36.0409573124486));
#1739=CARTESIAN_POINT('Ctrl Pts',(10.6870283680125,42.6294005354617,36.036041516675));
#1740=CARTESIAN_POINT('Ctrl Pts',(10.6411612426361,42.6611859670438,36.0332475068737));
#1741=CARTESIAN_POINT('Ctrl Pts',(10.4828167238675,42.7764989324002,36.0229116434897));
#1742=CARTESIAN_POINT('Ctrl Pts',(10.2401672615994,43.0161503970075,35.9996311327949));
#1743=CARTESIAN_POINT('Ctrl Pts',(9.9926036736271,43.4538968011476,35.9607989786549));
#1744=CARTESIAN_POINT('Ctrl Pts',(9.87157501813372,44.0007294251357,35.9267825715324));
#1745=CARTESIAN_POINT('Ctrl Pts',(9.91394983463846,44.3687202636403,35.9189326863257));
#1746=CARTESIAN_POINT('Ctrl Pts',(10.0143364453879,44.750010503091,35.9188628777374));
#1747=CARTESIAN_POINT('Ctrl Pts',(10.1753727580517,45.0896096165153,35.9292110312472));
#1748=CARTESIAN_POINT('Ctrl Pts',(10.5599806410884,45.4849619555058,35.9641751334341));
#1749=CARTESIAN_POINT('Ctrl Pts',(10.9542180274049,45.7221461875228,35.9996060455809));
#1750=CARTESIAN_POINT('Ctrl Pts',(11.2840425047256,45.8106200485626,36.0229583661355));
#1751=CARTESIAN_POINT('Ctrl Pts',(11.6730930122905,45.8551172004191,36.0436850687077));
#1752=CARTESIAN_POINT('Ctrl Pts',(11.896256445277,45.8357648369213,36.05));
#1753=CARTESIAN_POINT('Ctrl Pts',(12.0963625129398,45.7828945332814,36.05));
#1754=CARTESIAN_POINT('',(12.0963625129398,45.7828945332814,36.05));
#1755=CARTESIAN_POINT('',(12.2751745434949,46.4596709053045,36.75));
#1756=CARTESIAN_POINT('',(9.90007752893968,44.0914469555401,35.9270431686749));
#1757=CARTESIAN_POINT('Ctrl Pts',(12.0963625129398,45.7828945332814,36.05));
#1758=CARTESIAN_POINT('Ctrl Pts',(12.2964685806026,45.7300242296415,36.05));
#1759=CARTESIAN_POINT('Ctrl Pts',(12.4996931929091,45.6368745021096,36.0436993190625));
#1760=CARTESIAN_POINT('Ctrl Pts',(13.042217465276,45.2379419598737,36.0081066879623));
#1761=CARTESIAN_POINT('Ctrl Pts',(13.2978701670982,44.8477560482307,35.9657212722049));
#1762=CARTESIAN_POINT('Ctrl Pts',(13.405097079823,44.1812361488425,35.9295766728424));
#1763=CARTESIAN_POINT('Ctrl Pts',(13.4016741495438,43.8087630095341,35.9164782647717));
#1764=CARTESIAN_POINT('Ctrl Pts',(13.2575723138653,43.3588539888974,35.9200369716819));
#1765=CARTESIAN_POINT('Ctrl Pts',(13.091408921252,43.0945828195466,35.9329665596888));
#1766=CARTESIAN_POINT('Ctrl Pts',(12.8232727265614,42.7614944593759,35.9558768862814));
#1767=CARTESIAN_POINT('Ctrl Pts',(12.4527733830426,42.4874778543525,35.9919948459775));
#1768=CARTESIAN_POINT('Ctrl Pts',(12.0087587421225,42.3702794467981,36.0233670816582));
#1769=CARTESIAN_POINT('Ctrl Pts',(11.8278644708519,42.3506398999465,36.0328511697453));
#1770=CARTESIAN_POINT('Ctrl Pts',(11.8001277515306,42.3479859475308,36.0342650495223));
#1771=CARTESIAN_POINT('Ctrl Pts',(11.7515377184065,42.3441896122616,36.0366381546895));
#1772=CARTESIAN_POINT('Ctrl Pts',(11.6544299231963,42.3401385979499,36.0409416640477));
#1773=CARTESIAN_POINT('Ctrl Pts',(11.5171890248527,42.3440644510681,36.0457501283082));
#1774=CARTESIAN_POINT('Ctrl Pts',(11.3555833130873,42.3641618987926,36.0491805092778));
#1775=CARTESIAN_POINT('Ctrl Pts',(11.1518972492762,42.4083524685738,36.0506599117597));
#1776=CARTESIAN_POINT('Ctrl Pts',(10.9518940681617,42.4802948469612,36.0476921694115));
#1777=CARTESIAN_POINT('Ctrl Pts',(10.7810266599483,42.5706391992589,36.0409573124486));
#1778=CARTESIAN_POINT('Ctrl Pts',(10.6870283680125,42.6294005354617,36.036041516675));
#1779=CARTESIAN_POINT('Ctrl Pts',(10.6411612426361,42.6611859670438,36.0332475068737));
#1780=CARTESIAN_POINT('Ctrl Pts',(10.4828167238675,42.7764989324002,36.0229116434897));
#1781=CARTESIAN_POINT('Ctrl Pts',(10.2401672615994,43.0161503970075,35.9996311327949));
#1782=CARTESIAN_POINT('Ctrl Pts',(9.9926036736271,43.4538968011476,35.9607989786549));
#1783=CARTESIAN_POINT('Ctrl Pts',(9.90531974454197,43.8482637366394,35.936266890325));
#1784=CARTESIAN_POINT('Ctrl Pts',(9.90003019326894,44.0615160080726,35.9280922432963));
#1785=CARTESIAN_POINT('Ctrl Pts',(9.90007752893968,44.0914469555401,35.9270431686749));
#1786=CARTESIAN_POINT('Ctrl Pts',(9.90007752893968,44.0914469555401,35.9270431686749));
#1787=CARTESIAN_POINT('Ctrl Pts',(9.90031961606085,44.2445217254489,35.9216779240076));
#1788=CARTESIAN_POINT('Ctrl Pts',(9.92124691418295,44.3964361630619,35.9189276119555));
#1789=CARTESIAN_POINT('Ctrl Pts',(10.0143364453879,44.750010503091,35.9188628777374));
#1790=CARTESIAN_POINT('Ctrl Pts',(10.1753727580517,45.0896096165153,35.9292110312472));
#1791=CARTESIAN_POINT('Ctrl Pts',(10.5599806410884,45.4849619555058,35.9641751334341));
#1792=CARTESIAN_POINT('Ctrl Pts',(10.9542180274049,45.7221461875228,35.9996060455809));
#1793=CARTESIAN_POINT('Ctrl Pts',(11.2840425047256,45.8106200485626,36.0229583661355));
#1794=CARTESIAN_POINT('Ctrl Pts',(11.6730930122905,45.8551172004191,36.0436850687077));
#1795=CARTESIAN_POINT('Ctrl Pts',(11.896256445277,45.8357648369213,36.05));
#1796=CARTESIAN_POINT('Ctrl Pts',(12.0963625129398,45.7828945332814,36.05));
#1797=CARTESIAN_POINT('Origin',(11.6493324365522,44.0909536032236,36.75));
#1798=CARTESIAN_POINT('',(9.89933243655219,44.0909536032228,32.5630573109819));
#1799=CARTESIAN_POINT('',(9.89933243655219,44.0909536032236,36.75));
#1800=CARTESIAN_POINT('',(9.95739150649439,44.5379836796112,32.5498344352707));
#1801=CARTESIAN_POINT('Ctrl Pts',(9.95739150649439,44.5379836796112,32.5498344352707));
#1802=CARTESIAN_POINT('Ctrl Pts',(9.92009580887479,44.3968251297714,32.5498344352707));
#1803=CARTESIAN_POINT('Ctrl Pts',(9.89933243655219,44.2447040485784,32.5542710746109));
#1804=CARTESIAN_POINT('Ctrl Pts',(9.89933243655219,44.0909536032221,32.5630573109819));
#1805=CARTESIAN_POINT('Ctrl Pts',(9.89933243655219,44.0909536032221,32.5630573109819));
#1806=CARTESIAN_POINT('Ctrl Pts',(9.89933243655219,44.0124341615168,32.5675443898514));
#1807=CARTESIAN_POINT('Ctrl Pts',(9.90464814423732,43.9334873264452,32.5731260239985));
#1808=CARTESIAN_POINT('Ctrl Pts',(9.94667238747826,43.6241907415967,32.5986390521499));
#1809=CARTESIAN_POINT('Ctrl Pts',(10.026621542715,43.400062782832,32.6255091243789));
#1810=CARTESIAN_POINT('Ctrl Pts',(10.247071380122,43.0212920385662,32.6756323174313));
#1811=CARTESIAN_POINT('Ctrl Pts',(10.4024622210022,42.8410581633459,32.7022002189239));
#1812=CARTESIAN_POINT('Ctrl Pts',(10.7734289664239,42.558074909365,32.73963838142));
#1813=CARTESIAN_POINT('Ctrl Pts',(10.9890745982234,42.455349877979,32.75));
#1814=CARTESIAN_POINT('Ctrl Pts',(11.4155301221057,42.3426754683526,32.75));
#1815=CARTESIAN_POINT('Ctrl Pts',(11.6537730992731,42.3254779563842,32.73963838142));
#1816=CARTESIAN_POINT('Ctrl Pts',(12.1161040801156,42.3882944541812,32.702200218924));
#1817=CARTESIAN_POINT('Ctrl Pts',(12.3402406851006,42.4682528528158,32.6756323174313));
#1818=CARTESIAN_POINT('Ctrl Pts',(12.7190114293664,42.6887026902229,32.6255091243789));
#1819=CARTESIAN_POINT('Ctrl Pts',(12.8992329967689,42.8440905789597,32.5986390521499));
#1820=CARTESIAN_POINT('Ctrl Pts',(13.1822030344943,43.2150390410881,32.56050448562));
#1821=CARTESIAN_POINT('Ctrl Pts',(13.2849309771365,43.4306761417432,32.5498344352708));
#1822=CARTESIAN_POINT('Ctrl Pts',(13.3976157560835,43.8571709119287,32.5498344352708));
#1823=CARTESIAN_POINT('Ctrl Pts',(13.41480652284,44.0954079093005,32.56050448562));
#1824=CARTESIAN_POINT('Ctrl Pts',(13.3519924856261,44.5577164648505,32.5986390521499));
#1825=CARTESIAN_POINT('Ctrl Pts',(13.2720433303894,44.7818444236152,32.6255091243789));
#1826=CARTESIAN_POINT('Ctrl Pts',(13.0515934929824,45.160615167881,32.6756323174313));
#1827=CARTESIAN_POINT('Ctrl Pts',(12.8962026521022,45.3408490431013,32.7022002189239));
#1828=CARTESIAN_POINT('Ctrl Pts',(12.5252359066805,45.6238322970822,32.73963838142));
#1829=CARTESIAN_POINT('Ctrl Pts',(12.309590274881,45.7265573284682,32.75));
#1830=CARTESIAN_POINT('Ctrl Pts',(11.8831347509987,45.8392317380946,32.75));
#1831=CARTESIAN_POINT('Ctrl Pts',(11.6448917738313,45.856429250063,32.73963838142));
#1832=CARTESIAN_POINT('Ctrl Pts',(11.1825607929887,45.793612752266,32.702200218924));
#1833=CARTESIAN_POINT('Ctrl Pts',(10.9584241880038,45.7136543536313,32.6756323174313));
#1834=CARTESIAN_POINT('Ctrl Pts',(10.579653443738,45.4932045162243,32.6255091243789));
#1835=CARTESIAN_POINT('Ctrl Pts',(10.3994318763355,45.3378166274875,32.5986390521499));
#1836=CARTESIAN_POINT('Ctrl Pts',(10.11646183861,44.966868165359,32.56050448562));
#1837=CARTESIAN_POINT('Ctrl Pts',(10.0137338959679,44.751231064704,32.5498344352708));
#1838=CARTESIAN_POINT('Ctrl Pts',(9.95739150649438,44.5379836796112,32.5498344352708));
#1839=CARTESIAN_POINT('Ctrl Pts',(45.6039377244282,2.43878013953527,13.5058775267092));
#1840=CARTESIAN_POINT('Ctrl Pts',(45.2948613010902,2.43878013953527,13.5058775267092));
#1841=CARTESIAN_POINT('Ctrl Pts',(44.965523334116,2.37826898459288,13.4924546313491));
#1842=CARTESIAN_POINT('Ctrl Pts',(44.3614677156481,2.13081290268183,13.4438652197326));
#1843=CARTESIAN_POINT('Ctrl Pts',(44.0866535054178,1.94407043693545,13.4097071500296));
#1844=CARTESIAN_POINT('Ctrl Pts',(43.6533481095548,1.51501303561156,13.345659780865));
#1845=CARTESIAN_POINT('Ctrl Pts',(43.2781375380632,0.954914980701081,13.2772576056176));
#1846=CARTESIAN_POINT('Ctrl Pts',(43.0909545654083,-7.86459458623723E-5,
13.2358820746092));
#1847=CARTESIAN_POINT('Ctrl Pts',(43.2766261728204,-0.956809008405398,13.2768523890215));
#1848=CARTESIAN_POINT('Ctrl Pts',(43.6535677256535,-1.51517109348925,13.3455891990258));
#1849=CARTESIAN_POINT('Ctrl Pts',(44.0866524142813,-1.94452715548824,13.4097053870676));
#1850=CARTESIAN_POINT('Ctrl Pts',(44.3614758374739,-2.13187668716269,13.4438618662464));
#1851=CARTESIAN_POINT('Ctrl Pts',(44.9655341389217,-2.37962121606184,13.4925596722347));
#1852=CARTESIAN_POINT('Ctrl Pts',(45.2946849081326,-2.44111556293383,13.5060294112108));
#1853=CARTESIAN_POINT('Ctrl Pts',(45.9131314471434,-2.44054421195552,13.5059811466074));
#1854=CARTESIAN_POINT('Ctrl Pts',(46.5712926430136,-2.31835867828479,13.4783651653336));
#1855=CARTESIAN_POINT('Ctrl Pts',(47.1211609704,-1.94449557183778,13.4094524833285));
#1856=CARTESIAN_POINT('Ctrl Pts',(47.5544871051401,-1.51605874376063,13.3455182296341));
#1857=CARTESIAN_POINT('Ctrl Pts',(47.9312547226726,-0.956941687987124,13.2767437680253));
#1858=CARTESIAN_POINT('Ctrl Pts',(48.116984148303,-0.000423097997315009,
13.2358254322372));
#1859=CARTESIAN_POINT('Ctrl Pts',(47.9297517626509,0.954807720184516,13.2772131386667));
#1860=CARTESIAN_POINT('Ctrl Pts',(47.5545519013691,1.51487021105182,13.3456286325548));
#1861=CARTESIAN_POINT('Ctrl Pts',(47.1212350912658,1.94399190253798,13.4096883802602));
#1862=CARTESIAN_POINT('Ctrl Pts',(46.8464183558886,2.13075039689986,13.4438510069009));
#1863=CARTESIAN_POINT('Ctrl Pts',(46.2423577570225,2.37823560172626,13.4924468982141));
#1864=CARTESIAN_POINT('Ctrl Pts',(45.9130141477662,2.43878013953527,13.5058775267092));
#1865=CARTESIAN_POINT('Ctrl Pts',(45.6039377244282,2.43878013953527,13.5058775267092));
#1866=CARTESIAN_POINT('Ctrl Pts',(45.6039377244282,2.20918676008703,13.6976016716585));
#1867=CARTESIAN_POINT('Ctrl Pts',(45.3200694300534,2.20903831319691,13.6975394722298));
#1868=CARTESIAN_POINT('Ctrl Pts',(45.0177522192266,2.15257079914806,13.6862247581279));
#1869=CARTESIAN_POINT('Ctrl Pts',(44.4665327642587,1.92204258251265,13.645157371269));
#1870=CARTESIAN_POINT('Ctrl Pts',(44.217876768315,1.75010866694822,13.6164391663387));
#1871=CARTESIAN_POINT('Ctrl Pts',(43.8286833913959,1.35714512696537,13.5627407774625));
#1872=CARTESIAN_POINT('Ctrl Pts',(43.4958554331077,0.850781409566566,13.5058722273784));
#1873=CARTESIAN_POINT('Ctrl Pts',(43.3322227229883,-0.000351849644380028,
13.4716272509836));
#1874=CARTESIAN_POINT('Ctrl Pts',(43.494372072277,-0.852483844778804,13.5054754628376));
#1875=CARTESIAN_POINT('Ctrl Pts',(43.8289340224978,-1.35765373150609,13.5626899333405));
#1876=CARTESIAN_POINT('Ctrl Pts',(44.2178527337579,-1.75033474353388,13.6164201592934));
#1877=CARTESIAN_POINT('Ctrl Pts',(44.4665586726148,-1.92322497583255,13.6451730189679));
#1878=CARTESIAN_POINT('Ctrl Pts',(45.0177438860035,-2.15384625968387,13.6863039179545));
#1879=CARTESIAN_POINT('Ctrl Pts',(45.3199222830274,-2.21140952656087,13.6977425229859));
#1880=CARTESIAN_POINT('Ctrl Pts',(45.8878789413519,-2.21108737200954,13.6976775003978));
#1881=CARTESIAN_POINT('Ctrl Pts',(46.4922061435246,-2.09579954574682,13.6742124585735));
#1882=CARTESIAN_POINT('Ctrl Pts',(46.9899949308056,-1.75017529012319,13.6161835872888));
#1883=CARTESIAN_POINT('Ctrl Pts',(47.3791048377098,-1.35860153724805,13.5626098975373));
#1884=CARTESIAN_POINT('Ctrl Pts',(47.7135174083455,-0.852584118377374,13.5053718879385));
#1885=CARTESIAN_POINT('Ctrl Pts',(47.8757106744496,-0.000716380467607676,
13.4715674547671));
#1886=CARTESIAN_POINT('Ctrl Pts',(47.7120371377566,0.850686501150561,13.5058297035027));
#1887=CARTESIAN_POINT('Ctrl Pts',(47.3792148717453,1.35699570020657,13.5627085895775));
#1888=CARTESIAN_POINT('Ctrl Pts',(46.9900128895939,1.75003414131401,13.6164210278207));
#1889=CARTESIAN_POINT('Ctrl Pts',(46.7413527781295,1.92197807787646,13.6451428436746));
#1890=CARTESIAN_POINT('Ctrl Pts',(46.1901292295546,2.15253876727412,13.6862172377365));
#1891=CARTESIAN_POINT('Ctrl Pts',(45.8878057733494,2.20903738599763,13.6975393262218));
#1892=CARTESIAN_POINT('Ctrl Pts',(45.6039377244282,2.20918676008703,13.6976016716585));
#1893=CARTESIAN_POINT('Ctrl Pts',(45.6039377244282,1.97959338063879,13.8893258166078));
#1894=CARTESIAN_POINT('Ctrl Pts',(45.3453822495664,1.9797418275289,13.8893880160365));
#1895=CARTESIAN_POINT('Ctrl Pts',(45.0698757164087,1.92609577764968,13.8799626465153));
#1896=CARTESIAN_POINT('Ctrl Pts',(44.5716463640233,1.71364804764198,13.8464883266543));
#1897=CARTESIAN_POINT('Ctrl Pts',(44.3489064405601,1.55439729284897,13.8230821053435));
#1898=CARTESIAN_POINT('Ctrl Pts',(44.0040907055515,1.20035063599152,13.7798850992647));
#1899=CARTESIAN_POINT('Ctrl Pts',(43.7130555986961,0.745954935423777,13.7343008320691));
#1900=CARTESIAN_POINT('Ctrl Pts',(43.5740530437902,0.000207974792957027,
13.7076078257564));
#1901=CARTESIAN_POINT('Ctrl Pts',(43.712153689562,-0.747149188206461,13.7341087988721));
#1902=CARTESIAN_POINT('Ctrl Pts',(44.0044084265703,-1.20028828856652,13.7798705578496));
#1903=CARTESIAN_POINT('Ctrl Pts',(44.3490189035346,-1.55514319354552,13.8231373889045));
#1904=CARTESIAN_POINT('Ctrl Pts',(44.5716756863173,-1.71439913115945,13.8464957970904));
#1905=CARTESIAN_POINT('Ctrl Pts',(45.0699298010931,-1.92734822868699,13.8800803016766));
#1906=CARTESIAN_POINT('Ctrl Pts',(45.3451371158959,-1.98150604287097,13.8894401067047));
#1907=CARTESIAN_POINT('Ctrl Pts',(45.8626166282229,-1.98090984356111,13.8894435496319));
#1908=CARTESIAN_POINT('Ctrl Pts',(46.4130755846069,-1.87311231127363,13.8701694553819));
#1909=CARTESIAN_POINT('Ctrl Pts',(46.8588151234236,-1.5549481494086,13.8229591895302));
#1910=CARTESIAN_POINT('Ctrl Pts',(47.2036709518682,-1.20068962109729,13.7798243461502));
#1911=CARTESIAN_POINT('Ctrl Pts',(47.4957410946346,-0.747132966589718,13.734032623742));
#1912=CARTESIAN_POINT('Ctrl Pts',(47.6339006069418,8.38943739783703E-5,
13.7075708621927));
#1913=CARTESIAN_POINT('Ctrl Pts',(47.494839228487,0.745929885296213,13.7342691883914));
#1914=CARTESIAN_POINT('Ctrl Pts',(47.2038166989524,1.20030665733972,13.779864589993));
#1915=CARTESIAN_POINT('Ctrl Pts',(46.8589845544343,1.55436744208993,13.8230685716805));
#1916=CARTESIAN_POINT('Ctrl Pts',(46.6362428331271,1.71362860752127,13.8464788380659));
#1917=CARTESIAN_POINT('Ctrl Pts',(46.1380064345862,1.92608314746885,13.8799571066985));
#1918=CARTESIAN_POINT('Ctrl Pts',(45.8624934447437,1.97974275472819,13.8893881620445));
#1919=CARTESIAN_POINT('Ctrl Pts',(45.6039377244282,1.97959338063879,13.8893258166078));
#1920=CARTESIAN_POINT('Ctrl Pts',(45.6039377244282,1.75000000119054,14.0810499615571));
#1921=CARTESIAN_POINT('Ctrl Pts',(45.3705903785296,1.75000000119054,14.0810499615571));
#1922=CARTESIAN_POINT('Ctrl Pts',(45.1221046015193,1.70039759220487,14.0737327732941));
#1923=CARTESIAN_POINT('Ctrl Pts',(44.6767114126338,1.50487772747279,14.0477804781907));
#1924=CARTESIAN_POINT('Ctrl Pts',(44.4801297034573,1.36043552286174,14.0298141216526));
#1925=CARTESIAN_POINT('Ctrl Pts',(44.1794259873926,1.04248272734533,13.9969660958622));
#1926=CARTESIAN_POINT('Ctrl Pts',(43.9307734937406,0.641821364289263,13.9629154538299));
#1927=CARTESIAN_POINT('Ctrl Pts',(43.8153212013702,-6.52289055606289E-5,
13.9433530021308));
#1928=CARTESIAN_POINT('Ctrl Pts',(43.9298995890186,-0.642824024579868,13.9627318726882));
#1929=CARTESIAN_POINT('Ctrl Pts',(44.1797747234145,-1.04277092658335,13.9969712921643));
#1930=CARTESIAN_POINT('Ctrl Pts',(44.4802192230112,-1.36095078159115,14.0298521611303));
#1931=CARTESIAN_POINT('Ctrl Pts',(44.6767585214583,-1.50574741982931,14.0478069498119));
#1932=CARTESIAN_POINT('Ctrl Pts',(45.1221395481749,-1.70157327230902,14.0738245473964));
#1933=CARTESIAN_POINT('Ctrl Pts',(45.3703744907907,-1.75180000649801,14.0811532184799));
#1934=CARTESIAN_POINT('Ctrl Pts',(45.8373641224314,-1.75145300361513,14.0811399034223));
#1935=CARTESIAN_POINT('Ctrl Pts',(46.3339890851178,-1.65055317873566,14.0660167486219));
#1936=CARTESIAN_POINT('Ctrl Pts',(46.7276490838293,-1.36062786769401,14.0296902934905));
#1937=CARTESIAN_POINT('Ctrl Pts',(47.0282886844379,-1.04323241458471,13.9969160140534));
#1938=CARTESIAN_POINT('Ctrl Pts',(47.2780037803075,-0.642775396979968,13.9626607436552));
#1939=CARTESIAN_POINT('Ctrl Pts',(47.3926271330884,-0.000209388096314296,
13.9433128847225));
#1940=CARTESIAN_POINT('Ctrl Pts',(47.2771246035927,0.641808666262258,13.9628857532274));
#1941=CARTESIAN_POINT('Ctrl Pts',(47.0284796693286,1.04243214649447,13.9969445470157));
#1942=CARTESIAN_POINT('Ctrl Pts',(46.7277623527624,1.36040968086596,14.029801219241));
#1943=CARTESIAN_POINT('Ctrl Pts',(46.5311772553681,1.50485628849786,14.0477706748395));
#1944=CARTESIAN_POINT('Ctrl Pts',(46.0857779071183,1.70038631301671,14.0737274462208));
#1945=CARTESIAN_POINT('Ctrl Pts',(45.8372850703269,1.75000000119054,14.0810499615571));
#1946=CARTESIAN_POINT('Ctrl Pts',(45.6039377244282,1.75000000119054,14.0810499615571));
#1947=CARTESIAN_POINT('',(45.6039377244282,2.43878013953527,13.5058775267092));
#1948=CARTESIAN_POINT('',(45.6039377244282,1.75000000119054,14.0810499615571));
#1949=CARTESIAN_POINT('',(45.6039377244282,2.43878013953527,13.5058775267092));
#1950=CARTESIAN_POINT('',(43.85365964804,-0.000210595993055033,13.9498432225069));
#1951=CARTESIAN_POINT('Ctrl Pts',(45.6039377244282,1.75000000119054,14.0810499615571));
#1952=CARTESIAN_POINT('Ctrl Pts',(45.3705903785296,1.75000000119054,14.0810499615571));
#1953=CARTESIAN_POINT('Ctrl Pts',(45.1221046015193,1.70039759220487,14.0737327732941));
#1954=CARTESIAN_POINT('Ctrl Pts',(44.6767114126338,1.50487772747279,14.0477804781907));
#1955=CARTESIAN_POINT('Ctrl Pts',(44.4801297034573,1.36043552286174,14.0298141216526));
#1956=CARTESIAN_POINT('Ctrl Pts',(44.1794259873926,1.04248272734533,13.9969660958622));
#1957=CARTESIAN_POINT('Ctrl Pts',(43.9307734937406,0.641821364289263,13.9629154538299));
#1958=CARTESIAN_POINT('Ctrl Pts',(43.853805298827,0.213896968826047,13.9498738193638));
#1959=CARTESIAN_POINT('Ctrl Pts',(43.85365964804,-0.000210595985474498,
13.9498432225069));
#1960=CARTESIAN_POINT('Ctrl Pts',(43.85365964804,-0.000210595985474498,
13.9498432225069));
#1961=CARTESIAN_POINT('Ctrl Pts',(43.853513997253,-0.214318160796996,13.9498126256499));
#1962=CARTESIAN_POINT('Ctrl Pts',(43.9298995890186,-0.642824024579868,13.9627318726882));
#1963=CARTESIAN_POINT('Ctrl Pts',(44.1797747234145,-1.04277092658335,13.9969712921643));
#1964=CARTESIAN_POINT('Ctrl Pts',(44.4802192230112,-1.36095078159115,14.0298521611303));
#1965=CARTESIAN_POINT('Ctrl Pts',(44.6767585214583,-1.50574741982931,14.0478069498119));
#1966=CARTESIAN_POINT('Ctrl Pts',(45.1221395481749,-1.70157327230902,14.0738245473964));
#1967=CARTESIAN_POINT('Ctrl Pts',(45.3703744907907,-1.75180000649801,14.0811532184799));
#1968=CARTESIAN_POINT('Ctrl Pts',(45.8373641224314,-1.75145300361513,14.0811399034223));
#1969=CARTESIAN_POINT('Ctrl Pts',(46.3339890851178,-1.65055317873566,14.0660167486219));
#1970=CARTESIAN_POINT('Ctrl Pts',(46.7276490838293,-1.36062786769401,14.0296902934905));
#1971=CARTESIAN_POINT('Ctrl Pts',(47.0282886844379,-1.04323241458471,13.9969160140534));
#1972=CARTESIAN_POINT('Ctrl Pts',(47.2780037803075,-0.642775396979968,13.9626607436552));
#1973=CARTESIAN_POINT('Ctrl Pts',(47.3926271330884,-0.000209388096314296,
13.9433128847225));
#1974=CARTESIAN_POINT('Ctrl Pts',(47.2771246035927,0.641808666262258,13.9628857532274));
#1975=CARTESIAN_POINT('Ctrl Pts',(47.0284796693286,1.04243214649447,13.9969445470157));
#1976=CARTESIAN_POINT('Ctrl Pts',(46.7277623527624,1.36040968086596,14.029801219241));
#1977=CARTESIAN_POINT('Ctrl Pts',(46.5311772553681,1.50485628849786,14.0477706748395));
#1978=CARTESIAN_POINT('Ctrl Pts',(46.0857779071183,1.70038631301671,14.0737274462208));
#1979=CARTESIAN_POINT('Ctrl Pts',(45.8372850703269,1.75000000119054,14.0810499615571));
#1980=CARTESIAN_POINT('Ctrl Pts',(45.6039377244282,1.75000000119054,14.0810499615571));
#1981=CARTESIAN_POINT('Ctrl Pts',(45.6039377244282,2.43878013953527,13.5058775267092));
#1982=CARTESIAN_POINT('Ctrl Pts',(45.9130141477662,2.43878013953527,13.5058775267092));
#1983=CARTESIAN_POINT('Ctrl Pts',(46.2423577570225,2.37823560172626,13.4924468982141));
#1984=CARTESIAN_POINT('Ctrl Pts',(46.8464183558886,2.13075039689986,13.4438510069009));
#1985=CARTESIAN_POINT('Ctrl Pts',(47.1212350912658,1.94399190253798,13.4096883802602));
#1986=CARTESIAN_POINT('Ctrl Pts',(47.5545519013691,1.51487021105182,13.3456286325548));
#1987=CARTESIAN_POINT('Ctrl Pts',(47.9297517626509,0.954807720184516,13.2772131386667));
#1988=CARTESIAN_POINT('Ctrl Pts',(48.116984148303,-0.000423097997315009,
13.2358254322372));
#1989=CARTESIAN_POINT('Ctrl Pts',(47.9312547226726,-0.956941687987124,13.2767437680253));
#1990=CARTESIAN_POINT('Ctrl Pts',(47.5544871051401,-1.51605874376063,13.3455182296341));
#1991=CARTESIAN_POINT('Ctrl Pts',(47.1211609704,-1.94449557183778,13.4094524833285));
#1992=CARTESIAN_POINT('Ctrl Pts',(46.5712926430136,-2.31835867828479,13.4783651653336));
#1993=CARTESIAN_POINT('Ctrl Pts',(45.9131314471434,-2.44054421195552,13.5059811466074));
#1994=CARTESIAN_POINT('Ctrl Pts',(45.2946849081326,-2.44111556293383,13.5060294112108));
#1995=CARTESIAN_POINT('Ctrl Pts',(44.9655341389217,-2.37962121606184,13.4925596722347));
#1996=CARTESIAN_POINT('Ctrl Pts',(44.3614758374739,-2.13187668716269,13.4438618662464));
#1997=CARTESIAN_POINT('Ctrl Pts',(44.0866524142813,-1.94452715548824,13.4097053870676));
#1998=CARTESIAN_POINT('Ctrl Pts',(43.6535677256535,-1.51517109348925,13.3455891990258));
#1999=CARTESIAN_POINT('Ctrl Pts',(43.2766261728204,-0.956809008405398,13.2768523890215));
#2000=CARTESIAN_POINT('Ctrl Pts',(43.0909545654083,-7.86459458623723E-5,
13.2358820746092));
#2001=CARTESIAN_POINT('Ctrl Pts',(43.2781375380632,0.954914980701081,13.2772576056176));
#2002=CARTESIAN_POINT('Ctrl Pts',(43.6533481095548,1.51501303561156,13.345659780865));
#2003=CARTESIAN_POINT('Ctrl Pts',(44.0866535054178,1.94407043693545,13.4097071500296));
#2004=CARTESIAN_POINT('Ctrl Pts',(44.3614677156481,2.13081290268183,13.4438652197326));
#2005=CARTESIAN_POINT('Ctrl Pts',(44.965523334116,2.37826898459288,13.4924546313491));
#2006=CARTESIAN_POINT('Ctrl Pts',(45.2948613010902,2.43878013953527,13.5058775267092));
#2007=CARTESIAN_POINT('Ctrl Pts',(45.6039377244282,2.43878013953527,13.5058775267092));
#2008=CARTESIAN_POINT('Origin',(15.75,-2.89322806298562E-15,25.));
#2009=CARTESIAN_POINT('',(55.75,-11.75,25.));
#2010=CARTESIAN_POINT('Origin',(55.75,-2.89322806298562E-15,25.));
#2011=CARTESIAN_POINT('',(15.1636479659076,-11.750238657043,25.0000001602211));
#2012=CARTESIAN_POINT('',(15.75,-11.75,25.));
#2013=CARTESIAN_POINT('',(24.3629065331714,8.24123643110608,16.6247673413445));
#2014=CARTESIAN_POINT('Ctrl Pts',(24.3629065331714,8.24123643110608,16.6247673413445));
#2015=CARTESIAN_POINT('Ctrl Pts',(25.9065379349752,7.3607787418169,15.758396187163));
#2016=CARTESIAN_POINT('Ctrl Pts',(28.0475026613378,5.79873087493328,14.6299788212956));
#2017=CARTESIAN_POINT('Ctrl Pts',(29.9548674752626,3.27331618067351,13.6519938739135));
#2018=CARTESIAN_POINT('Ctrl Pts',(30.7519249553147,1.21239402436901,13.2486435490597));
#2019=CARTESIAN_POINT('Ctrl Pts',(30.8065880272607,-0.914356792725499,13.2224169744126));
#2020=CARTESIAN_POINT('Ctrl Pts',(29.8739814317315,-3.68950250585708,13.6905647554488));
#2021=CARTESIAN_POINT('Ctrl Pts',(26.7106580762235,-7.14985981624757,15.3183348724665));
#2022=CARTESIAN_POINT('Ctrl Pts',(22.3005916416085,-9.4095433798704,17.7278663118989));
#2023=CARTESIAN_POINT('Ctrl Pts',(19.1091643218879,-10.5940938639689,19.8658637382789));
#2024=CARTESIAN_POINT('Ctrl Pts',(17.1233200100756,-11.239915732597,21.4021003510769));
#2025=CARTESIAN_POINT('Ctrl Pts',(15.523056811887,-11.6630933493767,23.1161511634233));
#2026=CARTESIAN_POINT('Ctrl Pts',(15.1631691135222,-11.7502408308933,24.5311053116466));
#2027=CARTESIAN_POINT('Ctrl Pts',(15.1632116452947,-11.750288174323,25.0000001934642));
#2028=CARTESIAN_POINT('',(24.3629065331747,8.24123643110654,33.3752326586551));
#2029=CARTESIAN_POINT('Origin',(4.44089209850063E-15,-2.22044604925031E-15,
25.));
#2030=CARTESIAN_POINT('Ctrl Pts',(15.1632116452947,-11.750288174323,25.0000001934642));
#2031=CARTESIAN_POINT('Ctrl Pts',(15.1632116962551,-11.7502882310487,25.0005620109282));
#2032=CARTESIAN_POINT('Ctrl Pts',(15.1635847735479,-11.7503135204161,25.9400315132673));
#2033=CARTESIAN_POINT('Ctrl Pts',(15.8862375011987,-11.5758640704234,27.3345051786703));
#2034=CARTESIAN_POINT('Ctrl Pts',(18.4948561888946,-10.8291760368694,29.8038049705569));
#2035=CARTESIAN_POINT('Ctrl Pts',(22.368030896919,-9.44233231512551,32.2985886967561));
#2036=CARTESIAN_POINT('Ctrl Pts',(27.0739199664068,-6.74455177317619,34.8759889983231));
#2037=CARTESIAN_POINT('Ctrl Pts',(29.8774487365396,-3.68834548211245,36.3082574947885));
#2038=CARTESIAN_POINT('Ctrl Pts',(30.805075552837,-0.915352567012676,36.7781162085036));
#2039=CARTESIAN_POINT('Ctrl Pts',(30.7527819422163,1.21244254672779,36.7512962317807));
#2040=CARTESIAN_POINT('Ctrl Pts',(29.9543977653033,3.2735513781047,36.3477710547921));
#2041=CARTESIAN_POINT('Ctrl Pts',(28.5250356579014,5.16644362336285,35.6153224537701));
#2042=CARTESIAN_POINT('Ctrl Pts',(26.6191716727379,6.84187175523412,34.616069383436));
#2043=CARTESIAN_POINT('Ctrl Pts',(25.1348918247452,7.80091085520107,33.808513419393));
#2044=CARTESIAN_POINT('Ctrl Pts',(24.3629065331721,8.24123643110567,33.3752326586559));
#2045=CARTESIAN_POINT('',(43.1539377244282,1.19054308078681E-9,36.75));
#2046=CARTESIAN_POINT('Ctrl Pts',(43.1539377244282,1.19054308078681E-9,
36.75));
#2047=CARTESIAN_POINT('Ctrl Pts',(43.1539377244282,-0.308117760237491,36.7500000000312));
#2048=CARTESIAN_POINT('Ctrl Pts',(43.2777111741669,-0.964453202317623,36.7228184898249));
#2049=CARTESIAN_POINT('Ctrl Pts',(43.6531092093415,-1.5115273370423,36.6541711093819));
#2050=CARTESIAN_POINT('Ctrl Pts',(44.0866067399578,-1.94288422654528,36.5902363602745));
#2051=CARTESIAN_POINT('Ctrl Pts',(44.4979268796387,-2.22228066878102,36.5389157251539));
#2052=CARTESIAN_POINT('Ctrl Pts',(45.1303205805568,-2.40880896019582,36.5004131630655));
#2053=CARTESIAN_POINT('Ctrl Pts',(45.5274812012571,-2.4461113680919,36.4924516883162));
#2054=CARTESIAN_POINT('Ctrl Pts',(45.8377380966623,-2.4306593389046,36.4957545844712));
#2055=CARTESIAN_POINT('Ctrl Pts',(46.4784717250473,-2.3426341134373,36.5142286109314));
#2056=CARTESIAN_POINT('Ctrl Pts',(47.0139627503449,-2.05335497259935,36.5737039617862));
#2057=CARTESIAN_POINT('Ctrl Pts',(47.5008142648147,-1.56544665029646,36.6462727228108));
#2058=CARTESIAN_POINT('Ctrl Pts',(47.7951249010739,-1.1791091596341,36.6967576001883));
#2059=CARTESIAN_POINT('Ctrl Pts',(48.003890925456,-0.590653507043394,36.7394550758241));
#2060=CARTESIAN_POINT('Ctrl Pts',(48.0596112748802,-0.115354475859273,36.7509540167096));
#2061=CARTESIAN_POINT('Ctrl Pts',(48.048995317347,0.347795227606565,36.7488719560149));
#2062=CARTESIAN_POINT('Ctrl Pts',(47.9028589123013,0.953972899584263,36.7181128117593));
#2063=CARTESIAN_POINT('Ctrl Pts',(47.5153180792639,1.5830018944429,36.6469688320539));
#2064=CARTESIAN_POINT('Ctrl Pts',(47.152988060479,1.90936820489118,36.5944425416963));
#2065=CARTESIAN_POINT('Ctrl Pts',(46.846636170729,2.10654978488435,36.559598520042));
#2066=CARTESIAN_POINT('Ctrl Pts',(46.4185291200551,2.33894304781204,36.5160241328994));
#2067=CARTESIAN_POINT('Ctrl Pts',(45.9522539899216,2.43951815704985,36.4935807506733));
#2068=CARTESIAN_POINT('Ctrl Pts',(45.2950677557606,2.43901539554008,36.4936712714716));
#2069=CARTESIAN_POINT('Ctrl Pts',(44.6371143136482,2.31512660833749,36.5216177640261));
#2070=CARTESIAN_POINT('Ctrl Pts',(44.0869565055782,1.94298443082193,36.5903260150618));
#2071=CARTESIAN_POINT('Ctrl Pts',(43.6534368031903,1.51173925073024,36.6542229130928));
#2072=CARTESIAN_POINT('Ctrl Pts',(43.278436609365,0.964269878637462,36.7226420990695));
#2073=CARTESIAN_POINT('Ctrl Pts',(43.1539377244282,0.308117762622246,36.7499999999688));
#2074=CARTESIAN_POINT('Ctrl Pts',(43.1539377244282,1.19054353181491E-9,
36.75));
#2075=CARTESIAN_POINT('Origin',(45.6039377244282,1.19054333893446E-9,36.75));
#2076=CARTESIAN_POINT('',(45.6039377244282,1.75000000119054,17.4501655650052));
#2077=CARTESIAN_POINT('',(43.8539377244282,1.19054394151768E-9,17.25));
#2078=CARTESIAN_POINT('Ctrl Pts',(45.6039377244282,1.75000000119054,17.4501655650052));
#2079=CARTESIAN_POINT('Ctrl Pts',(45.824502708278,1.75000000119054,17.4501655650052));
#2080=CARTESIAN_POINT('Ctrl Pts',(46.0592271178113,1.70576380619664,17.4394955146486));
#2081=CARTESIAN_POINT('Ctrl Pts',(46.490152262722,1.52693896651391,17.4013609480895));
#2082=CARTESIAN_POINT('Ctrl Pts',(46.6864217427388,1.39238971703182,17.3744908758388));
#2083=CARTESIAN_POINT('Ctrl Pts',(46.9963131814103,1.08249827836242,17.3243676827372));
#2084=CARTESIAN_POINT('Ctrl Pts',(47.1308735762679,0.886222800163666,17.2977997812135));
#2085=CARTESIAN_POINT('Ctrl Pts',(47.3097065233486,0.455276602498512,17.2603616186502));
#2086=CARTESIAN_POINT('Ctrl Pts',(47.3539377244282,0.220544688521546,17.2500000000339));
#2087=CARTESIAN_POINT('Ctrl Pts',(47.3539377244282,-0.220544686134417,17.2499999999661));
#2088=CARTESIAN_POINT('Ctrl Pts',(47.3097065233508,-0.455276600108584,17.2603616185098));
#2089=CARTESIAN_POINT('Ctrl Pts',(47.1308735762737,-0.886222797772217,17.2977997809386));
#2090=CARTESIAN_POINT('Ctrl Pts',(46.9963131814175,-1.08249827597205,17.3243676824002));
#2091=CARTESIAN_POINT('Ctrl Pts',(46.686421742745,-1.39238971464672,17.3744908754034));
#2092=CARTESIAN_POINT('Ctrl Pts',(46.4901522627254,-1.52693896413116,17.4013609476108));
#2093=CARTESIAN_POINT('Ctrl Pts',(46.0592271178111,-1.70576380381586,17.4394955141115));
#2094=CARTESIAN_POINT('Ctrl Pts',(45.8245027082773,-1.74999999880946,17.4501655644533));
#2095=CARTESIAN_POINT('Ctrl Pts',(45.3833727405792,-1.74999999880946,17.4501655644533));
#2096=CARTESIAN_POINT('Ctrl Pts',(45.1486483310454,-1.70576380381587,17.4394955141115));
#2097=CARTESIAN_POINT('Ctrl Pts',(44.717723186131,-1.52693896413117,17.4013609476108));
#2098=CARTESIAN_POINT('Ctrl Pts',(44.5214537061115,-1.39238971464672,17.3744908754034));
#2099=CARTESIAN_POINT('Ctrl Pts',(44.211562267439,-1.08249827597205,17.3243676824002));
#2100=CARTESIAN_POINT('Ctrl Pts',(44.0770018725828,-0.886222797772217,17.2977997809386));
#2101=CARTESIAN_POINT('Ctrl Pts',(43.8981689255057,-0.455276600108584,17.2603616185098));
#2102=CARTESIAN_POINT('Ctrl Pts',(43.8539377244282,-0.220544686134416,17.2499999999661));
#2103=CARTESIAN_POINT('Ctrl Pts',(43.8539377244282,1.19054432978771E-9,
17.25));
#2104=CARTESIAN_POINT('Ctrl Pts',(43.8539377244282,1.19054439917665E-9,
17.25));
#2105=CARTESIAN_POINT('Ctrl Pts',(43.8539377244282,0.220544688521548,17.2500000000339));
#2106=CARTESIAN_POINT('Ctrl Pts',(43.8981689255078,0.455276602498513,17.2603616186502));
#2107=CARTESIAN_POINT('Ctrl Pts',(44.0770018725886,0.886222800163664,17.2977997812135));
#2108=CARTESIAN_POINT('Ctrl Pts',(44.2115622674461,1.08249827836242,17.3243676827372));
#2109=CARTESIAN_POINT('Ctrl Pts',(44.5214537061177,1.39238971703182,17.3744908758388));
#2110=CARTESIAN_POINT('Ctrl Pts',(44.7177231861344,1.5269389665139,17.4013609480895));
#2111=CARTESIAN_POINT('Ctrl Pts',(45.1486483310452,1.70576380619664,17.4394955146486));
#2112=CARTESIAN_POINT('Ctrl Pts',(45.3833727405785,1.75000000119054,17.4501655650052));
#2113=CARTESIAN_POINT('Ctrl Pts',(45.6039377244282,1.75000000119054,17.4501655650052));
#2114=CARTESIAN_POINT('',(43.8539377244282,1.19054355324765E-9,36.75));
#2115=CARTESIAN_POINT('Ctrl Pts',(43.1539377244282,1.19054353181491E-9,
36.75));
#2116=CARTESIAN_POINT('Ctrl Pts',(43.1539377244282,0.308117762622246,36.7499999999688));
#2117=CARTESIAN_POINT('Ctrl Pts',(43.278436609365,0.964269878637462,36.7226420990695));
#2118=CARTESIAN_POINT('Ctrl Pts',(43.6534368031903,1.51173925073024,36.6542229130928));
#2119=CARTESIAN_POINT('Ctrl Pts',(44.0869565055782,1.94298443082193,36.5903260150618));
#2120=CARTESIAN_POINT('Ctrl Pts',(44.6371143136482,2.31512660833749,36.5216177640261));
#2121=CARTESIAN_POINT('Ctrl Pts',(45.2950677557606,2.43901539554008,36.4936712714716));
#2122=CARTESIAN_POINT('Ctrl Pts',(45.9522539899216,2.43951815704985,36.4935807506733));
#2123=CARTESIAN_POINT('Ctrl Pts',(46.4185291200551,2.33894304781204,36.5160241328994));
#2124=CARTESIAN_POINT('Ctrl Pts',(46.846636170729,2.10654978488435,36.559598520042));
#2125=CARTESIAN_POINT('Ctrl Pts',(47.152988060479,1.90936820489118,36.5944425416963));
#2126=CARTESIAN_POINT('Ctrl Pts',(47.5153180792639,1.5830018944429,36.6469688320539));
#2127=CARTESIAN_POINT('Ctrl Pts',(47.9028589123013,0.953972899584263,36.7181128117593));
#2128=CARTESIAN_POINT('Ctrl Pts',(48.048995317347,0.347795227606565,36.7488719560149));
#2129=CARTESIAN_POINT('Ctrl Pts',(48.0596112748802,-0.115354475859273,36.7509540167096));
#2130=CARTESIAN_POINT('Ctrl Pts',(48.003890925456,-0.590653507043394,36.7394550758241));
#2131=CARTESIAN_POINT('Ctrl Pts',(47.7951249010739,-1.1791091596341,36.6967576001883));
#2132=CARTESIAN_POINT('Ctrl Pts',(47.5008142648147,-1.56544665029646,36.6462727228108));
#2133=CARTESIAN_POINT('Ctrl Pts',(47.0139627503449,-2.05335497259935,36.5737039617862));
#2134=CARTESIAN_POINT('Ctrl Pts',(46.4784717250473,-2.3426341134373,36.5142286109314));
#2135=CARTESIAN_POINT('Ctrl Pts',(45.8377380966623,-2.4306593389046,36.4957545844712));
#2136=CARTESIAN_POINT('Ctrl Pts',(45.5274812012571,-2.4461113680919,36.4924516883162));
#2137=CARTESIAN_POINT('Ctrl Pts',(45.1303205805568,-2.40880896019582,36.5004131630655));
#2138=CARTESIAN_POINT('Ctrl Pts',(44.4979268796387,-2.22228066878102,36.5389157251539));
#2139=CARTESIAN_POINT('Ctrl Pts',(44.0866067399578,-1.94288422654528,36.5902363602745));
#2140=CARTESIAN_POINT('Ctrl Pts',(43.6531092093415,-1.5115273370423,36.6541711093819));
#2141=CARTESIAN_POINT('Ctrl Pts',(43.2777111741669,-0.964453202317623,36.7228184898249));
#2142=CARTESIAN_POINT('Ctrl Pts',(43.1539377244282,-0.308117760237491,36.7500000000312));
#2143=CARTESIAN_POINT('Ctrl Pts',(43.1539377244282,1.19054308078681E-9,
36.75));
#2144=CARTESIAN_POINT('Ctrl Pts',(43.3872710577616,1.16690152910751E-9,
36.5166666666667));
#2145=CARTESIAN_POINT('Ctrl Pts',(43.3876048622772,0.274426334568112,36.516542844454));
#2146=CARTESIAN_POINT('Ctrl Pts',(43.4958950627026,0.858726362680249,36.4941107643719));
#2147=CARTESIAN_POINT('Ctrl Pts',(43.8289029244529,1.35460584590133,36.4371099013355));
#2148=CARTESIAN_POINT('Ctrl Pts',(44.2180691502704,1.74849077585725,36.3836028266671));
#2149=CARTESIAN_POINT('Ctrl Pts',(44.716251102784,2.09273128048473,36.3257556915328));
#2150=CARTESIAN_POINT('Ctrl Pts',(45.3203020813124,2.20951237042976,36.3019870065082));
#2151=CARTESIAN_POINT('Ctrl Pts',(45.9238852560401,2.20983957906035,36.3018809954556));
#2152=CARTESIAN_POINT('Ctrl Pts',(46.3518608992782,2.11529738008399,36.3210082643643));
#2153=CARTESIAN_POINT('Ctrl Pts',(46.7409718413072,1.89990846519101,36.3577166942167));
#2154=CARTESIAN_POINT('Ctrl Pts',(47.0185658185117,1.71807343933292,36.3870233295473));
#2155=CARTESIAN_POINT('Ctrl Pts',(47.3444298279597,1.41873697942853,36.4310841940711));
#2156=CARTESIAN_POINT('Ctrl Pts',(47.6881310098474,0.850592889369232,36.4902832592198));
#2157=CARTESIAN_POINT('Ctrl Pts',(47.8162232944777,0.30960632605788,36.5156890595074));
#2158=CARTESIAN_POINT('Ctrl Pts',(47.8256276354532,-0.102734808247226,36.5174363670501));
#2159=CARTESIAN_POINT('Ctrl Pts',(47.7766955325868,-0.526156328697261,36.5079143843212));
#2160=CARTESIAN_POINT('Ctrl Pts',(47.593219526094,-1.05295373137517,36.4725791562374));
#2161=CARTESIAN_POINT('Ctrl Pts',(47.3308799602886,-1.40378716122578,36.4304226111252));
#2162=CARTESIAN_POINT('Ctrl Pts',(46.8940213393451,-1.84930230276621,36.3696941631661));
#2163=CARTESIAN_POINT('Ctrl Pts',(46.4069628123606,-2.1190737559666,36.3194852986954));
#2164=CARTESIAN_POINT('Ctrl Pts',(45.81861473154,-2.20159205381719,36.3037626479149));
#2165=CARTESIAN_POINT('Ctrl Pts',(45.5337713711811,-2.21597467714825,36.3009972479032));
#2166=CARTESIAN_POINT('Ctrl Pts',(45.1689620309908,-2.18112772120008,36.3077129322194));
#2167=CARTESIAN_POINT('Ctrl Pts',(44.5900997380313,-2.00678501652159,36.3403161797182));
#2168=CARTESIAN_POINT('Ctrl Pts',(44.2177318452332,-1.74845362430319,36.3835281209208));
#2169=CARTESIAN_POINT('Ctrl Pts',(43.8285476208741,-1.35433238464217,36.4370558095049));
#2170=CARTESIAN_POINT('Ctrl Pts',(43.4952274527312,-0.859006739681371,36.4942779297005));
#2171=CARTESIAN_POINT('Ctrl Pts',(43.3875383217386,-0.274374563727982,36.5165620938476));
#2172=CARTESIAN_POINT('Ctrl Pts',(43.3872710577616,1.16690081208848E-9,
36.5166666666667));
#2173=CARTESIAN_POINT('Ctrl Pts',(43.6206043910949,1.14325952640012E-9,
36.2833333333333));
#2174=CARTESIAN_POINT('Ctrl Pts',(43.6202705865709,0.240664150378595,36.2834571554938));
#2175=CARTESIAN_POINT('Ctrl Pts',(43.7134083860881,0.753616243620199,36.2655867928373));
#2176=CARTESIAN_POINT('Ctrl Pts',(44.0038293822781,1.19726707248673,36.2201181566054));
#2177=CARTESIAN_POINT('Ctrl Pts',(44.3490945113053,1.55397057752746,36.1769629363224));
#2178=CARTESIAN_POINT('Ctrl Pts',(44.7951781887403,1.87064221900778,36.1298600288515));
#2179=CARTESIAN_POINT('Ctrl Pts',(45.3454540270977,1.9800103587221,36.1103818822204));
#2180=CARTESIAN_POINT('Ctrl Pts',(45.8953745112127,1.98056554461987,36.1103522376998));
#2181=CARTESIAN_POINT('Ctrl Pts',(46.2850119425337,1.89190705331588,36.1259149745571));
#2182=CARTESIAN_POINT('Ctrl Pts',(46.6351377606893,1.69365831514575,36.1558611413272));
#2183=CARTESIAN_POINT('Ctrl Pts',(46.8842027601679,1.52680167794531,36.1796921005157));
#2184=CARTESIAN_POINT('Ctrl Pts',(47.1736005319367,1.25454086574611,36.2152926898139));
#2185=CARTESIAN_POINT('Ctrl Pts',(47.4734699563371,0.747240341149833,36.2625380288801));
#2186=CARTESIAN_POINT('Ctrl Pts',(47.583575542577,0.271649722795147,36.2826375477418));
#2187=CARTESIAN_POINT('Ctrl Pts',(47.5916300642904,-0.0899799673756631,
36.2839798410616));
#2188=CARTESIAN_POINT('Ctrl Pts',(47.5495144992372,-0.461664678351912,36.2764796588373));
#2189=CARTESIAN_POINT('Ctrl Pts',(47.3912163101088,-0.926772932132644,36.2484593468013));
#2190=CARTESIAN_POINT('Ctrl Pts',(47.1609974258229,-1.24177533559781,36.214736278785));
#2191=CARTESIAN_POINT('Ctrl Pts',(46.7738392399686,-1.64549894774189,36.1657083657368));
#2192=CARTESIAN_POINT('Ctrl Pts',(46.3347847688739,-1.89581508226296,36.1246161187113));
#2193=CARTESIAN_POINT('Ctrl Pts',(45.7991925688324,-1.97252208673957,36.1118289594919));
#2194=CARTESIAN_POINT('Ctrl Pts',(45.5397217047132,-1.98604874665976,36.1095157020166));
#2195=CARTESIAN_POINT('Ctrl Pts',(45.2075207203,-1.95340246502959,36.1150699870031));
#2196=CARTESIAN_POINT('Ctrl Pts',(44.6821266499359,-1.79146411838937,36.1417461150782));
#2197=CARTESIAN_POINT('Ctrl Pts',(44.3488480012545,-1.55408476011938,36.1768660977661));
#2198=CARTESIAN_POINT('Ctrl Pts',(44.0035767310268,-1.19719850459262,36.2200938037359));
#2199=CARTESIAN_POINT('Ctrl Pts',(43.7129632655415,-0.753636229398629,36.2656638342314));
#2200=CARTESIAN_POINT('Ctrl Pts',(43.6203371271262,-0.240715916592298,36.2834379062045));
#2201=CARTESIAN_POINT('Ctrl Pts',(43.6206043910949,1.14325854339015E-9,
36.2833333333333));
#2202=CARTESIAN_POINT('Ctrl Pts',(43.8539377244282,1.11961752369272E-9,
36.05));
#2203=CARTESIAN_POINT('Ctrl Pts',(43.8539377244198,0.206972722324461,36.049999999979));
#2204=CARTESIAN_POINT('Ctrl Pts',(43.9308668394257,0.648072727662986,36.0370554581397));
#2205=CARTESIAN_POINT('Ctrl Pts',(44.1792955035407,1.04013366765782,36.0030051448481));
#2206=CARTESIAN_POINT('Ctrl Pts',(44.4802071559975,1.35947692256277,35.9702397479277));
#2207=CARTESIAN_POINT('Ctrl Pts',(44.8743149778761,1.64824689115502,35.9339979563582));
#2208=CARTESIAN_POINT('Ctrl Pts',(45.3706883526495,1.75050733361178,35.918697617257));
#2209=CARTESIAN_POINT('Ctrl Pts',(45.8670057773312,1.75088696663037,35.9186524824822));
#2210=CARTESIAN_POINT('Ctrl Pts',(46.2183437217568,1.66826138558783,35.9308991060219));
#2211=CARTESIAN_POINT('Ctrl Pts',(46.5294734312675,1.48701699545241,35.9539793155019));
#2212=CARTESIAN_POINT('Ctrl Pts',(46.7497805182005,1.33550691238706,35.9722728883666));
#2213=CARTESIAN_POINT('Ctrl Pts',(47.0027122806325,1.09027595073174,35.9994080518311));
#2214=CARTESIAN_POINT('Ctrl Pts',(47.2587420538832,0.643860330934801,36.0347084763405));
#2215=CARTESIAN_POINT('Ctrl Pts',(47.3508035197077,0.233460821246461,36.0494546512343));
#2216=CARTESIAN_POINT('Ctrl Pts',(47.3576464248634,-0.0773602997636159,
36.0504621914021));
#2217=CARTESIAN_POINT('Ctrl Pts',(47.3223191063679,-0.397167500005778,36.0449389673344));
#2218=CARTESIAN_POINT('Ctrl Pts',(47.1893109351289,-0.800617503873722,36.0242809028504));
#2219=CARTESIAN_POINT('Ctrl Pts',(46.9910631212968,-1.08011584652712,35.9988861670994));
#2220=CARTESIAN_POINT('Ctrl Pts',(46.6538978289689,-1.44144627790875,35.9616985671168));
#2221=CARTESIAN_POINT('Ctrl Pts',(46.2632758561872,-1.67225472479226,35.9298728064753));
#2222=CARTESIAN_POINT('Ctrl Pts',(45.78006920371,-1.74345480165217,35.9198370229356));
#2223=CARTESIAN_POINT('Ctrl Pts',(45.5460118746372,-1.75591205571611,35.9180612616036));
#2224=CARTESIAN_POINT('Ctrl Pts',(45.246162170734,-1.72572122603385,35.922369756157));
#2225=CARTESIAN_POINT('Ctrl Pts',(44.7742995083285,-1.57596846612994,35.9431465696424));
#2226=CARTESIAN_POINT('Ctrl Pts',(44.47997310653,-1.35965415787729,35.9701578584124));
#2227=CARTESIAN_POINT('Ctrl Pts',(44.1790151425594,-1.04000355219249,36.0029785038589));
#2228=CARTESIAN_POINT('Ctrl Pts',(43.9304795441058,-0.648189766762377,36.0371232741071));
#2229=CARTESIAN_POINT('Ctrl Pts',(43.8539377244366,-0.206972720082789,36.050000000021));
#2230=CARTESIAN_POINT('Ctrl Pts',(43.8539377244282,1.11961627469181E-9,
36.05));
#2231=CARTESIAN_POINT('',(43.8539377244282,1.11961752369272E-9,36.05));
#2232=CARTESIAN_POINT('',(43.1539377244282,1.19054353181491E-9,36.75));
#2233=CARTESIAN_POINT('Ctrl Pts',(43.8539377244282,1.11961752369272E-9,
36.05));
#2234=CARTESIAN_POINT('Ctrl Pts',(43.8539377244198,0.206972722324461,36.049999999979));
#2235=CARTESIAN_POINT('Ctrl Pts',(43.9308668394257,0.648072727662986,36.0370554581397));
#2236=CARTESIAN_POINT('Ctrl Pts',(44.1792955035407,1.04013366765782,36.0030051448481));
#2237=CARTESIAN_POINT('Ctrl Pts',(44.4802071559975,1.35947692256277,35.9702397479277));
#2238=CARTESIAN_POINT('Ctrl Pts',(44.8743149778761,1.64824689115502,35.9339979563582));
#2239=CARTESIAN_POINT('Ctrl Pts',(45.3706883526495,1.75050733361178,35.918697617257));
#2240=CARTESIAN_POINT('Ctrl Pts',(45.8670057773312,1.75088696663037,35.9186524824822));
#2241=CARTESIAN_POINT('Ctrl Pts',(46.2183437217568,1.66826138558783,35.9308991060219));
#2242=CARTESIAN_POINT('Ctrl Pts',(46.5294734312675,1.48701699545241,35.9539793155019));
#2243=CARTESIAN_POINT('Ctrl Pts',(46.7497805182005,1.33550691238706,35.9722728883666));
#2244=CARTESIAN_POINT('Ctrl Pts',(47.0027122806325,1.09027595073174,35.9994080518311));
#2245=CARTESIAN_POINT('Ctrl Pts',(47.2587420538832,0.643860330934801,36.0347084763405));
#2246=CARTESIAN_POINT('Ctrl Pts',(47.3508035197077,0.233460821246461,36.0494546512343));
#2247=CARTESIAN_POINT('Ctrl Pts',(47.3576464248634,-0.0773602997636159,
36.0504621914021));
#2248=CARTESIAN_POINT('Ctrl Pts',(47.3223191063679,-0.397167500005778,36.0449389673344));
#2249=CARTESIAN_POINT('Ctrl Pts',(47.1893109351289,-0.800617503873722,36.0242809028504));
#2250=CARTESIAN_POINT('Ctrl Pts',(46.9910631212968,-1.08011584652712,35.9988861670994));
#2251=CARTESIAN_POINT('Ctrl Pts',(46.6538978289689,-1.44144627790875,35.9616985671168));
#2252=CARTESIAN_POINT('Ctrl Pts',(46.2632758561872,-1.67225472479226,35.9298728064753));
#2253=CARTESIAN_POINT('Ctrl Pts',(45.78006920371,-1.74345480165217,35.9198370229356));
#2254=CARTESIAN_POINT('Ctrl Pts',(45.5460118746372,-1.75591205571611,35.9180612616036));
#2255=CARTESIAN_POINT('Ctrl Pts',(45.246162170734,-1.72572122603385,35.922369756157));
#2256=CARTESIAN_POINT('Ctrl Pts',(44.7742995083285,-1.57596846612994,35.9431465696424));
#2257=CARTESIAN_POINT('Ctrl Pts',(44.47997310653,-1.35965415787729,35.9701578584124));
#2258=CARTESIAN_POINT('Ctrl Pts',(44.1790151425594,-1.04000355219249,36.0029785038589));
#2259=CARTESIAN_POINT('Ctrl Pts',(43.9304795441058,-0.648189766762377,36.0371232741071));
#2260=CARTESIAN_POINT('Ctrl Pts',(43.8539377244366,-0.206972720082789,36.050000000021));
#2261=CARTESIAN_POINT('Ctrl Pts',(43.8539377244282,1.11961627469181E-9,
36.05));
#2262=CARTESIAN_POINT('Origin',(45.6039377244282,1.19054333893446E-9,36.75));
#2263=CARTESIAN_POINT('',(43.8539377244282,1.19054342110064E-9,32.75));
#2264=CARTESIAN_POINT('',(43.8539377244282,1.19054355324765E-9,36.75));
#2265=CARTESIAN_POINT('',(45.6039377244282,1.75000000119054,32.5498344349948));
#2266=CARTESIAN_POINT('Ctrl Pts',(45.6039377244282,1.75000000119054,32.5498344349948));
#2267=CARTESIAN_POINT('Ctrl Pts',(45.3833727405785,1.75000000119054,32.5498344349948));
#2268=CARTESIAN_POINT('Ctrl Pts',(45.1486483310452,1.70576380619664,32.5605044853514));
#2269=CARTESIAN_POINT('Ctrl Pts',(44.7177231861344,1.5269389665139,32.5986390519105));
#2270=CARTESIAN_POINT('Ctrl Pts',(44.5214537061177,1.39238971703182,32.6255091241612));
#2271=CARTESIAN_POINT('Ctrl Pts',(44.2115622674461,1.08249827836242,32.6756323172628));
#2272=CARTESIAN_POINT('Ctrl Pts',(44.0770018725886,0.886222800163664,32.7022002187865));
#2273=CARTESIAN_POINT('Ctrl Pts',(43.8981689255078,0.455276602498513,32.7396383813498));
#2274=CARTESIAN_POINT('Ctrl Pts',(43.8539377244282,0.220544688521547,32.7499999999661));
#2275=CARTESIAN_POINT('Ctrl Pts',(43.8539377244282,1.19054363589832E-9,
32.75));
#2276=CARTESIAN_POINT('Ctrl Pts',(43.8539377244282,1.19054328895363E-9,
32.75));
#2277=CARTESIAN_POINT('Ctrl Pts',(43.8539377244282,-0.220544686134417,32.7500000000339));
#2278=CARTESIAN_POINT('Ctrl Pts',(43.8981689255057,-0.455276600108583,32.7396383814902));
#2279=CARTESIAN_POINT('Ctrl Pts',(44.0770018725828,-0.886222797772217,32.7022002190614));
#2280=CARTESIAN_POINT('Ctrl Pts',(44.211562267439,-1.08249827597205,32.6756323175998));
#2281=CARTESIAN_POINT('Ctrl Pts',(44.5214537061115,-1.39238971464672,32.6255091245966));
#2282=CARTESIAN_POINT('Ctrl Pts',(44.717723186131,-1.52693896413117,32.5986390523892));
#2283=CARTESIAN_POINT('Ctrl Pts',(45.1486483310454,-1.70576380381587,32.5605044858885));
#2284=CARTESIAN_POINT('Ctrl Pts',(45.3833727405792,-1.74999999880946,32.5498344355467));
#2285=CARTESIAN_POINT('Ctrl Pts',(45.8245027082773,-1.74999999880946,32.5498344355467));
#2286=CARTESIAN_POINT('Ctrl Pts',(46.0592271178111,-1.70576380381586,32.5605044858885));
#2287=CARTESIAN_POINT('Ctrl Pts',(46.4901522627254,-1.52693896413116,32.5986390523892));
#2288=CARTESIAN_POINT('Ctrl Pts',(46.686421742745,-1.39238971464672,32.6255091245966));
#2289=CARTESIAN_POINT('Ctrl Pts',(46.9963131814175,-1.08249827597205,32.6756323175998));
#2290=CARTESIAN_POINT('Ctrl Pts',(47.1308735762737,-0.886222797772217,32.7022002190614));
#2291=CARTESIAN_POINT('Ctrl Pts',(47.3097065233508,-0.455276600108583,32.7396383814902));
#2292=CARTESIAN_POINT('Ctrl Pts',(47.3539377244282,-0.220544686134417,32.7500000000339));
#2293=CARTESIAN_POINT('Ctrl Pts',(47.3539377244282,0.220544688521547,32.7499999999661));
#2294=CARTESIAN_POINT('Ctrl Pts',(47.3097065233486,0.455276602498512,32.7396383813498));
#2295=CARTESIAN_POINT('Ctrl Pts',(47.1308735762679,0.886222800163666,32.7022002187865));
#2296=CARTESIAN_POINT('Ctrl Pts',(46.9963131814103,1.08249827836242,32.6756323172628));
#2297=CARTESIAN_POINT('Ctrl Pts',(46.6864217427388,1.39238971703182,32.6255091241612));
#2298=CARTESIAN_POINT('Ctrl Pts',(46.490152262722,1.52693896651391,32.5986390519105));
#2299=CARTESIAN_POINT('Ctrl Pts',(46.0592271178113,1.70576380619664,32.5605044853514));
#2300=CARTESIAN_POINT('Ctrl Pts',(45.824502708278,1.75000000119054,32.5498344349948));
#2301=CARTESIAN_POINT('Ctrl Pts',(45.6039377244282,1.75000000119054,32.5498344349948));
#2302=CARTESIAN_POINT('Origin',(0.,0.,1.));
#2303=CARTESIAN_POINT('',(-7.75,-9.49101269339199E-16,2.));
#2304=CARTESIAN_POINT('Origin',(0.,0.,2.));
#2305=CARTESIAN_POINT('',(-9.75,1.19403062916867E-15,0.));
#2306=CARTESIAN_POINT('',(-8.75,-1.07156594925393E-15,1.));
#2307=CARTESIAN_POINT('Origin',(0.,0.,0.));
#2308=CARTESIAN_POINT('Origin',(0.,0.,0.));
#2309=CARTESIAN_POINT('',(-7.75,9.49101269339199E-16,48.));
#2310=CARTESIAN_POINT('Origin',(0.,0.,48.));
#2311=CARTESIAN_POINT('',(-7.75,-9.49101269339199E-16,0.));
#2312=CARTESIAN_POINT('Origin',(0.,0.,0.));
#2313=CARTESIAN_POINT('',(-0.88680355088585,15.7250144502998,3.10781761436729E-9));
#2314=CARTESIAN_POINT('',(14.97678155236,-4.87427064624935,2.1221051305087E-9));
#2315=CARTESIAN_POINT('Origin',(0.,0.,0.));
#2316=CARTESIAN_POINT('',(8.53831417335262,13.2347909343943,5.70932190413487E-11));
#2317=CARTESIAN_POINT('Ctrl Pts',(8.53831417321686,13.2347909344819,7.25452187643279E-16));
#2318=CARTESIAN_POINT('Ctrl Pts',(7.72766236801487,13.7577761355451,8.31166952262115E-16));
#2319=CARTESIAN_POINT('Ctrl Pts',(6.8809848937645,14.2425694581215,-4.71844785465692E-15));
#2320=CARTESIAN_POINT('Ctrl Pts',(5.63773340376541,14.7957295107669,-4.71844785465692E-15));
#2321=CARTESIAN_POINT('Ctrl Pts',(5.27586143179339,14.9393095786611,1.66533453693773E-15));
#2322=CARTESIAN_POINT('Ctrl Pts',(4.65947076005777,15.151093365276,1.66533453693773E-15));
#2323=CARTESIAN_POINT('Ctrl Pts',(4.41095668145168,15.2279161961205,2.77555756156289E-16));
#2324=CARTESIAN_POINT('Ctrl Pts',(3.92039253131131,15.3624416772967,2.77555756156289E-16));
#2325=CARTESIAN_POINT('Ctrl Pts',(3.68010793821561,15.4205032201406,8.60068740841773E-15));
#2326=CARTESIAN_POINT('Ctrl Pts',(3.11572666145079,15.5390372136481,8.60892713978179E-15));
#2327=CARTESIAN_POINT('Ctrl Pts',(2.79260389648267,15.5935238558399,1.94289029309402E-15));
#2328=CARTESIAN_POINT('Ctrl Pts',(1.81801424745171,15.7213828108009,1.94289029309402E-15));
#2329=CARTESIAN_POINT('Ctrl Pts',(1.16701067910555,15.7588171788088,-7.87620246463062E-15));
#2330=CARTESIAN_POINT('Ctrl Pts',(0.0471081318484174,15.7655881029965,-7.93474272035816E-15));
#2331=CARTESIAN_POINT('Ctrl Pts',(-0.420977637927964,15.7512844464837,5.49306260135782E-16));
#2332=CARTESIAN_POINT('Ctrl Pts',(-0.886803542104544,15.725014450795,5.45448716349301E-16));
#2333=CARTESIAN_POINT('',(14.9767815542187,4.87427064053854,4.02455846426619E-15));
#2334=CARTESIAN_POINT('Origin',(0.,0.,0.));
#2335=CARTESIAN_POINT('Ctrl Pts',(14.9767815542187,-4.87427064053854,2.34929169253267E-16));
#2336=CARTESIAN_POINT('Ctrl Pts',(15.275343834245,-3.95690220163926,2.3884508154554E-16));
#2337=CARTESIAN_POINT('Ctrl Pts',(15.5277769900713,-3.01445836810444,-8.32667268468867E-16));
#2338=CARTESIAN_POINT('Ctrl Pts',(15.7449969928528,-1.67114872417476,-8.32667268468867E-16));
#2339=CARTESIAN_POINT('Ctrl Pts',(15.7913720521283,-1.28462152281173,-5.55111512312578E-16));
#2340=CARTESIAN_POINT('Ctrl Pts',(15.8386734142683,-0.634602066206283,-5.55111512312578E-16));
#2341=CARTESIAN_POINT('Ctrl Pts',(15.8494655044946,-0.374713141767921,-8.87505385770885E-19));
#2342=CARTESIAN_POINT('Ctrl Pts',(15.8542157694192,0.133948131281032,8.43343834224862E-19));
#2343=CARTESIAN_POINT('Ctrl Pts',(15.8489708479409,0.38110518819459,8.04557551752716E-15));
#2344=CARTESIAN_POINT('Ctrl Pts',(15.8194007220682,0.957067479568456,8.05381608033792E-15));
#2345=CARTESIAN_POINT('Ctrl Pts',(15.7895368000092,1.28340176547762,5.55111512312578E-16));
#2346=CARTESIAN_POINT('Ctrl Pts',(15.6641923090236,2.25833083101057,5.55111512312578E-16));
#2347=CARTESIAN_POINT('Ctrl Pts',(15.5340858709305,2.89729770775547,8.32667268468867E-16));
#2348=CARTESIAN_POINT('Ctrl Pts',(15.2545598136817,3.98175134088384,8.32667268468867E-16));
#2349=CARTESIAN_POINT('Ctrl Pts',(15.121166187571,4.43063152548411,3.7110047653882E-16));
#2350=CARTESIAN_POINT('Ctrl Pts',(14.9767815542187,4.87427064053854,3.7495783036637E-16));
#2351=CARTESIAN_POINT('Origin',(0.,0.,49.));
#2352=CARTESIAN_POINT('',(-9.75,-1.19403062916867E-15,50.));
#2353=CARTESIAN_POINT('Origin',(0.,0.,50.));
#2354=CARTESIAN_POINT('',(-8.75,-1.07156594925393E-15,49.));
#2355=CARTESIAN_POINT('Origin',(0.,0.,50.));
#2356=CARTESIAN_POINT('',(-0.886803585747602,15.7250144483338,49.9999999845542));
#2357=CARTESIAN_POINT('',(14.9767815541827,-4.87427064064889,49.999999999959));
#2358=CARTESIAN_POINT('Origin',(0.,0.,50.));
#2359=CARTESIAN_POINT('',(14.9767815510271,4.87427065034485,49.999999996356));
#2360=CARTESIAN_POINT('Ctrl Pts',(14.9767815542187,4.87427064053853,50.));
#2361=CARTESIAN_POINT('Ctrl Pts',(15.2753315931889,3.95693981375312,50.));
#2362=CARTESIAN_POINT('Ctrl Pts',(15.5277563184242,3.01453556258195,50.));
#2363=CARTESIAN_POINT('Ctrl Pts',(15.7449870930509,1.67123034714985,50.));
#2364=CARTESIAN_POINT('Ctrl Pts',(15.7913685784821,1.28466624417221,50.));
#2365=CARTESIAN_POINT('Ctrl Pts',(15.8386720589047,0.634622702187753,50.));
#2366=CARTESIAN_POINT('Ctrl Pts',(15.8494641633123,0.374747306019407,50.));
#2367=CARTESIAN_POINT('Ctrl Pts',(15.8542163604344,-0.133907424483809,50.));
#2368=CARTESIAN_POINT('Ctrl Pts',(15.8489720434332,-0.381071546473486,50.));
#2369=CARTESIAN_POINT('Ctrl Pts',(15.8194027516137,-0.95704168841907,50.));
#2370=CARTESIAN_POINT('Ctrl Pts',(15.7895394218506,-1.2833766997221,50.));
#2371=CARTESIAN_POINT('Ctrl Pts',(15.6642065784561,-2.2582291380295,50.));
#2372=CARTESIAN_POINT('Ctrl Pts',(15.5341223464012,-2.89712084150427,50.));
#2373=CARTESIAN_POINT('Ctrl Pts',(15.254608886627,-3.98158622620839,50.));
#2374=CARTESIAN_POINT('Ctrl Pts',(15.1211927068482,-4.43055004182204,50.));
#2375=CARTESIAN_POINT('Ctrl Pts',(14.9767815542187,-4.87427064053852,50.));
#2376=CARTESIAN_POINT('',(8.53831417360347,13.2347909342325,49.9999999998374));
#2377=CARTESIAN_POINT('Origin',(0.,0.,50.));
#2378=CARTESIAN_POINT('Ctrl Pts',(-0.886803542104544,15.725014450795,50.));
#2379=CARTESIAN_POINT('Ctrl Pts',(0.0763114287276746,15.7793287899176,50.));
#2380=CARTESIAN_POINT('Ctrl Pts',(1.051884389125,15.782647996729,50.));
#2381=CARTESIAN_POINT('Ctrl Pts',(2.40612505626315,15.6495421438628,50.));
#2382=CARTESIAN_POINT('Ctrl Pts',(2.7917675461592,15.59563271616,50.));
#2383=CARTESIAN_POINT('Ctrl Pts',(3.43236799504737,15.4753069077441,50.));
#2384=CARTESIAN_POINT('Ctrl Pts',(3.68636326643639,15.4193600702194,50.));
#2385=CARTESIAN_POINT('Ctrl Pts',(4.17933370315787,15.2940274007222,50.));
#2386=CARTESIAN_POINT('Ctrl Pts',(4.41695056353301,15.2258228146592,50.));
#2387=CARTESIAN_POINT('Ctrl Pts',(4.96628058817453,15.0501003466049,50.));
#2388=CARTESIAN_POINT('Ctrl Pts',(5.27418878497544,14.937856358679,50.));
#2389=CARTESIAN_POINT('Ctrl Pts',(6.18470269729533,14.5676477869144,50.));
#2390=CARTESIAN_POINT('Ctrl Pts',(6.76916108138854,14.2786791543632,50.));
#2391=CARTESIAN_POINT('Ctrl Pts',(7.74623141785303,13.7314238389286,50.));
#2392=CARTESIAN_POINT('Ctrl Pts',(8.146211573655,13.4877526321595,50.));
#2393=CARTESIAN_POINT('Ctrl Pts',(8.53831417321684,13.2347909344819,50.));
#2394=CARTESIAN_POINT('Origin',(13.9856552469845,52.9335805260941,25.));
#2395=CARTESIAN_POINT('',(4.81457296602686,56.3910000545726,25.));
#2396=CARTESIAN_POINT('Origin',(14.2411010049203,53.9004039146986,25.));
#2397=CARTESIAN_POINT('',(6.23732822736419,53.9464617614921,25.));
#2398=CARTESIAN_POINT('',(5.52595059669552,55.1687309080323,25.));
#2399=CARTESIAN_POINT('Origin',(13.7302094890487,51.9667571374897,25.));
#2400=CARTESIAN_POINT('Origin',(4.02327068748871,15.2274683705202,25.));
#2401=CARTESIAN_POINT('',(-3.99038549059369,15.2361190477254,25.));
#2402=CARTESIAN_POINT('',(-3.46961057419586,17.2071729945226,25.));
#2403=CARTESIAN_POINT('',(10.723435988766,11.5356153106049,22.765703823144));
#2404=CARTESIAN_POINT('Ctrl Pts',(10.7234359887407,11.5356153106534,22.7657038231616));
#2405=CARTESIAN_POINT('Ctrl Pts',(10.6593582546334,11.5951815723134,22.5094002987082));
#2406=CARTESIAN_POINT('Ctrl Pts',(10.5839631660399,11.6642876044668,22.2569129799241));
#2407=CARTESIAN_POINT('Ctrl Pts',(10.1649635160634,12.0389062433116,21.0591640677178));
#2408=CARTESIAN_POINT('Ctrl Pts',(9.6627167514586,12.4587228895331,20.19945753295));
#2409=CARTESIAN_POINT('Ctrl Pts',(8.47908274097977,13.2924928982766,18.8421094762438));
#2410=CARTESIAN_POINT('Ctrl Pts',(7.71428525526002,13.7656643791203,18.2480176129019));
#2411=CARTESIAN_POINT('Ctrl Pts',(5.9665145054489,14.6083680785229,17.4515326414178));
#2412=CARTESIAN_POINT('Ctrl Pts',(4.98142242145028,14.97431376257,17.25));
#2413=CARTESIAN_POINT('Ctrl Pts',(3.06511895352714,15.4806229784705,17.25));
#2414=CARTESIAN_POINT('Ctrl Pts',(2.02783048714794,15.6490132844449,17.4515326414178));
#2415=CARTESIAN_POINT('Ctrl Pts',(0.091906043989279,15.779583837262,18.2480176129019));
#2416=CARTESIAN_POINT('Ctrl Pts',(-0.806800696404711,15.7459291315374,18.8421094762438));
#2417=CARTESIAN_POINT('Ctrl Pts',(-2.24779838132672,15.6056167290498,20.19945753295));
#2418=CARTESIAN_POINT('Ctrl Pts',(-2.89186441436877,15.4886689882331,21.0591640677178));
#2419=CARTESIAN_POINT('Ctrl Pts',(-3.76446867731366,15.3000177290188,22.9616775386571));
#2420=CARTESIAN_POINT('Ctrl Pts',(-3.99038549059369,15.2361190477254,24.0064513138468));
#2421=CARTESIAN_POINT('Ctrl Pts',(-3.99038549059369,15.2361190477254,25.));
#2422=CARTESIAN_POINT('',(10.723435988766,11.5356153106049,27.234296176856));
#2423=CARTESIAN_POINT('Ctrl Pts',(10.7234359887259,11.5356153106003,27.2342961768406));
#2424=CARTESIAN_POINT('Ctrl Pts',(10.8025256804678,11.5778636201757,27.0161692105782));
#2425=CARTESIAN_POINT('Ctrl Pts',(10.8704529669056,11.6144259371966,26.7941366152722));
#2426=CARTESIAN_POINT('Ctrl Pts',(11.0553290563798,11.7142941048683,26.0532430566088));
#2427=CARTESIAN_POINT('Ctrl Pts',(11.1204256976701,11.75,25.5234333598936));
#2428=CARTESIAN_POINT('Ctrl Pts',(11.1204256976701,11.75,24.4765666401064));
#2429=CARTESIAN_POINT('Ctrl Pts',(11.0553290563798,11.7142941048683,23.9467569433912));
#2430=CARTESIAN_POINT('Ctrl Pts',(10.8704529669056,11.6144259371966,23.2058633847278));
#2431=CARTESIAN_POINT('Ctrl Pts',(10.8025256804678,11.5778636201757,22.9838307894218));
#2432=CARTESIAN_POINT('Ctrl Pts',(10.7234359887259,11.5356153106003,22.7657038231594));
#2433=CARTESIAN_POINT('Ctrl Pts',(-3.99038549059369,15.2361190477254,25.));
#2434=CARTESIAN_POINT('Ctrl Pts',(-3.99038549059369,15.2361190477254,25.9935486861532));
#2435=CARTESIAN_POINT('Ctrl Pts',(-3.76446867731366,15.3000177290188,27.0383224613428));
#2436=CARTESIAN_POINT('Ctrl Pts',(-2.89186441436878,15.4886689882331,28.9408359322822));
#2437=CARTESIAN_POINT('Ctrl Pts',(-2.24779838132673,15.6056167290498,29.80054246705));
#2438=CARTESIAN_POINT('Ctrl Pts',(-0.806800696404718,15.7459291315374,31.1578905237562));
#2439=CARTESIAN_POINT('Ctrl Pts',(0.0919060439892738,15.779583837262,31.7519823870981));
#2440=CARTESIAN_POINT('Ctrl Pts',(2.02783048714794,15.6490132844449,32.5484673585822));
#2441=CARTESIAN_POINT('Ctrl Pts',(3.06511895352713,15.4806229784705,32.75));
#2442=CARTESIAN_POINT('Ctrl Pts',(4.98142242145028,14.97431376257,32.75));
#2443=CARTESIAN_POINT('Ctrl Pts',(5.96651450544889,14.6083680785229,32.5484673585822));
#2444=CARTESIAN_POINT('Ctrl Pts',(7.71428525526001,13.7656643791203,31.7519823870981));
#2445=CARTESIAN_POINT('Ctrl Pts',(8.47908274097976,13.2924928982766,31.1578905237562));
#2446=CARTESIAN_POINT('Ctrl Pts',(9.6627167514586,12.4587228895331,29.80054246705));
#2447=CARTESIAN_POINT('Ctrl Pts',(10.1649635160634,12.0389062433116,28.9408359322822));
#2448=CARTESIAN_POINT('Ctrl Pts',(10.5839631660399,11.6642876044669,27.7430870200759));
#2449=CARTESIAN_POINT('Ctrl Pts',(10.6593582546334,11.5951815723134,27.4905997012918));
#2450=CARTESIAN_POINT('Ctrl Pts',(10.7234359887407,11.5356153106534,27.2342961768384));
#2451=CARTESIAN_POINT('Origin',(14.2411010049203,53.9004039146986,25.));
#2452=CARTESIAN_POINT('Origin',(54.75,-2.89322806298562E-15,25.));
#2453=CARTESIAN_POINT('',(55.75,-9.75,25.));
#2454=CARTESIAN_POINT('Origin',(55.75,-2.89322806298562E-15,25.));
#2455=CARTESIAN_POINT('',(53.75,-7.75,25.));
#2456=CARTESIAN_POINT('',(54.75,-8.75,25.));
#2457=CARTESIAN_POINT('Origin',(53.75,-2.89322806298562E-15,25.));
#2458=CARTESIAN_POINT('Origin',(15.75,-2.89322806298562E-15,25.));
#2459=CARTESIAN_POINT('',(13.7113092008021,-7.75,25.));
#2460=CARTESIAN_POINT('',(15.75,-7.75,25.));
#2461=CARTESIAN_POINT('',(13.8921589180833,7.42094472386878,27.2342961767152));
#2462=CARTESIAN_POINT('Ctrl Pts',(13.8921589180834,7.42094472386875,27.2342961767153));
#2463=CARTESIAN_POINT('Ctrl Pts',(13.9333805876768,7.34377692297981,27.490599701211));
#2464=CARTESIAN_POINT('Ctrl Pts',(13.9809345603128,7.25323034516787,27.7430870200364));
#2465=CARTESIAN_POINT('Ctrl Pts',(14.2360929390003,6.75243694160045,28.9408359322822));
#2466=CARTESIAN_POINT('Ctrl Pts',(14.5136846860375,6.15961264134151,29.80054246705));
#2467=CARTESIAN_POINT('Ctrl Pts',(15.0174387442824,4.80226458463525,31.1578905237562));
#2468=CARTESIAN_POINT('Ctrl Pts',(15.2795477253756,3.94197084033781,31.7519823870981));
#2469=CARTESIAN_POINT('Ctrl Pts',(15.647832747738,2.03692011629247,32.5484673585822));
#2470=CARTESIAN_POINT('Ctrl Pts',(15.75,0.991030776928758,32.75));
#2471=CARTESIAN_POINT('Ctrl Pts',(15.75,-0.991030776928762,32.75));
#2472=CARTESIAN_POINT('Ctrl Pts',(15.647832747738,-2.03692011629247,32.5484673585822));
#2473=CARTESIAN_POINT('Ctrl Pts',(15.2795477253756,-3.94197084033781,31.7519823870981));
#2474=CARTESIAN_POINT('Ctrl Pts',(15.0174387442824,-4.80226458463525,31.1578905237562));
#2475=CARTESIAN_POINT('Ctrl Pts',(14.5136846860375,-6.15961264134151,29.80054246705));
#2476=CARTESIAN_POINT('Ctrl Pts',(14.2360929390003,-6.75243694160045,28.9408359322822));
#2477=CARTESIAN_POINT('Ctrl Pts',(13.8307974319763,-7.54790098811598,27.0383224613429));
#2478=CARTESIAN_POINT('Ctrl Pts',(13.7113092008021,-7.75,25.9935486861532));
#2479=CARTESIAN_POINT('Ctrl Pts',(13.7113092008021,-7.75,25.));
#2480=CARTESIAN_POINT('',(13.8921589180833,7.42094472386879,22.7657038232848));
#2481=CARTESIAN_POINT('Ctrl Pts',(13.8921589180832,7.42094472386877,27.2342961767152));
#2482=CARTESIAN_POINT('Ctrl Pts',(14.0937797848147,7.63783609708584,26.5139176931007));
#2483=CARTESIAN_POINT('Ctrl Pts',(14.2008403870124,7.74999999999999,25.7488640555087));
#2484=CARTESIAN_POINT('Ctrl Pts',(14.2008403870124,7.74999999999999,24.2511359444913));
#2485=CARTESIAN_POINT('Ctrl Pts',(14.0937797848147,7.63783609708584,23.4860823068993));
#2486=CARTESIAN_POINT('Ctrl Pts',(13.8921589180832,7.42094472386877,22.7657038232848));
#2487=CARTESIAN_POINT('Ctrl Pts',(13.7113092008021,-7.75,25.));
#2488=CARTESIAN_POINT('Ctrl Pts',(13.7113092008021,-7.75,24.0064513138468));
#2489=CARTESIAN_POINT('Ctrl Pts',(13.8307974319763,-7.54790098811598,22.9616775386572));
#2490=CARTESIAN_POINT('Ctrl Pts',(14.2360929390003,-6.75243694160045,21.0591640677178));
#2491=CARTESIAN_POINT('Ctrl Pts',(14.5136846860375,-6.15961264134151,20.19945753295));
#2492=CARTESIAN_POINT('Ctrl Pts',(15.0174387442824,-4.80226458463526,18.8421094762438));
#2493=CARTESIAN_POINT('Ctrl Pts',(15.2795477253756,-3.94197084033781,18.2480176129019));
#2494=CARTESIAN_POINT('Ctrl Pts',(15.647832747738,-2.03692011629248,17.4515326414178));
#2495=CARTESIAN_POINT('Ctrl Pts',(15.75,-0.991030776928764,17.25));
#2496=CARTESIAN_POINT('Ctrl Pts',(15.75,0.991030776928756,17.25));
#2497=CARTESIAN_POINT('Ctrl Pts',(15.647832747738,2.03692011629247,17.4515326414178));
#2498=CARTESIAN_POINT('Ctrl Pts',(15.2795477253756,3.94197084033781,18.2480176129019));
#2499=CARTESIAN_POINT('Ctrl Pts',(15.0174387442824,4.80226458463525,18.8421094762438));
#2500=CARTESIAN_POINT('Ctrl Pts',(14.5136846860375,6.15961264134151,20.19945753295));
#2501=CARTESIAN_POINT('Ctrl Pts',(14.2360929390003,6.75243694160045,21.0591640677178));
#2502=CARTESIAN_POINT('Ctrl Pts',(13.9809345603128,7.25323034516788,22.2569129799636));
#2503=CARTESIAN_POINT('Ctrl Pts',(13.9333805876768,7.34377692297981,22.509400298789));
#2504=CARTESIAN_POINT('Ctrl Pts',(13.8921589180834,7.42094472386875,22.7657038232847));
#2505=CARTESIAN_POINT('Origin',(55.75,-2.89322806298562E-15,25.));
#2506=CARTESIAN_POINT('Origin',(24.3629065331721,18.761963789964,5.93298096859186));
#2507=CARTESIAN_POINT('Origin',(24.3629065331716,18.7619637899636,5.93298096859146));
#2508=CARTESIAN_POINT('',(12.4785618828443,9.60978633144497,5.93298096859185));
#2509=CARTESIAN_POINT('Origin',(24.3629065331721,18.761963789964,5.93298096859186));
#2510=CARTESIAN_POINT('Origin',(24.3629065331717,18.7619637899645,5.93298096859135));
#2511=CARTESIAN_POINT('Origin',(24.3629065314539,18.7619637886408,44.0670190327102));
#2512=CARTESIAN_POINT('',(12.4785618828443,9.60978633144496,44.0670190314082));
#2513=CARTESIAN_POINT('Origin',(24.3629065331754,18.7619637899597,44.0670190314124));
#2514=CARTESIAN_POINT('Origin',(24.3629065314539,18.7619637886408,44.0670190327102));
#2515=CARTESIAN_POINT('Origin',(24.3629065331721,18.761963789964,44.0670190314081));
#2516=CARTESIAN_POINT('Ctrl Pts',(24.3629065331716,8.24123643110549,16.6247673413439));
#2517=CARTESIAN_POINT('Ctrl Pts',(26.2338922264493,8.87413445731278,17.2475395655117));
#2518=CARTESIAN_POINT('Ctrl Pts',(29.5566814362985,9.99813382297997,18.637145713005));
#2519=CARTESIAN_POINT('Ctrl Pts',(32.3048212693888,10.9277466374198,20.5451117774504));
#2520=CARTESIAN_POINT('Ctrl Pts',(33.8450577048487,11.4487621659712,22.2444953336492));
#2521=CARTESIAN_POINT('Ctrl Pts',(34.5682543683202,11.6933977837182,23.5571124696376));
#2522=CARTESIAN_POINT('Ctrl Pts',(34.810019192002,11.7751795313095,24.9999995406338));
#2523=CARTESIAN_POINT('Ctrl Pts',(34.5867744910599,11.6996625826256,26.3318847232691));
#2524=CARTESIAN_POINT('Ctrl Pts',(33.9192752064282,11.4738677081613,27.646656606254));
#2525=CARTESIAN_POINT('Ctrl Pts',(32.449527809761,10.9766964952995,29.354470383687));
#2526=CARTESIAN_POINT('Ctrl Pts',(29.5568882823717,9.99820379276753,31.3628844454599));
#2527=CARTESIAN_POINT('Ctrl Pts',(26.2338922248593,8.87413445677494,32.7524604351039));
#2528=CARTESIAN_POINT('Ctrl Pts',(24.3629065314539,8.24123643052444,33.3752326592278));
#2529=CARTESIAN_POINT('Ctrl Pts',(23.1274506896757,9.05630859383876,17.4267990788808));
#2530=CARTESIAN_POINT('Ctrl Pts',(24.8484342258587,9.66676082391716,18.1490330369379));
#2531=CARTESIAN_POINT('Ctrl Pts',(27.8467975323795,10.6699146026947,19.7006882766623));
#2532=CARTESIAN_POINT('Ctrl Pts',(30.1815871739013,11.3171539705731,21.5439367808112));
#2533=CARTESIAN_POINT('Ctrl Pts',(31.4313054704014,11.6130108020966,22.9732865056562));
#2534=CARTESIAN_POINT('Ctrl Pts',(31.9953501477338,11.7263663185109,23.9745709098936));
#2535=CARTESIAN_POINT('Ctrl Pts',(32.1793719969135,11.7597619504985,25.0000371337755));
#2536=CARTESIAN_POINT('Ctrl Pts',(32.0093845338122,11.7289511939343,25.9472199159076));
#2537=CARTESIAN_POINT('Ctrl Pts',(31.4891263751102,11.6247207748985,26.9412680727109));
#2538=CARTESIAN_POINT('Ctrl Pts',(30.3044125562878,11.3509620370854,28.3587801360858));
#2539=CARTESIAN_POINT('Ctrl Pts',(27.8474648244592,10.6707494409885,30.2987722350154));
#2540=CARTESIAN_POINT('Ctrl Pts',(24.8484342244133,9.66676082342252,31.8509669637571));
#2541=CARTESIAN_POINT('Ctrl Pts',(23.1274506880957,9.05630859327813,32.5732009217822));
#2542=CARTESIAN_POINT('Ctrl Pts',(20.6568737822205,11.0875502632667,18.6228018843641));
#2543=CARTESIAN_POINT('Ctrl Pts',(22.077908497599,11.755053915709,19.5021468864569));
#2544=CARTESIAN_POINT('Ctrl Pts',(24.4283786479919,12.7555848576034,21.3233450865259));
#2545=CARTESIAN_POINT('Ctrl Pts',(25.9374723312331,13.1493257246034,23.0988599779386));
#2546=CARTESIAN_POINT('Ctrl Pts',(26.6067668083738,13.2030360356818,24.1215903863568));
#2547=CARTESIAN_POINT('Ctrl Pts',(26.8527937771503,13.1642682226416,24.6365882555695));
#2548=CARTESIAN_POINT('Ctrl Pts',(26.921632011028,13.1390224337405,24.9998858154411));
#2549=CARTESIAN_POINT('Ctrl Pts',(26.8579255158323,13.1622211742873,25.3371151555044));
#2550=CARTESIAN_POINT('Ctrl Pts',(26.6319457558195,13.1989229834926,25.8292464248081));
#2551=CARTESIAN_POINT('Ctrl Pts',(26.0165031175939,13.1696531198432,26.8067337315402));
#2552=CARTESIAN_POINT('Ctrl Pts',(24.4301642830033,12.7570342367713,28.6753678977088));
#2553=CARTESIAN_POINT('Ctrl Pts',(22.0779084964427,11.7550539151965,30.4978531143672));
#2554=CARTESIAN_POINT('Ctrl Pts',(20.6568737809159,11.0875502626539,31.3771981164432));
#2555=CARTESIAN_POINT('Ctrl Pts',(17.3666001131307,14.9963935680972,18.9923789206856));
#2556=CARTESIAN_POINT('Ctrl Pts',(18.4600024358381,15.9847444943974,19.922171249377));
#2557=CARTESIAN_POINT('Ctrl Pts',(20.1538485157416,17.5695236944899,21.8327091711255));
#2558=CARTESIAN_POINT('Ctrl Pts',(20.9517013656486,18.4540789123542,23.5937405431398));
#2559=CARTESIAN_POINT('Ctrl Pts',(21.1595153684795,18.7776091958235,24.490008112251));
#2560=CARTESIAN_POINT('Ctrl Pts',(21.1649300099351,18.8629630322354,24.8499034862069));
#2561=CARTESIAN_POINT('Ctrl Pts',(21.1486332052489,18.8784513625264,24.9997994754227));
#2562=CARTESIAN_POINT('Ctrl Pts',(21.1634652776992,18.8640148347808,25.1405091976708));
#2563=CARTESIAN_POINT('Ctrl Pts',(21.1598393473897,18.7862958682539,25.4723291339696));
#2564=CARTESIAN_POINT('Ctrl Pts',(20.9931965270558,18.5002328694386,26.3123552645297));
#2565=CARTESIAN_POINT('Ctrl Pts',(20.1559209835468,17.5712185499944,28.165772721259));
#2566=CARTESIAN_POINT('Ctrl Pts',(18.4600024349823,15.984744493608,30.0778287514893));
#2567=CARTESIAN_POINT('Ctrl Pts',(17.366600112127,14.9963935671897,31.0076210801681));
#2568=CARTESIAN_POINT('Ctrl Pts',(15.279911902736,18.6059424231755,18.0778177729228));
#2569=CARTESIAN_POINT('Ctrl Pts',(16.2860574965916,19.9648953809595,18.8843467886056));
#2570=CARTESIAN_POINT('Ctrl Pts',(17.9064574809872,22.3024224041861,20.5790049195388));
#2571=CARTESIAN_POINT('Ctrl Pts',(18.8587152411383,24.0376147903296,22.3812405127564));
#2572=CARTESIAN_POINT('Ctrl Pts',(19.2441946391449,24.9272153486134,23.5898608173921));
#2573=CARTESIAN_POINT('Ctrl Pts',(19.3683994901317,25.3127346854909,24.3294077447139));
#2574=CARTESIAN_POINT('Ctrl Pts',(19.3991625887553,25.4351159157701,24.9999349792797));
#2575=CARTESIAN_POINT('Ctrl Pts',(19.3706819294905,25.3220170067002,25.620174337316));
#2576=CARTESIAN_POINT('Ctrl Pts',(19.2568718754146,24.9667142083402,26.3442895175215));
#2577=CARTESIAN_POINT('Ctrl Pts',(18.9084566269133,24.1288158375659,27.5232577294197));
#2578=CARTESIAN_POINT('Ctrl Pts',(17.9078720694699,22.3032950352927,29.4200615536406));
#2579=CARTESIAN_POINT('Ctrl Pts',(16.2860574957859,19.9648953798272,31.1156532121582));
#2580=CARTESIAN_POINT('Ctrl Pts',(15.2799119018122,18.6059424219279,31.9221822278177));
#2581=CARTESIAN_POINT('Ctrl Pts',(14.4274406954932,20.7481017984521,17.0257832101123));
#2582=CARTESIAN_POINT('Ctrl Pts',(15.4874855681661,22.3256460596853,17.6981324431182));
#2583=CARTESIAN_POINT('Ctrl Pts',(17.3223440209823,25.1098508996691,19.168818985538));
#2584=CARTESIAN_POINT('Ctrl Pts',(18.7341336192076,27.3655225980072,21.043894470358));
#2585=CARTESIAN_POINT('Ctrl Pts',(19.4858948138674,28.609779351713,22.6085683879815));
#2586=CARTESIAN_POINT('Ctrl Pts',(19.8238407859396,29.1862254329361,23.7654668738933));
#2587=CARTESIAN_POINT('Ctrl Pts',(19.9337778119367,29.3773742266834,24.999886011668));
#2588=CARTESIAN_POINT('Ctrl Pts',(19.8321970725533,29.2008496697052,26.1397696714148));
#2589=CARTESIAN_POINT('Ctrl Pts',(19.5204302955213,28.6689323700956,27.2943668193278));
#2590=CARTESIAN_POINT('Ctrl Pts',(18.8084535211743,27.4842497806153,28.8571759329397));
#2591=CARTESIAN_POINT('Ctrl Pts',(17.3225816425253,25.1102245025862,30.8309874104223));
#2592=CARTESIAN_POINT('Ctrl Pts',(15.4874855672792,22.3256460583499,32.3018675575371));
#2593=CARTESIAN_POINT('Ctrl Pts',(14.4274406945202,20.7481017970037,32.974216790505));
#2594=CARTESIAN_POINT('Ctrl Pts',(14.1912212574968,21.4494389641829,16.6247673413439));
#2595=CARTESIAN_POINT('Ctrl Pts',(15.2810572303419,23.0966805761875,17.2475395655117));
#2596=CARTESIAN_POINT('Ctrl Pts',(17.2165585140163,26.02211002979,18.637145713005));
#2597=CARTESIAN_POINT('Ctrl Pts',(18.8173305879405,28.4416102456059,20.5451117774504));
#2598=CARTESIAN_POINT('Ctrl Pts',(19.7145074504264,29.7976556488021,22.2444953336492));
#2599=CARTESIAN_POINT('Ctrl Pts',(20.1357644071871,30.4343679668136,23.5571124696376));
#2600=CARTESIAN_POINT('Ctrl Pts',(20.2765907121469,30.6472210523923,24.9999995406338));
#2601=CARTESIAN_POINT('Ctrl Pts',(20.146552248086,30.4506733383329,26.3318847232691));
#2602=CARTESIAN_POINT('Ctrl Pts',(19.7577386217425,29.8629977609199,27.646656606254));
#2603=CARTESIAN_POINT('Ctrl Pts',(18.901621127291,28.5690118797748,29.354470383687));
#2604=CARTESIAN_POINT('Ctrl Pts',(17.2166790003954,26.0222921399261,31.3628844454599));
#2605=CARTESIAN_POINT('Ctrl Pts',(15.2810572294158,23.0966805747876,32.7524604351039));
#2606=CARTESIAN_POINT('Ctrl Pts',(14.1912212564962,21.4494389626706,33.3752326592278));
#2607=CARTESIAN_POINT('Ctrl Pts',(12.478561884071,9.60978632985206,44.0670190283479));
#2608=CARTESIAN_POINT('Ctrl Pts',(11.6878062207231,10.6366034870258,46.0396832697383));
#2609=CARTESIAN_POINT('Ctrl Pts',(10.2071821335004,12.1620056715759,48.60799815117));
#2610=CARTESIAN_POINT('Ctrl Pts',(7.60894853062947,13.8589616439566,50.8353191568351));
#2611=CARTESIAN_POINT('Ctrl Pts',(5.390042432465,14.8674422865494,51.753134763331));
#2612=CARTESIAN_POINT('Ctrl Pts',(2.99921344727237,15.5279366502685,51.8126459062204));
#2613=CARTESIAN_POINT('Ctrl Pts',(-0.251116854328774,15.8926491082671,50.7468979010814));
#2614=CARTESIAN_POINT('Ctrl Pts',(-4.56630233764849,15.3566936240589,47.0403702055225));
#2615=CARTESIAN_POINT('Ctrl Pts',(-7.69070615312565,13.845910657974,41.5552797883797));
#2616=CARTESIAN_POINT('Ctrl Pts',(-9.44297953397846,12.6186192997602,36.6885855349363));
#2617=CARTESIAN_POINT('Ctrl Pts',(-10.4309819557785,11.8281988641847,33.1953165853961));
#2618=CARTESIAN_POINT('Ctrl Pts',(-11.1181887050962,11.1598453491352,29.2805027427132));
#2619=CARTESIAN_POINT('Ctrl Pts',(-11.3108109868746,10.9597699053046,25.0012682771257));
#2620=CARTESIAN_POINT('Ctrl Pts',(-11.1186699924806,11.1586082316284,20.7140121624549));
#2621=CARTESIAN_POINT('Ctrl Pts',(-10.084672704435,12.1680089880976,14.8591462873552));
#2622=CARTESIAN_POINT('Ctrl Pts',(-7.71845060028326,13.8898578672203,8.39363170080003));
#2623=CARTESIAN_POINT('Ctrl Pts',(-4.06138922237537,15.4157854482499,2.51157516973509));
#2624=CARTESIAN_POINT('Ctrl Pts',(-0.24926157626387,15.894078514003,-0.742420327850504));
#2625=CARTESIAN_POINT('Ctrl Pts',(2.9984356273797,15.5273915043351,-1.81461041791951));
#2626=CARTESIAN_POINT('Ctrl Pts',(5.39048315547396,14.8677382771046,-1.75263791723283));
#2627=CARTESIAN_POINT('Ctrl Pts',(7.60958246198728,13.8584490833359,-0.834486422334216));
#2628=CARTESIAN_POINT('Ctrl Pts',(9.55667780377418,12.5867840815554,0.833247074390058));
#2629=CARTESIAN_POINT('Ctrl Pts',(11.1960974804167,11.1439631396355,3.10797001645243));
#2630=CARTESIAN_POINT('Ctrl Pts',(12.0832046321185,10.1231681849903,4.94670019069388));
#2631=CARTESIAN_POINT('Ctrl Pts',(12.4785618828443,9.60978633144497,5.93298096859185));
#2632=CARTESIAN_POINT('Ctrl Pts',(11.8737353828661,10.3951695491403,42.7955137531062));
#2633=CARTESIAN_POINT('Ctrl Pts',(11.0193404182062,11.3707003205537,44.583642106253));
#2634=CARTESIAN_POINT('Ctrl Pts',(9.48194088987275,12.744234751301,46.8573647444602));
#2635=CARTESIAN_POINT('Ctrl Pts',(7.07542520285333,14.1329702374086,48.7494168152664));
#2636=CARTESIAN_POINT('Ctrl Pts',(5.16067081331218,14.9287966880206,49.5096345809337));
#2637=CARTESIAN_POINT('Ctrl Pts',(3.1692934934856,15.4721098375837,49.5565678759606));
#2638=CARTESIAN_POINT('Ctrl Pts',(0.436699569385614,15.8630257339579,48.6810948874356));
#2639=CARTESIAN_POINT('Ctrl Pts',(-3.53564716033332,15.6427514764239,45.5148186921024));
#2640=CARTESIAN_POINT('Ctrl Pts',(-6.83109203493306,14.3385195984082,40.5248918921329));
#2641=CARTESIAN_POINT('Ctrl Pts',(-8.72955170425171,13.1521473575721,35.996357997322));
#2642=CARTESIAN_POINT('Ctrl Pts',(-9.81834481702895,12.3729074271468,32.7284027859472));
#2643=CARTESIAN_POINT('Ctrl Pts',(-10.5855401278135,11.690780515909,29.0414076276517));
#2644=CARTESIAN_POINT('Ctrl Pts',(-10.8015731175488,11.4852477845028,25.0012227238863));
#2645=CARTESIAN_POINT('Ctrl Pts',(-10.5864697082844,11.6896653525811,20.9533171866498));
#2646=CARTESIAN_POINT('Ctrl Pts',(-9.43024754977769,12.7191650026265,15.4396337753158));
#2647=CARTESIAN_POINT('Ctrl Pts',(-6.84347300495978,14.3890346261274,9.42153008126328));
#2648=CARTESIAN_POINT('Ctrl Pts',(-3.06942275232004,15.6628056351539,4.10178929115857));
#2649=CARTESIAN_POINT('Ctrl Pts',(0.437067054501179,15.8649528073178,1.32335694278561));
#2650=CARTESIAN_POINT('Ctrl Pts',(3.16986672939235,15.4716499787773,0.441246222678001));
#2651=CARTESIAN_POINT('Ctrl Pts',(5.1605827573589,14.9288492465744,0.49104292742615));
#2652=CARTESIAN_POINT('Ctrl Pts',(7.07625447200642,14.1332682835239,1.25094511734091));
#2653=CARTESIAN_POINT('Ctrl Pts',(8.87929562423139,13.0905119602027,2.66867704395593));
#2654=CARTESIAN_POINT('Ctrl Pts',(10.5088379217133,11.829683025603,4.66062291052563));
#2655=CARTESIAN_POINT('Ctrl Pts',(11.4465601365171,10.8829095461296,6.31046860742037));
#2656=CARTESIAN_POINT('Ctrl Pts',(11.8737353815407,10.3951695506539,7.20448624411999));
#2657=CARTESIAN_POINT('Ctrl Pts',(11.0796729369345,12.2858105648888,40.2526792557912));
#2658=CARTESIAN_POINT('Ctrl Pts',(10.1469632433867,13.2512364338035,41.6714487185176));
#2659=CARTESIAN_POINT('Ctrl Pts',(8.54769980703977,14.4977543815957,43.3569604404287));
#2660=CARTESIAN_POINT('Ctrl Pts',(6.470899665127,15.5117480659524,44.5783390826952));
#2661=CARTESIAN_POINT('Ctrl Pts',(5.05455881690532,16.0178694172187,45.0236836916433));
#2662=CARTESIAN_POINT('Ctrl Pts',(3.70473680184304,16.3766900897722,45.0451659100514));
#2663=CARTESIAN_POINT('Ctrl Pts',(1.78406583198656,16.7511759165228,44.5504644601775));
#2664=CARTESIAN_POINT('Ctrl Pts',(-1.70566857625832,16.8462467124605,42.4640947763956));
#2665=CARTESIAN_POINT('Ctrl Pts',(-5.31458489460821,15.6624821583067,38.4642114787878));
#2666=CARTESIAN_POINT('Ctrl Pts',(-7.45574212209605,14.4216402801175,34.6119760751665));
#2667=CARTESIAN_POINT('Ctrl Pts',(-8.7096355345493,13.590476808712,31.7945927955749));
#2668=CARTESIAN_POINT('Ctrl Pts',(-9.60498937449957,12.837437707901,28.563230311874));
#2669=CARTESIAN_POINT('Ctrl Pts',(-9.85856152550178,12.6092928941142,25.0011288201763));
#2670=CARTESIAN_POINT('Ctrl Pts',(-9.60672465182194,12.836435467147,21.4319214050941));
#2671=CARTESIAN_POINT('Ctrl Pts',(-8.25425301142169,13.9718856906597,16.6005861218019));
#2672=CARTESIAN_POINT('Ctrl Pts',(-5.30382845140586,15.7241464953949,11.4771980265406));
#2673=CARTESIAN_POINT('Ctrl Pts',(-1.29318723678251,16.8265160698851,7.28182851738643));
#2674=CARTESIAN_POINT('Ctrl Pts',(1.78190006224872,16.7537301889126,5.45387261058132));
#2675=CARTESIAN_POINT('Ctrl Pts',(3.70754112325081,16.3762757291674,4.95192275020071));
#2676=CARTESIAN_POINT('Ctrl Pts',(5.05357801801959,16.0177124926372,4.97758773253465));
#2677=CARTESIAN_POINT('Ctrl Pts',(6.47207300172094,15.5129379995425,5.42068515243082));
#2678=CARTESIAN_POINT('Ctrl Pts',(8.02726304941276,14.748522695866,6.33896882029863));
#2679=CARTESIAN_POINT('Ctrl Pts',(9.61620441359347,13.6707128361097,7.76535473160834));
#2680=CARTESIAN_POINT('Ctrl Pts',(10.6133423643429,12.768498373579,9.03797293719874));
#2681=CARTESIAN_POINT('Ctrl Pts',(11.0796729354878,12.2858105663865,9.74732074200766));
#2682=CARTESIAN_POINT('Ctrl Pts',(11.2428740962504,15.4972318352928,37.1167680244962));
#2683=CARTESIAN_POINT('Ctrl Pts',(10.3679423086652,16.6555396688629,38.1444624711344));
#2684=CARTESIAN_POINT('Ctrl Pts',(8.87991828909457,18.157090423952,39.2561741136991));
#2685=CARTESIAN_POINT('Ctrl Pts',(7.06725083657182,19.3398786843963,39.8928836626523));
#2686=CARTESIAN_POINT('Ctrl Pts',(5.90829934936405,19.8732377061106,40.0768128962421));
#2687=CARTESIAN_POINT('Ctrl Pts',(4.83016613177,20.166028054423,40.0791002901867));
#2688=CARTESIAN_POINT('Ctrl Pts',(3.20990728366074,20.3519390444506,39.8949837678048));
#2689=CARTESIAN_POINT('Ctrl Pts',(-0.153659734707915,20.0119584178762,38.7647041581296));
#2690=CARTESIAN_POINT('Ctrl Pts',(-3.93873892711766,18.2739867707034,35.8353001315567));
#2691=CARTESIAN_POINT('Ctrl Pts',(-6.21350810814418,16.6364808914563,32.8023042438227));
#2692=CARTESIAN_POINT('Ctrl Pts',(-7.55610209578101,15.5600955551809,30.5505955929958));
#2693=CARTESIAN_POINT('Ctrl Pts',(-8.52209767344981,14.6098062248375,27.9200199408602));
#2694=CARTESIAN_POINT('Ctrl Pts',(-8.79659229595671,14.3235305058599,25.0009788416851));
#2695=CARTESIAN_POINT('Ctrl Pts',(-8.52417826675421,14.6085290865244,22.0758021517806));
#2696=CARTESIAN_POINT('Ctrl Pts',(-7.06401288166805,16.0414463967868,18.14370261563));
#2697=CARTESIAN_POINT('Ctrl Pts',(-3.91875702160747,18.3431882369336,14.10777156177));
#2698=CARTESIAN_POINT('Ctrl Pts',(0.244991615701705,20.0422295656529,11.0962487070277));
#2699=CARTESIAN_POINT('Ctrl Pts',(3.20684740647316,20.3549663756161,10.1087681013667));
#2700=CARTESIAN_POINT('Ctrl Pts',(4.8336412043183,20.1654129111595,9.91804671980947));
#2701=CARTESIAN_POINT('Ctrl Pts',(5.90707310122952,19.8732037964672,9.92457547500663));
#2702=CARTESIAN_POINT('Ctrl Pts',(7.06843522885588,19.341009301555,10.1055615764615));
#2703=CARTESIAN_POINT('Ctrl Pts',(8.42563834546449,18.449993430295,10.5871846800052));
#2704=CARTESIAN_POINT('Ctrl Pts',(9.87406301246917,17.1600805687224,11.4814954120239));
#2705=CARTESIAN_POINT('Ctrl Pts',(10.805430972949,16.076355606447,12.369411498603));
#2706=CARTESIAN_POINT('Ctrl Pts',(11.2428740948931,15.4972318370897,12.8832319739096));
#2707=CARTESIAN_POINT('Ctrl Pts',(12.3754947770186,18.6402509828383,34.8090630075292));
#2708=CARTESIAN_POINT('Ctrl Pts',(11.6772463979218,20.0759529144316,35.6511700679011));
#2709=CARTESIAN_POINT('Ctrl Pts',(10.4297131273337,22.0392591490625,36.5786306317959));
#2710=CARTESIAN_POINT('Ctrl Pts',(8.65813097157285,23.7989445654958,37.1472070255847));
#2711=CARTESIAN_POINT('Ctrl Pts',(7.3452148313671,24.6465733519739,37.3257980106153));
#2712=CARTESIAN_POINT('Ctrl Pts',(5.98467744108256,25.0357738922151,37.3307909537256));
#2713=CARTESIAN_POINT('Ctrl Pts',(3.95906861440324,24.9988740368255,37.1436484315723));
#2714=CARTESIAN_POINT('Ctrl Pts',(0.332542318497229,23.7786856001732,36.1491962588994));
#2715=CARTESIAN_POINT('Ctrl Pts',(-3.3343165978202,21.1213571985887,33.7589910676451));
#2716=CARTESIAN_POINT('Ctrl Pts',(-5.53881557206504,18.935127696608,31.3029547464353));
#2717=CARTESIAN_POINT('Ctrl Pts',(-6.83343917678694,17.5330285714875,29.4823764667784));
#2718=CARTESIAN_POINT('Ctrl Pts',(-7.76927671863127,16.3431466152477,27.3577835869787));
#2719=CARTESIAN_POINT('Ctrl Pts',(-8.03550081459898,15.9875396438202,25.0007942247181));
#2720=CARTESIAN_POINT('Ctrl Pts',(-7.77093295945406,16.3413343832937,22.6388297166063));
#2721=CARTESIAN_POINT('Ctrl Pts',(-6.35805859611694,18.1365259412304,19.4630984525407));
#2722=CARTESIAN_POINT('Ctrl Pts',(-3.32394890647675,21.193445173613,16.1967817143667));
#2723=CARTESIAN_POINT('Ctrl Pts',(0.75981045719786,23.9129088578362,13.7290283591531));
#2724=CARTESIAN_POINT('Ctrl Pts',(3.95778809126303,25.0021135024299,12.8591426364425));
#2725=CARTESIAN_POINT('Ctrl Pts',(5.98663025077827,25.0347873028295,12.6671664353122));
#2726=CARTESIAN_POINT('Ctrl Pts',(7.3446274145316,24.6468939467826,12.6751977615777));
#2727=CARTESIAN_POINT('Ctrl Pts',(8.65894497976788,23.7992245682873,12.8517241947954));
#2728=CARTESIAN_POINT('Ctrl Pts',(9.98604603193921,22.4778884325486,13.2809621703021));
#2729=CARTESIAN_POINT('Ctrl Pts',(11.262950405416,20.7320308285434,14.0373483259918));
#2730=CARTESIAN_POINT('Ctrl Pts',(12.0263887596755,19.3580645836935,14.7699053786653));
#2731=CARTESIAN_POINT('Ctrl Pts',(12.3754947759353,18.6402509850655,15.1909369911645));
#2732=CARTESIAN_POINT('Ctrl Pts',(13.5194733154865,20.5305521621458,33.7833331417392));
#2733=CARTESIAN_POINT('Ctrl Pts',(12.9770601820223,22.1553966549677,34.6217856034704));
#2734=CARTESIAN_POINT('Ctrl Pts',(11.9183395263959,24.4560115180405,35.6465986492747));
#2735=CARTESIAN_POINT('Ctrl Pts',(10.0479580548419,26.6957175549935,36.4443676831183));
#2736=CARTESIAN_POINT('Ctrl Pts',(8.44706867856273,27.8351030345047,36.7520207579673));
#2737=CARTESIAN_POINT('Ctrl Pts',(6.66596690184755,28.3530396159416,36.7694818153624));
#2738=CARTESIAN_POINT('Ctrl Pts',(4.08467185708286,28.20146589113,36.4198322070269));
#2739=CARTESIAN_POINT('Ctrl Pts',(0.130713144324238,26.338670840083,35.0743901148318));
#2740=CARTESIAN_POINT('Ctrl Pts',(-3.32015444167542,23.0008699436692,32.725148605146));
#2741=CARTESIAN_POINT('Ctrl Pts',(-5.37868920417758,20.4218627908743,30.5033967538702));
#2742=CARTESIAN_POINT('Ctrl Pts',(-6.57588983897401,18.7882220379856,28.8849745775952));
#2743=CARTESIAN_POINT('Ctrl Pts',(-7.44263433768638,17.4319336967454,27.036140094019));
#2744=CARTESIAN_POINT('Ctrl Pts',(-7.689231938334,17.0284476851412,25.0006437311437));
#2745=CARTESIAN_POINT('Ctrl Pts',(-7.44372685942579,17.4296953899698,22.9610956072959));
#2746=CARTESIAN_POINT('Ctrl Pts',(-6.13724361041098,19.4767454428161,20.1967805601612));
#2747=CARTESIAN_POINT('Ctrl Pts',(-3.32451626281034,23.0746367384385,17.2442923039194));
#2748=CARTESIAN_POINT('Ctrl Pts',(0.593725808744441,26.5492255182797,14.7624423670792));
#2749=CARTESIAN_POINT('Ctrl Pts',(4.08563272554312,28.2046862426918,13.5823466117535));
#2750=CARTESIAN_POINT('Ctrl Pts',(6.66613852987933,28.3519069968213,13.2291930288217));
#2751=CARTESIAN_POINT('Ctrl Pts',(8.44716780531609,27.8356304477408,13.2485363942732));
#2752=CARTESIAN_POINT('Ctrl Pts',(10.0485149217923,26.6953521260232,13.5553466963565));
#2753=CARTESIAN_POINT('Ctrl Pts',(11.4500209061352,25.015961612352,14.1541931157849));
#2754=CARTESIAN_POINT('Ctrl Pts',(12.6255648207463,22.9218313254111,15.03659739265));
#2755=CARTESIAN_POINT('Ctrl Pts',(13.2482808652513,21.3429321210992,15.7974624486304));
#2756=CARTESIAN_POINT('Ctrl Pts',(13.5194733146452,20.5305521646664,16.2166668569599));
#2757=CARTESIAN_POINT('Ctrl Pts',(14.191221258206,21.4494389615189,33.3752326573117));
#2758=CARTESIAN_POINT('Ctrl Pts',(13.7342216939504,23.1670172858126,34.241730034371));
#2759=CARTESIAN_POINT('Ctrl Pts',(12.7711249325815,25.6358775445111,35.3698683467756));
#2760=CARTESIAN_POINT('Ctrl Pts',(10.8161250325829,28.1252391208753,36.348224302535));
#2761=CARTESIAN_POINT('Ctrl Pts',(9.02737883559567,29.4221812466559,36.7513769521174));
#2762=CARTESIAN_POINT('Ctrl Pts',(6.9848225727114,30.0180961766192,36.7775173606762));
#2763=CARTESIAN_POINT('Ctrl Pts',(4.06379318881405,29.82526848304,36.3093850593535));
#2764=CARTESIAN_POINT('Ctrl Pts',(-0.0900387137519411,27.6504180504677,
34.6812841089678));
#2765=CARTESIAN_POINT('Ctrl Pts',(-3.40117945052805,23.9639387621842,32.271945327606));
#2766=CARTESIAN_POINT('Ctrl Pts',(-5.36092440547313,21.1816904672121,30.1342385060001));
#2767=CARTESIAN_POINT('Ctrl Pts',(-6.492519770043,19.4278166041325,28.599811958071));
#2768=CARTESIAN_POINT('Ctrl Pts',(-7.31166345317914,17.9848734066927,26.8802208309117));
#2769=CARTESIAN_POINT('Ctrl Pts',(-7.54471135653533,17.5564613052342,25.0005570936908));
#2770=CARTESIAN_POINT('Ctrl Pts',(-7.31244507601693,17.982416327789,23.1173698283679));
#2771=CARTESIAN_POINT('Ctrl Pts',(-6.07891093767868,20.1606158640518,20.5456063131374));
#2772=CARTESIAN_POINT('Ctrl Pts',(-3.41507222389956,24.0390993538376,17.7056139246504));
#2773=CARTESIAN_POINT('Ctrl Pts',(0.395016025781902,27.8980858492088,15.1219068502575));
#2774=CARTESIAN_POINT('Ctrl Pts',(4.06590327589257,29.8284587475636,13.6925817251498));
#2775=CARTESIAN_POINT('Ctrl Pts',(6.98395256018968,30.0168604796829,13.2216197229699));
#2776=CARTESIAN_POINT('Ctrl Pts',(9.02786830923048,29.4228571515944,13.2488412886921));
#2777=CARTESIAN_POINT('Ctrl Pts',(10.8165753840461,28.1244464272681,13.6521414780401));
#2778=CARTESIAN_POINT('Ctrl Pts',(12.2816420136669,26.25897678874,14.3846973130498));
#2779=CARTESIAN_POINT('Ctrl Pts',(13.4145924799574,23.9883826135885,15.383874680124));
#2780=CARTESIAN_POINT('Ctrl Pts',(13.9627333696317,22.3081834227715,16.1915412052581));
#2781=CARTESIAN_POINT('Ctrl Pts',(14.1912212574971,21.4494389641834,16.6247673413441));
#2782=CARTESIAN_POINT('Ctrl Pts',(8.53825652419574,13.234872869111,49.999743512682));
#2783=CARTESIAN_POINT('Ctrl Pts',(8.59933658499093,13.1954644085277,49.9483374115705));
#2784=CARTESIAN_POINT('Ctrl Pts',(8.65998780232204,13.1557350910633,49.8959321101444));
#2785=CARTESIAN_POINT('Ctrl Pts',(8.72020562974427,13.1156973824454,49.8425479086029));
#2786=CARTESIAN_POINT('Ctrl Pts',(8.99087952292923,12.9357313669025,49.6025905689846));
#2787=CARTESIAN_POINT('Ctrl Pts',(9.25286935776519,12.7494851180214,49.3427622556442));
#2788=CARTESIAN_POINT('Ctrl Pts',(9.50560136960155,12.5581811733907,49.0650235641286));
#2789=CARTESIAN_POINT('Ctrl Pts',(9.83015812530484,12.3125099298809,48.7083533979847));
#2790=CARTESIAN_POINT('Ctrl Pts',(10.1394462802363,12.0584977612838,48.3221454731908));
#2791=CARTESIAN_POINT('Ctrl Pts',(10.4336271820156,11.7982409689375,47.9092611420453));
#2792=CARTESIAN_POINT('Ctrl Pts',(10.7444948755529,11.5232216584561,47.4729568172419));
#2793=CARTESIAN_POINT('Ctrl Pts',(11.038492935789,11.2412296881239,47.0068645203216));
#2794=CARTESIAN_POINT('Ctrl Pts',(11.3158436109567,10.9547479392684,46.5144103151331));
#2795=CARTESIAN_POINT('Ctrl Pts',(11.6301423432165,10.6301017114328,45.9563524258089));
#2796=CARTESIAN_POINT('Ctrl Pts',(11.9230622896427,10.2996906669771,45.3644416032706));
#2797=CARTESIAN_POINT('Ctrl Pts',(12.1949703214049,9.9671286608063,44.7437170962357));
#2798=CARTESIAN_POINT('Ctrl Pts',(12.2921455724953,9.84827672310027,44.5218808399172));
#2799=CARTESIAN_POINT('Ctrl Pts',(12.3866654467078,9.72911628588795,44.2962691295211));
#2800=CARTESIAN_POINT('Ctrl Pts',(12.4785618828443,9.60978633144496,44.0670190314081));
#2801=CARTESIAN_POINT('Ctrl Pts',(12.4785618828443,9.60978633144497,5.93298096859185));
#2802=CARTESIAN_POINT('Ctrl Pts',(12.0832046321185,10.1231681849903,4.94670019069388));
#2803=CARTESIAN_POINT('Ctrl Pts',(11.1960974804167,11.1439631396355,3.10797001645243));
#2804=CARTESIAN_POINT('Ctrl Pts',(9.82071596655013,12.3544092990961,1.19960455746998));
#2805=CARTESIAN_POINT('Ctrl Pts',(8.87382531661349,13.018283103086,0.282238325441622));
#2806=CARTESIAN_POINT('Ctrl Pts',(8.53831323068808,13.2347671196066,-3.34839212341453E-5));
#2807=CARTESIAN_POINT('Ctrl Pts',(-0.886650538364821,15.7245790252399,0.00035405189532467));
#2808=CARTESIAN_POINT('Ctrl Pts',(-1.17092186431582,15.7082729913231,0.201737152831965));
#2809=CARTESIAN_POINT('Ctrl Pts',(-1.45179779027311,15.6844513363586,0.418438061292065));
#2810=CARTESIAN_POINT('Ctrl Pts',(-1.72884282888039,15.6537041539708,0.649337604321693));
#2811=CARTESIAN_POINT('Ctrl Pts',(-2.0140084476982,15.6220557283697,0.887005138105359));
#2812=CARTESIAN_POINT('Ctrl Pts',(-2.29511565702168,15.5830696928182,1.13971617876329));
#2813=CARTESIAN_POINT('Ctrl Pts',(-2.57168347903276,15.5373647103107,1.40630120907117));
#2814=CARTESIAN_POINT('Ctrl Pts',(-2.8622362107853,15.4893486127558,1.68636635995189));
#2815=CARTESIAN_POINT('Ctrl Pts',(-3.1477793705034,15.433916760497,1.98174435639271));
#2816=CARTESIAN_POINT('Ctrl Pts',(-3.42774201665678,15.3717614052814,2.29113026694684));
#2817=CARTESIAN_POINT('Ctrl Pts',(-3.58972727029157,15.3357985683898,2.47013970224375));
#2818=CARTESIAN_POINT('Ctrl Pts',(-3.74984403373223,15.2975844311716,2.65383953007546));
#2819=CARTESIAN_POINT('Ctrl Pts',(-3.90797880926156,15.2572498612537,2.84198352925237));
#2820=CARTESIAN_POINT('Ctrl Pts',(-3.94822781299998,15.2469837686123,2.8898705831966));
#2821=CARTESIAN_POINT('Ctrl Pts',(-3.98834840671972,15.2365802992189,2.93804556136301));
#2822=CARTESIAN_POINT('Ctrl Pts',(-4.02834056298074,15.2260415664832,2.98650654880359));
#2823=CARTESIAN_POINT('Ctrl Pts',(-4.50570170127055,15.1002473626895,3.56495478190953));
#2824=CARTESIAN_POINT('Ctrl Pts',(-4.96427293503715,14.9553102753031,4.18317624804199));
#2825=CARTESIAN_POINT('Ctrl Pts',(-5.4035007932791,14.7950986000638,4.83723463396645));
#2826=CARTESIAN_POINT('Ctrl Pts',(-5.87829003871688,14.6219156405364,5.54424782017072));
#2827=CARTESIAN_POINT('Ctrl Pts',(-6.33047362380333,14.4308844737547,6.29313719296182));
#2828=CARTESIAN_POINT('Ctrl Pts',(-6.75931603246399,14.226910845244,7.07889239561381));
#2829=CARTESIAN_POINT('Ctrl Pts',(-7.0329694921121,14.0967509357023,7.58029949831565));
#2830=CARTESIAN_POINT('Ctrl Pts',(-7.29711811049822,13.961321362757,8.09671744147488));
#2831=CARTESIAN_POINT('Ctrl Pts',(-7.5515707602463,13.821899701736,8.62683347773864));
#2832=CARTESIAN_POINT('Ctrl Pts',(-7.98232497506912,13.5858775255793,9.52424884044701));
#2833=CARTESIAN_POINT('Ctrl Pts',(-8.38529333428709,13.3384128626212,10.4609205849872));
#2834=CARTESIAN_POINT('Ctrl Pts',(-8.75657591298792,13.0900357194353,11.4419075851665));
#2835=CARTESIAN_POINT('Ctrl Pts',(-9.02480469992778,12.9105985369706,12.150610250351));
#2836=CARTESIAN_POINT('Ctrl Pts',(-9.27653742691845,12.7306600258298,12.8804947625361));
#2837=CARTESIAN_POINT('Ctrl Pts',(-9.51039711635848,12.5541040610986,13.6342886559216));
#2838=CARTESIAN_POINT('Ctrl Pts',(-9.71325718829442,12.40095173377,14.2881622833226));
#2839=CARTESIAN_POINT('Ctrl Pts',(-9.90266834843296,12.2503434948764,14.9600252212664));
#2840=CARTESIAN_POINT('Ctrl Pts',(-10.0776981930611,12.1048315295694,15.6516675600581));
#2841=CARTESIAN_POINT('Ctrl Pts',(-10.1044449953445,12.0825954373521,15.7573593689369));
#2842=CARTESIAN_POINT('Ctrl Pts',(-10.1308558964998,12.0604784066167,15.8635131030163));
#2843=CARTESIAN_POINT('Ctrl Pts',(-10.1569274857183,12.0384896111767,15.9701352007686));
#2844=CARTESIAN_POINT('Ctrl Pts',(-10.2908561868439,11.925534056841,16.517848611852));
#2845=CARTESIAN_POINT('Ctrl Pts',(-10.41583345568,11.8159597856624,17.0779206629197));
#2846=CARTESIAN_POINT('Ctrl Pts',(-10.53000322743,11.7130840004351,17.6504963050032));
#2847=CARTESIAN_POINT('Ctrl Pts',(-10.6286778921411,11.6241705038187,18.145362053076));
#2848=CARTESIAN_POINT('Ctrl Pts',(-10.7192798137955,11.5402602395408,18.6495679616822));
#2849=CARTESIAN_POINT('Ctrl Pts',(-10.8005853074983,11.4635236253905,19.1632121446437));
#2850=CARTESIAN_POINT('Ctrl Pts',(-10.855917456386,11.4113008103515,19.5127707674697));
#2851=CARTESIAN_POINT('Ctrl Pts',(-10.906943539077,11.3624009843653,19.8667007516139));
#2852=CARTESIAN_POINT('Ctrl Pts',(-10.9532686981483,11.3175189607117,20.2250337647917));
#2853=CARTESIAN_POINT('Ctrl Pts',(-11.0208745142996,11.2520192214673,20.7479762931172));
#2854=CARTESIAN_POINT('Ctrl Pts',(-11.0784050340385,11.1951395192989,21.2789266193037));
#2855=CARTESIAN_POINT('Ctrl Pts',(-11.1247808418896,11.1488975418767,21.8179924258988));
#2856=CARTESIAN_POINT('Ctrl Pts',(-11.1670849212158,11.1067155428622,22.3097290381751));
#2857=CARTESIAN_POINT('Ctrl Pts',(-11.200107352182,11.0733842963257,22.808217262514));
#2858=CARTESIAN_POINT('Ctrl Pts',(-11.2231882216996,11.0499536346141,23.3101640541138));
#2859=CARTESIAN_POINT('Ctrl Pts',(-11.2470662161349,11.0257137675009,23.8294461672736));
#2860=CARTESIAN_POINT('Ctrl Pts',(-11.260304724144,11.0120693229902,24.35243184367));
#2861=CARTESIAN_POINT('Ctrl Pts',(-11.2621418893289,11.0102129418786,24.8755043425525));
#2862=CARTESIAN_POINT('Ctrl Pts',(-11.2622876431,11.0100656635882,24.9170029458806));
#2863=CARTESIAN_POINT('Ctrl Pts',(-11.2623616154093,11.0099926013984,24.9585021009475));
#2864=CARTESIAN_POINT('Ctrl Pts',(-11.2623634159076,11.0099943611624,25.0000000032636));
#2865=CARTESIAN_POINT('Ctrl Pts',(-11.2623634197483,11.0099943649162,25.0000885240349));
#2866=CARTESIAN_POINT('Ctrl Pts',(-11.2623634232659,11.0099943690051,25.0001770448039));
#2867=CARTESIAN_POINT('Ctrl Pts',(-11.2623634264602,11.0099943734292,25.0002655655706));
#2868=CARTESIAN_POINT('Ctrl Pts',(-11.262375953658,11.0100117229484,25.3474127079402));
#2869=CARTESIAN_POINT('Ctrl Pts',(-11.2574180742792,11.0151831277814,25.6945282775371));
#2870=CARTESIAN_POINT('Ctrl Pts',(-11.247608312548,11.0252584503817,26.0405967856387));
#2871=CARTESIAN_POINT('Ctrl Pts',(-11.2408446608471,11.0322052014558,26.2792047067683));
#2872=CARTESIAN_POINT('Ctrl Pts',(-11.2317746182341,11.0414831268153,26.5173137621239));
#2873=CARTESIAN_POINT('Ctrl Pts',(-11.22043669163,11.0530097373409,26.7545767026878));
#2874=CARTESIAN_POINT('Ctrl Pts',(-11.1987718193525,11.075035152882,27.2079463074643));
#2875=CARTESIAN_POINT('Ctrl Pts',(-11.1689796639772,11.105115218461,27.658650144694));
#2876=CARTESIAN_POINT('Ctrl Pts',(-11.1315809199516,11.1424178468863,28.1041457418663));
#2877=CARTESIAN_POINT('Ctrl Pts',(-11.129447946376,11.1445453386725,28.1295538233824));
#2878=CARTESIAN_POINT('Ctrl Pts',(-11.127290239727,11.1466963139373,28.1549449637185));
#2879=CARTESIAN_POINT('Ctrl Pts',(-11.1251079000352,11.1488706147624,28.1803186915272));
#2880=CARTESIAN_POINT('Ctrl Pts',(-11.0854783595389,11.1883541758787,28.641085261224));
#2881=CARTESIAN_POINT('Ctrl Pts',(-11.0377229043573,11.2355323996349,29.0961076371766));
#2882=CARTESIAN_POINT('Ctrl Pts',(-10.9825640995919,11.2891281891396,29.5449280378982));
#2883=CARTESIAN_POINT('Ctrl Pts',(-10.9252887214328,11.3447805754572,30.0109707356363));
#2884=CARTESIAN_POINT('Ctrl Pts',(-10.8600312450487,11.4073516572359,30.4703259911431));
#2885=CARTESIAN_POINT('Ctrl Pts',(-10.7876370199543,11.4753810085603,30.9225143068171));
#2886=CARTESIAN_POINT('Ctrl Pts',(-10.7121138856582,11.5463506173855,31.3942463938345));
#2887=CARTESIAN_POINT('Ctrl Pts',(-10.6288242234804,11.6232593608719,31.8581781532562));
#2888=CARTESIAN_POINT('Ctrl Pts',(-10.5387606075933,11.704431942716,32.3138071768143));
#2889=CARTESIAN_POINT('Ctrl Pts',(-10.5062987116452,11.7336892169183,32.4780308958821));
#2890=CARTESIAN_POINT('Ctrl Pts',(-10.4729570615842,11.7635003456536,32.6411764091374));
#2891=CARTESIAN_POINT('Ctrl Pts',(-10.4387829218686,11.7937868379349,32.8032216344226));
#2892=CARTESIAN_POINT('Ctrl Pts',(-10.3509118310019,11.8716617204466,33.2198843751399));
#2893=CARTESIAN_POINT('Ctrl Pts',(-10.2573578771949,11.9528384008109,33.6300411647802));
#2894=CARTESIAN_POINT('Ctrl Pts',(-10.1588200872925,12.0360563667833,34.0334274262905));
#2895=CARTESIAN_POINT('Ctrl Pts',(-9.99734361154172,12.1724278429213,34.6944671344014));
#2896=CARTESIAN_POINT('Ctrl Pts',(-9.82248259649473,12.3142813540092,35.3373224736994));
#2897=CARTESIAN_POINT('Ctrl Pts',(-9.63521212229149,12.4590148021678,35.9633256103702));
#2898=CARTESIAN_POINT('Ctrl Pts',(-9.56530636596691,12.5130420117536,36.1970048538106));
#2899=CARTESIAN_POINT('Ctrl Pts',(-9.49367171214328,12.5674702755396,36.4283362425044));
#2900=CARTESIAN_POINT('Ctrl Pts',(-9.42035984726159,12.622163489839,36.6573903938973));
#2901=CARTESIAN_POINT('Ctrl Pts',(-9.20461666987368,12.7831154428896,37.3314541419026));
#2902=CARTESIAN_POINT('Ctrl Pts',(-8.9743461484499,12.946362893756,37.9857934577705));
#2903=CARTESIAN_POINT('Ctrl Pts',(-8.73103122519681,13.108470515479,38.6232529818884));
#2904=CARTESIAN_POINT('Ctrl Pts',(-8.67042779729898,13.1488473137182,38.782027592961));
#2905=CARTESIAN_POINT('Ctrl Pts',(-8.60901527879787,13.1891533420835,38.9397552164459));
#2906=CARTESIAN_POINT('Ctrl Pts',(-8.54681687940714,13.2293354359253,39.0964801642508));
#2907=CARTESIAN_POINT('Ctrl Pts',(-8.293311233436,13.393107940614,39.7352531796701));
#2908=CARTESIAN_POINT('Ctrl Pts',(-8.02674825032088,13.5548212594744,40.3573671724386));
#2909=CARTESIAN_POINT('Ctrl Pts',(-7.74760224764457,13.7124375857351,40.9612012544428));
#2910=CARTESIAN_POINT('Ctrl Pts',(-7.50893835706292,13.8471961897771,41.4774665417664));
#2911=CARTESIAN_POINT('Ctrl Pts',(-7.26107684881211,13.9789596807583,41.9803697476992));
#2912=CARTESIAN_POINT('Ctrl Pts',(-7.00433287797906,14.1064608288908,42.4689209084264));
#2913=CARTESIAN_POINT('Ctrl Pts',(-6.60873076926813,14.3029200598539,43.2217014655306));
#2914=CARTESIAN_POINT('Ctrl Pts',(-6.19179119178328,14.4893854807033,43.9426449574163));
#2915=CARTESIAN_POINT('Ctrl Pts',(-5.75449949263978,14.6612749889968,44.6275460866766));
#2916=CARTESIAN_POINT('Ctrl Pts',(-5.42006054885711,14.7927353979494,45.1513557329928));
#2917=CARTESIAN_POINT('Ctrl Pts',(-5.07371715698811,14.9156696838872,45.6540831666601));
#2918=CARTESIAN_POINT('Ctrl Pts',(-4.7159365653295,15.0280317334951,46.1338589204124));
#2919=CARTESIAN_POINT('Ctrl Pts',(-4.45265928979591,15.1107147380622,46.4869078455354));
#2920=CARTESIAN_POINT('Ctrl Pts',(-4.18318903690718,15.1876729281638,46.8275287390725));
#2921=CARTESIAN_POINT('Ctrl Pts',(-3.90772827892108,15.2580951680127,47.154984538854));
#2922=CARTESIAN_POINT('Ctrl Pts',(-3.59212916635638,15.3387788797821,47.5301550733823));
#2923=CARTESIAN_POINT('Ctrl Pts',(-3.26866525268702,15.4108826585859,47.8880423836054));
#2924=CARTESIAN_POINT('Ctrl Pts',(-2.93843664328384,15.4733694486434,48.2260417210615));
#2925=CARTESIAN_POINT('Ctrl Pts',(-2.62749755446531,15.5322062211411,48.5442976292937));
#2926=CARTESIAN_POINT('Ctrl Pts',(-2.31033516504574,15.5825629011308,48.8454967771776));
#2927=CARTESIAN_POINT('Ctrl Pts',(-1.98769074600486,15.623563547525,49.1276948506329));
#2928=CARTESIAN_POINT('Ctrl Pts',(-1.6804310093881,15.662609156464,49.3964368483448));
#2929=CARTESIAN_POINT('Ctrl Pts',(-1.36819928792366,15.6931697957656,49.6479468609644));
#2930=CARTESIAN_POINT('Ctrl Pts',(-1.0516302913273,15.7144683161964,49.8805025738499));
#2931=CARTESIAN_POINT('Ctrl Pts',(-0.996772966648879,15.7181590751242,49.9208014798854));
#2932=CARTESIAN_POINT('Ctrl Pts',(-0.941785392408015,15.7215716531176,49.960531104193));
#2933=CARTESIAN_POINT('Ctrl Pts',(-0.886670862967778,15.7247019363149,49.9996823369916));
#2934=CARTESIAN_POINT('Ctrl Pts',(12.4785618828439,9.60978633144544,5.93298096859278));
#2935=CARTESIAN_POINT('Ctrl Pts',(13.2692023569385,8.5831187508368,3.960604085669));
#2936=CARTESIAN_POINT('Ctrl Pts',(14.3657940460511,6.76167528592378,1.3916539123113));
#2937=CARTESIAN_POINT('Ctrl Pts',(15.3427369995247,3.81688710844494,-0.834822457260769));
#2938=CARTESIAN_POINT('Ctrl Pts',(15.7509859527222,1.41372567345986,-1.7530880904386));
#2939=CARTESIAN_POINT('Ctrl Pts',(15.7789841115238,-1.0661960110297,-1.81279539867767));
#2940=CARTESIAN_POINT('Ctrl Pts',(15.3013075625942,-4.30218584881206,-0.747012152488929));
#2941=CARTESIAN_POINT('Ctrl Pts',(13.6810687707486,-8.33717436798562,2.95876236923227));
#2942=CARTESIAN_POINT('Ctrl Pts',(11.422254255458,-10.9721037750746,8.44429139091859));
#2943=CARTESIAN_POINT('Ctrl Pts',(9.78762075023529,-12.3533621755777,13.3116472339542));
#2944=CARTESIAN_POINT('Ctrl Pts',(8.77048098077043,-13.1064300213521,16.8090369694728));
#2945=CARTESIAN_POINT('Ctrl Pts',(7.95058867740528,-13.6000287131187,20.7124055840633));
#2946=CARTESIAN_POINT('Ctrl Pts',(7.64353121104513,-13.7692831911453,26.0835420134202));
#2947=CARTESIAN_POINT('Ctrl Pts',(8.13685335427254,-13.4981663550812,30.3147245556962));
#2948=CARTESIAN_POINT('Ctrl Pts',(9.47297512114113,-12.6274823844554,35.9363219542466));
#2949=CARTESIAN_POINT('Ctrl Pts',(11.4567963130561,-11.0103376814152,41.6159359692107));
#2950=CARTESIAN_POINT('Ctrl Pts',(13.8671297388913,-7.86456037069374,47.4836345280972));
#2951=CARTESIAN_POINT('Ctrl Pts',(15.3030834992032,-4.3008366882754,50.7443308923908));
#2952=CARTESIAN_POINT('Ctrl Pts',(15.7782094295019,-1.06735714482485,51.8140092406358));
#2953=CARTESIAN_POINT('Ctrl Pts',(15.7514248972328,1.41378225350149,51.752950995756));
#2954=CARTESIAN_POINT('Ctrl Pts',(15.3424964163749,3.81716136305202,50.8342872949524));
#2955=CARTESIAN_POINT('Ctrl Pts',(14.6103841174617,6.02438963243194,49.1667979266681));
#2956=CARTESIAN_POINT('Ctrl Pts',(13.6342098811584,7.97804142917024,46.8919026388862));
#2957=CARTESIAN_POINT('Ctrl Pts',(12.8739689834061,9.09633974656813,45.0534241675543));
#2958=CARTESIAN_POINT('Ctrl Pts',(12.4785618828443,9.60978633144496,44.0670190314082));
#2959=CARTESIAN_POINT('Ctrl Pts',(13.0833883841474,8.82440311223655,7.20448624412083));
#2960=CARTESIAN_POINT('Ctrl Pts',(13.8081971824791,7.74931551078288,5.41661836808796));
#2961=CARTESIAN_POINT('Ctrl Pts',(14.7431441703309,5.9118914922668,3.14263507383494));
#2962=CARTESIAN_POINT('Ctrl Pts',(15.4716068736944,3.23096434300267,1.25088579418165));
#2963=CARTESIAN_POINT('Ctrl Pts',(15.7516614987925,1.1762606933848,0.490452209266643));
#2964=CARTESIAN_POINT('Ctrl Pts',(15.768466543208,-0.887618327868345,0.443292483140583));
#2965=CARTESIAN_POINT('Ctrl Pts',(15.4483286474022,-3.62963918326642,1.31882825002895));
#2966=CARTESIAN_POINT('Ctrl Pts',(14.2208775363791,-7.4137912862439,4.48439111928105));
#2967=CARTESIAN_POINT('Ctrl Pts',(12.1180946174919,-10.2668366820077,9.47472673497802));
#2968=CARTESIAN_POINT('Ctrl Pts',(10.4857022035586,-11.7998896296154,14.0038370996077));
#2969=CARTESIAN_POINT('Ctrl Pts',(9.45358717099202,-12.6534465873644,17.2757430890851));
#2970=CARTESIAN_POINT('Ctrl Pts',(8.60016259525142,-13.2205501617604,20.9518006390983));
#2971=CARTESIAN_POINT('Ctrl Pts',(8.2784239629388,-13.4167314135421,26.0231786476037));
#2972=CARTESIAN_POINT('Ctrl Pts',(8.79581283576441,-13.1027422823901,30.0174864035388));
#2973=CARTESIAN_POINT('Ctrl Pts',(10.1739862836219,-12.1070474688189,35.3004893467146));
#2974=CARTESIAN_POINT('Ctrl Pts',(12.1627376349418,-10.2917911443576,40.5875851125835));
#2975=CARTESIAN_POINT('Ctrl Pts',(14.3594084564843,-6.96862376194215,45.8936355019719));
#2976=CARTESIAN_POINT('Ctrl Pts',(15.4502137729767,-3.62983733229484,48.6784593453322));
#2977=CARTESIAN_POINT('Ctrl Pts',(15.768110508726,-0.887407344099768,49.5581709162219));
#2978=CARTESIAN_POINT('Ctrl Pts',(15.7517871436635,1.17590219749653,49.5092600063849));
#2979=CARTESIAN_POINT('Ctrl Pts',(15.4719673602193,3.2313024247617,48.7488674155653));
#2980=CARTESIAN_POINT('Ctrl Pts',(14.9243694536878,5.24081290593807,47.3313715238006));
#2981=CARTESIAN_POINT('Ctrl Pts',(14.1216260554959,7.13841399438729,45.3392603452871));
#2982=CARTESIAN_POINT('Ctrl Pts',(13.4458724142478,8.28674119728344,43.6896441175456));
#2983=CARTESIAN_POINT('Ctrl Pts',(13.0833883841478,8.82440311223604,42.79551375588));
#2984=CARTESIAN_POINT('Ctrl Pts',(14.7084677079872,7.57373213029864,9.74731984318974));
#2985=CARTESIAN_POINT('Ctrl Pts',(15.4035060222092,6.4255199254385,8.32875705304824));
#2986=CARTESIAN_POINT('Ctrl Pts',(16.1992532250368,4.56087380834976,6.64347214233505));
#2987=CARTESIAN_POINT('Ctrl Pts',(16.6505547333182,2.29416223783485,5.42156553276981));
#2988=CARTESIAN_POINT('Ctrl Pts',(16.7774236759553,0.795412904223265,4.97645427715642));
#2989=CARTESIAN_POINT('Ctrl Pts',(16.7798400633614,-0.601202370476196,4.9546976704404));
#2990=CARTESIAN_POINT('Ctrl Pts',(16.6511559586866,-2.55388276097248,5.44952637500551));
#2991=CARTESIAN_POINT('Ctrl Pts',(15.8518862852638,-5.95196452334839,7.53527627700686));
#2992=CARTESIAN_POINT('Ctrl Pts',(13.7855242930429,-9.13884060521739,11.5355023462067));
#2993=CARTESIAN_POINT('Ctrl Pts',(12.0384710604014,-10.8926197219999,15.388144588394));
#2994=CARTESIAN_POINT('Ctrl Pts',(10.9138587625728,-11.8928393573938,18.2091185376613));
#2995=CARTESIAN_POINT('Ctrl Pts',(9.95958935141227,-12.5652825551117,21.430585993038));
#2996=CARTESIAN_POINT('Ctrl Pts',(9.59747564074293,-12.8000878868221,25.902457359812));
#2997=CARTESIAN_POINT('Ctrl Pts',(10.1803129371636,-12.4247918175655,29.423012954387));
#2998=CARTESIAN_POINT('Ctrl Pts',(11.7074448670895,-11.2484453899655,34.0288739035355));
#2999=CARTESIAN_POINT('Ctrl Pts',(13.8466357745734,-9.14407538232959,38.5309773937477));
#3000=CARTESIAN_POINT('Ctrl Pts',(15.9383318856543,-5.54862863484972,42.714027018666));
#3001=CARTESIAN_POINT('Ctrl Pts',(16.6530155521252,-2.55665636490119,44.5477568188369));
#3002=CARTESIAN_POINT('Ctrl Pts',(16.7800826294033,-0.598710529223494,45.047545239107));
#3003=CARTESIAN_POINT('Ctrl Pts',(16.7772098913798,0.794311830220559,45.0227090792549));
#3004=CARTESIAN_POINT('Ctrl Pts',(16.6515471838579,2.29470257709511,44.5791563809612));
#3005=CARTESIAN_POINT('Ctrl Pts',(16.3097378944781,3.99353397866436,43.6610875052003));
#3006=CARTESIAN_POINT('Ctrl Pts',(15.6735664022849,5.80510894893893,42.2345492030312));
#3007=CARTESIAN_POINT('Ctrl Pts',(15.056063225306,6.99949987982632,40.9621174019216));
#3008=CARTESIAN_POINT('Ctrl Pts',(14.7084677079875,7.5737321302981,40.252680156811));
#3009=CARTESIAN_POINT('Ctrl Pts',(17.855031118264,6.91117198903995,12.883231807036));
#3010=CARTESIAN_POINT('Ctrl Pts',(18.7512820331883,5.76954897539041,11.855687065033));
#3011=CARTESIAN_POINT('Ctrl Pts',(19.8219383732717,3.94734733096732,10.7446905728666));
#3012=CARTESIAN_POINT('Ctrl Pts',(20.5040011707811,1.89278094529238,10.1067614412021));
#3013=CARTESIAN_POINT('Ctrl Pts',(20.7229285183709,0.635960784507927,9.92337215540963));
#3014=CARTESIAN_POINT('Ctrl Pts',(20.7309496690175,-0.481157836846944,9.9207909250094));
#3015=CARTESIAN_POINT('Ctrl Pts',(20.4966873486682,-2.0951558004023,10.1050658739988));
#3016=CARTESIAN_POINT('Ctrl Pts',(19.309096236344,-5.26012297617638,11.2348319959374));
#3017=CARTESIAN_POINT('Ctrl Pts',(16.6619066648187,-8.47574555455166,14.1645095805165));
#3018=CARTESIAN_POINT('Ctrl Pts',(14.4971069521906,-10.2573576233225,17.1977483513366));
#3019=CARTESIAN_POINT('Ctrl Pts',(13.1125978583505,-11.28078629288,19.4525096340721));
#3020=CARTESIAN_POINT('Ctrl Pts',(11.9500516901919,-11.9710232126063,22.0747236706399));
#3021=CARTESIAN_POINT('Ctrl Pts',(11.5100579286713,-12.2126725534965,25.7398690999813));
#3022=CARTESIAN_POINT('Ctrl Pts',(12.2179823749552,-11.8266037432583,28.6238576873986));
#3023=CARTESIAN_POINT('Ctrl Pts',(14.0852863528547,-10.6202452171075,32.351549299624));
#3024=CARTESIAN_POINT('Ctrl Pts',(16.7324765724083,-8.47392488082143,35.8990634386792));
#3025=CARTESIAN_POINT('Ctrl Pts',(19.4403303984626,-4.88292937520637,38.9002571769623));
#3026=CARTESIAN_POINT('Ctrl Pts',(20.498762331376,-2.09890037971573,39.8925859790906));
#3027=CARTESIAN_POINT('Ctrl Pts',(20.7311544412035,-0.477907504578882,40.0814894167291));
#3028=CARTESIAN_POINT('Ctrl Pts',(20.7227904021662,0.634619959490999,40.0756784582755));
#3029=CARTESIAN_POINT('Ctrl Pts',(20.5049383045612,1.89339276330197,39.8943068755762));
#3030=CARTESIAN_POINT('Ctrl Pts',(19.9901562096062,3.43316441684026,39.4128698215287));
#3031=CARTESIAN_POINT('Ctrl Pts',(19.1130247110836,5.16305857164187,38.5184305526355));
#3032=CARTESIAN_POINT('Ctrl Pts',(18.3032550421053,6.34023505809275,37.6306534549075));
#3033=CARTESIAN_POINT('Ctrl Pts',(17.8550311182644,6.91117198903941,37.1167681929645));
#3034=CARTESIAN_POINT('Ctrl Pts',(21.1830987154284,7.20334542653984,15.1909366603839));
#3035=CARTESIAN_POINT('Ctrl Pts',(22.3926281174429,6.16167035740582,14.348952270053));
#3036=CARTESIAN_POINT('Ctrl Pts',(23.9715569722797,4.45397798713829,13.4219830268334));
#3037=CARTESIAN_POINT('Ctrl Pts',(25.2212282714803,2.29187805999808,12.8525593713884));
#3038=CARTESIAN_POINT('Ctrl Pts',(25.7049930551624,0.805900895447755,12.6743392452488));
#3039=CARTESIAN_POINT('Ctrl Pts',(25.7340647431172,-0.608818197106513,12.6691197939644));
#3040=CARTESIAN_POINT('Ctrl Pts',(25.1808848165148,-2.55788730583557,12.8563844002709));
#3041=CARTESIAN_POINT('Ctrl Pts',(23.0751838311995,-5.75226568695465,13.850420485382));
#3042=CARTESIAN_POINT('Ctrl Pts',(19.5693008054044,-8.61874233895331,16.2408528354148));
#3043=CARTESIAN_POINT('Ctrl Pts',(16.8917689483119,-10.1922205195682,18.6970894215492));
#3044=CARTESIAN_POINT('Ctrl Pts',(15.2044818590538,-11.0858827181054,20.520131068154));
#3045=CARTESIAN_POINT('Ctrl Pts',(13.8183364787705,-11.6860424868988,22.6379694197959));
#3046=CARTESIAN_POINT('Ctrl Pts',(13.2966263842644,-11.8952707040016,25.5974154588597));
#3047=CARTESIAN_POINT('Ctrl Pts',(14.135383253871,-11.560728782246,27.9260890639554));
#3048=CARTESIAN_POINT('Ctrl Pts',(16.3790535869838,-10.5106301250516,30.9377267521896));
#3049=CARTESIAN_POINT('Ctrl Pts',(19.6400769273087,-8.62707804439214,33.8087200917419));
#3050=CARTESIAN_POINT('Ctrl Pts',(23.3141282988137,-5.37391018886926,36.2681574657349));
#3051=CARTESIAN_POINT('Ctrl Pts',(25.1835806899989,-2.55998432372315,37.14194926289));
#3052=CARTESIAN_POINT('Ctrl Pts',(25.7335161708717,-0.607001316159818,37.3324637734542));
#3053=CARTESIAN_POINT('Ctrl Pts',(25.7053088039712,0.805055531592947,37.3250055222602));
#3054=CARTESIAN_POINT('Ctrl Pts',(25.221525570512,2.29232068400018,37.1481703316993));
#3055=CARTESIAN_POINT('Ctrl Pts',(24.2830063434471,3.91288617977689,36.7190809817046));
#3056=CARTESIAN_POINT('Ctrl Pts',(22.9212420866611,5.59342935953825,35.9625918226001));
#3057=CARTESIAN_POINT('Ctrl Pts',(21.7879963010762,6.68239344860594,35.2301480391827));
#3058=CARTESIAN_POINT('Ctrl Pts',(21.1830987154289,7.20334542653935,34.8090633396165));
#3059=CARTESIAN_POINT('Ctrl Pts',(23.302910121515,7.82650054366973,16.2166668569603));
#3060=CARTESIAN_POINT('Ctrl Pts',(24.7350819908875,6.88716006057061,15.3783365328401));
#3061=CARTESIAN_POINT('Ctrl Pts',(26.6887980188449,5.27572752989884,14.3534878641869));
#3062=CARTESIAN_POINT('Ctrl Pts',(28.3766731311258,2.89573276117062,13.5556697202189));
#3063=CARTESIAN_POINT('Ctrl Pts',(29.0692455863175,1.05673274882715,13.2480400574733));
#3064=CARTESIAN_POINT('Ctrl Pts',(29.1153183867588,-0.797382514559347,13.230441868927));
#3065=CARTESIAN_POINT('Ctrl Pts',(28.3093597054522,-3.25453217007746,13.5801517074606));
#3066=CARTESIAN_POINT('Ctrl Pts',(25.498772404158,-6.60134785613998,14.925236662983));
#3067=CARTESIAN_POINT('Ctrl Pts',(21.3901393970793,-9.08518207003092,17.274681069251));
#3068=CARTESIAN_POINT('Ctrl Pts',(18.3700322303621,-10.4171799423139,19.4966789535722));
#3069=CARTESIAN_POINT('Ctrl Pts',(16.4837103431438,-11.1572891829273,21.1171381231115));
#3070=CARTESIAN_POINT('Ctrl Pts',(14.9544963818123,-11.6484950407551,22.9603427613792));
#3071=CARTESIAN_POINT('Ctrl Pts',(14.3809327123164,-11.8182903821181,25.5156668226642));
#3072=CARTESIAN_POINT('Ctrl Pts',(15.3026179578512,-11.5465018879647,27.5275037801533));
#3073=CARTESIAN_POINT('Ctrl Pts',(17.789588863635,-10.6837809126426,30.1660373630217));
#3074=CARTESIAN_POINT('Ctrl Pts',(21.4586966732809,-9.10832056655206,32.7603428771483));
#3075=CARTESIAN_POINT('Ctrl Pts',(25.8205645805412,-6.20788925820739,35.2352059909969));
#3076=CARTESIAN_POINT('Ctrl Pts',(28.3125774385596,-3.25448269817953,36.4185773933956));
#3077=CARTESIAN_POINT('Ctrl Pts',(29.114171847311,-0.797341028514286,36.7705072799323));
#3078=CARTESIAN_POINT('Ctrl Pts',(29.0698829400428,1.05646246554812,36.7516263914714));
#3079=CARTESIAN_POINT('Ctrl Pts',(28.3765215206302,2.89601490407902,36.4445601590545));
#3080=CARTESIAN_POINT('Ctrl Pts',(27.1108299672042,4.67994315624519,35.8458348758624));
#3081=CARTESIAN_POINT('Ctrl Pts',(25.3864556764353,6.35146606034968,34.9633455019356));
#3082=CARTESIAN_POINT('Ctrl Pts',(24.0191534013999,7.35672710171657,34.2025904080479));
#3083=CARTESIAN_POINT('Ctrl Pts',(23.3029101215157,7.82650054366929,33.7833331430401));
#3084=CARTESIAN_POINT('Ctrl Pts',(24.3629065331714,8.24123643110608,16.6247673413445));
#3085=CARTESIAN_POINT('Ctrl Pts',(25.9065379349752,7.3607787418169,15.758396187163));
#3086=CARTESIAN_POINT('Ctrl Pts',(28.0475026613378,5.79873087493328,14.6299788212956));
#3087=CARTESIAN_POINT('Ctrl Pts',(29.9548674752626,3.27331618067351,13.6519938739135));
#3088=CARTESIAN_POINT('Ctrl Pts',(30.7519249553147,1.21239402436901,13.2486435490597));
#3089=CARTESIAN_POINT('Ctrl Pts',(30.8065880272607,-0.914356792725499,13.2224169744126));
#3090=CARTESIAN_POINT('Ctrl Pts',(29.8739814317315,-3.68950250585708,13.6905647554488));
#3091=CARTESIAN_POINT('Ctrl Pts',(26.7106580762235,-7.14985981624757,15.3183348724665));
#3092=CARTESIAN_POINT('Ctrl Pts',(22.3005916416085,-9.4095433798704,17.7278663118989));
#3093=CARTESIAN_POINT('Ctrl Pts',(19.1091643218879,-10.5940938639689,19.8658637382789));
#3094=CARTESIAN_POINT('Ctrl Pts',(17.1233200100756,-11.239915732597,21.4021003510769));
#3095=CARTESIAN_POINT('Ctrl Pts',(15.5225778939817,-11.6632199956296,23.1166641350555));
#3096=CARTESIAN_POINT('Ctrl Pts',(14.9230847453739,-11.8083705871548,25.4759483610352));
#3097=CARTESIAN_POINT('Ctrl Pts',(15.8862375011987,-11.5758640704234,27.3345051786703));
#3098=CARTESIAN_POINT('Ctrl Pts',(18.4948561888946,-10.8291760368694,29.8038049705569));
#3099=CARTESIAN_POINT('Ctrl Pts',(22.368030896919,-9.44233231512551,32.2985886967561));
#3100=CARTESIAN_POINT('Ctrl Pts',(27.0739199664068,-6.74455177317619,34.8759889983231));
#3101=CARTESIAN_POINT('Ctrl Pts',(29.8774487365396,-3.68834548211245,36.3082574947885));
#3102=CARTESIAN_POINT('Ctrl Pts',(30.805075552837,-0.915352567012676,36.7781162085036));
#3103=CARTESIAN_POINT('Ctrl Pts',(30.7527819422163,1.21244254672779,36.7512962317807));
#3104=CARTESIAN_POINT('Ctrl Pts',(29.9543977653033,3.2735513781047,36.3477710547921));
#3105=CARTESIAN_POINT('Ctrl Pts',(28.5250356579014,5.16644362336285,35.6153224537701));
#3106=CARTESIAN_POINT('Ctrl Pts',(26.6191716727379,6.84187175523412,34.616069383436));
#3107=CARTESIAN_POINT('Ctrl Pts',(25.1348918247452,7.80091085520107,33.808513419393));
#3108=CARTESIAN_POINT('Ctrl Pts',(24.3629065331721,8.24123643110567,33.3752326586559));
#3109=CARTESIAN_POINT('Ctrl Pts',(14.9768429701525,4.87420988399034,0.000212081849306212));
#3110=CARTESIAN_POINT('Ctrl Pts',(14.8798853369923,5.17205587857278,0.221694664481886));
#3111=CARTESIAN_POINT('Ctrl Pts',(14.7750717544898,5.46389505805373,0.461916832747306));
#3112=CARTESIAN_POINT('Ctrl Pts',(14.6633241614695,5.74892256849,0.719138143607414));
#3113=CARTESIAN_POINT('Ctrl Pts',(14.6326071347145,5.82727054384538,0.789842788549573));
#3114=CARTESIAN_POINT('Ctrl Pts',(14.6013662955215,5.90510393906995,0.861831587820665));
#3115=CARTESIAN_POINT('Ctrl Pts',(14.5696210231408,5.98240626527071,0.935067809386884));
#3116=CARTESIAN_POINT('Ctrl Pts',(14.4460031794373,6.28342579232298,1.22025370045186));
#3117=CARTESIAN_POINT('Ctrl Pts',(14.3147350031999,6.57639046124418,1.52435855741294));
#3118=CARTESIAN_POINT('Ctrl Pts',(14.1769002597247,6.86104989757986,1.84582949108034));
#3119=CARTESIAN_POINT('Ctrl Pts',(14.0303319523545,7.16374608802328,2.18766965001561));
#3120=CARTESIAN_POINT('Ctrl Pts',(13.8763389349761,7.45705107596548,2.54914596805631));
#3121=CARTESIAN_POINT('Ctrl Pts',(13.7162399852831,7.74069261351644,2.92834315551362));
#3122=CARTESIAN_POINT('Ctrl Pts',(13.6934590289591,7.7810528125746,2.98230025256018));
#3123=CARTESIAN_POINT('Ctrl Pts',(13.6705544627119,7.82121740004648,3.03661608009459));
#3124=CARTESIAN_POINT('Ctrl Pts',(13.6475301025469,7.86118563810494,3.09128505458944));
#3125=CARTESIAN_POINT('Ctrl Pts',(13.5110429134588,8.09811523902857,3.41535984345111));
#3126=CARTESIAN_POINT('Ctrl Pts',(13.3703688388891,8.32811007851618,3.75173023781751));
#3127=CARTESIAN_POINT('Ctrl Pts',(13.2262072229411,8.55116999700833,4.0995631168915));
#3128=CARTESIAN_POINT('Ctrl Pts',(13.0718532057751,8.79000052246789,4.47198820268419));
#3129=CARTESIAN_POINT('Ctrl Pts',(12.9135007006189,9.0208810068595,4.85755428649049));
#3130=CARTESIAN_POINT('Ctrl Pts',(12.7519958194575,9.24377544266238,5.25528660706429));
#3131=CARTESIAN_POINT('Ctrl Pts',(12.6617859806181,9.36827490662519,5.47744316531914));
#3132=CARTESIAN_POINT('Ctrl Pts',(12.570592460771,9.49028219033669,5.70339623270699));
#3133=CARTESIAN_POINT('Ctrl Pts',(12.4785618828443,9.60978633144497,5.93298096859187));
#3134=CARTESIAN_POINT('Ctrl Pts',(12.4785618828443,9.60978633144496,44.0670190314082));
#3135=CARTESIAN_POINT('Ctrl Pts',(12.8739689834061,9.09633974656813,45.0534241675543));
#3136=CARTESIAN_POINT('Ctrl Pts',(13.6342098811584,7.97804142917024,46.8919026388862));
#3137=CARTESIAN_POINT('Ctrl Pts',(14.4531761498716,6.33901546143058,48.8004374437006));
#3138=CARTESIAN_POINT('Ctrl Pts',(14.8531581533284,5.25396527286181,49.7177458435237));
#3139=CARTESIAN_POINT('Ctrl Pts',(14.9767625507964,4.87427031822406,50.0000153749807));
#3140=CARTESIAN_POINT('Ctrl Pts',(14.9764155389511,-4.87398230636255,49.9995555102943));
#3141=CARTESIAN_POINT('Ctrl Pts',(14.8843214983438,-5.15605613406784,49.7894844195371));
#3142=CARTESIAN_POINT('Ctrl Pts',(14.7852661043439,-5.43251939469508,49.5627429259429));
#3143=CARTESIAN_POINT('Ctrl Pts',(14.680019916715,-5.70304569538652,49.3206406174803));
#3144=CARTESIAN_POINT('Ctrl Pts',(14.5713637164343,-5.98233714119905,49.0706941110141));
#3145=CARTESIAN_POINT('Ctrl Pts',(14.4561088185754,-6.2553009790248,48.8043749238337));
#3146=CARTESIAN_POINT('Ctrl Pts',(14.3350809541625,-6.52156486581656,48.5230730473224));
#3147=CARTESIAN_POINT('Ctrl Pts',(14.2074782161213,-6.80229361502628,48.226489365266));
#3148=CARTESIAN_POINT('Ctrl Pts',(14.0734579623581,-7.07557515752988,47.9132505567427));
#3149=CARTESIAN_POINT('Ctrl Pts',(13.9339675795491,-7.34095252996937,47.5849349668862));
#3150=CARTESIAN_POINT('Ctrl Pts',(13.8745387428466,-7.45401457922065,47.4450585597566));
#3151=CARTESIAN_POINT('Ctrl Pts',(13.8141167934434,-7.56564163622869,47.3024449592793));
#3152=CARTESIAN_POINT('Ctrl Pts',(13.7527741711021,-7.67579698469277,47.157213917182));
#3153=CARTESIAN_POINT('Ctrl Pts',(13.5964232719491,-7.95656241534316,46.7870470878197));
#3154=CARTESIAN_POINT('Ctrl Pts',(13.4340920086041,-8.22776926300848,46.3998798079567));
#3155=CARTESIAN_POINT('Ctrl Pts',(13.2667501318138,-8.48962338571056,45.9964840868312));
#3156=CARTESIAN_POINT('Ctrl Pts',(13.0939068511244,-8.76008602481785,45.5798266356735));
#3157=CARTESIAN_POINT('Ctrl Pts',(12.9160231466876,-9.02009355392251,45.14645440911));
#3158=CARTESIAN_POINT('Ctrl Pts',(12.734247627426,-9.26988931968412,44.6975272241826));
#3159=CARTESIAN_POINT('Ctrl Pts',(12.5493565916411,-9.52396642563313,44.240905713484));
#3160=CARTESIAN_POINT('Ctrl Pts',(12.3604387009151,-9.76747917846646,43.76819130326));
#3161=CARTESIAN_POINT('Ctrl Pts',(12.1686819469328,-10.0006653616005,43.2805575837145));
#3162=CARTESIAN_POINT('Ctrl Pts',(11.9714343224763,-10.240528728726,42.7789606866681));
#3163=CARTESIAN_POINT('Ctrl Pts',(11.7711823588199,-10.4694659775404,42.261577681412));
#3164=CARTESIAN_POINT('Ctrl Pts',(11.5692054418405,-10.6877106394003,41.7296390015626));
#3165=CARTESIAN_POINT('Ctrl Pts',(11.5245240732495,-10.7359907613341,41.6119634345839));
#3166=CARTESIAN_POINT('Ctrl Pts',(11.4797582565452,-10.7837475012359,41.4935753651064));
#3167=CARTESIAN_POINT('Ctrl Pts',(11.4349218011953,-10.8309832095899,41.3744878292782));
#3168=CARTESIAN_POINT('Ctrl Pts',(11.2284133678479,-11.0485421592016,40.8259926312706));
#3169=CARTESIAN_POINT('Ctrl Pts',(11.0204061184298,-11.2550504107947,40.2626627044497));
#3170=CARTESIAN_POINT('Ctrl Pts',(10.8133252284764,-11.4503127443757,39.683716405974));
#3171=CARTESIAN_POINT('Ctrl Pts',(10.6104830139436,-11.6415783129528,39.1166203822669));
#3172=CARTESIAN_POINT('Ctrl Pts',(10.4085289172879,-11.8220534753043,38.5345407511178));
#3173=CARTESIAN_POINT('Ctrl Pts',(10.2097525005639,-11.9915289921757,37.9367014275238));
#3174=CARTESIAN_POINT('Ctrl Pts',(10.1440351279817,-12.0475592087847,37.7390500651515));
#3175=CARTESIAN_POINT('Ctrl Pts',(10.0786652131675,-12.1023869336697,37.5396757832332));
#3176=CARTESIAN_POINT('Ctrl Pts',(10.0137259362743,-12.1560040247784,37.3385495005246));
#3177=CARTESIAN_POINT('Ctrl Pts',(9.8175732054655,-12.3179574579263,36.7310362746598));
#3178=CARTESIAN_POINT('Ctrl Pts',(9.62569808241064,-12.4685805734465,36.1074322048311));
#3179=CARTESIAN_POINT('Ctrl Pts',(9.44037844903012,-12.6077287069096,35.4673542693097));
#3180=CARTESIAN_POINT('Ctrl Pts',(9.30429077230753,-12.7099107901452,34.9973192407618));
#3181=CARTESIAN_POINT('Ctrl Pts',(9.17173784543547,-12.8059044966094,34.5183995206309));
#3182=CARTESIAN_POINT('Ctrl Pts',(9.04361801804422,-12.895646277835,34.0304271822653));
#3183=CARTESIAN_POINT('Ctrl Pts',(8.86186280000815,-13.0229570723134,33.3381727470141));
#3184=CARTESIAN_POINT('Ctrl Pts',(8.68903121875981,-13.1376854713428,32.627700917791));
#3185=CARTESIAN_POINT('Ctrl Pts',(8.53303913512367,-13.2379741433479,31.8952356085713));
#3186=CARTESIAN_POINT('Ctrl Pts',(8.48490723266029,-13.2689185635172,31.6692308780786));
#3187=CARTESIAN_POINT('Ctrl Pts',(8.43837831514645,-13.2984882179644,31.4411319665716));
#3188=CARTESIAN_POINT('Ctrl Pts',(8.39368419014477,-13.3266285859697,31.210827218384));
#3189=CARTESIAN_POINT('Ctrl Pts',(8.27637489717861,-13.4004890021741,30.6063431351711));
#3190=CARTESIAN_POINT('Ctrl Pts',(8.17170744642074,-13.4645020631492,29.986666072073));
#3191=CARTESIAN_POINT('Ctrl Pts',(8.08297949323094,-13.5177477472095,29.35598103918));
#3192=CARTESIAN_POINT('Ctrl Pts',(8.06888721418108,-13.5262045301173,29.2558120489511));
#3193=CARTESIAN_POINT('Ctrl Pts',(8.05519696544095,-13.5343897254621,29.1553652868182));
#3194=CARTESIAN_POINT('Ctrl Pts',(8.04192189446359,-13.5422996808575,29.0546574154832));
#3195=CARTESIAN_POINT('Ctrl Pts',(7.98723003926364,-13.5748878407143,28.6397518887304));
#3196=CARTESIAN_POINT('Ctrl Pts',(7.93969305788616,-13.6027405248977,28.2194106040214));
#3197=CARTESIAN_POINT('Ctrl Pts',(7.90027619946541,-13.6255792484425,27.7952431374));
#3198=CARTESIAN_POINT('Ctrl Pts',(7.86376206561786,-13.6467360894957,27.4023120852938));
#3199=CARTESIAN_POINT('Ctrl Pts',(7.83421670760598,-13.6635899641845,27.0060988909656));
#3200=CARTESIAN_POINT('Ctrl Pts',(7.81236991571705,-13.6759404961338,26.6078842812253));
#3201=CARTESIAN_POINT('Ctrl Pts',(7.79242137201831,-13.6872179014181,26.2442701824475));
#3202=CARTESIAN_POINT('Ctrl Pts',(7.77889182279247,-13.6947404711172,25.8789879744246));
#3203=CARTESIAN_POINT('Ctrl Pts',(7.77229988698802,-13.6983761071156,25.5130016276226));
#3204=CARTESIAN_POINT('Ctrl Pts',(7.76924512136724,-13.7000608953459,25.3434000806642));
#3205=CARTESIAN_POINT('Ctrl Pts',(7.76767963734206,-13.700911279836,25.1736471045576));
#3206=CARTESIAN_POINT('Ctrl Pts',(7.76765185864594,-13.700915875318,25.0038372160807));
#3207=CARTESIAN_POINT('Ctrl Pts',(7.76765164940791,-13.7009159099326,25.0025581536781));
#3208=CARTESIAN_POINT('Ctrl Pts',(7.7676515274024,-13.7009158965665,25.0012790880412));
#3209=CARTESIAN_POINT('Ctrl Pts',(7.76765149260166,-13.7009158352289,25.0000000192462));
#3210=CARTESIAN_POINT('Ctrl Pts',(7.76764397878549,-13.7009025918468,24.7238366850569));
#3211=CARTESIAN_POINT('Ctrl Pts',(7.7715569424952,-13.6987349599887,24.4476884330397));
#3212=CARTESIAN_POINT('Ctrl Pts',(7.77931487524271,-13.6943916528741,24.1720684759346));
#3213=CARTESIAN_POINT('Ctrl Pts',(7.78617207245744,-13.6905526258526,23.9284494006353));
#3214=CARTESIAN_POINT('Ctrl Pts',(7.79603345743282,-13.6850138754766,23.6852434855958));
#3215=CARTESIAN_POINT('Ctrl Pts',(7.80885892863196,-13.6777533213031,23.4428360947559));
#3216=CARTESIAN_POINT('Ctrl Pts',(7.83189154198666,-13.6647144602413,23.007508953878));
#3217=CARTESIAN_POINT('Ctrl Pts',(7.86418466111863,-13.64629329681,22.5737776146083));
#3218=CARTESIAN_POINT('Ctrl Pts',(7.90481742424102,-13.6227522490043,22.1445127204422));
#3219=CARTESIAN_POINT('Ctrl Pts',(7.915101176113,-13.616794241824,22.0358700065402));
#3220=CARTESIAN_POINT('Ctrl Pts',(7.92591888904043,-13.6105084005813,21.9275134342908));
#3221=CARTESIAN_POINT('Ctrl Pts',(7.93725518060291,-13.6038992182768,21.8194895777292));
#3222=CARTESIAN_POINT('Ctrl Pts',(7.98188998548321,-13.5778766375276,21.3941632059195));
#3223=CARTESIAN_POINT('Ctrl Pts',(8.03456703243158,-13.5468396728167,20.9739974262699));
#3224=CARTESIAN_POINT('Ctrl Pts',(8.09418793335758,-13.5110826512063,20.5592463199218));
#3225=CARTESIAN_POINT('Ctrl Pts',(8.15631431793896,-13.4738229915642,20.1270658875845));
#3226=CARTESIAN_POINT('Ctrl Pts',(8.22597989794175,-13.4314381641346,19.7007650324535));
#3227=CARTESIAN_POINT('Ctrl Pts',(8.30190552926625,-13.3842862632059,19.280594335176));
#3228=CARTESIAN_POINT('Ctrl Pts',(8.35287482370924,-13.3526329324392,18.998531432145));
#3229=CARTESIAN_POINT('Ctrl Pts',(8.40666445562061,-13.3188318451681,18.7192303147341));
#3230=CARTESIAN_POINT('Ctrl Pts',(8.46288092304598,-13.2829973988297,18.4427572454846));
#3231=CARTESIAN_POINT('Ctrl Pts',(8.63586411036301,-13.1727315456509,17.5920244457121));
#3232=CARTESIAN_POINT('Ctrl Pts',(8.83224958188987,-13.0429441657943,16.7671941629232));
#3233=CARTESIAN_POINT('Ctrl Pts',(9.04133483988685,-12.8964483690501,15.9686215477431));
#3234=CARTESIAN_POINT('Ctrl Pts',(9.2791602879765,-12.7298157291515,15.0602796978357));
#3235=CARTESIAN_POINT('Ctrl Pts',(9.53341749937567,-12.5415650252031,14.1859100672792));
#3236=CARTESIAN_POINT('Ctrl Pts',(9.79672183980048,-12.3323716208658,13.3432319332529));
#3237=CARTESIAN_POINT('Ctrl Pts',(10.0601071447012,-12.1231138908348,12.500294680849));
#3238=CARTESIAN_POINT('Ctrl Pts',(10.3325449418834,-11.8929004862764,11.6890676715713));
#3239=CARTESIAN_POINT('Ctrl Pts',(10.6069203727626,-11.6429014228549,10.9030766431613));
#3240=CARTESIAN_POINT('Ctrl Pts',(10.6886953626379,-11.5683915776598,10.6688194861541));
#3241=CARTESIAN_POINT('Ctrl Pts',(10.7706425564441,-11.4921242417502,10.4368039959082));
#3242=CARTESIAN_POINT('Ctrl Pts',(10.8526617137003,-11.4140941588907,10.2070993553876));
#3243=CARTESIAN_POINT('Ctrl Pts',(11.109418240998,-11.1698252128303,9.4880214255817));
#3244=CARTESIAN_POINT('Ctrl Pts',(11.3670351907035,-10.9081331129274,8.79152215772489));
#3245=CARTESIAN_POINT('Ctrl Pts',(11.6223904655527,-10.6288509466522,8.11968669205312));
#3246=CARTESIAN_POINT('Ctrl Pts',(11.8774439583761,-10.3498988394992,7.44864520985365));
#3247=CARTESIAN_POINT('Ctrl Pts',(12.1302401061535,-10.0533986589194,6.80220942907964));
#3248=CARTESIAN_POINT('Ctrl Pts',(12.3776709974189,-9.73920616244093,6.18240997242002));
#3249=CARTESIAN_POINT('Ctrl Pts',(12.6146699542715,-9.43826033657624,5.58874188217103));
#3250=CARTESIAN_POINT('Ctrl Pts',(12.8467457667334,-9.12108405393177,5.01951116899011));
#3251=CARTESIAN_POINT('Ctrl Pts',(13.0711828868817,-8.78755632575714,4.47646037896481));
#3252=CARTESIAN_POINT('Ctrl Pts',(13.2485397908108,-8.52399277083145,4.0473254536391));
#3253=CARTESIAN_POINT('Ctrl Pts',(13.4211267693595,-8.25021895539909,3.63453810274681));
#3254=CARTESIAN_POINT('Ctrl Pts',(13.5876157127701,-7.96616658075011,3.23894013744014));
#3255=CARTESIAN_POINT('Ctrl Pts',(13.643792146098,-7.87032208225531,3.10545810393404));
#3256=CARTESIAN_POINT('Ctrl Pts',(13.6992595271715,-7.7733327718122,2.97402425769811));
#3257=CARTESIAN_POINT('Ctrl Pts',(13.7539719117769,-7.67519084163532,2.84465974272997));
#3258=CARTESIAN_POINT('Ctrl Pts',(13.890379996942,-7.43050487398124,2.52213010154572));
#3259=CARTESIAN_POINT('Ctrl Pts',(14.0220959925696,-7.17865623598449,2.21246089099248));
#3260=CARTESIAN_POINT('Ctrl Pts',(14.1483830960479,-6.91999988377485,1.91696709576669));
#3261=CARTESIAN_POINT('Ctrl Pts',(14.2695004970185,-6.67193191593557,1.63356966645722));
#3262=CARTESIAN_POINT('Ctrl Pts',(14.3856246383021,-6.41760188158263,1.36321030103229));
#3263=CARTESIAN_POINT('Ctrl Pts',(14.4960915105423,-6.15730030708632,1.10708682837349));
#3264=CARTESIAN_POINT('Ctrl Pts',(14.6002469104712,-5.91187093949415,0.865596848753528));
#3265=CARTESIAN_POINT('Ctrl Pts',(14.6993731759096,-5.66113263986095,0.636762261559426));
#3266=CARTESIAN_POINT('Ctrl Pts',(14.7928982249265,-5.40531245156815,0.421626653500988));
#3267=CARTESIAN_POINT('Ctrl Pts',(14.8567791207026,-5.23057827117987,0.274681471428798));
#3268=CARTESIAN_POINT('Ctrl Pts',(14.9180465311996,-5.05347287265082,0.134128167666403));
#3269=CARTESIAN_POINT('Ctrl Pts',(14.9765130219361,-4.87406461406635,0.000311847052476666));
#3270=CARTESIAN_POINT('Origin',(0.,0.,0.));
#3271=CARTESIAN_POINT('Origin',(0.,0.,0.));
#3272=CARTESIAN_POINT('Origin',(0.,0.,0.));
#3273=CARTESIAN_POINT('Origin',(4.02327068748871,15.2274683705202,25.));
#3274=CARTESIAN_POINT('Ctrl Pts',(13.8921589180833,7.42094472386906,22.7657038232848));
#3275=CARTESIAN_POINT('Ctrl Pts',(13.9905708554939,7.23671558259172,23.4999176707692));
#3276=CARTESIAN_POINT('Ctrl Pts',(14.0393125276083,7.13864159011652,24.2515642896844));
#3277=CARTESIAN_POINT('Ctrl Pts',(14.0393125276083,7.13864159011652,25.7484357103156));
#3278=CARTESIAN_POINT('Ctrl Pts',(13.9905708554939,7.23671558259172,26.5000823292308));
#3279=CARTESIAN_POINT('Ctrl Pts',(13.8921589180833,7.42094472386906,27.2342961767152));
#3280=CARTESIAN_POINT('Origin',(0.,0.,0.));
#3281=CARTESIAN_POINT('Origin',(0.,0.,0.));
#3282=CARTESIAN_POINT('',(10.4880884817015,11.75,25.));
#3283=CARTESIAN_POINT('Ctrl Pts',(10.7234359888035,11.535615310595,27.2342961768677));
#3284=CARTESIAN_POINT('Ctrl Pts',(10.5704578580757,11.6778228260484,26.5000823293349));
#3285=CARTESIAN_POINT('Ctrl Pts',(10.4880884817015,11.75,25.7484357103675));
#3286=CARTESIAN_POINT('Ctrl Pts',(10.4880884817015,11.75,25.));
#3287=CARTESIAN_POINT('Ctrl Pts',(10.4880884817015,11.75,25.));
#3288=CARTESIAN_POINT('Ctrl Pts',(10.4880884817015,11.75,24.2515642896325));
#3289=CARTESIAN_POINT('Ctrl Pts',(10.5704578580757,11.6778228260484,23.4999176706651));
#3290=CARTESIAN_POINT('Ctrl Pts',(10.7234359888035,11.535615310595,22.7657038231323));
#3291=CARTESIAN_POINT('Origin',(15.75,-2.89322806298562E-15,25.));
#3292=UNCERTAINTY_MEASURE_WITH_UNIT(LENGTH_MEASURE(0.01),#3296,
'DISTANCE_ACCURACY_VALUE',
'Maximum model space distance between geometric entities at asserted c
onnectivities');
#3293=UNCERTAINTY_MEASURE_WITH_UNIT(LENGTH_MEASURE(0.01),#3296,
'DISTANCE_ACCURACY_VALUE',
'Maximum model space distance between geometric entities at asserted c
onnectivities');
#3294=(
GEOMETRIC_REPRESENTATION_CONTEXT(3)
GLOBAL_UNCERTAINTY_ASSIGNED_CONTEXT((#3292))
GLOBAL_UNIT_ASSIGNED_CONTEXT((#3296,#3298,#3299))
REPRESENTATION_CONTEXT('','3D')
);
#3295=(
GEOMETRIC_REPRESENTATION_CONTEXT(3)
GLOBAL_UNCERTAINTY_ASSIGNED_CONTEXT((#3293))
GLOBAL_UNIT_ASSIGNED_CONTEXT((#3296,#3298,#3299))
REPRESENTATION_CONTEXT('','3D')
);
#3296=(
LENGTH_UNIT()
NAMED_UNIT(*)
SI_UNIT(.MILLI.,.METRE.)
);
#3297=(
LENGTH_UNIT()
NAMED_UNIT(*)
SI_UNIT($,.METRE.)
);
#3298=(
NAMED_UNIT(*)
PLANE_ANGLE_UNIT()
SI_UNIT($,.RADIAN.)
);
#3299=(
NAMED_UNIT(*)
SI_UNIT($,.STERADIAN.)
SOLID_ANGLE_UNIT()
);
#3300=SHAPE_DEFINITION_REPRESENTATION(#3301,#3302);
#3301=PRODUCT_DEFINITION_SHAPE('',$,#3304);
#3302=SHAPE_REPRESENTATION('',(#769),#3294);
#3303=PRODUCT_DEFINITION_CONTEXT('part definition',#3308,'design');
#3304=PRODUCT_DEFINITION('Support Mount','Support Mount v4',#3305,#3303);
#3305=PRODUCT_DEFINITION_FORMATION('',$,#3310);
#3306=PRODUCT_RELATED_PRODUCT_CATEGORY('Support Mount v4',
'Support Mount v4',(#3310));
#3307=APPLICATION_PROTOCOL_DEFINITION('international standard',
'automotive_design',2009,#3308);
#3308=APPLICATION_CONTEXT(
'Core Data for Automotive Mechanical Design Process');
#3309=PRODUCT_CONTEXT('part definition',#3308,'mechanical');
#3310=PRODUCT('Support Mount','Support Mount v4',$,(#3309));
#3311=PRESENTATION_STYLE_ASSIGNMENT((#3312));
#3312=SURFACE_STYLE_USAGE(.BOTH.,#3313);
#3313=SURFACE_SIDE_STYLE('',(#3314));
#3314=SURFACE_STYLE_FILL_AREA(#3315);
#3315=FILL_AREA_STYLE('Steel - Satin',(#3316));
#3316=FILL_AREA_STYLE_COLOUR('Steel - Satin',#3317);
#3317=COLOUR_RGB('Steel - Satin',0.627450980392157,0.627450980392157,0.627450980392157);
ENDSEC;
END-ISO-10303-21;
