ISO-10303-21;
HEADER;
/* Generated by software containing ST-Developer
 * from STEP Tools, Inc. (www.steptools.com) 
 */

FILE_DESCRIPTION(
/* description */ (''),
/* implementation_level */ '2;1');

FILE_NAME(
/* name */ 'Support Mount Abuse angle v3.step',
/* time_stamp */ '2026-03-01T00:19:57+05:30',
/* author */ (''),
/* organization */ (''),
/* preprocessor_version */ 'ST-DEVELOPER v20.1',
/* originating_system */ 'Autodesk Translation Framework v14.24.0.0',
/* authorisation */ '');

FILE_SCHEMA (('AUTOMOTIVE_DESIGN { 1 0 10303 214 3 1 1 }'));
ENDSEC;

DATA;
#10=MECHANICAL_DESIGN_GEOMETRIC_PRESENTATION_REPRESENTATION('',(#13),#3033);
#11=SHAPE_REPRESENTATION_RELATIONSHIP('SRR','None',#3040,#12);
#12=ADVANCED_BREP_SHAPE_REPRESENTATION('',(#14),#3032);
#13=STYLED_ITEM('',(#3049),#14);
#14=MANIFOLD_SOLID_BREP('Body1',#733);
#15=SPHERICAL_SURFACE('',#794,27.5);
#16=SPHERICAL_SURFACE('',#797,27.5);
#17=CONICAL_SURFACE('',#769,8.75,0.785398163397449);
#18=CONICAL_SURFACE('',#777,8.75,0.785398163397448);
#19=CONICAL_SURFACE('',#782,8.75,0.785398163397447);
#20=CONICAL_SURFACE('',#787,8.75,0.785398163397448);
#21=ELLIPSE('',#761,32.3792295619466,11.75);
#22=ELLIPSE('',#765,32.3792295619466,11.75);
#23=B_SPLINE_SURFACE_WITH_KNOTS('',3,3,((#1284,#1285,#1286,#1287,#1288,
#1289,#1290,#1291,#1292,#1293,#1294,#1295,#1296,#1297,#1298,#1299,#1300,
#1301,#1302,#1303,#1304,#1305,#1306,#1307,#1308,#1309,#1310),(#1311,#1312,
#1313,#1314,#1315,#1316,#1317,#1318,#1319,#1320,#1321,#1322,#1323,#1324,
#1325,#1326,#1327,#1328,#1329,#1330,#1331,#1332,#1333,#1334,#1335,#1336,
#1337),(#1338,#1339,#1340,#1341,#1342,#1343,#1344,#1345,#1346,#1347,#1348,
#1349,#1350,#1351,#1352,#1353,#1354,#1355,#1356,#1357,#1358,#1359,#1360,
#1361,#1362,#1363,#1364),(#1365,#1366,#1367,#1368,#1369,#1370,#1371,#1372,
#1373,#1374,#1375,#1376,#1377,#1378,#1379,#1380,#1381,#1382,#1383,#1384,
#1385,#1386,#1387,#1388,#1389,#1390,#1391)),.UNSPECIFIED.,.F.,.T.,.F.,(4,
4),(4,1,2,1,1,1,1,1,2,1,1,1,1,1,1,1,2,2,2,4),(0.,1.),(0.,0.0660263531802391,
0.132052706360478,0.214584529247646,0.25585044069123,0.297116352134814,
0.359015219300189,0.420914086465565,0.462179997909149,0.511699343323779,
0.561218688738409,0.61073803415304,0.635497706860355,0.66025737956767,0.7097767249823,
0.75929607039693,0.85833476122619,0.924359995818298,0.990386348998537,1.05641270217878),
 .UNSPECIFIED.);
#24=B_SPLINE_SURFACE_WITH_KNOTS('',3,3,((#1570,#1571,#1572,#1573,#1574,
#1575,#1576,#1577,#1578,#1579,#1580,#1581,#1582,#1583,#1584,#1585,#1586,
#1587,#1588,#1589,#1590,#1591,#1592,#1593,#1594,#1595,#1596),(#1597,#1598,
#1599,#1600,#1601,#1602,#1603,#1604,#1605,#1606,#1607,#1608,#1609,#1610,
#1611,#1612,#1613,#1614,#1615,#1616,#1617,#1618,#1619,#1620,#1621,#1622,
#1623),(#1624,#1625,#1626,#1627,#1628,#1629,#1630,#1631,#1632,#1633,#1634,
#1635,#1636,#1637,#1638,#1639,#1640,#1641,#1642,#1643,#1644,#1645,#1646,
#1647,#1648,#1649,#1650),(#1651,#1652,#1653,#1654,#1655,#1656,#1657,#1658,
#1659,#1660,#1661,#1662,#1663,#1664,#1665,#1666,#1667,#1668,#1669,#1670,
#1671,#1672,#1673,#1674,#1675,#1676,#1677)),.UNSPECIFIED.,.F.,.T.,.F.,(4,
4),(4,1,2,1,1,1,1,1,1,1,1,1,2,1,1,1,1,1,2,2,4),(0.,1.),(0.,0.0660263587985844,
0.132052717597169,0.189825215231901,0.23315458845795,0.247597712866633,
0.305370210501365,0.363142708136097,0.42091520577083,0.449801454588196,
0.478687703405562,0.536460201040294,0.594232698675026,0.643751823683212,
0.66025819868594,0.726283698696855,0.792309198707769,0.808815573710498,
0.858334698718684,0.990386343428639,1.05641270222722),.UNSPECIFIED.);
#25=B_SPLINE_SURFACE_WITH_KNOTS('',3,3,((#1855,#1856,#1857,#1858,#1859,
#1860,#1861,#1862,#1863,#1864,#1865,#1866,#1867,#1868,#1869,#1870,#1871,
#1872,#1873,#1874,#1875,#1876,#1877,#1878,#1879,#1880,#1881),(#1882,#1883,
#1884,#1885,#1886,#1887,#1888,#1889,#1890,#1891,#1892,#1893,#1894,#1895,
#1896,#1897,#1898,#1899,#1900,#1901,#1902,#1903,#1904,#1905,#1906,#1907,
#1908),(#1909,#1910,#1911,#1912,#1913,#1914,#1915,#1916,#1917,#1918,#1919,
#1920,#1921,#1922,#1923,#1924,#1925,#1926,#1927,#1928,#1929,#1930,#1931,
#1932,#1933,#1934,#1935),(#1936,#1937,#1938,#1939,#1940,#1941,#1942,#1943,
#1944,#1945,#1946,#1947,#1948,#1949,#1950,#1951,#1952,#1953,#1954,#1955,
#1956,#1957,#1958,#1959,#1960,#1961,#1962)),.UNSPECIFIED.,.F.,.T.,.F.,(4,
4),(4,1,2,2,2,2,1,1,1,1,1,2,2,2,2,1,4),(0.,1.),(0.792301574089014,0.858330779359534,
0.924359984630054,0.990386343428639,1.05641270222722,1.12243906102581,1.16370497317483,
1.20497088532386,1.28750270962191,1.32876862177093,1.37003453391996,1.45256635821801,
1.51859270577942,1.65064540090225,1.71667174846366,1.78269301238995,1.84871427631624),
 .UNSPECIFIED.);
#26=B_SPLINE_SURFACE_WITH_KNOTS('',3,3,((#2032,#2033,#2034,#2035,#2036,
#2037,#2038,#2039,#2040,#2041,#2042,#2043,#2044,#2045,#2046,#2047,#2048,
#2049,#2050,#2051,#2052,#2053,#2054,#2055,#2056,#2057,#2058,#2059,#2060),
(#2061,#2062,#2063,#2064,#2065,#2066,#2067,#2068,#2069,#2070,#2071,#2072,
#2073,#2074,#2075,#2076,#2077,#2078,#2079,#2080,#2081,#2082,#2083,#2084,
#2085,#2086,#2087,#2088,#2089),(#2090,#2091,#2092,#2093,#2094,#2095,#2096,
#2097,#2098,#2099,#2100,#2101,#2102,#2103,#2104,#2105,#2106,#2107,#2108,
#2109,#2110,#2111,#2112,#2113,#2114,#2115,#2116,#2117,#2118),(#2119,#2120,
#2121,#2122,#2123,#2124,#2125,#2126,#2127,#2128,#2129,#2130,#2131,#2132,
#2133,#2134,#2135,#2136,#2137,#2138,#2139,#2140,#2141,#2142,#2143,#2144,
#2145,#2146,#2147)),.UNSPECIFIED.,.F.,.T.,.F.,(4,4),(4,1,1,1,1,1,1,1,1,
2,2,2,1,2,2,2,1,2,1,4),(0.,1.),(0.792309526634082,0.841829011872229,0.891348497110376,
0.940867982348522,0.990387467586669,1.03990695282482,1.08942643806296,1.1018063093725,
1.13894592330111,1.18846540853925,1.25449064313136,1.32051587772347,1.38654111231558,
1.45256634690769,1.51859270008793,1.58461905326817,1.6506454064484,1.71667175962864,
1.78269699422075,1.84872222881286),.UNSPECIFIED.);
#27=B_SPLINE_SURFACE_WITH_KNOTS('',3,3,((#2421,#2422,#2423,#2424,#2425,
#2426,#2427,#2428,#2429,#2430,#2431,#2432,#2433,#2434,#2435,#2436,#2437,
#2438,#2439,#2440,#2441,#2442,#2443,#2444,#2445,#2446,#2447,#2448,#2449,
#2450,#2451,#2452,#2453,#2454,#2455),(#2456,#2457,#2458,#2459,#2460,#2461,
#2462,#2463,#2464,#2465,#2466,#2467,#2468,#2469,#2470,#2471,#2472,#2473,
#2474,#2475,#2476,#2477,#2478,#2479,#2480,#2481,#2482,#2483,#2484,#2485,
#2486,#2487,#2488,#2489,#2490),(#2491,#2492,#2493,#2494,#2495,#2496,#2497,
#2498,#2499,#2500,#2501,#2502,#2503,#2504,#2505,#2506,#2507,#2508,#2509,
#2510,#2511,#2512,#2513,#2514,#2515,#2516,#2517,#2518,#2519,#2520,#2521,
#2522,#2523,#2524,#2525),(#2526,#2527,#2528,#2529,#2530,#2531,#2532,#2533,
#2534,#2535,#2536,#2537,#2538,#2539,#2540,#2541,#2542,#2543,#2544,#2545,
#2546,#2547,#2548,#2549,#2550,#2551,#2552,#2553,#2554,#2555,#2556,#2557,
#2558,#2559,#2560),(#2561,#2562,#2563,#2564,#2565,#2566,#2567,#2568,#2569,
#2570,#2571,#2572,#2573,#2574,#2575,#2576,#2577,#2578,#2579,#2580,#2581,
#2582,#2583,#2584,#2585,#2586,#2587,#2588,#2589,#2590,#2591,#2592,#2593,
#2594,#2595),(#2596,#2597,#2598,#2599,#2600,#2601,#2602,#2603,#2604,#2605,
#2606,#2607,#2608,#2609,#2610,#2611,#2612,#2613,#2614,#2615,#2616,#2617,
#2618,#2619,#2620,#2621,#2622,#2623,#2624,#2625,#2626,#2627,#2628,#2629,
#2630),(#2631,#2632,#2633,#2634,#2635,#2636,#2637,#2638,#2639,#2640,#2641,
#2642,#2643,#2644,#2645,#2646,#2647,#2648,#2649,#2650,#2651,#2652,#2653,
#2654,#2655,#2656,#2657,#2658,#2659,#2660,#2661,#2662,#2663,#2664,#2665)),
 .UNSPECIFIED.,.F.,.F.,.F.,(4,1,1,1,4),(4,1,1,1,1,1,1,1,1,1,1,1,1,1,1,1,
1,1,1,1,1,1,1,1,1,1,1,1,1,1,1,1,4),(0.,0.285714285714286,0.571428571428571,
0.857142857142857,1.),(0.,0.808680148439444,1.61736029687889,2.42604044531833,
3.23472059375778,4.04340074219722,4.44774081641694,4.85208089063667,5.66076103907611,
6.46944118751556,7.54768138543481,8.62592158335407,9.70416178127333,10.243281880233,
10.7824019791926,11.3215220781522,11.8606421771119,12.3997622760715,12.9388823750311,
14.0171225729504,15.0953627708696,16.1736029687889,16.9822831172283,17.2518431667081,
17.7909632656678,18.0605233151476,18.3300833646274,18.869203463587,19.4083235625467,
20.2170037109861,21.0256838594256,21.834364007865,22.6430441563044),
 .UNSPECIFIED.);
#28=B_SPLINE_SURFACE_WITH_KNOTS('',3,3,((#2699,#2700,#2701,#2702,#2703,
#2704,#2705,#2706),(#2707,#2708,#2709,#2710,#2711,#2712,#2713,#2714),(#2715,
#2716,#2717,#2718,#2719,#2720,#2721,#2722),(#2723,#2724,#2725,#2726,#2727,
#2728,#2729,#2730),(#2731,#2732,#2733,#2734,#2735,#2736,#2737,#2738),(#2739,
#2740,#2741,#2742,#2743,#2744,#2745,#2746)),.UNSPECIFIED.,.F.,.F.,.F.,(4,
1,1,4),(4,1,1,1,1,4),(0.,0.285714285714286,0.571428571428571,1.),(-0.508205945624554,
-0.217802548124813,-0.0726008493749425,0.0726008493749281,0.363004246874669,
0.50820594562454),.UNSPECIFIED.);
#29=B_SPLINE_SURFACE_WITH_KNOTS('',3,3,((#2747,#2748,#2749,#2750,#2751,
#2752,#2753,#2754,#2755,#2756,#2757,#2758,#2759,#2760,#2761),(#2762,#2763,
#2764,#2765,#2766,#2767,#2768,#2769,#2770,#2771,#2772,#2773,#2774,#2775,
#2776),(#2777,#2778,#2779,#2780,#2781,#2782,#2783,#2784,#2785,#2786,#2787,
#2788,#2789,#2790,#2791),(#2792,#2793,#2794,#2795,#2796,#2797,#2798,#2799,
#2800,#2801,#2802,#2803,#2804,#2805,#2806),(#2807,#2808,#2809,#2810,#2811,
#2812,#2813,#2814,#2815,#2816,#2817,#2818,#2819,#2820,#2821),(#2822,#2823,
#2824,#2825,#2826,#2827,#2828,#2829,#2830,#2831,#2832,#2833,#2834,#2835,
#2836),(#2837,#2838,#2839,#2840,#2841,#2842,#2843,#2844,#2845,#2846,#2847,
#2848,#2849,#2850,#2851)),.UNSPECIFIED.,.F.,.F.,.F.,(4,1,1,1,4),(4,1,1,
1,1,1,1,1,1,1,1,1,4),(0.,0.285714285714286,0.571428571428571,0.857142857142857,
1.),(4.34978578792882,4.79811344610347,5.02227727519079,5.24644110427812,
5.395883657003,5.54532620972789,5.69476876245277,5.99365386790254,6.14309642062742,
6.59142407880207,7.03975173697672,7.26391556606405,7.48807939515137),
 .UNSPECIFIED.);
#30=B_SPLINE_SURFACE_WITH_KNOTS('',3,3,((#2881,#2882,#2883,#2884,#2885,
#2886,#2887,#2888,#2889,#2890,#2891,#2892,#2893,#2894,#2895,#2896,#2897,
#2898,#2899,#2900,#2901),(#2902,#2903,#2904,#2905,#2906,#2907,#2908,#2909,
#2910,#2911,#2912,#2913,#2914,#2915,#2916,#2917,#2918,#2919,#2920,#2921,
#2922),(#2923,#2924,#2925,#2926,#2927,#2928,#2929,#2930,#2931,#2932,#2933,
#2934,#2935,#2936,#2937,#2938,#2939,#2940,#2941,#2942,#2943),(#2944,#2945,
#2946,#2947,#2948,#2949,#2950,#2951,#2952,#2953,#2954,#2955,#2956,#2957,
#2958,#2959,#2960,#2961,#2962,#2963,#2964),(#2965,#2966,#2967,#2968,#2969,
#2970,#2971,#2972,#2973,#2974,#2975,#2976,#2977,#2978,#2979,#2980,#2981,
#2982,#2983,#2984,#2985),(#2986,#2987,#2988,#2989,#2990,#2991,#2992,#2993,
#2994,#2995,#2996,#2997,#2998,#2999,#3000,#3001,#3002,#3003,#3004,#3005,
#3006),(#3007,#3008,#3009,#3010,#3011,#3012,#3013,#3014,#3015,#3016,#3017,
#3018,#3019,#3020,#3021,#3022,#3023,#3024,#3025,#3026,#3027)),
 .UNSPECIFIED.,.F.,.F.,.F.,(4,1,1,1,4),(4,1,1,1,1,1,1,1,1,1,1,1,1,1,1,1,
1,1,4),(0.,0.285714285714286,0.571428571428571,0.857142857142857,1.),(0.,
0.112077112378954,0.224154224757908,0.336231337136862,0.448308449515816,
0.672462674273724,0.896616899031632,1.19548919870884,1.34492534854745,1.49436149838605,
1.64379764822466,1.79323379806326,1.90531091044222,2.01738802282117,2.24154224757908,
2.46569647233699,2.6898506970949,2.91400492185281,3.13815914661071),
 .UNSPECIFIED.);
#31=FACE_BOUND('',#101,.T.);
#32=FACE_BOUND('',#104,.T.);
#33=FACE_BOUND('',#111,.T.);
#34=FACE_BOUND('',#112,.T.);
#35=FACE_BOUND('',#116,.T.);
#36=FACE_BOUND('',#117,.T.);
#37=FACE_BOUND('',#125,.T.);
#38=FACE_BOUND('',#126,.T.);
#39=FACE_BOUND('',#127,.T.);
#40=FACE_BOUND('',#128,.T.);
#41=FACE_BOUND('',#130,.T.);
#42=FACE_BOUND('',#133,.T.);
#43=FACE_BOUND('',#136,.T.);
#44=FACE_BOUND('',#137,.T.);
#45=FACE_BOUND('',#139,.T.);
#46=FACE_BOUND('',#142,.T.);
#47=FACE_BOUND('',#143,.T.);
#48=FACE_BOUND('',#145,.T.);
#49=FACE_BOUND('',#148,.T.);
#50=FACE_BOUND('',#150,.T.);
#51=FACE_BOUND('',#154,.T.);
#52=FACE_BOUND('',#155,.T.);
#53=PLANE('',#749);
#54=PLANE('',#753);
#55=PLANE('',#774);
#56=PLANE('',#779);
#57=PLANE('',#786);
#58=PLANE('',#791);
#59=FACE_OUTER_BOUND('',#99,.T.);
#60=FACE_OUTER_BOUND('',#100,.T.);
#61=FACE_OUTER_BOUND('',#102,.T.);
#62=FACE_OUTER_BOUND('',#103,.T.);
#63=FACE_OUTER_BOUND('',#105,.T.);
#64=FACE_OUTER_BOUND('',#106,.T.);
#65=FACE_OUTER_BOUND('',#107,.T.);
#66=FACE_OUTER_BOUND('',#108,.T.);
#67=FACE_OUTER_BOUND('',#109,.T.);
#68=FACE_OUTER_BOUND('',#110,.T.);
#69=FACE_OUTER_BOUND('',#113,.T.);
#70=FACE_OUTER_BOUND('',#114,.T.);
#71=FACE_OUTER_BOUND('',#115,.T.);
#72=FACE_OUTER_BOUND('',#118,.T.);
#73=FACE_OUTER_BOUND('',#119,.T.);
#74=FACE_OUTER_BOUND('',#120,.T.);
#75=FACE_OUTER_BOUND('',#121,.T.);
#76=FACE_OUTER_BOUND('',#122,.T.);
#77=FACE_OUTER_BOUND('',#123,.T.);
#78=FACE_OUTER_BOUND('',#124,.T.);
#79=FACE_OUTER_BOUND('',#129,.T.);
#80=FACE_OUTER_BOUND('',#131,.T.);
#81=FACE_OUTER_BOUND('',#132,.T.);
#82=FACE_OUTER_BOUND('',#134,.T.);
#83=FACE_OUTER_BOUND('',#135,.T.);
#84=FACE_OUTER_BOUND('',#138,.T.);
#85=FACE_OUTER_BOUND('',#140,.T.);
#86=FACE_OUTER_BOUND('',#141,.T.);
#87=FACE_OUTER_BOUND('',#144,.T.);
#88=FACE_OUTER_BOUND('',#146,.T.);
#89=FACE_OUTER_BOUND('',#147,.T.);
#90=FACE_OUTER_BOUND('',#149,.T.);
#91=FACE_OUTER_BOUND('',#151,.T.);
#92=FACE_OUTER_BOUND('',#152,.T.);
#93=FACE_OUTER_BOUND('',#153,.T.);
#94=FACE_OUTER_BOUND('',#156,.T.);
#95=FACE_OUTER_BOUND('',#157,.T.);
#96=FACE_OUTER_BOUND('',#158,.T.);
#97=FACE_OUTER_BOUND('',#159,.T.);
#98=FACE_OUTER_BOUND('',#160,.T.);
#99=EDGE_LOOP('',(#463,#464,#465,#466,#467));
#100=EDGE_LOOP('',(#468));
#101=EDGE_LOOP('',(#469));
#102=EDGE_LOOP('',(#470,#471,#472,#473,#474));
#103=EDGE_LOOP('',(#475));
#104=EDGE_LOOP('',(#476));
#105=EDGE_LOOP('',(#477,#478,#479,#480,#481,#482,#483));
#106=EDGE_LOOP('',(#484,#485,#486,#487,#488));
#107=EDGE_LOOP('',(#489,#490,#491,#492,#493,#494,#495));
#108=EDGE_LOOP('',(#496,#497,#498,#499,#500));
#109=EDGE_LOOP('',(#501,#502,#503,#504,#505));
#110=EDGE_LOOP('',(#506,#507,#508,#509,#510,#511));
#111=EDGE_LOOP('',(#512));
#112=EDGE_LOOP('',(#513));
#113=EDGE_LOOP('',(#514,#515,#516,#517,#518,#519));
#114=EDGE_LOOP('',(#520,#521,#522,#523,#524));
#115=EDGE_LOOP('',(#525,#526,#527,#528,#529,#530));
#116=EDGE_LOOP('',(#531));
#117=EDGE_LOOP('',(#532));
#118=EDGE_LOOP('',(#533,#534,#535,#536,#537,#538));
#119=EDGE_LOOP('',(#539,#540,#541,#542));
#120=EDGE_LOOP('',(#543,#544,#545,#546,#547));
#121=EDGE_LOOP('',(#548,#549,#550,#551,#552));
#122=EDGE_LOOP('',(#553,#554,#555,#556,#557,#558));
#123=EDGE_LOOP('',(#559,#560,#561,#562));
#124=EDGE_LOOP('',(#563,#564,#565,#566));
#125=EDGE_LOOP('',(#567,#568));
#126=EDGE_LOOP('',(#569,#570));
#127=EDGE_LOOP('',(#571,#572));
#128=EDGE_LOOP('',(#573,#574));
#129=EDGE_LOOP('',(#575,#576,#577,#578));
#130=EDGE_LOOP('',(#579));
#131=EDGE_LOOP('',(#580,#581,#582,#583));
#132=EDGE_LOOP('',(#584,#585,#586,#587));
#133=EDGE_LOOP('',(#588));
#134=EDGE_LOOP('',(#589,#590,#591,#592));
#135=EDGE_LOOP('',(#593,#594,#595,#596));
#136=EDGE_LOOP('',(#597,#598));
#137=EDGE_LOOP('',(#599,#600));
#138=EDGE_LOOP('',(#601));
#139=EDGE_LOOP('',(#602));
#140=EDGE_LOOP('',(#603,#604,#605,#606));
#141=EDGE_LOOP('',(#607,#608,#609,#610,#611));
#142=EDGE_LOOP('',(#612,#613));
#143=EDGE_LOOP('',(#614,#615));
#144=EDGE_LOOP('',(#616));
#145=EDGE_LOOP('',(#617));
#146=EDGE_LOOP('',(#618,#619,#620,#621,#622,#623,#624,#625,#626));
#147=EDGE_LOOP('',(#627,#628,#629));
#148=EDGE_LOOP('',(#630,#631));
#149=EDGE_LOOP('',(#632,#633,#634));
#150=EDGE_LOOP('',(#635,#636));
#151=EDGE_LOOP('',(#637,#638,#639,#640));
#152=EDGE_LOOP('',(#641,#642,#643,#644,#645,#646));
#153=EDGE_LOOP('',(#647,#648,#649,#650,#651));
#154=EDGE_LOOP('',(#652,#653,#654));
#155=EDGE_LOOP('',(#655,#656,#657));
#156=EDGE_LOOP('',(#658,#659,#660));
#157=EDGE_LOOP('',(#661,#662,#663));
#158=EDGE_LOOP('',(#664,#665,#666,#667,#668,#669));
#159=EDGE_LOOP('',(#670));
#160=EDGE_LOOP('',(#671,#672));
#161=CIRCLE('',#748,2.7);
#162=CIRCLE('',#750,2.25);
#163=CIRCLE('',#752,2.7);
#164=CIRCLE('',#754,2.25);
#165=CIRCLE('',#760,11.75);
#166=CIRCLE('',#764,11.75);
#167=CIRCLE('',#770,7.75);
#168=CIRCLE('',#771,9.75);
#169=CIRCLE('',#773,7.75);
#170=CIRCLE('',#775,15.75);
#171=CIRCLE('',#776,15.75);
#172=CIRCLE('',#778,9.75);
#173=CIRCLE('',#780,15.75);
#174=CIRCLE('',#781,15.75);
#175=CIRCLE('',#783,9.75);
#176=CIRCLE('',#784,7.75);
#177=CIRCLE('',#788,9.75);
#178=CIRCLE('',#789,7.75);
#179=CIRCLE('',#792,27.5);
#180=CIRCLE('',#793,27.5);
#181=CIRCLE('',#795,27.5);
#182=CIRCLE('',#796,27.5);
#183=CIRCLE('',#798,27.4999999999959);
#184=CIRCLE('',#799,27.5);
#185=CIRCLE('',#800,27.5);
#186=LINE('',#990,#209);
#187=LINE('',#1035,#210);
#188=LINE('',#1084,#211);
#189=LINE('',#1161,#212);
#190=LINE('',#1206,#213);
#191=LINE('',#1283,#214);
#192=LINE('',#1394,#215);
#193=LINE('',#1458,#216);
#194=LINE('',#1569,#217);
#195=LINE('',#1680,#218);
#196=LINE('',#1744,#219);
#197=LINE('',#1854,#220);
#198=LINE('',#1991,#221);
#199=LINE('',#1994,#222);
#200=LINE('',#2149,#223);
#201=LINE('',#2186,#224);
#202=LINE('',#2230,#225);
#203=LINE('',#2235,#226);
#204=LINE('',#2284,#227);
#205=LINE('',#2334,#228);
#206=LINE('',#2338,#229);
#207=LINE('',#2378,#230);
#208=LINE('',#2382,#231);
#209=VECTOR('',#810,2.7);
#210=VECTOR('',#819,2.7);
#211=VECTOR('',#828,2.25);
#212=VECTOR('',#831,2.25);
#213=VECTOR('',#834,2.25);
#214=VECTOR('',#837,2.25);
#215=VECTOR('',#838,10.);
#216=VECTOR('',#843,11.75);
#217=VECTOR('',#848,1.75);
#218=VECTOR('',#849,10.);
#219=VECTOR('',#854,11.75);
#220=VECTOR('',#859,1.75);
#221=VECTOR('',#860,10.);
#222=VECTOR('',#863,1.75);
#223=VECTOR('',#864,10.);
#224=VECTOR('',#867,1.75);
#225=VECTOR('',#872,8.75);
#226=VECTOR('',#879,7.75);
#227=VECTOR('',#890,8.75);
#228=VECTOR('',#901,8.75);
#229=VECTOR('',#906,7.75);
#230=VECTOR('',#913,8.75);
#231=VECTOR('',#918,7.75);
#232=B_SPLINE_CURVE_WITH_KNOTS('',3,(#953,#954,#955,#956,#957,#958,#959,
#960,#961,#962,#963,#964,#965,#966,#967,#968,#969,#970),.UNSPECIFIED.,.F.,
 .F.,(4,2,2,2,2,2,2,2,4),(0.,0.110399906113291,0.220799812226581,0.327416368537867,
0.434032924849153,0.535725455254241,0.63741798565933,0.7437684285138,0.85011887136827),
 .UNSPECIFIED.);
#233=B_SPLINE_CURVE_WITH_KNOTS('',3,(#971,#972,#973,#974,#975,#976,#977,
#978,#979,#980,#981,#982,#983,#984,#985,#986,#987,#988),.UNSPECIFIED.,.F.,
 .F.,(4,2,2,2,2,2,2,2,4),(0.85011887136827,0.960935239780743,1.07175160819322,
1.17763998379602,1.28352835939882,1.3852279430137,1.48692752662858,1.59269022875391,
1.69845293087925),.UNSPECIFIED.);
#234=B_SPLINE_CURVE_WITH_KNOTS('',3,(#998,#999,#1000,#1001,#1002,#1003,
#1004,#1005,#1006,#1007,#1008,#1009,#1010,#1011,#1012,#1013,#1014,#1015),
 .UNSPECIFIED.,.F.,.F.,(4,2,2,2,2,2,2,2,4),(0.,0.105762703036425,0.21152540607285,
0.313224989477785,0.41492457288272,0.520812948635256,0.626701324387792,
0.737517694250685,0.848334064113579),.UNSPECIFIED.);
#235=B_SPLINE_CURVE_WITH_KNOTS('',3,(#1016,#1017,#1018,#1019,#1020,#1021,
#1022,#1023,#1024,#1025,#1026,#1027,#1028,#1029,#1030,#1031,#1032,#1033),
 .UNSPECIFIED.,.F.,.F.,(4,2,2,2,2,2,2,2,4),(0.848334064113579,0.954684508045724,
1.06103495197787,1.1627274821401,1.26442001230233,1.37103656890189,1.47765312550145,
1.5880530330385,1.69845294057556),.UNSPECIFIED.);
#236=B_SPLINE_CURVE_WITH_KNOTS('',3,(#1043,#1044,#1045,#1046,#1047,#1048,
#1049,#1050,#1051,#1052),.UNSPECIFIED.,.F.,.F.,(4,2,2,2,4),(0.339517354677442,
0.42439608576433,0.509274816851218,0.594154763103054,0.679034709354891),
 .UNSPECIFIED.);
#237=B_SPLINE_CURVE_WITH_KNOTS('',3,(#1054,#1055,#1056,#1057,#1058,#1059,
#1060,#1061,#1062,#1063,#1064,#1065,#1066,#1067,#1068,#1069,#1070,#1071,
#1072),.UNSPECIFIED.,.F.,.F.,(4,2,2,2,3,2,2,2,4),(1.01855206403234,1.10343079511922,
1.18830952620611,1.27318947245795,1.35806941870978,1.44294936496162,1.52782931121345,
1.61270804230034,1.69758677338722),.UNSPECIFIED.);
#238=B_SPLINE_CURVE_WITH_KNOTS('',3,(#1073,#1074,#1075,#1076,#1077,#1078,
#1079,#1080,#1081,#1082),.UNSPECIFIED.,.F.,.F.,(4,2,2,2,4),(0.679034709354891,
0.763914655606726,0.848794601858562,0.933673332945451,1.01855206403234),
 .UNSPECIFIED.);
#239=B_SPLINE_CURVE_WITH_KNOTS('',3,(#1086,#1087,#1088,#1089,#1090,#1091,
#1092,#1093,#1094,#1095,#1096,#1097,#1098,#1099,#1100,#1101,#1102,#1103),
 .UNSPECIFIED.,.F.,.F.,(4,2,2,2,2,2,2,2,4),(0.,0.0852979791320418,0.170595958264084,
0.255871776604117,0.341147594944149,0.426423413284194,0.511699231624238,
0.596997210756281,0.682295189888324),.UNSPECIFIED.);
#240=B_SPLINE_CURVE_WITH_KNOTS('',3,(#1104,#1105,#1106,#1107,#1108,#1109,
#1110,#1111,#1112,#1113,#1114,#1115,#1116,#1117,#1118,#1119,#1120,#1121),
 .UNSPECIFIED.,.F.,.F.,(4,2,2,2,2,2,2,2,4),(0.682295189888324,0.767593169020369,
0.852891148152414,0.938166966492456,1.0234427848325,1.10871860317253,1.19399442151257,
1.27929240064461,1.36459037977665),.UNSPECIFIED.);
#241=B_SPLINE_CURVE_WITH_KNOTS('',3,(#1125,#1126,#1127,#1128,#1129,#1130,
#1131,#1132,#1133,#1134,#1135,#1136,#1137,#1138,#1139,#1140,#1141,#1142),
 .UNSPECIFIED.,.F.,.F.,(4,2,2,2,2,2,2,2,4),(0.,0.0852979791320398,0.17059595826408,
0.255871776604115,0.34114759494415,0.426423413284192,0.511699231624235,
0.59699721075628,0.682295189888325),.UNSPECIFIED.);
#242=B_SPLINE_CURVE_WITH_KNOTS('',3,(#1143,#1144,#1145,#1146,#1147,#1148,
#1149,#1150,#1151,#1152,#1153,#1154,#1155,#1156,#1157,#1158,#1159,#1160),
 .UNSPECIFIED.,.F.,.F.,(4,2,2,2,2,2,2,2,4),(0.682295189888325,0.767593169020368,
0.852891148152411,0.938166966492455,1.0234427848325,1.10871860317253,1.19399442151257,
1.27929240064461,1.36459037977665),.UNSPECIFIED.);
#243=B_SPLINE_CURVE_WITH_KNOTS('',3,(#1165,#1166,#1167,#1168,#1169,#1170,
#1171,#1172,#1173,#1174),.UNSPECIFIED.,.F.,.F.,(4,2,2,2,4),(0.339517354677444,
0.424396085764331,0.509274816851219,0.594154763103055,0.679034709354891),
 .UNSPECIFIED.);
#244=B_SPLINE_CURVE_WITH_KNOTS('',3,(#1176,#1177,#1178,#1179,#1180,#1181,
#1182,#1183,#1184,#1185,#1186,#1187,#1188,#1189,#1190,#1191,#1192,#1193,
#1194),.UNSPECIFIED.,.F.,.F.,(4,2,2,2,3,2,2,2,4),(1.01855206403234,1.10343079511922,
1.18830952620611,1.27318947245795,1.35806941870978,1.44294936496162,1.52782931121345,
1.61270804230034,1.69758677338723),.UNSPECIFIED.);
#245=B_SPLINE_CURVE_WITH_KNOTS('',3,(#1195,#1196,#1197,#1198,#1199,#1200,
#1201,#1202,#1203,#1204),.UNSPECIFIED.,.F.,.F.,(4,2,2,2,4),(0.679034709354891,
0.763914655606727,0.848794601858563,0.93367333294545,1.01855206403234),
 .UNSPECIFIED.);
#246=B_SPLINE_CURVE_WITH_KNOTS('',3,(#1208,#1209,#1210,#1211,#1212,#1213,
#1214,#1215,#1216,#1217,#1218,#1219,#1220,#1221,#1222,#1223,#1224,#1225),
 .UNSPECIFIED.,.F.,.F.,(4,2,2,2,2,2,2,2,4),(0.,0.0852979791320421,0.170595958264084,
0.25587177660412,0.341147594944157,0.426423413284198,0.511699231624239,
0.596997210756282,0.682295189888324),.UNSPECIFIED.);
#247=B_SPLINE_CURVE_WITH_KNOTS('',3,(#1226,#1227,#1228,#1229,#1230,#1231,
#1232,#1233,#1234,#1235,#1236,#1237,#1238,#1239,#1240,#1241,#1242,#1243),
 .UNSPECIFIED.,.F.,.F.,(4,2,2,2,2,2,2,2,4),(0.682295189888324,0.767593169020367,
0.85289114815241,0.938166966492451,1.02344278483249,1.10871860317253,1.19399442151256,
1.27929240064461,1.36459037977665),.UNSPECIFIED.);
#248=B_SPLINE_CURVE_WITH_KNOTS('',3,(#1247,#1248,#1249,#1250,#1251,#1252,
#1253,#1254,#1255,#1256,#1257,#1258,#1259,#1260,#1261,#1262,#1263,#1264),
 .UNSPECIFIED.,.F.,.F.,(4,2,2,2,2,2,2,2,4),(0.,0.0852979791320421,0.170595958264084,
0.25587177660412,0.341147594944156,0.426423413284198,0.511699231624239,
0.596997210756282,0.682295189888324),.UNSPECIFIED.);
#249=B_SPLINE_CURVE_WITH_KNOTS('',3,(#1265,#1266,#1267,#1268,#1269,#1270,
#1271,#1272,#1273,#1274,#1275,#1276,#1277,#1278,#1279,#1280,#1281,#1282),
 .UNSPECIFIED.,.F.,.F.,(4,2,2,2,2,2,2,2,4),(0.682295189888324,0.767593169020367,
0.85289114815241,0.938166966492451,1.02344278483249,1.10871860317253,1.19399442151256,
1.27929240064461,1.36459037977665),.UNSPECIFIED.);
#250=B_SPLINE_CURVE_WITH_KNOTS('',3,(#1396,#1397,#1398,#1399,#1400,#1401,
#1402,#1403,#1404,#1405,#1406,#1407,#1408,#1409,#1410,#1411,#1412,#1413,
#1414,#1415,#1416,#1417,#1418,#1419,#1420,#1421,#1422),.UNSPECIFIED.,.F.,
 .F.,(4,1,2,1,1,1,1,1,2,1,1,1,1,1,1,1,2,2,2,4),(0.,0.0660263531802391,0.132052706360478,
0.214584529247646,0.25585044069123,0.297116352134814,0.359015219300189,
0.420914086465565,0.462179997909149,0.511699343323779,0.561218688738409,
0.61073803415304,0.635497706860355,0.66025737956767,0.7097767249823,0.75929607039693,
0.85833476122619,0.924359995818298,0.990386348998537,1.01471695699002),
 .UNSPECIFIED.);
#251=B_SPLINE_CURVE_WITH_KNOTS('',3,(#1423,#1424,#1425,#1426),
 .UNSPECIFIED.,.F.,.F.,(4,4),(1.01471695699002,1.05641270217878),
 .UNSPECIFIED.);
#252=B_SPLINE_CURVE_WITH_KNOTS('',3,(#1427,#1428,#1429,#1430,#1431,#1432,
#1433,#1434,#1435,#1436,#1437,#1438,#1439,#1440,#1441,#1442,#1443,#1444,
#1445,#1446,#1447,#1448,#1449,#1450,#1451,#1452,#1453),.UNSPECIFIED.,.T.,
 .F.,(4,2,2,2,1,1,1,1,1,1,1,2,1,1,1,1,1,2,1,4),(-1.05641270217878,-0.990386348998537,
-0.924359995818298,-0.85833476122619,-0.75929607039693,-0.7097767249823,
-0.66025737956767,-0.635497706860355,-0.61073803415304,-0.561218688738409,
-0.511699343323779,-0.462179997909149,-0.420914086465565,-0.359015219300189,
-0.297116352134814,-0.25585044069123,-0.214584529247646,-0.132052706360478,
-0.0660263531802391,0.),.UNSPECIFIED.);
#253=B_SPLINE_CURVE_WITH_KNOTS('',3,(#1460,#1461,#1462,#1463,#1464,#1465,
#1466,#1467,#1468,#1469,#1470,#1471,#1472,#1473,#1474),.UNSPECIFIED.,.F.,
 .F.,(4,1,1,1,1,1,1,1,1,1,1,1,4),(4.34978578792882,4.79811344610347,5.02227727519079,
5.24644110427812,5.395883657003,5.54532620972789,5.69476876245277,5.99365386790254,
6.14309642062742,6.59142407880207,7.03975173697672,7.26391556606405,7.48807939515137),
 .UNSPECIFIED.);
#254=B_SPLINE_CURVE_WITH_KNOTS('',3,(#1477,#1478,#1479,#1480,#1481,#1482,
#1483,#1484,#1485,#1486,#1487,#1488,#1489,#1490,#1491,#1492,#1493,#1494,
#1495,#1496,#1497),.UNSPECIFIED.,.F.,.F.,(4,1,1,1,1,1,1,1,1,1,1,1,1,1,1,
1,1,1,4),(0.,0.112077112378954,0.224154224757908,0.336231337136862,0.448308449515816,
0.672462674273724,0.896616899031632,1.19548919870884,1.34492534854745,1.49436149838605,
1.64379764822466,1.79323379806326,1.90531091044222,2.01738802282117,2.24154224757908,
2.46569647233699,2.6898506970949,2.91400492185281,3.13815914661071),
 .UNSPECIFIED.);
#255=B_SPLINE_CURVE_WITH_KNOTS('',3,(#1499,#1500,#1501,#1502,#1503,#1504,
#1505,#1506,#1507,#1508,#1509,#1510,#1511,#1512,#1513,#1514,#1515,#1516,
#1517,#1518,#1519,#1520,#1521,#1522,#1523,#1524,#1525,#1526,#1527),
 .UNSPECIFIED.,.T.,.F.,(4,1,2,1,2,2,2,1,2,2,2,1,1,1,1,1,1,1,1,4),(-1.84872222881286,
-1.78269699422075,-1.71667175962864,-1.6506454064484,-1.58461905326817,
-1.51859270008793,-1.45256634690769,-1.38654111231558,-1.32051587772347,
-1.25449064313136,-1.18846540853925,-1.13894592330111,-1.1018063093725,
-1.08942643806296,-1.03990695282482,-0.990387467586669,-0.940867982348522,
-0.891348497110376,-0.841829011872229,-0.792309526634082),.UNSPECIFIED.);
#256=B_SPLINE_CURVE_WITH_KNOTS('',3,(#1531,#1532,#1533,#1534),
 .UNSPECIFIED.,.F.,.F.,(4,4),(0.,0.0440906795808568),.UNSPECIFIED.);
#257=B_SPLINE_CURVE_WITH_KNOTS('',3,(#1535,#1536,#1537,#1538,#1539,#1540,
#1541,#1542,#1543,#1544,#1545,#1546,#1547,#1548,#1549,#1550,#1551,#1552,
#1553,#1554,#1555,#1556,#1557,#1558,#1559,#1560,#1561,#1562,#1563,#1564,
#1565,#1566,#1567,#1568),.UNSPECIFIED.,.F.,.F.,(4,2,2,2,2,2,2,2,2,2,2,2,
2,2,2,2,4),(0.0440906795808568,0.0661694951548179,0.132338990309636,0.198502396508031,
0.264665802706425,0.33082920890482,0.396992615103215,0.463162110258033,
0.529331605412851,0.595501100567669,0.661670595722487,0.727834001920881,
0.793997408119275,0.86016081431767,0.926324220516065,0.992493715670883,
1.0586632108257),.UNSPECIFIED.);
#258=B_SPLINE_CURVE_WITH_KNOTS('',3,(#1682,#1683,#1684,#1685,#1686,#1687,
#1688,#1689,#1690,#1691),.UNSPECIFIED.,.F.,.F.,(4,1,2,1,1,1,4),(0.,0.0660263587985844,
0.132052717597169,0.189825215231901,0.23315458845795,0.247597712866633,
0.264102296276536),.UNSPECIFIED.);
#259=B_SPLINE_CURVE_WITH_KNOTS('',3,(#1692,#1693,#1694,#1695,#1696,#1697,
#1698,#1699,#1700,#1701,#1702,#1703,#1704,#1705,#1706,#1707,#1708,#1709,
#1710,#1711,#1712),.UNSPECIFIED.,.F.,.F.,(4,1,1,1,1,1,1,2,1,1,1,1,1,2,2,
4),(0.26410328941991,0.305370210501365,0.363142708136097,0.42091520577083,
0.449801454588196,0.478687703405562,0.536460201040294,0.594232698675026,
0.643751823683212,0.66025819868594,0.726283698696855,0.792309198707769,
0.808815573710498,0.858334698718684,0.990386343428639,1.05641270222722),
 .UNSPECIFIED.);
#260=B_SPLINE_CURVE_WITH_KNOTS('',3,(#1713,#1714,#1715,#1716,#1717,#1718,
#1719,#1720,#1721,#1722,#1723,#1724,#1725,#1726,#1727,#1728,#1729,#1730,
#1731,#1732,#1733,#1734,#1735,#1736,#1737,#1738,#1739),.UNSPECIFIED.,.T.,
 .F.,(4,2,2,1,1,1,1,1,2,1,1,1,1,1,1,1,1,1,2,1,4),(-1.05641270222722,-0.990386343428639,
-0.858334698718684,-0.808815573710498,-0.792309198707769,-0.726283698696855,
-0.66025819868594,-0.643751823683212,-0.594232698675026,-0.536460201040294,
-0.478687703405562,-0.449801454588196,-0.42091520577083,-0.363142708136097,
-0.305370210501365,-0.247597712866633,-0.23315458845795,-0.189825215231901,
-0.132052717597169,-0.0660263587985844,0.),.UNSPECIFIED.);
#261=B_SPLINE_CURVE_WITH_KNOTS('',3,(#1746,#1747,#1748,#1749,#1750,#1751,
#1752,#1753,#1754,#1755,#1756,#1757,#1758,#1759,#1760,#1761,#1762,#1763,
#1764),.UNSPECIFIED.,.F.,.F.,(4,1,1,1,1,1,1,1,1,1,1,1,1,1,1,1,4),(0.,0.808680148439444,
1.61736029687889,2.42604044531833,3.23472059375778,4.04340074219722,4.44774081641694,
4.85208089063667,5.66076103907611,6.46944118751556,7.54768138543481,8.62592158335407,
9.70416178127333,10.243281880233,10.7824019791926,11.3215220781522,11.3216904520042),
 .UNSPECIFIED.);
#262=B_SPLINE_CURVE_WITH_KNOTS('',3,(#1767,#1768,#1769,#1770,#1771,#1772,
#1773,#1774,#1775,#1776,#1777,#1778,#1779,#1780,#1781,#1782,#1783,#1784,
#1785,#1786),.UNSPECIFIED.,.F.,.F.,(4,1,1,1,1,1,1,1,1,1,1,1,1,1,1,1,1,4),
(11.3216904520042,11.8606421771119,12.3997622760715,12.9388823750311,14.0171225729504,
15.0953627708696,16.1736029687889,16.9822831172283,17.2518431667081,17.7909632656678,
18.0605233151476,18.3300833646274,18.869203463587,19.4083235625467,20.2170037109861,
21.0256838594256,21.834364007865,22.6430441563044),.UNSPECIFIED.);
#263=B_SPLINE_CURVE_WITH_KNOTS('',3,(#1788,#1789,#1790,#1791,#1792,#1793,
#1794,#1795,#1796,#1797,#1798,#1799,#1800,#1801,#1802,#1803,#1804,#1805,
#1806,#1807,#1808,#1809,#1810,#1811,#1812,#1813,#1814),.UNSPECIFIED.,.T.,
 .F.,(4,1,2,2,2,2,1,1,1,1,1,2,2,2,2,1,4),(-1.84871427631624,-1.78269301238995,
-1.71667174846366,-1.65064540090225,-1.51859270577942,-1.45256635821801,
-1.37003453391996,-1.32876862177093,-1.28750270962191,-1.20497088532386,
-1.16370497317483,-1.12243906102581,-1.05641270222722,-0.990386343428639,
-0.924359984630054,-0.858330779359534,-0.792301574089014),.UNSPECIFIED.);
#264=B_SPLINE_CURVE_WITH_KNOTS('',3,(#1818,#1819,#1820,#1821,#1822,#1823,
#1824,#1825,#1826,#1827,#1828,#1829,#1830,#1831,#1832,#1833,#1834,#1835,
#1836,#1837,#1838,#1839,#1840,#1841,#1842,#1843),.UNSPECIFIED.,.F.,.F.,
(4,2,2,2,2,2,2,2,2,2,2,2,4),(0.,0.0661695098794378,0.132339019758876,0.198502545323934,
0.264666070888992,0.33082935775041,0.396992644611828,0.463162125041389,
0.529331605470949,0.59550108590051,0.66167056633007,0.727833853191489,0.793997140052907),
 .UNSPECIFIED.);
#265=B_SPLINE_CURVE_WITH_KNOTS('',3,(#1844,#1845,#1846,#1847,#1848,#1849,
#1850,#1851,#1852,#1853),.UNSPECIFIED.,.F.,.F.,(4,2,2,2,4),(0.793997140052907,
0.860160665617966,0.926324191183024,0.992493701062461,1.0586632109419),
 .UNSPECIFIED.);
#266=B_SPLINE_CURVE_WITH_KNOTS('',3,(#1964,#1965,#1966,#1967,#1968,#1969,
#1970,#1971,#1972,#1973,#1974,#1975,#1976,#1977,#1978,#1979,#1980,#1981,
#1982,#1983,#1984,#1985,#1986,#1987,#1988,#1989,#1990),.UNSPECIFIED.,.F.,
 .F.,(4,1,2,2,2,2,1,1,1,1,1,2,2,2,2,1,4),(0.792310405952768,0.858330779359534,
0.924359984630054,0.990386343428639,1.05641270222722,1.12243906102581,1.16370497317483,
1.20497088532386,1.28750270962191,1.32876862177093,1.37003453391996,1.45256635821801,
1.51859270577942,1.65064540090225,1.71667174846366,1.78269301238995,1.84871427631624),
 .UNSPECIFIED.);
#267=B_SPLINE_CURVE_WITH_KNOTS('',3,(#1996,#1997,#1998,#1999,#2000,#2001,
#2002,#2003,#2004,#2005),.UNSPECIFIED.,.F.,.F.,(4,2,2,2,4),(0.,0.0661695098794374,
0.132339019758875,0.198502545323933,0.264666070888991),.UNSPECIFIED.);
#268=B_SPLINE_CURVE_WITH_KNOTS('',3,(#2006,#2007,#2008,#2009,#2010,#2011,
#2012,#2013,#2014,#2015,#2016,#2017,#2018,#2019,#2020,#2021,#2022,#2023,
#2024,#2025,#2026,#2027,#2028,#2029,#2030,#2031),.UNSPECIFIED.,.F.,.F.,
(4,2,2,2,2,2,2,2,2,2,2,2,4),(0.264666070888991,0.33082935775041,0.396992644611828,
0.463162125041388,0.529331605470949,0.595501085900509,0.66167056633007,
0.727833853191488,0.793997140052907,0.860160665617965,0.926324191183023,
0.992493701062461,1.0586632109419),.UNSPECIFIED.);
#269=B_SPLINE_CURVE_WITH_KNOTS('',3,(#2151,#2152,#2153,#2154,#2155,#2156,
#2157,#2158,#2159,#2160),.UNSPECIFIED.,.F.,.F.,(4,1,1,1,1,1,1,4),(0.792309526634082,
0.841829011872229,0.891348497110376,0.940867982348522,0.990387467586669,
1.03990695282482,1.08942643806296,1.09810844736754),.UNSPECIFIED.);
#270=B_SPLINE_CURVE_WITH_KNOTS('',3,(#2161,#2162,#2163,#2164,#2165,#2166,
#2167,#2168,#2169,#2170,#2171,#2172,#2173,#2174,#2175,#2176,#2177,#2178,
#2179,#2180,#2181,#2182,#2183),.UNSPECIFIED.,.F.,.F.,(4,1,1,2,2,2,1,2,2,
2,1,2,1,4),(1.09810844736754,1.1018063093725,1.13894592330111,1.18846540853925,
1.25449064313136,1.32051587772347,1.38654111231558,1.45256634690769,1.51859270008793,
1.58461905326817,1.6506454064484,1.71667175962864,1.78269699422075,1.84872222881286),
 .UNSPECIFIED.);
#271=B_SPLINE_CURVE_WITH_KNOTS('',3,(#2188,#2189,#2190,#2191,#2192,#2193,
#2194,#2195,#2196,#2197,#2198,#2199,#2200,#2201,#2202,#2203,#2204,#2205,
#2206,#2207,#2208,#2209,#2210,#2211,#2212,#2213,#2214,#2215,#2216,#2217,
#2218,#2219,#2220,#2221),.UNSPECIFIED.,.F.,.F.,(4,2,2,2,2,2,2,2,2,2,2,2,
2,2,2,2,4),(0.,0.0661694951548183,0.132338990309637,0.198502396508031,0.264665802706426,
0.33082920890482,0.396992615103215,0.463162110258033,0.52933160541285,0.595501100567668,
0.661670595722487,0.727834001920881,0.793997408119276,0.860160814317671,
0.926324220516066,0.992493715670884,1.01457253124484),.UNSPECIFIED.);
#272=B_SPLINE_CURVE_WITH_KNOTS('',3,(#2222,#2223,#2224,#2225),
 .UNSPECIFIED.,.F.,.F.,(4,4),(1.01457253124484,1.0586632108257),
 .UNSPECIFIED.);
#273=B_SPLINE_CURVE_WITH_KNOTS('',3,(#2241,#2242,#2243,#2244,#2245,#2246,
#2247,#2248,#2249,#2250,#2251,#2252,#2253,#2254,#2255,#2256,#2257,#2258,
#2259,#2260),.UNSPECIFIED.,.F.,.F.,(4,2,2,2,2,2,2,2,2,4),(0.,1.01450873941396,
1.38660672116436,1.53409778798826,1.66678769116308,1.80064274993738,1.9510818597845,
2.33338439825468,2.93889478647171,3.39053949469822),.UNSPECIFIED.);
#274=B_SPLINE_CURVE_WITH_KNOTS('',3,(#2263,#2264,#2265,#2266,#2267,#2268,
#2269,#2270,#2271,#2272,#2273,#2274,#2275,#2276,#2277,#2278,#2279,#2280),
 .UNSPECIFIED.,.F.,.F.,(4,2,2,2,2,2,2,2,4),(0.,1.13158940481922,1.42732139286119,
1.58037666145023,1.72202930777613,1.83148271052738,1.96362720141288,2.1540640099065,
2.70324199013757),.UNSPECIFIED.);
#275=B_SPLINE_CURVE_WITH_KNOTS('',3,(#2290,#2291,#2292,#2293,#2294,#2295,
#2296,#2297,#2298,#2299,#2300,#2301,#2302,#2303,#2304,#2305,#2306,#2307),
 .UNSPECIFIED.,.F.,.F.,(4,2,2,2,2,2,2,2,4),(0.,1.13165377022586,1.42738410030435,
1.58040566391634,1.72205484253867,1.83149820607728,1.96361223239446,2.15405476842401,
2.7030470528978),.UNSPECIFIED.);
#276=B_SPLINE_CURVE_WITH_KNOTS('',3,(#2310,#2311,#2312,#2313,#2314,#2315,
#2316,#2317,#2318,#2319,#2320,#2321,#2322,#2323,#2324,#2325,#2326,#2327,
#2328,#2329),.UNSPECIFIED.,.F.,.F.,(4,2,2,2,2,2,2,2,2,4),(0.,1.01449743267634,
1.38657801842883,1.53410176547486,1.6667776688826,1.80061902585737,1.95110823986424,
2.33334130321883,2.93860858171146,3.39068720552729),.UNSPECIFIED.);
#277=B_SPLINE_CURVE_WITH_KNOTS('',3,(#2339,#2340,#2341,#2342,#2343,#2344,
#2345,#2346,#2347,#2348,#2349,#2350,#2351,#2352,#2353,#2354,#2355,#2356,
#2357,#2358,#2359,#2360,#2361,#2362,#2363,#2364,#2365,#2366,#2367,#2368,
#2369,#2370,#2371,#2372),.UNSPECIFIED.,.T.,.F.,(4,2,2,2,2,2,2,2,2,2,2,2,
2,2,2,2,4),(0.,0.298064605845959,0.596129211691919,0.893438444770547,1.19074767784918,
1.4880569109278,1.78536614400643,2.08343074985239,2.38149535569835,2.67955996154431,
2.97762456739027,3.2749338004689,3.57224303354753,3.86955226662615,4.16686149970478,
4.46492610555074,4.7629907113967),.UNSPECIFIED.);
#278=B_SPLINE_CURVE_WITH_KNOTS('',3,(#2384,#2385,#2386,#2387,#2388,#2389,
#2390,#2391,#2392,#2393,#2394,#2395,#2396,#2397,#2398,#2399,#2400,#2401),
 .UNSPECIFIED.,.F.,.F.,(4,2,2,2,2,2,2,2,4),(0.,0.298064605845959,0.596129211691919,
0.893438444770547,1.19074767784917,1.4880569109278,1.78536614400643,2.08343074985239,
2.38149535569835),.UNSPECIFIED.);
#279=B_SPLINE_CURVE_WITH_KNOTS('',3,(#2402,#2403,#2404,#2405,#2406,#2407,
#2408,#2409,#2410,#2411,#2412,#2413,#2414,#2415,#2416,#2417,#2418,#2419),
 .UNSPECIFIED.,.F.,.F.,(4,2,2,2,2,2,2,2,4),(2.38149535569835,2.67955996154431,
2.97762456739027,3.2749338004689,3.57224303354752,3.86955226662615,4.16686149970478,
4.46492610555074,4.7629907113967),.UNSPECIFIED.);
#280=B_SPLINE_CURVE_WITH_KNOTS('',3,(#2667,#2668,#2669,#2670,#2671),
 .UNSPECIFIED.,.F.,.F.,(4,1,4),(-0.848018308528567,-0.808680148439444,0.),
 .UNSPECIFIED.);
#281=B_SPLINE_CURVE_WITH_KNOTS('',3,(#2675,#2676,#2677,#2678,#2679),
 .UNSPECIFIED.,.F.,.F.,(4,1,4),(-22.6430441563044,-21.834364007865,-21.7951757498729),
 .UNSPECIFIED.);
#282=B_SPLINE_CURVE_WITH_KNOTS('',3,(#2680,#2681,#2682,#2683,#2684,#2685,
#2686,#2687,#2688,#2689,#2690,#2691,#2692),.UNSPECIFIED.,.F.,.F.,(4,1,1,
1,1,1,1,1,1,1,4),(-14.3551028066363,-14.0171225729504,-12.9388823750311,
-12.3997622760715,-11.8606421771119,-11.3215220781522,-10.7824019791926,
-10.243281880233,-9.70416178127333,-8.62592158335407,-8.28801342135146),
 .UNSPECIFIED.);
#283=B_SPLINE_CURVE_WITH_KNOTS('',3,(#2854,#2855,#2856,#2857,#2858,#2859),
 .UNSPECIFIED.,.F.,.F.,(4,1,1,4),(-7.48807939515137,-7.26391556606405,-7.03975173697672,
-6.64693249477275),.UNSPECIFIED.);
#284=B_SPLINE_CURVE_WITH_KNOTS('',3,(#2860,#2861,#2862,#2863),
 .UNSPECIFIED.,.F.,.F.,(4,4),(-4.58462379712998,-4.34978578792882),
 .UNSPECIFIED.);
#285=B_SPLINE_CURVE_WITH_KNOTS('',3,(#2865,#2866,#2867,#2868,#2869,#2870,
#2871,#2872,#2873),.UNSPECIFIED.,.F.,.F.,(4,1,1,1,1,1,4),(-0.84083017669499,
-0.672462674273724,-0.448308449515816,-0.336231337136862,-0.224154224757908,
-0.112077112378954,0.),.UNSPECIFIED.);
#286=B_SPLINE_CURVE_WITH_KNOTS('',3,(#2876,#2877,#2878,#2879,#2880),
 .UNSPECIFIED.,.F.,.F.,(4,1,4),(-3.13815914661071,-2.91400492185281,-2.90311804717667),
 .UNSPECIFIED.);
#287=VERTEX_POINT('',#951);
#288=VERTEX_POINT('',#952);
#289=VERTEX_POINT('',#989);
#290=VERTEX_POINT('',#993);
#291=VERTEX_POINT('',#996);
#292=VERTEX_POINT('',#997);
#293=VERTEX_POINT('',#1034);
#294=VERTEX_POINT('',#1038);
#295=VERTEX_POINT('',#1041);
#296=VERTEX_POINT('',#1042);
#297=VERTEX_POINT('',#1053);
#298=VERTEX_POINT('',#1083);
#299=VERTEX_POINT('',#1085);
#300=VERTEX_POINT('',#1123);
#301=VERTEX_POINT('',#1124);
#302=VERTEX_POINT('',#1163);
#303=VERTEX_POINT('',#1164);
#304=VERTEX_POINT('',#1175);
#305=VERTEX_POINT('',#1205);
#306=VERTEX_POINT('',#1207);
#307=VERTEX_POINT('',#1245);
#308=VERTEX_POINT('',#1246);
#309=VERTEX_POINT('',#1392);
#310=VERTEX_POINT('',#1393);
#311=VERTEX_POINT('',#1395);
#312=VERTEX_POINT('',#1455);
#313=VERTEX_POINT('',#1457);
#314=VERTEX_POINT('',#1459);
#315=VERTEX_POINT('',#1475);
#316=VERTEX_POINT('',#1498);
#317=VERTEX_POINT('',#1529);
#318=VERTEX_POINT('',#1530);
#319=VERTEX_POINT('',#1678);
#320=VERTEX_POINT('',#1679);
#321=VERTEX_POINT('',#1681);
#322=VERTEX_POINT('',#1741);
#323=VERTEX_POINT('',#1743);
#324=VERTEX_POINT('',#1745);
#325=VERTEX_POINT('',#1765);
#326=VERTEX_POINT('',#1787);
#327=VERTEX_POINT('',#1816);
#328=VERTEX_POINT('',#1817);
#329=VERTEX_POINT('',#1963);
#330=VERTEX_POINT('',#1993);
#331=VERTEX_POINT('',#1995);
#332=VERTEX_POINT('',#2148);
#333=VERTEX_POINT('',#2150);
#334=VERTEX_POINT('',#2185);
#335=VERTEX_POINT('',#2187);
#336=VERTEX_POINT('',#2227);
#337=VERTEX_POINT('',#2229);
#338=VERTEX_POINT('',#2233);
#339=VERTEX_POINT('',#2237);
#340=VERTEX_POINT('',#2238);
#341=VERTEX_POINT('',#2240);
#342=VERTEX_POINT('',#2261);
#343=VERTEX_POINT('',#2282);
#344=VERTEX_POINT('',#2286);
#345=VERTEX_POINT('',#2287);
#346=VERTEX_POINT('',#2289);
#347=VERTEX_POINT('',#2308);
#348=VERTEX_POINT('',#2331);
#349=VERTEX_POINT('',#2333);
#350=VERTEX_POINT('',#2337);
#351=VERTEX_POINT('',#2375);
#352=VERTEX_POINT('',#2377);
#353=VERTEX_POINT('',#2381);
#354=VERTEX_POINT('',#2383);
#355=VERTEX_POINT('',#2666);
#356=VERTEX_POINT('',#2673);
#357=VERTEX_POINT('',#2852);
#358=EDGE_CURVE('',#287,#288,#232,.T.);
#359=EDGE_CURVE('',#288,#287,#233,.T.);
#360=EDGE_CURVE('',#288,#289,#186,.T.);
#361=EDGE_CURVE('',#289,#289,#161,.T.);
#362=EDGE_CURVE('',#290,#290,#162,.T.);
#363=EDGE_CURVE('',#291,#292,#234,.T.);
#364=EDGE_CURVE('',#292,#291,#235,.T.);
#365=EDGE_CURVE('',#292,#293,#187,.T.);
#366=EDGE_CURVE('',#293,#293,#163,.T.);
#367=EDGE_CURVE('',#294,#294,#164,.T.);
#368=EDGE_CURVE('',#295,#296,#236,.T.);
#369=EDGE_CURVE('',#297,#295,#237,.T.);
#370=EDGE_CURVE('',#296,#297,#238,.T.);
#371=EDGE_CURVE('',#296,#298,#188,.T.);
#372=EDGE_CURVE('',#299,#298,#239,.T.);
#373=EDGE_CURVE('',#298,#299,#240,.T.);
#374=EDGE_CURVE('',#300,#301,#241,.T.);
#375=EDGE_CURVE('',#301,#300,#242,.T.);
#376=EDGE_CURVE('',#301,#290,#189,.T.);
#377=EDGE_CURVE('',#302,#303,#243,.T.);
#378=EDGE_CURVE('',#304,#302,#244,.T.);
#379=EDGE_CURVE('',#303,#304,#245,.T.);
#380=EDGE_CURVE('',#303,#305,#190,.T.);
#381=EDGE_CURVE('',#306,#305,#246,.T.);
#382=EDGE_CURVE('',#305,#306,#247,.T.);
#383=EDGE_CURVE('',#307,#308,#248,.T.);
#384=EDGE_CURVE('',#308,#307,#249,.T.);
#385=EDGE_CURVE('',#308,#294,#191,.T.);
#386=EDGE_CURVE('',#309,#310,#192,.T.);
#387=EDGE_CURVE('',#310,#311,#250,.T.);
#388=EDGE_CURVE('',#311,#310,#251,.T.);
#389=EDGE_CURVE('',#309,#309,#252,.T.);
#390=EDGE_CURVE('',#312,#312,#165,.T.);
#391=EDGE_CURVE('',#312,#313,#193,.T.);
#392=EDGE_CURVE('',#314,#313,#253,.T.);
#393=EDGE_CURVE('',#315,#314,#21,.T.);
#394=EDGE_CURVE('',#313,#315,#254,.T.);
#395=EDGE_CURVE('',#316,#316,#255,.T.);
#396=EDGE_CURVE('',#317,#318,#256,.T.);
#397=EDGE_CURVE('',#318,#317,#257,.T.);
#398=EDGE_CURVE('',#318,#311,#194,.T.);
#399=EDGE_CURVE('',#319,#320,#195,.T.);
#400=EDGE_CURVE('',#320,#321,#258,.T.);
#401=EDGE_CURVE('',#321,#320,#259,.T.);
#402=EDGE_CURVE('',#319,#319,#260,.T.);
#403=EDGE_CURVE('',#322,#322,#166,.T.);
#404=EDGE_CURVE('',#322,#323,#196,.T.);
#405=EDGE_CURVE('',#324,#323,#261,.T.);
#406=EDGE_CURVE('',#325,#324,#22,.T.);
#407=EDGE_CURVE('',#323,#325,#262,.T.);
#408=EDGE_CURVE('',#326,#326,#263,.T.);
#409=EDGE_CURVE('',#327,#328,#264,.T.);
#410=EDGE_CURVE('',#328,#327,#265,.T.);
#411=EDGE_CURVE('',#328,#321,#197,.T.);
#412=EDGE_CURVE('',#329,#329,#266,.T.);
#413=EDGE_CURVE('',#326,#329,#198,.T.);
#414=EDGE_CURVE('',#329,#330,#199,.T.);
#415=EDGE_CURVE('',#331,#330,#267,.T.);
#416=EDGE_CURVE('',#330,#331,#268,.T.);
#417=EDGE_CURVE('',#316,#332,#200,.T.);
#418=EDGE_CURVE('',#332,#333,#269,.T.);
#419=EDGE_CURVE('',#333,#332,#270,.T.);
#420=EDGE_CURVE('',#333,#334,#201,.T.);
#421=EDGE_CURVE('',#335,#334,#271,.T.);
#422=EDGE_CURVE('',#334,#335,#272,.T.);
#423=EDGE_CURVE('',#336,#336,#167,.T.);
#424=EDGE_CURVE('',#336,#337,#202,.T.);
#425=EDGE_CURVE('',#337,#337,#168,.T.);
#426=EDGE_CURVE('',#338,#338,#169,.T.);
#427=EDGE_CURVE('',#338,#336,#203,.T.);
#428=EDGE_CURVE('',#339,#340,#170,.T.);
#429=EDGE_CURVE('',#339,#341,#273,.F.);
#430=EDGE_CURVE('',#342,#341,#171,.T.);
#431=EDGE_CURVE('',#342,#340,#274,.F.);
#432=EDGE_CURVE('',#343,#343,#172,.T.);
#433=EDGE_CURVE('',#343,#338,#204,.T.);
#434=EDGE_CURVE('',#344,#345,#173,.T.);
#435=EDGE_CURVE('',#345,#346,#275,.F.);
#436=EDGE_CURVE('',#346,#347,#174,.T.);
#437=EDGE_CURVE('',#347,#344,#276,.F.);
#438=EDGE_CURVE('',#348,#348,#175,.T.);
#439=EDGE_CURVE('',#348,#349,#205,.T.);
#440=EDGE_CURVE('',#349,#349,#176,.T.);
#441=EDGE_CURVE('',#349,#350,#206,.T.);
#442=EDGE_CURVE('',#350,#350,#277,.T.);
#443=EDGE_CURVE('',#351,#351,#177,.T.);
#444=EDGE_CURVE('',#351,#352,#207,.T.);
#445=EDGE_CURVE('',#352,#352,#178,.T.);
#446=EDGE_CURVE('',#352,#353,#208,.T.);
#447=EDGE_CURVE('',#354,#353,#278,.T.);
#448=EDGE_CURVE('',#353,#354,#279,.T.);
#449=EDGE_CURVE('',#342,#355,#280,.T.);
#450=EDGE_CURVE('',#355,#324,#179,.T.);
#451=EDGE_CURVE('',#325,#356,#180,.T.);
#452=EDGE_CURVE('',#356,#346,#281,.T.);
#453=EDGE_CURVE('',#345,#340,#282,.T.);
#454=EDGE_CURVE('',#315,#324,#181,.T.);
#455=EDGE_CURVE('',#355,#315,#182,.T.);
#456=EDGE_CURVE('',#325,#314,#183,.T.);
#457=EDGE_CURVE('',#314,#356,#184,.T.);
#458=EDGE_CURVE('',#357,#313,#185,.T.);
#459=EDGE_CURVE('',#357,#344,#283,.T.);
#460=EDGE_CURVE('',#347,#356,#284,.T.);
#461=EDGE_CURVE('',#339,#357,#285,.T.);
#462=EDGE_CURVE('',#355,#341,#286,.T.);
#463=ORIENTED_EDGE('',*,*,#358,.F.);
#464=ORIENTED_EDGE('',*,*,#359,.F.);
#465=ORIENTED_EDGE('',*,*,#360,.T.);
#466=ORIENTED_EDGE('',*,*,#361,.T.);
#467=ORIENTED_EDGE('',*,*,#360,.F.);
#468=ORIENTED_EDGE('',*,*,#361,.F.);
#469=ORIENTED_EDGE('',*,*,#362,.F.);
#470=ORIENTED_EDGE('',*,*,#363,.F.);
#471=ORIENTED_EDGE('',*,*,#364,.F.);
#472=ORIENTED_EDGE('',*,*,#365,.T.);
#473=ORIENTED_EDGE('',*,*,#366,.T.);
#474=ORIENTED_EDGE('',*,*,#365,.F.);
#475=ORIENTED_EDGE('',*,*,#366,.F.);
#476=ORIENTED_EDGE('',*,*,#367,.F.);
#477=ORIENTED_EDGE('',*,*,#368,.F.);
#478=ORIENTED_EDGE('',*,*,#369,.F.);
#479=ORIENTED_EDGE('',*,*,#370,.F.);
#480=ORIENTED_EDGE('',*,*,#371,.T.);
#481=ORIENTED_EDGE('',*,*,#372,.F.);
#482=ORIENTED_EDGE('',*,*,#373,.F.);
#483=ORIENTED_EDGE('',*,*,#371,.F.);
#484=ORIENTED_EDGE('',*,*,#374,.F.);
#485=ORIENTED_EDGE('',*,*,#375,.F.);
#486=ORIENTED_EDGE('',*,*,#376,.T.);
#487=ORIENTED_EDGE('',*,*,#362,.T.);
#488=ORIENTED_EDGE('',*,*,#376,.F.);
#489=ORIENTED_EDGE('',*,*,#377,.F.);
#490=ORIENTED_EDGE('',*,*,#378,.F.);
#491=ORIENTED_EDGE('',*,*,#379,.F.);
#492=ORIENTED_EDGE('',*,*,#380,.T.);
#493=ORIENTED_EDGE('',*,*,#381,.F.);
#494=ORIENTED_EDGE('',*,*,#382,.F.);
#495=ORIENTED_EDGE('',*,*,#380,.F.);
#496=ORIENTED_EDGE('',*,*,#383,.F.);
#497=ORIENTED_EDGE('',*,*,#384,.F.);
#498=ORIENTED_EDGE('',*,*,#385,.T.);
#499=ORIENTED_EDGE('',*,*,#367,.T.);
#500=ORIENTED_EDGE('',*,*,#385,.F.);
#501=ORIENTED_EDGE('',*,*,#386,.T.);
#502=ORIENTED_EDGE('',*,*,#387,.T.);
#503=ORIENTED_EDGE('',*,*,#388,.T.);
#504=ORIENTED_EDGE('',*,*,#386,.F.);
#505=ORIENTED_EDGE('',*,*,#389,.T.);
#506=ORIENTED_EDGE('',*,*,#390,.F.);
#507=ORIENTED_EDGE('',*,*,#391,.T.);
#508=ORIENTED_EDGE('',*,*,#392,.F.);
#509=ORIENTED_EDGE('',*,*,#393,.F.);
#510=ORIENTED_EDGE('',*,*,#394,.F.);
#511=ORIENTED_EDGE('',*,*,#391,.F.);
#512=ORIENTED_EDGE('',*,*,#395,.F.);
#513=ORIENTED_EDGE('',*,*,#389,.F.);
#514=ORIENTED_EDGE('',*,*,#396,.F.);
#515=ORIENTED_EDGE('',*,*,#397,.F.);
#516=ORIENTED_EDGE('',*,*,#398,.T.);
#517=ORIENTED_EDGE('',*,*,#387,.F.);
#518=ORIENTED_EDGE('',*,*,#388,.F.);
#519=ORIENTED_EDGE('',*,*,#398,.F.);
#520=ORIENTED_EDGE('',*,*,#399,.T.);
#521=ORIENTED_EDGE('',*,*,#400,.T.);
#522=ORIENTED_EDGE('',*,*,#401,.T.);
#523=ORIENTED_EDGE('',*,*,#399,.F.);
#524=ORIENTED_EDGE('',*,*,#402,.T.);
#525=ORIENTED_EDGE('',*,*,#403,.F.);
#526=ORIENTED_EDGE('',*,*,#404,.T.);
#527=ORIENTED_EDGE('',*,*,#405,.F.);
#528=ORIENTED_EDGE('',*,*,#406,.F.);
#529=ORIENTED_EDGE('',*,*,#407,.F.);
#530=ORIENTED_EDGE('',*,*,#404,.F.);
#531=ORIENTED_EDGE('',*,*,#408,.F.);
#532=ORIENTED_EDGE('',*,*,#402,.F.);
#533=ORIENTED_EDGE('',*,*,#409,.F.);
#534=ORIENTED_EDGE('',*,*,#410,.F.);
#535=ORIENTED_EDGE('',*,*,#411,.T.);
#536=ORIENTED_EDGE('',*,*,#400,.F.);
#537=ORIENTED_EDGE('',*,*,#401,.F.);
#538=ORIENTED_EDGE('',*,*,#411,.F.);
#539=ORIENTED_EDGE('',*,*,#412,.T.);
#540=ORIENTED_EDGE('',*,*,#413,.F.);
#541=ORIENTED_EDGE('',*,*,#408,.T.);
#542=ORIENTED_EDGE('',*,*,#413,.T.);
#543=ORIENTED_EDGE('',*,*,#412,.F.);
#544=ORIENTED_EDGE('',*,*,#414,.T.);
#545=ORIENTED_EDGE('',*,*,#415,.F.);
#546=ORIENTED_EDGE('',*,*,#416,.F.);
#547=ORIENTED_EDGE('',*,*,#414,.F.);
#548=ORIENTED_EDGE('',*,*,#417,.T.);
#549=ORIENTED_EDGE('',*,*,#418,.T.);
#550=ORIENTED_EDGE('',*,*,#419,.T.);
#551=ORIENTED_EDGE('',*,*,#417,.F.);
#552=ORIENTED_EDGE('',*,*,#395,.T.);
#553=ORIENTED_EDGE('',*,*,#418,.F.);
#554=ORIENTED_EDGE('',*,*,#419,.F.);
#555=ORIENTED_EDGE('',*,*,#420,.T.);
#556=ORIENTED_EDGE('',*,*,#421,.F.);
#557=ORIENTED_EDGE('',*,*,#422,.F.);
#558=ORIENTED_EDGE('',*,*,#420,.F.);
#559=ORIENTED_EDGE('',*,*,#423,.T.);
#560=ORIENTED_EDGE('',*,*,#424,.T.);
#561=ORIENTED_EDGE('',*,*,#425,.T.);
#562=ORIENTED_EDGE('',*,*,#424,.F.);
#563=ORIENTED_EDGE('',*,*,#426,.F.);
#564=ORIENTED_EDGE('',*,*,#427,.T.);
#565=ORIENTED_EDGE('',*,*,#423,.F.);
#566=ORIENTED_EDGE('',*,*,#427,.F.);
#567=ORIENTED_EDGE('',*,*,#374,.T.);
#568=ORIENTED_EDGE('',*,*,#375,.T.);
#569=ORIENTED_EDGE('',*,*,#372,.T.);
#570=ORIENTED_EDGE('',*,*,#373,.T.);
#571=ORIENTED_EDGE('',*,*,#383,.T.);
#572=ORIENTED_EDGE('',*,*,#384,.T.);
#573=ORIENTED_EDGE('',*,*,#381,.T.);
#574=ORIENTED_EDGE('',*,*,#382,.T.);
#575=ORIENTED_EDGE('',*,*,#428,.F.);
#576=ORIENTED_EDGE('',*,*,#429,.T.);
#577=ORIENTED_EDGE('',*,*,#430,.F.);
#578=ORIENTED_EDGE('',*,*,#431,.T.);
#579=ORIENTED_EDGE('',*,*,#425,.F.);
#580=ORIENTED_EDGE('',*,*,#432,.T.);
#581=ORIENTED_EDGE('',*,*,#433,.T.);
#582=ORIENTED_EDGE('',*,*,#426,.T.);
#583=ORIENTED_EDGE('',*,*,#433,.F.);
#584=ORIENTED_EDGE('',*,*,#434,.T.);
#585=ORIENTED_EDGE('',*,*,#435,.T.);
#586=ORIENTED_EDGE('',*,*,#436,.T.);
#587=ORIENTED_EDGE('',*,*,#437,.T.);
#588=ORIENTED_EDGE('',*,*,#432,.F.);
#589=ORIENTED_EDGE('',*,*,#438,.T.);
#590=ORIENTED_EDGE('',*,*,#439,.T.);
#591=ORIENTED_EDGE('',*,*,#440,.T.);
#592=ORIENTED_EDGE('',*,*,#439,.F.);
#593=ORIENTED_EDGE('',*,*,#440,.F.);
#594=ORIENTED_EDGE('',*,*,#441,.T.);
#595=ORIENTED_EDGE('',*,*,#442,.F.);
#596=ORIENTED_EDGE('',*,*,#441,.F.);
#597=ORIENTED_EDGE('',*,*,#396,.T.);
#598=ORIENTED_EDGE('',*,*,#397,.T.);
#599=ORIENTED_EDGE('',*,*,#421,.T.);
#600=ORIENTED_EDGE('',*,*,#422,.T.);
#601=ORIENTED_EDGE('',*,*,#390,.T.);
#602=ORIENTED_EDGE('',*,*,#438,.F.);
#603=ORIENTED_EDGE('',*,*,#443,.T.);
#604=ORIENTED_EDGE('',*,*,#444,.T.);
#605=ORIENTED_EDGE('',*,*,#445,.T.);
#606=ORIENTED_EDGE('',*,*,#444,.F.);
#607=ORIENTED_EDGE('',*,*,#445,.F.);
#608=ORIENTED_EDGE('',*,*,#446,.T.);
#609=ORIENTED_EDGE('',*,*,#447,.F.);
#610=ORIENTED_EDGE('',*,*,#448,.F.);
#611=ORIENTED_EDGE('',*,*,#446,.F.);
#612=ORIENTED_EDGE('',*,*,#409,.T.);
#613=ORIENTED_EDGE('',*,*,#410,.T.);
#614=ORIENTED_EDGE('',*,*,#415,.T.);
#615=ORIENTED_EDGE('',*,*,#416,.T.);
#616=ORIENTED_EDGE('',*,*,#403,.T.);
#617=ORIENTED_EDGE('',*,*,#443,.F.);
#618=ORIENTED_EDGE('',*,*,#431,.F.);
#619=ORIENTED_EDGE('',*,*,#449,.T.);
#620=ORIENTED_EDGE('',*,*,#450,.T.);
#621=ORIENTED_EDGE('',*,*,#405,.T.);
#622=ORIENTED_EDGE('',*,*,#407,.T.);
#623=ORIENTED_EDGE('',*,*,#451,.T.);
#624=ORIENTED_EDGE('',*,*,#452,.T.);
#625=ORIENTED_EDGE('',*,*,#435,.F.);
#626=ORIENTED_EDGE('',*,*,#453,.T.);
#627=ORIENTED_EDGE('',*,*,#454,.T.);
#628=ORIENTED_EDGE('',*,*,#450,.F.);
#629=ORIENTED_EDGE('',*,*,#455,.T.);
#630=ORIENTED_EDGE('',*,*,#363,.T.);
#631=ORIENTED_EDGE('',*,*,#364,.T.);
#632=ORIENTED_EDGE('',*,*,#456,.T.);
#633=ORIENTED_EDGE('',*,*,#457,.T.);
#634=ORIENTED_EDGE('',*,*,#451,.F.);
#635=ORIENTED_EDGE('',*,*,#358,.T.);
#636=ORIENTED_EDGE('',*,*,#359,.T.);
#637=ORIENTED_EDGE('',*,*,#454,.F.);
#638=ORIENTED_EDGE('',*,*,#393,.T.);
#639=ORIENTED_EDGE('',*,*,#456,.F.);
#640=ORIENTED_EDGE('',*,*,#406,.T.);
#641=ORIENTED_EDGE('',*,*,#457,.F.);
#642=ORIENTED_EDGE('',*,*,#392,.T.);
#643=ORIENTED_EDGE('',*,*,#458,.F.);
#644=ORIENTED_EDGE('',*,*,#459,.T.);
#645=ORIENTED_EDGE('',*,*,#437,.F.);
#646=ORIENTED_EDGE('',*,*,#460,.T.);
#647=ORIENTED_EDGE('',*,*,#453,.F.);
#648=ORIENTED_EDGE('',*,*,#434,.F.);
#649=ORIENTED_EDGE('',*,*,#459,.F.);
#650=ORIENTED_EDGE('',*,*,#461,.F.);
#651=ORIENTED_EDGE('',*,*,#428,.T.);
#652=ORIENTED_EDGE('',*,*,#368,.T.);
#653=ORIENTED_EDGE('',*,*,#370,.T.);
#654=ORIENTED_EDGE('',*,*,#369,.T.);
#655=ORIENTED_EDGE('',*,*,#377,.T.);
#656=ORIENTED_EDGE('',*,*,#379,.T.);
#657=ORIENTED_EDGE('',*,*,#378,.T.);
#658=ORIENTED_EDGE('',*,*,#452,.F.);
#659=ORIENTED_EDGE('',*,*,#460,.F.);
#660=ORIENTED_EDGE('',*,*,#436,.F.);
#661=ORIENTED_EDGE('',*,*,#449,.F.);
#662=ORIENTED_EDGE('',*,*,#430,.T.);
#663=ORIENTED_EDGE('',*,*,#462,.F.);
#664=ORIENTED_EDGE('',*,*,#455,.F.);
#665=ORIENTED_EDGE('',*,*,#462,.T.);
#666=ORIENTED_EDGE('',*,*,#429,.F.);
#667=ORIENTED_EDGE('',*,*,#461,.T.);
#668=ORIENTED_EDGE('',*,*,#458,.T.);
#669=ORIENTED_EDGE('',*,*,#394,.T.);
#670=ORIENTED_EDGE('',*,*,#442,.T.);
#671=ORIENTED_EDGE('',*,*,#447,.T.);
#672=ORIENTED_EDGE('',*,*,#448,.T.);
#673=CYLINDRICAL_SURFACE('',#747,2.7);
#674=CYLINDRICAL_SURFACE('',#751,2.7);
#675=CYLINDRICAL_SURFACE('',#755,2.25);
#676=CYLINDRICAL_SURFACE('',#756,2.25);
#677=CYLINDRICAL_SURFACE('',#757,2.25);
#678=CYLINDRICAL_SURFACE('',#758,2.25);
#679=CYLINDRICAL_SURFACE('',#759,11.75);
#680=CYLINDRICAL_SURFACE('',#762,1.75);
#681=CYLINDRICAL_SURFACE('',#763,11.75);
#682=CYLINDRICAL_SURFACE('',#766,1.75);
#683=CYLINDRICAL_SURFACE('',#767,1.75);
#684=CYLINDRICAL_SURFACE('',#768,1.75);
#685=CYLINDRICAL_SURFACE('',#772,7.75);
#686=CYLINDRICAL_SURFACE('',#785,7.75);
#687=CYLINDRICAL_SURFACE('',#790,7.75);
#688=CYLINDRICAL_SURFACE('',#801,15.75);
#689=CYLINDRICAL_SURFACE('',#802,15.75);
#690=CYLINDRICAL_SURFACE('',#803,15.75);
#691=CYLINDRICAL_SURFACE('',#804,15.75);
#692=CYLINDRICAL_SURFACE('',#805,15.75);
#693=ADVANCED_FACE('',(#59),#673,.F.);
#694=ADVANCED_FACE('',(#60,#31),#53,.F.);
#695=ADVANCED_FACE('',(#61),#674,.F.);
#696=ADVANCED_FACE('',(#62,#32),#54,.F.);
#697=ADVANCED_FACE('',(#63),#675,.F.);
#698=ADVANCED_FACE('',(#64),#676,.F.);
#699=ADVANCED_FACE('',(#65),#677,.F.);
#700=ADVANCED_FACE('',(#66),#678,.F.);
#701=ADVANCED_FACE('',(#67),#23,.T.);
#702=ADVANCED_FACE('',(#68,#33,#34),#679,.T.);
#703=ADVANCED_FACE('',(#69),#680,.F.);
#704=ADVANCED_FACE('',(#70),#24,.T.);
#705=ADVANCED_FACE('',(#71,#35,#36),#681,.T.);
#706=ADVANCED_FACE('',(#72),#682,.F.);
#707=ADVANCED_FACE('',(#73),#25,.T.);
#708=ADVANCED_FACE('',(#74),#683,.F.);
#709=ADVANCED_FACE('',(#75),#26,.T.);
#710=ADVANCED_FACE('',(#76),#684,.F.);
#711=ADVANCED_FACE('',(#77),#17,.F.);
#712=ADVANCED_FACE('',(#78,#37,#38,#39,#40),#685,.F.);
#713=ADVANCED_FACE('',(#79,#41),#55,.F.);
#714=ADVANCED_FACE('',(#80),#18,.F.);
#715=ADVANCED_FACE('',(#81,#42),#56,.T.);
#716=ADVANCED_FACE('',(#82),#19,.F.);
#717=ADVANCED_FACE('',(#83,#43,#44),#686,.F.);
#718=ADVANCED_FACE('',(#84,#45),#57,.T.);
#719=ADVANCED_FACE('',(#85),#20,.F.);
#720=ADVANCED_FACE('',(#86,#46,#47),#687,.F.);
#721=ADVANCED_FACE('',(#87,#48),#58,.T.);
#722=ADVANCED_FACE('',(#88),#27,.T.);
#723=ADVANCED_FACE('',(#89,#49),#15,.F.);
#724=ADVANCED_FACE('',(#90,#50),#16,.F.);
#725=ADVANCED_FACE('',(#91),#28,.T.);
#726=ADVANCED_FACE('',(#92),#29,.T.);
#727=ADVANCED_FACE('',(#93,#51,#52),#688,.T.);
#728=ADVANCED_FACE('',(#94),#689,.T.);
#729=ADVANCED_FACE('',(#95),#690,.T.);
#730=ADVANCED_FACE('',(#96),#30,.T.);
#731=ADVANCED_FACE('',(#97),#691,.T.);
#732=ADVANCED_FACE('',(#98),#692,.T.);
#733=CLOSED_SHELL('',(#693,#694,#695,#696,#697,#698,#699,#700,#701,#702,
#703,#704,#705,#706,#707,#708,#709,#710,#711,#712,#713,#714,#715,#716,#717,
#718,#719,#720,#721,#722,#723,#724,#725,#726,#727,#728,#729,#730,#731,#732));
#734=DERIVED_UNIT_ELEMENT(#736,1.);
#735=DERIVED_UNIT_ELEMENT(#3035,-3.);
#736=(
MASS_UNIT()
NAMED_UNIT(*)
SI_UNIT(.KILO.,.GRAM.)
);
#737=DERIVED_UNIT((#734,#735));
#738=MEASURE_REPRESENTATION_ITEM('density measure',
POSITIVE_RATIO_MEASURE(7850.),#737);
#739=PROPERTY_DEFINITION_REPRESENTATION(#744,#741);
#740=PROPERTY_DEFINITION_REPRESENTATION(#745,#742);
#741=REPRESENTATION('material name',(#743),#3032);
#742=REPRESENTATION('density',(#738),#3032);
#743=DESCRIPTIVE_REPRESENTATION_ITEM('Steel','Steel');
#744=PROPERTY_DEFINITION('material property','material name',#3042);
#745=PROPERTY_DEFINITION('material property','density of part',#3042);
#746=AXIS2_PLACEMENT_3D('',#949,#806,#807);
#747=AXIS2_PLACEMENT_3D('',#950,#808,#809);
#748=AXIS2_PLACEMENT_3D('',#991,#811,#812);
#749=AXIS2_PLACEMENT_3D('',#992,#813,#814);
#750=AXIS2_PLACEMENT_3D('',#994,#815,#816);
#751=AXIS2_PLACEMENT_3D('',#995,#817,#818);
#752=AXIS2_PLACEMENT_3D('',#1036,#820,#821);
#753=AXIS2_PLACEMENT_3D('',#1037,#822,#823);
#754=AXIS2_PLACEMENT_3D('',#1039,#824,#825);
#755=AXIS2_PLACEMENT_3D('',#1040,#826,#827);
#756=AXIS2_PLACEMENT_3D('',#1122,#829,#830);
#757=AXIS2_PLACEMENT_3D('',#1162,#832,#833);
#758=AXIS2_PLACEMENT_3D('',#1244,#835,#836);
#759=AXIS2_PLACEMENT_3D('',#1454,#839,#840);
#760=AXIS2_PLACEMENT_3D('',#1456,#841,#842);
#761=AXIS2_PLACEMENT_3D('',#1476,#844,#845);
#762=AXIS2_PLACEMENT_3D('',#1528,#846,#847);
#763=AXIS2_PLACEMENT_3D('',#1740,#850,#851);
#764=AXIS2_PLACEMENT_3D('',#1742,#852,#853);
#765=AXIS2_PLACEMENT_3D('',#1766,#855,#856);
#766=AXIS2_PLACEMENT_3D('',#1815,#857,#858);
#767=AXIS2_PLACEMENT_3D('',#1992,#861,#862);
#768=AXIS2_PLACEMENT_3D('',#2184,#865,#866);
#769=AXIS2_PLACEMENT_3D('',#2226,#868,#869);
#770=AXIS2_PLACEMENT_3D('',#2228,#870,#871);
#771=AXIS2_PLACEMENT_3D('',#2231,#873,#874);
#772=AXIS2_PLACEMENT_3D('',#2232,#875,#876);
#773=AXIS2_PLACEMENT_3D('',#2234,#877,#878);
#774=AXIS2_PLACEMENT_3D('',#2236,#880,#881);
#775=AXIS2_PLACEMENT_3D('',#2239,#882,#883);
#776=AXIS2_PLACEMENT_3D('',#2262,#884,#885);
#777=AXIS2_PLACEMENT_3D('',#2281,#886,#887);
#778=AXIS2_PLACEMENT_3D('',#2283,#888,#889);
#779=AXIS2_PLACEMENT_3D('',#2285,#891,#892);
#780=AXIS2_PLACEMENT_3D('',#2288,#893,#894);
#781=AXIS2_PLACEMENT_3D('',#2309,#895,#896);
#782=AXIS2_PLACEMENT_3D('',#2330,#897,#898);
#783=AXIS2_PLACEMENT_3D('',#2332,#899,#900);
#784=AXIS2_PLACEMENT_3D('',#2335,#902,#903);
#785=AXIS2_PLACEMENT_3D('',#2336,#904,#905);
#786=AXIS2_PLACEMENT_3D('',#2373,#907,#908);
#787=AXIS2_PLACEMENT_3D('',#2374,#909,#910);
#788=AXIS2_PLACEMENT_3D('',#2376,#911,#912);
#789=AXIS2_PLACEMENT_3D('',#2379,#914,#915);
#790=AXIS2_PLACEMENT_3D('',#2380,#916,#917);
#791=AXIS2_PLACEMENT_3D('',#2420,#919,#920);
#792=AXIS2_PLACEMENT_3D('',#2672,#921,#922);
#793=AXIS2_PLACEMENT_3D('',#2674,#923,#924);
#794=AXIS2_PLACEMENT_3D('',#2693,#925,#926);
#795=AXIS2_PLACEMENT_3D('',#2694,#927,#928);
#796=AXIS2_PLACEMENT_3D('',#2695,#929,#930);
#797=AXIS2_PLACEMENT_3D('',#2696,#931,#932);
#798=AXIS2_PLACEMENT_3D('',#2697,#933,#934);
#799=AXIS2_PLACEMENT_3D('',#2698,#935,#936);
#800=AXIS2_PLACEMENT_3D('',#2853,#937,#938);
#801=AXIS2_PLACEMENT_3D('',#2864,#939,#940);
#802=AXIS2_PLACEMENT_3D('',#2874,#941,#942);
#803=AXIS2_PLACEMENT_3D('',#2875,#943,#944);
#804=AXIS2_PLACEMENT_3D('',#3028,#945,#946);
#805=AXIS2_PLACEMENT_3D('',#3029,#947,#948);
#806=DIRECTION('axis',(0.,0.,1.));
#807=DIRECTION('refdir',(1.,0.,0.));
#808=DIRECTION('center_axis',(-0.707106781186548,-0.707106781186547,0.));
#809=DIRECTION('ref_axis',(-0.707106781186547,0.707106781186548,0.));
#810=DIRECTION('',(-0.707106781186548,-0.707106781186547,0.));
#811=DIRECTION('center_axis',(-0.707106781186548,-0.707106781186547,0.));
#812=DIRECTION('ref_axis',(-0.707106781186547,0.707106781186548,0.));
#813=DIRECTION('center_axis',(-0.707106781186548,-0.707106781186547,0.));
#814=DIRECTION('ref_axis',(-0.707106781186547,0.707106781186548,0.));
#815=DIRECTION('center_axis',(0.707106781186548,0.707106781186547,0.));
#816=DIRECTION('ref_axis',(-0.707106781186547,0.707106781186548,0.));
#817=DIRECTION('center_axis',(-0.707106781186548,-0.707106781186547,0.));
#818=DIRECTION('ref_axis',(-0.707106781186547,0.707106781186548,0.));
#819=DIRECTION('',(-0.707106781186548,-0.707106781186547,0.));
#820=DIRECTION('center_axis',(-0.707106781186548,-0.707106781186547,0.));
#821=DIRECTION('ref_axis',(-0.707106781186547,0.707106781186548,0.));
#822=DIRECTION('center_axis',(-0.707106781186548,-0.707106781186547,0.));
#823=DIRECTION('ref_axis',(-0.707106781186547,0.707106781186548,0.));
#824=DIRECTION('center_axis',(0.707106781186548,0.707106781186547,0.));
#825=DIRECTION('ref_axis',(-0.707106781186547,0.707106781186548,0.));
#826=DIRECTION('center_axis',(0.707106781186548,0.707106781186547,0.));
#827=DIRECTION('ref_axis',(-0.707106781186547,0.707106781186548,0.));
#828=DIRECTION('',(0.707106781186548,0.707106781186547,0.));
#829=DIRECTION('center_axis',(0.707106781186548,0.707106781186547,0.));
#830=DIRECTION('ref_axis',(-0.707106781186547,0.707106781186548,0.));
#831=DIRECTION('',(0.707106781186548,0.707106781186547,0.));
#832=DIRECTION('center_axis',(0.707106781186548,0.707106781186547,0.));
#833=DIRECTION('ref_axis',(-0.707106781186547,0.707106781186548,0.));
#834=DIRECTION('',(0.707106781186548,0.707106781186547,0.));
#835=DIRECTION('center_axis',(0.707106781186548,0.707106781186547,0.));
#836=DIRECTION('ref_axis',(-0.707106781186547,0.707106781186548,0.));
#837=DIRECTION('',(0.707106781186548,0.707106781186547,0.));
#838=DIRECTION('',(0.741760557979117,0.197367224009828,0.640966031481515));
#839=DIRECTION('center_axis',(-0.257132793154696,0.966376079321329,0.));
#840=DIRECTION('ref_axis',(0.966376079321329,0.257132793154696,0.));
#841=DIRECTION('center_axis',(-0.257132793154696,0.966376079321329,0.));
#842=DIRECTION('ref_axis',(0.966376079321329,0.257132793154696,0.));
#843=DIRECTION('',(0.257132793154696,-0.966376079321329,0.));
#844=DIRECTION('center_axis',(0.993811422433095,-0.111080406199782,-4.96851603995713E-18));
#845=DIRECTION('ref_axis',(0.111080406199782,0.993811422433095,0.));
#846=DIRECTION('center_axis',(0.,0.,-1.));
#847=DIRECTION('ref_axis',(1.,0.,0.));
#848=DIRECTION('',(0.,0.,-1.));
#849=DIRECTION('',(0.,-0.767573569696358,0.640960853019582));
#850=DIRECTION('center_axis',(1.,0.,0.));
#851=DIRECTION('ref_axis',(0.,1.,0.));
#852=DIRECTION('center_axis',(1.,0.,0.));
#853=DIRECTION('ref_axis',(0.,1.,0.));
#854=DIRECTION('',(-1.,0.,0.));
#855=DIRECTION('center_axis',(-0.36288695435203,0.931833170884739,-5.32431437003168E-17));
#856=DIRECTION('ref_axis',(0.931833170884739,0.36288695435203,0.));
#857=DIRECTION('center_axis',(0.,0.,-1.));
#858=DIRECTION('ref_axis',(1.,0.,0.));
#859=DIRECTION('',(0.,0.,-1.));
#860=DIRECTION('',(0.707106780607104,2.695612916113E-5,-0.707106781252184));
#861=DIRECTION('center_axis',(0.,0.,-1.));
#862=DIRECTION('ref_axis',(1.,0.,0.));
#863=DIRECTION('',(0.,0.,-1.));
#864=DIRECTION('',(-0.18182034170512,0.683331078864574,-0.707106781186555));
#865=DIRECTION('center_axis',(0.,0.,-1.));
#866=DIRECTION('ref_axis',(1.,0.,0.));
#867=DIRECTION('',(0.,0.,-1.));
#868=DIRECTION('center_axis',(0.,0.,-1.));
#869=DIRECTION('ref_axis',(1.,0.,0.));
#870=DIRECTION('center_axis',(0.,0.,1.));
#871=DIRECTION('ref_axis',(1.,0.,0.));
#872=DIRECTION('',(-0.707106781186548,-8.65956056235494E-17,-0.707106781186547));
#873=DIRECTION('center_axis',(0.,0.,-1.));
#874=DIRECTION('ref_axis',(1.,0.,0.));
#875=DIRECTION('center_axis',(0.,0.,1.));
#876=DIRECTION('ref_axis',(1.,0.,0.));
#877=DIRECTION('center_axis',(0.,0.,-1.));
#878=DIRECTION('ref_axis',(1.,0.,0.));
#879=DIRECTION('',(0.,0.,-1.));
#880=DIRECTION('center_axis',(0.,0.,1.));
#881=DIRECTION('ref_axis',(1.,0.,0.));
#882=DIRECTION('center_axis',(0.,0.,1.));
#883=DIRECTION('ref_axis',(1.,0.,0.));
#884=DIRECTION('center_axis',(0.,0.,1.));
#885=DIRECTION('ref_axis',(1.,0.,0.));
#886=DIRECTION('center_axis',(0.,0.,1.));
#887=DIRECTION('ref_axis',(1.,0.,0.));
#888=DIRECTION('center_axis',(0.,0.,1.));
#889=DIRECTION('ref_axis',(1.,0.,0.));
#890=DIRECTION('',(0.707106781186547,8.65956056235493E-17,-0.707106781186548));
#891=DIRECTION('center_axis',(0.,0.,1.));
#892=DIRECTION('ref_axis',(1.,0.,0.));
#893=DIRECTION('center_axis',(0.,0.,1.));
#894=DIRECTION('ref_axis',(1.,0.,0.));
#895=DIRECTION('center_axis',(0.,0.,1.));
#896=DIRECTION('ref_axis',(1.,0.,0.));
#897=DIRECTION('center_axis',(-0.257132793154696,0.966376079321329,0.));
#898=DIRECTION('ref_axis',(0.96637607932133,0.257132793154696,0.));
#899=DIRECTION('center_axis',(-0.257132793154696,0.966376079321329,0.));
#900=DIRECTION('ref_axis',(0.966376079321329,0.257132793154696,0.));
#901=DIRECTION('',(0.865151420569704,-0.501510737159459,-8.65956056235492E-17));
#902=DIRECTION('center_axis',(0.257132793154696,-0.966376079321329,0.));
#903=DIRECTION('ref_axis',(0.966376079321329,0.257132793154696,0.));
#904=DIRECTION('center_axis',(-0.257132793154696,0.966376079321329,0.));
#905=DIRECTION('ref_axis',(0.966376079321329,0.257132793154696,0.));
#906=DIRECTION('',(0.257132793154696,-0.966376079321329,0.));
#907=DIRECTION('center_axis',(-0.257132793154696,0.966376079321329,0.));
#908=DIRECTION('ref_axis',(0.966376079321329,0.257132793154696,0.));
#909=DIRECTION('center_axis',(1.,0.,0.));
#910=DIRECTION('ref_axis',(0.,1.,0.));
#911=DIRECTION('center_axis',(1.,0.,0.));
#912=DIRECTION('ref_axis',(0.,1.,0.));
#913=DIRECTION('',(-0.707106781186548,0.707106781186547,8.65956056235493E-17));
#914=DIRECTION('center_axis',(-1.,0.,0.));
#915=DIRECTION('ref_axis',(0.,1.,0.));
#916=DIRECTION('center_axis',(1.,0.,0.));
#917=DIRECTION('ref_axis',(0.,1.,0.));
#918=DIRECTION('',(-1.,0.,0.));
#919=DIRECTION('center_axis',(1.,0.,0.));
#920=DIRECTION('ref_axis',(0.,1.,0.));
#921=DIRECTION('center_axis',(-0.534862423651049,0.411156446444531,0.738154837627737));
#922=DIRECTION('ref_axis',(-0.609453528516473,-0.792821793708284,-1.72266241675474E-13));
#923=DIRECTION('center_axis',(-0.534862423651039,0.411156446444559,-0.738154837627729));
#924=DIRECTION('ref_axis',(0.,-0.873618919181375,-0.486610710988122));
#925=DIRECTION('center_axis',(0.,0.,1.));
#926=DIRECTION('ref_axis',(1.,0.,0.));
#927=DIRECTION('center_axis',(0.350355275165112,0.455767806229432,0.81824622698109));
#928=DIRECTION('ref_axis',(-0.844244425938857,-0.22463607284174,0.486610710989196));
#929=DIRECTION('center_axis',(-0.534862423650559,0.411156446445688,-0.738154837627448));
#930=DIRECTION('ref_axis',(-0.609453528517752,-0.7928217937073,-4.84460956200068E-16));
#931=DIRECTION('center_axis',(0.,0.,1.));
#932=DIRECTION('ref_axis',(1.,0.,0.));
#933=DIRECTION('center_axis',(0.350355275165115,0.455767806229433,-0.818246226981088));
#934=DIRECTION('ref_axis',(0.,-0.873618919180748,-0.486610710989249));
#935=DIRECTION('center_axis',(-0.534862423650561,0.411156446445689,0.738154837627446));
#936=DIRECTION('ref_axis',(-0.609453528517751,-0.792821793707301,0.));
#937=DIRECTION('center_axis',(6.63395518634252E-17,3.7870715816371E-16,
1.));
#938=DIRECTION('ref_axis',(0.985001393452752,-0.172546384766927,0.));
#939=DIRECTION('center_axis',(0.,0.,1.));
#940=DIRECTION('ref_axis',(-0.609453528518197,-0.792821793706959,0.));
#941=DIRECTION('center_axis',(0.,0.,1.));
#942=DIRECTION('ref_axis',(1.,0.,0.));
#943=DIRECTION('center_axis',(0.,0.,1.));
#944=DIRECTION('ref_axis',(1.,0.,0.));
#945=DIRECTION('center_axis',(0.,0.,1.));
#946=DIRECTION('ref_axis',(1.,0.,0.));
#947=DIRECTION('center_axis',(0.,0.,1.));
#948=DIRECTION('ref_axis',(1.,0.,0.));
#949=CARTESIAN_POINT('',(0.,0.,0.));
#950=CARTESIAN_POINT('Origin',(31.2894750675047,31.2894750675047,35.0000005215406));
#951=CARTESIAN_POINT('',(10.1805133653434,13.9988899837507,35.0000005215406));
#952=CARTESIAN_POINT('',(14.8490671462092,11.0306905278019,35.0000005215406));
#953=CARTESIAN_POINT('Ctrl Pts',(10.1805133653434,13.9988899837507,35.0000005215406));
#954=CARTESIAN_POINT('Ctrl Pts',(10.2671013064068,14.0854779248142,34.6529719541438));
#955=CARTESIAN_POINT('Ctrl Pts',(10.4197064138919,14.1382418163978,34.2876270154072));
#956=CARTESIAN_POINT('Ctrl Pts',(10.8315208307416,14.1529926484858,33.6197323551904));
#957=CARTESIAN_POINT('Ctrl Pts',(11.0906838933576,14.1150596885583,33.3171558911321));
#958=CARTESIAN_POINT('Ctrl Pts',(11.6234420617372,13.9757742305111,32.8480516438764));
#959=CARTESIAN_POINT('Ctrl Pts',(11.9337784415722,13.8667467087461,32.644366726457));
#960=CARTESIAN_POINT('Ctrl Pts',(12.5778761228026,13.5795637506014,32.3702659862947));
#961=CARTESIAN_POINT('Ctrl Pts',(12.9116313501526,13.4012512238268,32.3000005215406));
#962=CARTESIAN_POINT('Ctrl Pts',(13.5007899775788,13.0337829233913,32.3000005215406));
#963=CARTESIAN_POINT('Ctrl Pts',(13.7950748031914,12.8227236325306,32.3646863513487));
#964=CARTESIAN_POINT('Ctrl Pts',(14.2999815277037,12.3918591223062,32.634171223603));
#965=CARTESIAN_POINT('Ctrl Pts',(14.5105023142129,12.1720127725368,32.8390939237958));
#966=CARTESIAN_POINT('Ctrl Pts',(14.8098599681036,11.7758245219526,33.3231699805694));
#967=CARTESIAN_POINT('Ctrl Pts',(14.9115490776784,11.5774872286669,33.6346473382881));
#968=CARTESIAN_POINT('Ctrl Pts',(14.9744998910135,11.2484486484858,34.3068587285205));
#969=CARTESIAN_POINT('Ctrl Pts',(14.9360769381688,11.1177003197615,34.6675401647743));
#970=CARTESIAN_POINT('Ctrl Pts',(14.8490671462092,11.0306905278019,35.0000005215406));
#971=CARTESIAN_POINT('Ctrl Pts',(14.8490671462092,11.0306905278019,35.0000005215406));
#972=CARTESIAN_POINT('Ctrl Pts',(14.7584035918084,10.940026973401,35.3464217341761));
#973=CARTESIAN_POINT('Ctrl Pts',(14.602533954542,10.8835967324163,35.7116494311627));
#974=CARTESIAN_POINT('Ctrl Pts',(14.1870103914647,10.865788116254,36.3807371227732));
#975=CARTESIAN_POINT('Ctrl Pts',(13.9273683981068,10.9044168826476,36.6846047177971));
#976=CARTESIAN_POINT('Ctrl Pts',(13.3974348684217,11.0487767388743,37.1537731052544));
#977=CARTESIAN_POINT('Ctrl Pts',(13.0913900390803,11.1615870845297,37.3568544334706));
#978=CARTESIAN_POINT('Ctrl Pts',(12.4573926862401,11.4578316487826,37.6300708421578));
#979=CARTESIAN_POINT('Ctrl Pts',(12.1293686032309,11.6413021153075,37.7000005215406));
#980=CARTESIAN_POINT('Ctrl Pts',(11.548362641612,12.0171219205755,37.7000005215406));
#981=CARTESIAN_POINT('Ctrl Pts',(11.2571508112169,12.2322145684916,37.634873969153));
#982=CARTESIAN_POINT('Ctrl Pts',(10.7551503008701,12.6668158702174,37.3644667200626));
#983=CARTESIAN_POINT('Ctrl Pts',(10.5443927307449,12.8863046892301,37.159096399176));
#984=CARTESIAN_POINT('Ctrl Pts',(10.2421860302116,13.2773952448842,36.6754145033286));
#985=CARTESIAN_POINT('Ctrl Pts',(10.1366700076958,13.4712221045449,36.3646509941846));
#986=CARTESIAN_POINT('Ctrl Pts',(10.0644319294061,13.7904134114607,35.693123795106));
#987=CARTESIAN_POINT('Ctrl Pts',(10.0975624377498,13.9159390561571,35.3324526068251));
#988=CARTESIAN_POINT('Ctrl Pts',(10.1805133653434,13.9988899837507,35.0000005215406));
#989=CARTESIAN_POINT('',(11.2783531599254,7.45997654151807,35.0000005215406));
#990=CARTESIAN_POINT('',(33.1986633767084,29.380286758301,35.0000005215406));
#991=CARTESIAN_POINT('Origin',(9.36916485072176,9.36916485072175,35.0000005215406));
#992=CARTESIAN_POINT('Origin',(9.36916485072176,9.36916485072175,35.0000005215406));
#993=CARTESIAN_POINT('',(10.9601551083945,7.77817459304897,35.));
#994=CARTESIAN_POINT('Origin',(9.3691648507248,9.36916485071871,35.));
#995=CARTESIAN_POINT('Origin',(31.2894750675047,31.2894750675047,15.0000002235174));
#996=CARTESIAN_POINT('',(10.1805135512446,13.9988901696519,15.0000002235174));
#997=CARTESIAN_POINT('',(14.8490673412019,11.0306907227945,15.0000002235174));
#998=CARTESIAN_POINT('Ctrl Pts',(10.1805135512446,13.9988901696519,15.0000002235174));
#999=CARTESIAN_POINT('Ctrl Pts',(10.0975626161445,13.9159392345518,14.6675481387584));
#1000=CARTESIAN_POINT('Ctrl Pts',(10.0644320995254,13.7904135818812,14.3068769503623));
#1001=CARTESIAN_POINT('Ctrl Pts',(10.1366701633968,13.4712222596197,13.6353497499057));
#1002=CARTESIAN_POINT('Ctrl Pts',(10.2421861797892,13.2773953925664,13.3245862395113));
#1003=CARTESIAN_POINT('Ctrl Pts',(10.5443928717341,12.8863048259866,12.8409043437906));
#1004=CARTESIAN_POINT('Ctrl Pts',(10.7551504374677,12.6668160033223,12.6355340236908));
#1005=CARTESIAN_POINT('Ctrl Pts',(11.2571509419452,12.2322146972892,12.365126775644));
#1006=CARTESIAN_POINT('Ctrl Pts',(11.5483627708619,12.0171220487141,12.3000002235174));
#1007=CARTESIAN_POINT('Ctrl Pts',(12.1293687328496,11.6413022443856,12.3000002235174));
#1008=CARTESIAN_POINT('Ctrl Pts',(12.4573928174945,11.4578317800081,12.3699299030326));
#1009=CARTESIAN_POINT('Ctrl Pts',(13.0913901754985,11.1615872232422,12.6431463107898));
#1010=CARTESIAN_POINT('Ctrl Pts',(13.3974350083755,11.0487768829163,12.8462276379143));
#1011=CARTESIAN_POINT('Ctrl Pts',(13.9273685494662,10.9044170373045,13.3153960239671));
#1012=CARTESIAN_POINT('Ctrl Pts',(14.1870105511313,10.8657882778672,13.619263619724));
#1013=CARTESIAN_POINT('Ctrl Pts',(14.6025341317125,10.8835969098959,14.2883513126616));
#1014=CARTESIAN_POINT('Ctrl Pts',(14.758403778191,10.9400271597836,14.6535790102335));
#1015=CARTESIAN_POINT('Ctrl Pts',(14.8490673412019,11.0306907227945,15.0000002235174));
#1016=CARTESIAN_POINT('Ctrl Pts',(14.8490673412019,11.0306907227945,15.0000002235174));
#1017=CARTESIAN_POINT('Ctrl Pts',(14.9360771411675,11.1177005227602,15.3324605799236));
#1018=CARTESIAN_POINT('Ctrl Pts',(14.9745001030199,11.2484488602573,15.693142016371));
#1019=CARTESIAN_POINT('Ctrl Pts',(14.9115493056817,11.5774874576257,16.3653534081725));
#1020=CARTESIAN_POINT('Ctrl Pts',(14.8098602030571,11.7758247593268,16.676830767269));
#1021=CARTESIAN_POINT('Ctrl Pts',(14.5105025586845,12.1720130222193,17.1609068238413));
#1022=CARTESIAN_POINT('Ctrl Pts',(14.2999817770131,12.3918593759888,17.3658295230895));
#1023=CARTESIAN_POINT('Ctrl Pts',(13.7950750586616,12.8227238905046,17.6353143940554));
#1024=CARTESIAN_POINT('Ctrl Pts',(13.5007902343738,13.0337831816589,17.7000002235174));
#1025=CARTESIAN_POINT('Ctrl Pts',(12.9116316056059,13.4012514802292,17.7000002235174));
#1026=CARTESIAN_POINT('Ctrl Pts',(12.5778763757543,13.579564004101,17.6297347585378));
#1027=CARTESIAN_POINT('Ctrl Pts',(11.9337786876712,13.8667469531233,17.3556340191721));
#1028=CARTESIAN_POINT('Ctrl Pts',(11.6234423034875,13.9757744686988,17.1519491027961));
#1029=CARTESIAN_POINT('Ctrl Pts',(11.0906841228179,14.1150599147248,16.6828448571284));
#1030=CARTESIAN_POINT('Ctrl Pts',(10.8315210516207,14.1529928672454,16.3802683926142));
#1031=CARTESIAN_POINT('Ctrl Pts',(10.4197066170947,14.138242019128,15.7123737312645));
#1032=CARTESIAN_POINT('Ctrl Pts',(10.2671015005145,14.0854781189218,15.3470287918517));
#1033=CARTESIAN_POINT('Ctrl Pts',(10.1805135512446,13.9988901696519,15.0000002235174));
#1034=CARTESIAN_POINT('',(11.2783531599254,7.45997654151807,15.0000002235174));
#1035=CARTESIAN_POINT('',(33.1986633767084,29.380286758301,15.0000002235174));
#1036=CARTESIAN_POINT('Origin',(9.36916485072176,9.36916485072175,15.0000002235174));
#1037=CARTESIAN_POINT('Origin',(9.36916485072176,9.36916485072175,15.0000002235174));
#1038=CARTESIAN_POINT('',(10.9601551083929,7.77817459305062,15.));
#1039=CARTESIAN_POINT('Origin',(9.36916485072316,9.36916485072036,15.));
#1040=CARTESIAN_POINT('Origin',(-11.1369318036851,-11.1369318036912,35.));
#1041=CARTESIAN_POINT('',(-11.1369318036881,-11.1369318036881,37.25));
#1042=CARTESIAN_POINT('',(-9.43171358485109,-12.6136941001966,35.));
#1043=CARTESIAN_POINT('Ctrl Pts',(-11.1369318036851,-11.1369318036912,37.25));
#1044=CARTESIAN_POINT('Ctrl Pts',(-10.9368707159182,-11.3369928914579,37.25));
#1045=CARTESIAN_POINT('Ctrl Pts',(-10.7177199048256,-11.5442629151667,37.1933773907145));
#1046=CARTESIAN_POINT('Ctrl Pts',(-10.3043417520873,-11.9146996299449,36.9636356030801));
#1047=CARTESIAN_POINT('Ctrl Pts',(-10.1103930550412,-12.0781903431328,36.7905377089337));
#1048=CARTESIAN_POINT('Ctrl Pts',(-9.79953477381057,-12.3317415258816,36.391439949588));
#1049=CARTESIAN_POINT('Ctrl Pts',(-9.66184027180732,-12.4388412447882,36.1386933540585));
#1050=CARTESIAN_POINT('Ctrl Pts',(-9.47776188011049,-12.5796644952896,35.5844567556625));
#1051=CARTESIAN_POINT('Ctrl Pts',(-9.43171358485109,-12.6136941001966,35.2829331541728));
#1052=CARTESIAN_POINT('Ctrl Pts',(-9.43171358485109,-12.6136941001966,35.));
#1053=CARTESIAN_POINT('',(-11.1369318036881,-11.1369318036881,32.75));
#1054=CARTESIAN_POINT('Ctrl Pts',(-11.1369318036851,-11.1369318036912,32.75));
#1055=CARTESIAN_POINT('Ctrl Pts',(-11.336992891452,-10.9368707159244,32.75));
#1056=CARTESIAN_POINT('Ctrl Pts',(-11.5442629151608,-10.717719904832,32.8066226092855));
#1057=CARTESIAN_POINT('Ctrl Pts',(-11.9146996299393,-10.3043417520939,33.0363643969198));
#1058=CARTESIAN_POINT('Ctrl Pts',(-12.0781903431272,-10.1103930550478,33.2094622910663));
#1059=CARTESIAN_POINT('Ctrl Pts',(-12.3317415258762,-9.79953477381735,33.608560050412));
#1060=CARTESIAN_POINT('Ctrl Pts',(-12.4388412447828,-9.66184027181417,33.8613066459415));
#1061=CARTESIAN_POINT('Ctrl Pts',(-12.5796644952844,-9.47776188011743,34.4155432443375));
#1062=CARTESIAN_POINT('Ctrl Pts',(-12.6136941001914,-9.43171358485805,34.7170668458272));
#1063=CARTESIAN_POINT('Ctrl Pts',(-12.6136941001914,-9.43171358485805,35.));
#1064=CARTESIAN_POINT('Ctrl Pts',(-12.6136941001914,-9.43171358485805,35.2829331541728));
#1065=CARTESIAN_POINT('Ctrl Pts',(-12.5796644952844,-9.47776188011743,35.5844567556625));
#1066=CARTESIAN_POINT('Ctrl Pts',(-12.4388412447828,-9.66184027181417,36.1386933540585));
#1067=CARTESIAN_POINT('Ctrl Pts',(-12.3317415258762,-9.79953477381735,36.391439949588));
#1068=CARTESIAN_POINT('Ctrl Pts',(-12.0781903431272,-10.1103930550478,36.7905377089337));
#1069=CARTESIAN_POINT('Ctrl Pts',(-11.9146996299393,-10.3043417520938,36.9636356030802));
#1070=CARTESIAN_POINT('Ctrl Pts',(-11.5442629151608,-10.717719904832,37.1933773907145));
#1071=CARTESIAN_POINT('Ctrl Pts',(-11.336992891452,-10.9368707159244,37.25));
#1072=CARTESIAN_POINT('Ctrl Pts',(-11.1369318036851,-11.1369318036912,37.25));
#1073=CARTESIAN_POINT('Ctrl Pts',(-9.43171358485109,-12.6136941001966,35.));
#1074=CARTESIAN_POINT('Ctrl Pts',(-9.43171358485109,-12.6136941001966,34.7170668458272));
#1075=CARTESIAN_POINT('Ctrl Pts',(-9.47776188011049,-12.5796644952896,34.4155432443375));
#1076=CARTESIAN_POINT('Ctrl Pts',(-9.66184027180732,-12.4388412447882,33.8613066459415));
#1077=CARTESIAN_POINT('Ctrl Pts',(-9.79953477381057,-12.3317415258816,33.608560050412));
#1078=CARTESIAN_POINT('Ctrl Pts',(-10.1103930550412,-12.0781903431328,33.2094622910663));
#1079=CARTESIAN_POINT('Ctrl Pts',(-10.3043417520873,-11.9146996299449,33.0363643969199));
#1080=CARTESIAN_POINT('Ctrl Pts',(-10.7177199048256,-11.5442629151667,32.8066226092855));
#1081=CARTESIAN_POINT('Ctrl Pts',(-10.9368707159182,-11.3369928914579,32.75));
#1082=CARTESIAN_POINT('Ctrl Pts',(-11.1369318036851,-11.1369318036912,32.75));
#1083=CARTESIAN_POINT('',(-3.65305398317706,-6.83503449852261,35.));
#1084=CARTESIAN_POINT('',(-9.54594154601535,-12.7279220613609,35.));
#1085=CARTESIAN_POINT('',(-6.83503449851837,-3.65305398318499,35.));
#1086=CARTESIAN_POINT('Ctrl Pts',(-6.83503449851837,-3.65305398318499,35.));
#1087=CARTESIAN_POINT('Ctrl Pts',(-6.83503449851837,-3.65305398318499,34.7156734028932));
#1088=CARTESIAN_POINT('Ctrl Pts',(-6.80738770034657,-3.7062427862938,34.4135993019822));
#1089=CARTESIAN_POINT('Ctrl Pts',(-6.68995734324742,-3.91423467736776,33.8597815379541));
#1090=CARTESIAN_POINT('Ctrl Pts',(-6.59948740093465,-4.06823756988103,33.6078834050802));
#1091=CARTESIAN_POINT('Ctrl Pts',(-6.3772604470459,-4.40843720816249,33.210187747837));
#1092=CARTESIAN_POINT('Ctrl Pts',(-6.23029826021126,-4.61774262456032,33.0372792787085));
#1093=CARTESIAN_POINT('Ctrl Pts',(-5.88253797799363,-5.05330686690804,32.8071414907027));
#1094=CARTESIAN_POINT('Ctrl Pts',(-5.68107458559104,-5.27908052280067,32.75));
#1095=CARTESIAN_POINT('Ctrl Pts',(-5.27908052279433,-5.68107458559694,32.75));
#1096=CARTESIAN_POINT('Ctrl Pts',(-5.05330686690145,-5.88253797799929,32.8071414907027));
#1097=CARTESIAN_POINT('Ctrl Pts',(-4.61774262455328,-6.23029826021648,33.0372792787086));
#1098=CARTESIAN_POINT('Ctrl Pts',(-4.40843720815525,-6.37726044705091,33.210187747837));
#1099=CARTESIAN_POINT('Ctrl Pts',(-4.06823756987348,-6.59948740093931,33.6078834050802));
#1100=CARTESIAN_POINT('Ctrl Pts',(-3.91423467736007,-6.68995734325192,33.8597815379541));
#1101=CARTESIAN_POINT('Ctrl Pts',(-3.70624278628592,-6.80738770035086,34.4135993019822));
#1102=CARTESIAN_POINT('Ctrl Pts',(-3.65305398317706,-6.83503449852261,34.7156734028932));
#1103=CARTESIAN_POINT('Ctrl Pts',(-3.65305398317706,-6.83503449852261,35.));
#1104=CARTESIAN_POINT('Ctrl Pts',(-3.65305398317706,-6.83503449852261,35.));
#1105=CARTESIAN_POINT('Ctrl Pts',(-3.65305398317706,-6.83503449852261,35.2843265971068));
#1106=CARTESIAN_POINT('Ctrl Pts',(-3.70624278628592,-6.80738770035086,35.5864006980178));
#1107=CARTESIAN_POINT('Ctrl Pts',(-3.91423467736008,-6.68995734325192,36.1402184620459));
#1108=CARTESIAN_POINT('Ctrl Pts',(-4.06823756987349,-6.5994874009393,36.3921165949198));
#1109=CARTESIAN_POINT('Ctrl Pts',(-4.40843720815526,-6.37726044705089,36.789812252163));
#1110=CARTESIAN_POINT('Ctrl Pts',(-4.6177426245533,-6.23029826021647,36.9627207212915));
#1111=CARTESIAN_POINT('Ctrl Pts',(-5.05330686690146,-5.88253797799928,37.1928585092973));
#1112=CARTESIAN_POINT('Ctrl Pts',(-5.27908052279433,-5.68107458559693,37.25));
#1113=CARTESIAN_POINT('Ctrl Pts',(-5.68107458559105,-5.27908052280066,37.25));
#1114=CARTESIAN_POINT('Ctrl Pts',(-5.88253797799364,-5.05330686690803,37.1928585092974));
#1115=CARTESIAN_POINT('Ctrl Pts',(-6.23029826021127,-4.61774262456031,36.9627207212915));
#1116=CARTESIAN_POINT('Ctrl Pts',(-6.37726044704591,-4.40843720816247,36.789812252163));
#1117=CARTESIAN_POINT('Ctrl Pts',(-6.59948740093466,-4.06823756988102,36.3921165949198));
#1118=CARTESIAN_POINT('Ctrl Pts',(-6.68995734324743,-3.91423467736775,36.1402184620459));
#1119=CARTESIAN_POINT('Ctrl Pts',(-6.80738770034657,-3.70624278629379,35.5864006980177));
#1120=CARTESIAN_POINT('Ctrl Pts',(-6.83503449851837,-3.65305398318499,35.2843265971068));
#1121=CARTESIAN_POINT('Ctrl Pts',(-6.83503449851837,-3.65305398318499,35.));
#1122=CARTESIAN_POINT('Origin',(-11.1369318036851,-11.1369318036912,35.));
#1123=CARTESIAN_POINT('',(3.653053983185,6.83503449851837,35.));
#1124=CARTESIAN_POINT('',(6.83503449852261,3.65305398317705,35.));
#1125=CARTESIAN_POINT('Ctrl Pts',(3.653053983185,6.83503449851837,35.));
#1126=CARTESIAN_POINT('Ctrl Pts',(3.653053983185,6.83503449851837,35.2843265971068));
#1127=CARTESIAN_POINT('Ctrl Pts',(3.7062427862938,6.80738770034657,35.5864006980177));
#1128=CARTESIAN_POINT('Ctrl Pts',(3.91423467736775,6.68995734324743,36.1402184620459));
#1129=CARTESIAN_POINT('Ctrl Pts',(4.06823756988102,6.59948740093466,36.3921165949198));
#1130=CARTESIAN_POINT('Ctrl Pts',(4.40843720816248,6.37726044704591,36.789812252163));
#1131=CARTESIAN_POINT('Ctrl Pts',(4.61774262456031,6.23029826021127,36.9627207212915));
#1132=CARTESIAN_POINT('Ctrl Pts',(5.05330686690804,5.88253797799363,37.1928585092974));
#1133=CARTESIAN_POINT('Ctrl Pts',(5.27908052280067,5.68107458559104,37.25));
#1134=CARTESIAN_POINT('Ctrl Pts',(5.68107458559694,5.27908052279433,37.25));
#1135=CARTESIAN_POINT('Ctrl Pts',(5.88253797799929,5.05330686690145,37.1928585092973));
#1136=CARTESIAN_POINT('Ctrl Pts',(6.23029826021647,4.61774262455329,36.9627207212915));
#1137=CARTESIAN_POINT('Ctrl Pts',(6.3772604470509,4.40843720815526,36.789812252163));
#1138=CARTESIAN_POINT('Ctrl Pts',(6.59948740093931,4.06823756987349,36.3921165949198));
#1139=CARTESIAN_POINT('Ctrl Pts',(6.68995734325192,3.91423467736007,36.1402184620459));
#1140=CARTESIAN_POINT('Ctrl Pts',(6.80738770035086,3.70624278628591,35.5864006980178));
#1141=CARTESIAN_POINT('Ctrl Pts',(6.83503449852261,3.65305398317705,35.2843265971068));
#1142=CARTESIAN_POINT('Ctrl Pts',(6.83503449852261,3.65305398317705,35.));
#1143=CARTESIAN_POINT('Ctrl Pts',(6.83503449852261,3.65305398317705,35.));
#1144=CARTESIAN_POINT('Ctrl Pts',(6.83503449852261,3.65305398317705,34.7156734028932));
#1145=CARTESIAN_POINT('Ctrl Pts',(6.80738770035086,3.70624278628591,34.4135993019822));
#1146=CARTESIAN_POINT('Ctrl Pts',(6.68995734325193,3.91423467736006,33.8597815379541));
#1147=CARTESIAN_POINT('Ctrl Pts',(6.59948740093931,4.06823756987347,33.6078834050802));
#1148=CARTESIAN_POINT('Ctrl Pts',(6.37726044705091,4.40843720815524,33.210187747837));
#1149=CARTESIAN_POINT('Ctrl Pts',(6.23029826021648,4.61774262455328,33.0372792787086));
#1150=CARTESIAN_POINT('Ctrl Pts',(5.8825379779993,5.05330686690145,32.8071414907027));
#1151=CARTESIAN_POINT('Ctrl Pts',(5.68107458559694,5.27908052279432,32.75));
#1152=CARTESIAN_POINT('Ctrl Pts',(5.27908052280067,5.68107458559104,32.75));
#1153=CARTESIAN_POINT('Ctrl Pts',(5.05330686690805,5.88253797799362,32.8071414907026));
#1154=CARTESIAN_POINT('Ctrl Pts',(4.61774262456033,6.23029826021125,33.0372792787085));
#1155=CARTESIAN_POINT('Ctrl Pts',(4.4084372081625,6.37726044704589,33.210187747837));
#1156=CARTESIAN_POINT('Ctrl Pts',(4.06823756988104,6.59948740093465,33.6078834050802));
#1157=CARTESIAN_POINT('Ctrl Pts',(3.91423467736777,6.68995734324742,33.8597815379541));
#1158=CARTESIAN_POINT('Ctrl Pts',(3.7062427862938,6.80738770034657,34.4135993019822));
#1159=CARTESIAN_POINT('Ctrl Pts',(3.653053983185,6.83503449851837,34.7156734028932));
#1160=CARTESIAN_POINT('Ctrl Pts',(3.653053983185,6.83503449851837,35.));
#1161=CARTESIAN_POINT('',(-9.54594154601535,-12.7279220613609,35.));
#1162=CARTESIAN_POINT('Origin',(-11.1369318036867,-11.1369318036895,15.));
#1163=CARTESIAN_POINT('',(-11.1369318036881,-11.1369318036881,17.25));
#1164=CARTESIAN_POINT('',(-9.43171358485298,-12.6136941001952,15.));
#1165=CARTESIAN_POINT('Ctrl Pts',(-11.1369318036867,-11.1369318036895,17.25));
#1166=CARTESIAN_POINT('Ctrl Pts',(-10.9368707159199,-11.3369928914563,17.25));
#1167=CARTESIAN_POINT('Ctrl Pts',(-10.7177199048274,-11.5442629151651,17.1933773907145));
#1168=CARTESIAN_POINT('Ctrl Pts',(-10.3043417520891,-11.9146996299434,16.9636356030802));
#1169=CARTESIAN_POINT('Ctrl Pts',(-10.110393055043,-12.0781903431313,16.7905377089337));
#1170=CARTESIAN_POINT('Ctrl Pts',(-9.79953477381241,-12.3317415258801,16.391439949588));
#1171=CARTESIAN_POINT('Ctrl Pts',(-9.66184027180917,-12.4388412447867,16.1386933540585));
#1172=CARTESIAN_POINT('Ctrl Pts',(-9.47776188011236,-12.5796644952882,15.5844567556625));
#1173=CARTESIAN_POINT('Ctrl Pts',(-9.43171358485298,-12.6136941001952,15.2829331541728));
#1174=CARTESIAN_POINT('Ctrl Pts',(-9.43171358485298,-12.6136941001952,15.));
#1175=CARTESIAN_POINT('',(-11.1369318036881,-11.1369318036881,12.75));
#1176=CARTESIAN_POINT('Ctrl Pts',(-11.1369318036867,-11.1369318036895,12.75));
#1177=CARTESIAN_POINT('Ctrl Pts',(-11.3369928914536,-10.9368707159227,12.75));
#1178=CARTESIAN_POINT('Ctrl Pts',(-11.5442629151624,-10.7177199048302,12.8066226092855));
#1179=CARTESIAN_POINT('Ctrl Pts',(-11.9146996299408,-10.3043417520921,13.0363643969198));
#1180=CARTESIAN_POINT('Ctrl Pts',(-12.0781903431287,-10.110393055046,13.2094622910663));
#1181=CARTESIAN_POINT('Ctrl Pts',(-12.3317415258776,-9.79953477381552,13.608560050412));
#1182=CARTESIAN_POINT('Ctrl Pts',(-12.4388412447843,-9.66184027181231,13.8613066459415));
#1183=CARTESIAN_POINT('Ctrl Pts',(-12.5796644952858,-9.47776188011555,14.4155432443375));
#1184=CARTESIAN_POINT('Ctrl Pts',(-12.6136941001928,-9.43171358485617,14.7170668458272));
#1185=CARTESIAN_POINT('Ctrl Pts',(-12.6136941001928,-9.43171358485617,15.));
#1186=CARTESIAN_POINT('Ctrl Pts',(-12.6136941001928,-9.43171358485617,15.2829331541728));
#1187=CARTESIAN_POINT('Ctrl Pts',(-12.5796644952858,-9.47776188011554,15.5844567556625));
#1188=CARTESIAN_POINT('Ctrl Pts',(-12.4388412447843,-9.66184027181231,16.1386933540585));
#1189=CARTESIAN_POINT('Ctrl Pts',(-12.3317415258776,-9.79953477381552,16.391439949588));
#1190=CARTESIAN_POINT('Ctrl Pts',(-12.0781903431287,-10.110393055046,16.7905377089337));
#1191=CARTESIAN_POINT('Ctrl Pts',(-11.9146996299408,-10.3043417520921,16.9636356030802));
#1192=CARTESIAN_POINT('Ctrl Pts',(-11.5442629151624,-10.7177199048302,17.1933773907145));
#1193=CARTESIAN_POINT('Ctrl Pts',(-11.3369928914536,-10.9368707159227,17.25));
#1194=CARTESIAN_POINT('Ctrl Pts',(-11.1369318036867,-11.1369318036895,17.25));
#1195=CARTESIAN_POINT('Ctrl Pts',(-9.43171358485298,-12.6136941001952,15.));
#1196=CARTESIAN_POINT('Ctrl Pts',(-9.43171358485298,-12.6136941001952,14.7170668458272));
#1197=CARTESIAN_POINT('Ctrl Pts',(-9.47776188011236,-12.5796644952882,14.4155432443375));
#1198=CARTESIAN_POINT('Ctrl Pts',(-9.66184027180917,-12.4388412447867,13.8613066459415));
#1199=CARTESIAN_POINT('Ctrl Pts',(-9.79953477381241,-12.3317415258801,13.608560050412));
#1200=CARTESIAN_POINT('Ctrl Pts',(-10.110393055043,-12.0781903431313,13.2094622910663));
#1201=CARTESIAN_POINT('Ctrl Pts',(-10.3043417520891,-11.9146996299434,13.0363643969198));
#1202=CARTESIAN_POINT('Ctrl Pts',(-10.7177199048273,-11.5442629151651,12.8066226092855));
#1203=CARTESIAN_POINT('Ctrl Pts',(-10.9368707159199,-11.3369928914563,12.75));
#1204=CARTESIAN_POINT('Ctrl Pts',(-11.1369318036867,-11.1369318036895,12.75));
#1205=CARTESIAN_POINT('',(-3.65305398317921,-6.83503449852146,15.));
#1206=CARTESIAN_POINT('',(-9.545941546017,-12.7279220613593,15.));
#1207=CARTESIAN_POINT('',(-6.83503449851952,-3.65305398318285,15.));
#1208=CARTESIAN_POINT('Ctrl Pts',(-6.83503449851952,-3.65305398318285,15.));
#1209=CARTESIAN_POINT('Ctrl Pts',(-6.83503449851952,-3.65305398318285,14.7156734028932));
#1210=CARTESIAN_POINT('Ctrl Pts',(-6.80738770034773,-3.70624278629166,14.4135993019822));
#1211=CARTESIAN_POINT('Ctrl Pts',(-6.68995734324864,-3.91423467736568,13.8597815379541));
#1212=CARTESIAN_POINT('Ctrl Pts',(-6.59948740093592,-4.06823756987899,13.6078834050802));
#1213=CARTESIAN_POINT('Ctrl Pts',(-6.37726044704725,-4.40843720816053,13.210187747837));
#1214=CARTESIAN_POINT('Ctrl Pts',(-6.23029826021267,-4.61774262455842,13.0372792787085));
#1215=CARTESIAN_POINT('Ctrl Pts',(-5.88253797799516,-5.05330686690626,12.8071414907027));
#1216=CARTESIAN_POINT('Ctrl Pts',(-5.68107458559264,-5.27908052279895,12.75));
#1217=CARTESIAN_POINT('Ctrl Pts',(-5.27908052279605,-5.68107458559534,12.75));
#1218=CARTESIAN_POINT('Ctrl Pts',(-5.05330686690323,-5.88253797799776,12.8071414907027));
#1219=CARTESIAN_POINT('Ctrl Pts',(-4.61774262455519,-6.23029826021507,13.0372792787086));
#1220=CARTESIAN_POINT('Ctrl Pts',(-4.40843720815721,-6.37726044704955,13.210187747837));
#1221=CARTESIAN_POINT('Ctrl Pts',(-4.06823756987552,-6.59948740093805,13.6078834050802));
#1222=CARTESIAN_POINT('Ctrl Pts',(-3.91423467736215,-6.68995734325071,13.8597815379541));
#1223=CARTESIAN_POINT('Ctrl Pts',(-3.70624278628805,-6.8073877003497,14.4135993019822));
#1224=CARTESIAN_POINT('Ctrl Pts',(-3.65305398317921,-6.83503449852146,14.7156734028932));
#1225=CARTESIAN_POINT('Ctrl Pts',(-3.65305398317921,-6.83503449852146,15.));
#1226=CARTESIAN_POINT('Ctrl Pts',(-3.65305398317921,-6.83503449852146,15.));
#1227=CARTESIAN_POINT('Ctrl Pts',(-3.65305398317921,-6.83503449852146,15.2843265971068));
#1228=CARTESIAN_POINT('Ctrl Pts',(-3.70624278628805,-6.8073877003497,15.5864006980178));
#1229=CARTESIAN_POINT('Ctrl Pts',(-3.91423467736215,-6.68995734325071,16.1402184620459));
#1230=CARTESIAN_POINT('Ctrl Pts',(-4.06823756987552,-6.59948740093805,16.3921165949198));
#1231=CARTESIAN_POINT('Ctrl Pts',(-4.40843720815721,-6.37726044704955,16.789812252163));
#1232=CARTESIAN_POINT('Ctrl Pts',(-4.61774262455519,-6.23029826021507,16.9627207212915));
#1233=CARTESIAN_POINT('Ctrl Pts',(-5.05330686690323,-5.88253797799776,17.1928585092973));
#1234=CARTESIAN_POINT('Ctrl Pts',(-5.27908052279605,-5.68107458559534,17.25));
#1235=CARTESIAN_POINT('Ctrl Pts',(-5.68107458559264,-5.27908052279895,17.25));
#1236=CARTESIAN_POINT('Ctrl Pts',(-5.88253797799516,-5.05330686690626,17.1928585092973));
#1237=CARTESIAN_POINT('Ctrl Pts',(-6.23029826021267,-4.61774262455842,16.9627207212915));
#1238=CARTESIAN_POINT('Ctrl Pts',(-6.37726044704725,-4.40843720816053,16.789812252163));
#1239=CARTESIAN_POINT('Ctrl Pts',(-6.59948740093591,-4.06823756987899,16.3921165949198));
#1240=CARTESIAN_POINT('Ctrl Pts',(-6.68995734324864,-3.91423467736568,16.1402184620459));
#1241=CARTESIAN_POINT('Ctrl Pts',(-6.80738770034773,-3.70624278629166,15.5864006980178));
#1242=CARTESIAN_POINT('Ctrl Pts',(-6.83503449851952,-3.65305398318285,15.2843265971068));
#1243=CARTESIAN_POINT('Ctrl Pts',(-6.83503449851952,-3.65305398318285,15.));
#1244=CARTESIAN_POINT('Origin',(-11.1369318036867,-11.1369318036895,15.));
#1245=CARTESIAN_POINT('',(3.65305398318285,6.83503449851951,15.));
#1246=CARTESIAN_POINT('',(6.83503449852147,3.6530539831792,15.));
#1247=CARTESIAN_POINT('Ctrl Pts',(3.65305398318285,6.83503449851951,15.));
#1248=CARTESIAN_POINT('Ctrl Pts',(3.65305398318285,6.83503449851951,15.2843265971068));
#1249=CARTESIAN_POINT('Ctrl Pts',(3.70624278629167,6.80738770034773,15.5864006980178));
#1250=CARTESIAN_POINT('Ctrl Pts',(3.91423467736568,6.68995734324864,16.1402184620459));
#1251=CARTESIAN_POINT('Ctrl Pts',(4.06823756987899,6.59948740093591,16.3921165949198));
#1252=CARTESIAN_POINT('Ctrl Pts',(4.40843720816054,6.37726044704725,16.789812252163));
#1253=CARTESIAN_POINT('Ctrl Pts',(4.61774262455842,6.23029826021267,16.9627207212915));
#1254=CARTESIAN_POINT('Ctrl Pts',(5.05330686690626,5.88253797799516,17.1928585092973));
#1255=CARTESIAN_POINT('Ctrl Pts',(5.27908052279896,5.68107458559263,17.25));
#1256=CARTESIAN_POINT('Ctrl Pts',(5.68107458559535,5.27908052279604,17.25));
#1257=CARTESIAN_POINT('Ctrl Pts',(5.88253797799776,5.05330686690323,17.1928585092973));
#1258=CARTESIAN_POINT('Ctrl Pts',(6.23029826021507,4.61774262455518,16.9627207212915));
#1259=CARTESIAN_POINT('Ctrl Pts',(6.37726044704955,4.4084372081572,16.789812252163));
#1260=CARTESIAN_POINT('Ctrl Pts',(6.59948740093805,4.06823756987552,16.3921165949198));
#1261=CARTESIAN_POINT('Ctrl Pts',(6.68995734325071,3.91423467736214,16.1402184620459));
#1262=CARTESIAN_POINT('Ctrl Pts',(6.8073877003497,3.70624278628804,15.5864006980178));
#1263=CARTESIAN_POINT('Ctrl Pts',(6.83503449852147,3.6530539831792,15.2843265971068));
#1264=CARTESIAN_POINT('Ctrl Pts',(6.83503449852147,3.6530539831792,15.));
#1265=CARTESIAN_POINT('Ctrl Pts',(6.83503449852147,3.6530539831792,15.));
#1266=CARTESIAN_POINT('Ctrl Pts',(6.83503449852147,3.6530539831792,14.7156734028932));
#1267=CARTESIAN_POINT('Ctrl Pts',(6.8073877003497,3.70624278628804,14.4135993019822));
#1268=CARTESIAN_POINT('Ctrl Pts',(6.68995734325071,3.91423467736214,13.8597815379541));
#1269=CARTESIAN_POINT('Ctrl Pts',(6.59948740093805,4.06823756987552,13.6078834050802));
#1270=CARTESIAN_POINT('Ctrl Pts',(6.37726044704955,4.4084372081572,13.210187747837));
#1271=CARTESIAN_POINT('Ctrl Pts',(6.23029826021507,4.61774262455518,13.0372792787085));
#1272=CARTESIAN_POINT('Ctrl Pts',(5.88253797799776,5.05330686690323,12.8071414907027));
#1273=CARTESIAN_POINT('Ctrl Pts',(5.68107458559535,5.27908052279604,12.75));
#1274=CARTESIAN_POINT('Ctrl Pts',(5.27908052279896,5.68107458559263,12.75));
#1275=CARTESIAN_POINT('Ctrl Pts',(5.05330686690626,5.88253797799516,12.8071414907027));
#1276=CARTESIAN_POINT('Ctrl Pts',(4.61774262455842,6.23029826021267,13.0372792787085));
#1277=CARTESIAN_POINT('Ctrl Pts',(4.40843720816054,6.37726044704725,13.210187747837));
#1278=CARTESIAN_POINT('Ctrl Pts',(4.06823756987899,6.59948740093591,13.6078834050802));
#1279=CARTESIAN_POINT('Ctrl Pts',(3.91423467736568,6.68995734324864,13.8597815379541));
#1280=CARTESIAN_POINT('Ctrl Pts',(3.70624278629167,6.80738770034773,14.4135993019822));
#1281=CARTESIAN_POINT('Ctrl Pts',(3.65305398318285,6.83503449851951,14.7156734028932));
#1282=CARTESIAN_POINT('Ctrl Pts',(3.65305398318285,6.83503449851951,15.));
#1283=CARTESIAN_POINT('',(-9.545941546017,-12.7279220613593,15.));
#1284=CARTESIAN_POINT('Ctrl Pts',(-14.2759059905807,44.1682827858799,13.5058775264593));
#1285=CARTESIAN_POINT('Ctrl Pts',(-14.19643230655,43.8695987236854,13.5058775264593));
#1286=CARTESIAN_POINT('Ctrl Pts',(-13.908649566938,43.2644128276367,13.4783095439386));
#1287=CARTESIAN_POINT('Ctrl Pts',(-13.4060175944582,42.8297008572417,13.4093640148508));
#1288=CARTESIAN_POINT('Ctrl Pts',(-12.8129700504613,42.4816529150926,13.337279177323));
#1289=CARTESIAN_POINT('Ctrl Pts',(-12.1973092858438,42.2987104184072,13.2728582049847));
#1290=CARTESIAN_POINT('Ctrl Pts',(-11.3960685226917,42.3794619472655,13.2458012116887));
#1291=CARTESIAN_POINT('Ctrl Pts',(-10.7496760732109,42.5967517142613,13.255295298774));
#1292=CARTESIAN_POINT('Ctrl Pts',(-10.0659825379436,43.1080405942532,13.3194665155197));
#1293=CARTESIAN_POINT('Ctrl Pts',(-9.66006343727208,43.7714913416416,13.4059710357164));
#1294=CARTESIAN_POINT('Ctrl Pts',(-9.52591921733471,44.2640355564182,13.4529881972425));
#1295=CARTESIAN_POINT('Ctrl Pts',(-9.46758492886896,44.7107054267576,13.4865553072771));
#1296=CARTESIAN_POINT('Ctrl Pts',(-9.48001039917373,45.2028918954236,13.5108804875126));
#1297=CARTESIAN_POINT('Ctrl Pts',(-9.69331149802743,45.8754742100264,13.5036528235143));
#1298=CARTESIAN_POINT('Ctrl Pts',(-10.043500369392,46.3958661512933,13.4613011040339));
#1299=CARTESIAN_POINT('Ctrl Pts',(-10.4029370816428,46.7243339183589,13.4141633743466));
#1300=CARTESIAN_POINT('Ctrl Pts',(-10.7852235542026,46.9862343520392,13.3657983110527));
#1301=CARTESIAN_POINT('Ctrl Pts',(-11.3422281810801,47.2141183004938,13.3032156310331));
#1302=CARTESIAN_POINT('Ctrl Pts',(-12.3383132947331,47.2960944318494,13.2346021977147));
#1303=CARTESIAN_POINT('Ctrl Pts',(-13.0119473632474,47.0406072906918,13.2508248218383));
#1304=CARTESIAN_POINT('Ctrl Pts',(-13.668184674332,46.5439998800579,13.311541563991));
#1305=CARTESIAN_POINT('Ctrl Pts',(-13.8811685687447,46.292302366916,13.3454592851524));
#1306=CARTESIAN_POINT('Ctrl Pts',(-14.1870943304594,45.762141687973,13.4096527563287));
#1307=CARTESIAN_POINT('Ctrl Pts',(-14.2965913050605,45.4486597808757,13.443798265041));
#1308=CARTESIAN_POINT('Ctrl Pts',(-14.381052035013,44.8010170274767,13.4924245246762));
#1309=CARTESIAN_POINT('Ctrl Pts',(-14.3553796746115,44.4669668480743,13.5058775264593));
#1310=CARTESIAN_POINT('Ctrl Pts',(-14.2759059905807,44.1682827858799,13.5058775264593));
#1311=CARTESIAN_POINT('Ctrl Pts',(-14.0540324407073,44.2273187728283,13.6976016714321));
#1312=CARTESIAN_POINT('Ctrl Pts',(-13.9811747566118,43.953001015262,13.6975295972739));
#1313=CARTESIAN_POINT('Ctrl Pts',(-13.7139436285273,43.3980873612916,13.6742032943994));
#1314=CARTESIAN_POINT('Ctrl Pts',(-13.251943255258,43.0063934508114,13.6160694244576));
#1315=CARTESIAN_POINT('Ctrl Pts',(-12.7117528149156,42.6958938347733,13.5557111752006));
#1316=CARTESIAN_POINT('Ctrl Pts',(-12.157536177444,42.5366173377012,13.5021425564746));
#1317=CARTESIAN_POINT('Ctrl Pts',(-11.4444832443412,42.6105535928731,13.4798643598046));
#1318=CARTESIAN_POINT('Ctrl Pts',(-10.8691509014372,42.8031753913743,13.4876829703422));
#1319=CARTESIAN_POINT('Ctrl Pts',(-10.2549009024161,43.2565344762256,13.5408420013212));
#1320=CARTESIAN_POINT('Ctrl Pts',(-9.88116269615814,43.8530341321827,13.6132436808037));
#1321=CARTESIAN_POINT('Ctrl Pts',(-9.75519000761368,44.3017977458755,13.6529334437775));
#1322=CARTESIAN_POINT('Ctrl Pts',(-9.69883662766562,44.7098376383036,13.6812266755985));
#1323=CARTESIAN_POINT('Ctrl Pts',(-9.70815108020585,45.161736218026,13.7018704256962));
#1324=CARTESIAN_POINT('Ctrl Pts',(-9.90476879583087,45.7797191676721,13.6957230444368));
#1325=CARTESIAN_POINT('Ctrl Pts',(-10.2289192996994,46.2544874257008,13.6598731567688));
#1326=CARTESIAN_POINT('Ctrl Pts',(-10.5589455956677,46.5509602457393,13.6202144331207));
#1327=CARTESIAN_POINT('Ctrl Pts',(-10.9081892638736,46.7856452228989,13.5796006748406));
#1328=CARTESIAN_POINT('Ctrl Pts',(-11.4122609047253,46.9866287567411,13.5273835969904));
#1329=CARTESIAN_POINT('Ctrl Pts',(-12.3025539777973,47.0548627171841,13.4705613057474));
#1330=CARTESIAN_POINT('Ctrl Pts',(-12.9006694885249,46.8291057509033,13.4840027909641));
#1331=CARTESIAN_POINT('Ctrl Pts',(-13.490227218455,46.3881118674205,13.5342890605191));
#1332=CARTESIAN_POINT('Ctrl Pts',(-13.6844246903577,46.1630896319128,13.5626220654301));
#1333=CARTESIAN_POINT('Ctrl Pts',(-13.9653618732667,45.685428940421,13.6163340066791));
#1334=CARTESIAN_POINT('Ctrl Pts',(-14.0681003628073,45.4006968233167,13.6451159563057));
#1335=CARTESIAN_POINT('Ctrl Pts',(-14.1493267697702,44.8086546237632,13.6861773728097));
#1336=CARTESIAN_POINT('Ctrl Pts',(-14.1270086235615,44.5016283486147,13.6975513346629));
#1337=CARTESIAN_POINT('Ctrl Pts',(-14.0540324407073,44.2273187728283,13.6976016714321));
#1338=CARTESIAN_POINT('Ctrl Pts',(-13.8321588908338,44.2863547597768,13.8893258164049));
#1339=CARTESIAN_POINT('Ctrl Pts',(-13.7655416360748,44.0364871619082,13.8893978905631));
#1340=CARTESIAN_POINT('Ctrl Pts',(-13.5194924094673,43.5317155121217,13.8700691777979));
#1341=CARTESIAN_POINT('Ctrl Pts',(-13.0975690519656,43.1832405676623,13.8229086567683));
#1342=CARTESIAN_POINT('Ctrl Pts',(-12.6110307193334,42.9101163853027,13.7742241273887));
#1343=CARTESIAN_POINT('Ctrl Pts',(-12.118378580062,42.7747309939777,13.7315832652692));
#1344=CARTESIAN_POINT('Ctrl Pts',(-11.4924928033033,42.8417116261397,13.7139447621817));
#1345=CARTESIAN_POINT('Ctrl Pts',(-10.9877514604773,43.0098355750794,13.720095325629));
#1346=CARTESIAN_POINT('Ctrl Pts',(-10.4435240917262,43.4050258417731,13.7622503786833));
#1347=CARTESIAN_POINT('Ctrl Pts',(-10.1021879366179,43.9343968683704,13.8204772955676));
#1348=CARTESIAN_POINT('Ctrl Pts',(-9.98389238860012,44.3388455969197,13.8527240180989));
#1349=CARTESIAN_POINT('Ctrl Pts',(-9.93024494467647,44.709029076765,13.8759105513715));
#1350=CARTESIAN_POINT('Ctrl Pts',(-9.93609791061354,45.120278511364,13.8927790248467));
#1351=CARTESIAN_POINT('Ctrl Pts',(-10.1162882732397,45.6839099670986,13.8877559881422));
#1352=CARTESIAN_POINT('Ctrl Pts',(-10.4142525631558,46.1131026445274,13.8584416936186));
#1353=CARTESIAN_POINT('Ctrl Pts',(-10.7152482653696,46.3777523887952,13.8261812586291));
#1354=CARTESIAN_POINT('Ctrl Pts',(-11.0311203001315,46.5851763765769,13.7934065053078));
#1355=CARTESIAN_POINT('Ctrl Pts',(-11.4823221124363,46.7592373066122,13.7515391656522));
#1356=CARTESIAN_POINT('Ctrl Pts',(-12.2667802927512,46.8133305176681,13.7066135868725));
#1357=CARTESIAN_POINT('Ctrl Pts',(-12.788642877843,46.6176640867254,13.7170972109527));
#1358=CARTESIAN_POINT('Ctrl Pts',(-13.3131351882211,46.2318089314356,13.7571708628393));
#1359=CARTESIAN_POINT('Ctrl Pts',(-13.4871325226984,46.0339877887532,13.7797170473911));
#1360=CARTESIAN_POINT('Ctrl Pts',(-13.7440009711666,45.6084586673467,13.8231124636649));
#1361=CARTESIAN_POINT('Ctrl Pts',(-13.8395368840557,45.3526939513079,13.8464351852062));
#1362=CARTESIAN_POINT('Ctrl Pts',(-13.9176289023519,44.8162529267139,13.8799680050652));
#1363=CARTESIAN_POINT('Ctrl Pts',(-13.8986576468341,44.5362305394253,13.8893761531742));
#1364=CARTESIAN_POINT('Ctrl Pts',(-13.8321588908338,44.2863547597768,13.8893258164049));
#1365=CARTESIAN_POINT('Ctrl Pts',(-13.6102853409604,44.3453907467252,14.0810499613777));
#1366=CARTESIAN_POINT('Ctrl Pts',(-13.5502840861366,44.1198894534847,14.0810499613777));
#1367=CARTESIAN_POINT('Ctrl Pts',(-13.3247864710566,43.6653900457766,14.0659629282587));
#1368=CARTESIAN_POINT('Ctrl Pts',(-12.9434947127654,43.359933161232,14.0296140663751));
#1369=CARTESIAN_POINT('Ctrl Pts',(-12.5098134837878,43.1243573049833,13.9926561252662));
#1370=CARTESIAN_POINT('Ctrl Pts',(-12.0786054716621,43.0126379132716,13.9608676167592));
#1371=CARTESIAN_POINT('Ctrl Pts',(-11.5409075249528,43.0728032717473,13.9480079102976));
#1372=CARTESIAN_POINT('Ctrl Pts',(-11.1072262887036,43.2162592521924,13.9524829971972));
#1373=CARTESIAN_POINT('Ctrl Pts',(-10.6324424561987,43.5535197237455,13.9836258644848));
#1374=CARTESIAN_POINT('Ctrl Pts',(-10.3232871955039,44.0159396589114,14.0277499406548));
#1375=CARTESIAN_POINT('Ctrl Pts',(-10.2131631788791,44.3766077863771,14.0526692646339));
#1376=CARTESIAN_POINT('Ctrl Pts',(-10.1614966434731,44.708161288311,14.0705819196929));
#1377=CARTESIAN_POINT('Ctrl Pts',(-10.1642385916457,45.0791228339664,14.0837689630303));
#1378=CARTESIAN_POINT('Ctrl Pts',(-10.3277455710432,45.5881549247443,14.0798262090647));
#1379=CARTESIAN_POINT('Ctrl Pts',(-10.5996714934633,45.9717239189348,14.0570137463535));
#1380=CARTESIAN_POINT('Ctrl Pts',(-10.8712567793945,46.2043787161756,14.0322323174032));
#1381=CARTESIAN_POINT('Ctrl Pts',(-11.1540860098026,46.3845872474365,14.0072088690957));
#1382=CARTESIAN_POINT('Ctrl Pts',(-11.5523548360815,46.5317477628595,13.9757071316094));
#1383=CARTESIAN_POINT('Ctrl Pts',(-12.2310209758155,46.5720988030028,13.9425726949052));
#1384=CARTESIAN_POINT('Ctrl Pts',(-12.6773650031205,46.4061625469369,13.9502751800785));
#1385=CARTESIAN_POINT('Ctrl Pts',(-13.1351777323441,46.0759209187982,13.9799183593674));
#1386=CARTESIAN_POINT('Ctrl Pts',(-13.2903886443114,45.90477505375,13.9968798276688));
#1387=CARTESIAN_POINT('Ctrl Pts',(-13.5222685139738,45.5317459197946,14.0297937140153));
#1388=CARTESIAN_POINT('Ctrl Pts',(-13.6110459418025,45.3047309937489,14.0477528764709));
#1389=CARTESIAN_POINT('Ctrl Pts',(-13.685903637109,44.8238905230004,14.0737208531987));
#1390=CARTESIAN_POINT('Ctrl Pts',(-13.6702865957841,44.5708920399657,14.0810499613777));
#1391=CARTESIAN_POINT('Ctrl Pts',(-13.6102853409604,44.3453907467252,14.0810499613777));
#1392=CARTESIAN_POINT('',(-14.2759059905807,44.1682827858799,13.5058775264593));
#1393=CARTESIAN_POINT('',(-13.6102853409604,44.3453907467252,14.0810499613777));
#1394=CARTESIAN_POINT('',(-14.2759059905807,44.1682827858799,13.5058775264593));
#1395=CARTESIAN_POINT('',(-13.6686761464051,44.7954085999246,14.0727031795648));
#1396=CARTESIAN_POINT('Ctrl Pts',(-13.6102853409604,44.3453907467252,14.0810499613777));
#1397=CARTESIAN_POINT('Ctrl Pts',(-13.5502840861366,44.1198894534847,14.0810499613777));
#1398=CARTESIAN_POINT('Ctrl Pts',(-13.3247864710566,43.6653900457766,14.0659629282587));
#1399=CARTESIAN_POINT('Ctrl Pts',(-12.9434947127654,43.359933161232,14.0296140663751));
#1400=CARTESIAN_POINT('Ctrl Pts',(-12.5098134837878,43.1243573049833,13.9926561252662));
#1401=CARTESIAN_POINT('Ctrl Pts',(-12.0786054716621,43.0126379132716,13.9608676167592));
#1402=CARTESIAN_POINT('Ctrl Pts',(-11.5409075249528,43.0728032717473,13.9480079102976));
#1403=CARTESIAN_POINT('Ctrl Pts',(-11.1072262887036,43.2162592521924,13.9524829971972));
#1404=CARTESIAN_POINT('Ctrl Pts',(-10.6324424561987,43.5535197237455,13.9836258644848));
#1405=CARTESIAN_POINT('Ctrl Pts',(-10.3232871955039,44.0159396589114,14.0277499406548));
#1406=CARTESIAN_POINT('Ctrl Pts',(-10.2131631788791,44.3766077863771,14.0526692646339));
#1407=CARTESIAN_POINT('Ctrl Pts',(-10.1614966434731,44.708161288311,14.0705819196929));
#1408=CARTESIAN_POINT('Ctrl Pts',(-10.1642385916457,45.0791228339664,14.0837689630303));
#1409=CARTESIAN_POINT('Ctrl Pts',(-10.3277455710432,45.5881549247443,14.0798262090647));
#1410=CARTESIAN_POINT('Ctrl Pts',(-10.5996714934633,45.9717239189348,14.0570137463535));
#1411=CARTESIAN_POINT('Ctrl Pts',(-10.8712567793945,46.2043787161756,14.0322323174032));
#1412=CARTESIAN_POINT('Ctrl Pts',(-11.1540860098026,46.3845872474365,14.0072088690957));
#1413=CARTESIAN_POINT('Ctrl Pts',(-11.5523548360815,46.5317477628595,13.9757071316094));
#1414=CARTESIAN_POINT('Ctrl Pts',(-12.2310209758155,46.5720988030028,13.9425726949052));
#1415=CARTESIAN_POINT('Ctrl Pts',(-12.6773650031205,46.4061625469369,13.9502751800785));
#1416=CARTESIAN_POINT('Ctrl Pts',(-13.1351777323441,46.0759209187982,13.9799183593674));
#1417=CARTESIAN_POINT('Ctrl Pts',(-13.2903886443114,45.90477505375,13.9968798276688));
#1418=CARTESIAN_POINT('Ctrl Pts',(-13.5222685139738,45.5317459197946,14.0297937140153));
#1419=CARTESIAN_POINT('Ctrl Pts',(-13.6110459418025,45.3047309937489,14.0477528764709));
#1420=CARTESIAN_POINT('Ctrl Pts',(-13.6622672613395,44.9757162772567,14.0655214442615));
#1421=CARTESIAN_POINT('Ctrl Pts',(-13.6688565736848,44.8854137820711,14.0695381412957));
#1422=CARTESIAN_POINT('Ctrl Pts',(-13.6686761464051,44.7954085999246,14.0727031795648));
#1423=CARTESIAN_POINT('Ctrl Pts',(-13.6686761464051,44.7954085999246,14.0727031795648));
#1424=CARTESIAN_POINT('Ctrl Pts',(-13.668366945341,44.6411653051513,14.0781271553745));
#1425=CARTESIAN_POINT('Ctrl Pts',(-13.6481762271238,44.4877951657157,14.0810499613778));
#1426=CARTESIAN_POINT('Ctrl Pts',(-13.6102853409604,44.3453907467252,14.0810499613777));
#1427=CARTESIAN_POINT('Ctrl Pts',(-14.2759059905807,44.1682827858799,13.5058775264593));
#1428=CARTESIAN_POINT('Ctrl Pts',(-14.3553796746115,44.4669668480743,13.5058775264593));
#1429=CARTESIAN_POINT('Ctrl Pts',(-14.381052035013,44.8010170274767,13.4924245246762));
#1430=CARTESIAN_POINT('Ctrl Pts',(-14.2965913050605,45.4486597808757,13.443798265041));
#1431=CARTESIAN_POINT('Ctrl Pts',(-14.1870943304594,45.762141687973,13.4096527563287));
#1432=CARTESIAN_POINT('Ctrl Pts',(-13.8811685687447,46.292302366916,13.3454592851524));
#1433=CARTESIAN_POINT('Ctrl Pts',(-13.668184674332,46.5439998800579,13.311541563991));
#1434=CARTESIAN_POINT('Ctrl Pts',(-13.0119473632474,47.0406072906918,13.2508248218383));
#1435=CARTESIAN_POINT('Ctrl Pts',(-12.3383132947331,47.2960944318494,13.2346021977147));
#1436=CARTESIAN_POINT('Ctrl Pts',(-11.3422281810801,47.2141183004938,13.3032156310331));
#1437=CARTESIAN_POINT('Ctrl Pts',(-10.7852235542026,46.9862343520392,13.3657983110527));
#1438=CARTESIAN_POINT('Ctrl Pts',(-10.4029370816428,46.7243339183589,13.4141633743466));
#1439=CARTESIAN_POINT('Ctrl Pts',(-10.043500369392,46.3958661512933,13.4613011040339));
#1440=CARTESIAN_POINT('Ctrl Pts',(-9.69331149802743,45.8754742100264,13.5036528235143));
#1441=CARTESIAN_POINT('Ctrl Pts',(-9.48001039917373,45.2028918954236,13.5108804875126));
#1442=CARTESIAN_POINT('Ctrl Pts',(-9.46758492886896,44.7107054267576,13.4865553072771));
#1443=CARTESIAN_POINT('Ctrl Pts',(-9.52591921733471,44.2640355564182,13.4529881972425));
#1444=CARTESIAN_POINT('Ctrl Pts',(-9.66006343727208,43.7714913416416,13.4059710357164));
#1445=CARTESIAN_POINT('Ctrl Pts',(-10.0659825379436,43.1080405942532,13.3194665155197));
#1446=CARTESIAN_POINT('Ctrl Pts',(-10.7496760732109,42.5967517142613,13.255295298774));
#1447=CARTESIAN_POINT('Ctrl Pts',(-11.3960685226917,42.3794619472655,13.2458012116887));
#1448=CARTESIAN_POINT('Ctrl Pts',(-12.1973092858438,42.2987104184072,13.2728582049847));
#1449=CARTESIAN_POINT('Ctrl Pts',(-12.8129700504613,42.4816529150926,13.337279177323));
#1450=CARTESIAN_POINT('Ctrl Pts',(-13.4060175944582,42.8297008572417,13.4093640148508));
#1451=CARTESIAN_POINT('Ctrl Pts',(-13.908649566938,43.2644128276367,13.4783095439386));
#1452=CARTESIAN_POINT('Ctrl Pts',(-14.19643230655,43.8695987236854,13.5058775264593));
#1453=CARTESIAN_POINT('Ctrl Pts',(-14.2759059905807,44.1682827858799,13.5058775264593));
#1454=CARTESIAN_POINT('Origin',(-4.04984149218646,15.2204232493109,25.));
#1455=CARTESIAN_POINT('',(-25.6900721503999,50.8541561025964,25.));
#1456=CARTESIAN_POINT('Origin',(-14.3351532183743,53.8754664221641,25.));
#1457=CARTESIAN_POINT('',(-16.025968085495,14.5337829529237,25.));
#1458=CARTESIAN_POINT('',(-15.4047604242121,12.1991129297433,25.));
#1459=CARTESIAN_POINT('',(3.14214339507422,28.112050574693,30.7176758541231));
#1460=CARTESIAN_POINT('Ctrl Pts',(3.1421433950857,28.1120505746712,30.7176758541132));
#1461=CARTESIAN_POINT('Ctrl Pts',(1.75917061328724,30.7284967257981,31.9092215003036));
#1462=CARTESIAN_POINT('Ctrl Pts',(-0.628859113568473,34.692706808886,33.5117087497932));
#1463=CARTESIAN_POINT('Ctrl Pts',(-4.15847765198884,38.8407693739435,35.2025337735757));
#1464=CARTESIAN_POINT('Ctrl Pts',(-6.58975568732066,40.8374496779031,36.0570977430502));
#1465=CARTESIAN_POINT('Ctrl Pts',(-8.68198631115803,41.8089840234229,36.547344365701));
#1466=CARTESIAN_POINT('Ctrl Pts',(-10.3894354904979,42.0280319952159,36.7619063477335));
#1467=CARTESIAN_POINT('Ctrl Pts',(-12.4751836444724,41.4503607469157,36.7549083056998));
#1468=CARTESIAN_POINT('Ctrl Pts',(-14.1468465982951,39.5851593269537,36.3016831578858));
#1469=CARTESIAN_POINT('Ctrl Pts',(-15.9189913974765,35.3542170022692,35.0874143531299));
#1470=CARTESIAN_POINT('Ctrl Pts',(-16.9014909316918,28.7904621163217,32.993419175229));
#1471=CARTESIAN_POINT('Ctrl Pts',(-16.6921380368516,21.0212298207215,30.1287278993779));
#1472=CARTESIAN_POINT('Ctrl Pts',(-16.1931635881132,15.8330526627525,27.3987834797313));
#1473=CARTESIAN_POINT('Ctrl Pts',(-16.025968085495,14.5337829529237,25.8070072994132));
#1474=CARTESIAN_POINT('Ctrl Pts',(-16.025968085495,14.5337829529237,25.));
#1475=CARTESIAN_POINT('',(3.14214339507425,28.1120505746929,19.2823241458769));
#1476=CARTESIAN_POINT('Origin',(2.77555756156289E-15,4.44089209850063E-15,
25.));
#1477=CARTESIAN_POINT('Ctrl Pts',(-16.025968085495,14.5337829529237,25.));
#1478=CARTESIAN_POINT('Ctrl Pts',(-16.025968085495,14.5337829529237,24.5965136384641));
#1479=CARTESIAN_POINT('Ctrl Pts',(-16.0648397231331,14.8444699830588,23.7903004671395));
#1480=CARTESIAN_POINT('Ctrl Pts',(-16.2080577311824,16.0744916530884,22.6445765649507));
#1481=CARTESIAN_POINT('Ctrl Pts',(-16.3812895493006,17.7832297875758,21.5778232305845));
#1482=CARTESIAN_POINT('Ctrl Pts',(-16.6000019288644,20.4430586014944,20.2474546611273));
#1483=CARTESIAN_POINT('Ctrl Pts',(-16.7778922881427,24.1462852628773,18.7280364166914));
#1484=CARTESIAN_POINT('Ctrl Pts',(-16.7023221586556,29.1792014643893,16.9135844281922));
#1485=CARTESIAN_POINT('Ctrl Pts',(-16.2007752816607,33.475190970968,15.5119418075471));
#1486=CARTESIAN_POINT('Ctrl Pts',(-15.3278550651777,36.7694711093208,14.506791552006));
#1487=CARTESIAN_POINT('Ctrl Pts',(-14.4409152503787,38.8794100255781,13.9007083918293));
#1488=CARTESIAN_POINT('Ctrl Pts',(-13.3123127214767,40.5210329176467,13.4705675575922));
#1489=CARTESIAN_POINT('Ctrl Pts',(-12.064505494391,41.5045887502408,13.2628088551206));
#1490=CARTESIAN_POINT('Ctrl Pts',(-10.7836813055342,41.9332947870054,13.2347595725583));
#1491=CARTESIAN_POINT('Ctrl Pts',(-9.12634614428289,41.9588948372549,13.3672171466522));
#1492=CARTESIAN_POINT('Ctrl Pts',(-6.89281617115518,41.0870654667518,13.8356557342756));
#1493=CARTESIAN_POINT('Ctrl Pts',(-4.15774262208336,38.8402815707323,14.7986632213326));
#1494=CARTESIAN_POINT('Ctrl Pts',(-1.51033071312104,35.7276657247256,16.0645433194834));
#1495=CARTESIAN_POINT('Ctrl Pts',(0.961843844874663,32.0546924792317,17.561072846623));
#1496=CARTESIAN_POINT('Ctrl Pts',(2.45076089072179,29.4200771073026,18.6866408296499));
#1497=CARTESIAN_POINT('Ctrl Pts',(3.14214339508601,28.1120505746706,19.2823241458871));
#1498=CARTESIAN_POINT('',(-11.2891518589191,42.4277517404087,36.75));
#1499=CARTESIAN_POINT('Ctrl Pts',(-11.2891518589191,42.4277517404087,36.75));
#1500=CARTESIAN_POINT('Ctrl Pts',(-10.9913942246593,42.5069789210257,36.75));
#1501=CARTESIAN_POINT('Ctrl Pts',(-10.389275393742,42.795985047824,36.7226254948852));
#1502=CARTESIAN_POINT('Ctrl Pts',(-9.95658559344797,43.2990967585619,36.6542161462282));
#1503=CARTESIAN_POINT('Ctrl Pts',(-9.65122040610434,43.8288176853859,36.5903084476141));
#1504=CARTESIAN_POINT('Ctrl Pts',(-9.43298583746684,44.4561125938497,36.5216132405146));
#1505=CARTESIAN_POINT('Ctrl Pts',(-9.48240075856536,45.1237311710706,36.4937105665948));
#1506=CARTESIAN_POINT('Ctrl Pts',(-9.64100829872039,45.7212943811251,36.4936846948596));
#1507=CARTESIAN_POINT('Ctrl Pts',(-9.78495849100521,46.0236184585325,36.5072179997729));
#1508=CARTESIAN_POINT('Ctrl Pts',(-10.1800486279476,46.5435187002525,36.5558677195838));
#1509=CARTESIAN_POINT('Ctrl Pts',(-10.4311376867863,46.7608285072557,36.5900908432045));
#1510=CARTESIAN_POINT('Ctrl Pts',(-10.9593971439838,47.0689629967187,36.654188373522));
#1511=CARTESIAN_POINT('Ctrl Pts',(-11.5847621686485,47.2911799869306,36.7227856304082));
#1512=CARTESIAN_POINT('Ctrl Pts',(-12.2508560997649,47.2421432963964,36.7501958427414));
#1513=CARTESIAN_POINT('Ctrl Pts',(-12.8465149113568,47.083340144676,36.7500685731777));
#1514=CARTESIAN_POINT('Ctrl Pts',(-13.1477678499613,46.9392710874194,36.7368134465077));
#1515=CARTESIAN_POINT('Ctrl Pts',(-13.6650089498249,46.5428269893453,36.6885315767122));
#1516=CARTESIAN_POINT('Ctrl Pts',(-13.8809850265219,46.2907800481046,36.6545197235792));
#1517=CARTESIAN_POINT('Ctrl Pts',(-14.1476618089579,45.8268079846459,36.5984285407693));
#1518=CARTESIAN_POINT('Ctrl Pts',(-14.30639126686,45.4299762802542,36.5541096896334));
#1519=CARTESIAN_POINT('Ctrl Pts',(-14.3646999309523,44.9401296696102,36.5175678208018));
#1520=CARTESIAN_POINT('Ctrl Pts',(-14.347739453254,44.4497511769054,36.4948930749046));
#1521=CARTESIAN_POINT('Ctrl Pts',(-14.2388702988321,43.9392159061253,36.4890841696273));
#1522=CARTESIAN_POINT('Ctrl Pts',(-13.8844801218354,43.2815746936504,36.526271974512));
#1523=CARTESIAN_POINT('Ctrl Pts',(-13.3501055525177,42.7701095233525,36.5977213243673));
#1524=CARTESIAN_POINT('Ctrl Pts',(-12.7359655226853,42.4506763433103,36.6722618795045));
#1525=CARTESIAN_POINT('Ctrl Pts',(-11.997233836718,42.3075783702501,36.7356900847043));
#1526=CARTESIAN_POINT('Ctrl Pts',(-11.5124726068932,42.3683306838193,36.75));
#1527=CARTESIAN_POINT('Ctrl Pts',(-11.2891518589191,42.4277517404087,36.75));
#1528=CARTESIAN_POINT('Origin',(-11.9191272021481,44.795373134746,36.75));
#1529=CARTESIAN_POINT('',(-13.6102853409604,44.3453907467252,17.4501655647292));
#1530=CARTESIAN_POINT('',(-13.6691272021481,44.7953731347467,17.4367676123545));
#1531=CARTESIAN_POINT('Ctrl Pts',(-13.6102853409604,44.3453907467252,17.4501655647293));
#1532=CARTESIAN_POINT('Ctrl Pts',(-13.6480758729361,44.4874180069518,17.4501655647293));
#1533=CARTESIAN_POINT('Ctrl Pts',(-13.6691272021482,44.6405836705057,17.4456673179398));
#1534=CARTESIAN_POINT('Ctrl Pts',(-13.6691272021481,44.7953731347474,17.4367676123545));
#1535=CARTESIAN_POINT('Ctrl Pts',(-13.6691272021481,44.7953731347474,17.4367676123545));
#1536=CARTESIAN_POINT('Ctrl Pts',(-13.669127202148,44.872885390541,17.4323110024735));
#1537=CARTESIAN_POINT('Ctrl Pts',(-13.663947809913,44.9508072823986,17.4267904230846));
#1538=CARTESIAN_POINT('Ctrl Pts',(-13.6225993123856,45.2591635845714,17.4013609478501));
#1539=CARTESIAN_POINT('Ctrl Pts',(-13.5430414558025,45.4834307394983,17.3744908756211));
#1540=CARTESIAN_POINT('Ctrl Pts',(-13.3232530334838,45.8625856642178,17.3243676825687));
#1541=CARTESIAN_POINT('Ctrl Pts',(-13.1681769965722,46.0430904729687,17.297799781076));
#1542=CARTESIAN_POINT('Ctrl Pts',(-12.7977047148653,46.3267207547252,17.26036161858));
#1543=CARTESIAN_POINT('Ctrl Pts',(-12.5822387004239,46.4298220020902,17.25));
#1544=CARTESIAN_POINT('Ctrl Pts',(-12.1559804799136,46.5432405450264,17.25));
#1545=CARTESIAN_POINT('Ctrl Pts',(-11.9177678809164,46.5608538430275,17.26036161858));
#1546=CARTESIAN_POINT('Ctrl Pts',(-11.4553279688286,46.4988443602807,17.297799781076));
#1547=CARTESIAN_POINT('Ctrl Pts',(-11.2310521515619,46.4192772754042,17.3243676825687));
#1548=CARTESIAN_POINT('Ctrl Pts',(-10.8518972268423,46.1994888530855,17.3744908756211));
#1549=CARTESIAN_POINT('Ctrl Pts',(-10.6714047310429,46.0444157468317,17.4013609478501));
#1550=CARTESIAN_POINT('Ctrl Pts',(-10.3877876974322,45.6739617253234,17.43949551438));
#1551=CARTESIAN_POINT('Ctrl Pts',(-10.284683553705,45.4585042470946,17.4501655647293));
#1552=CARTESIAN_POINT('Ctrl Pts',(-10.1712545729664,45.0322067984387,17.4501655647293));
#1553=CARTESIAN_POINT('Ctrl Pts',(-10.1536480306036,44.7940001674554,17.43949551438));
#1554=CARTESIAN_POINT('Ctrl Pts',(-10.2156550919105,44.3315826849205,17.4013609478501));
#1555=CARTESIAN_POINT('Ctrl Pts',(-10.2952129484937,44.1073155299936,17.3744908756211));
#1556=CARTESIAN_POINT('Ctrl Pts',(-10.5150013708123,43.7281606052741,17.3243676825687));
#1557=CARTESIAN_POINT('Ctrl Pts',(-10.6700774077239,43.5476557965232,17.297799781076));
#1558=CARTESIAN_POINT('Ctrl Pts',(-11.0405496894308,43.2640255147667,17.26036161858));
#1559=CARTESIAN_POINT('Ctrl Pts',(-11.2560157038722,43.1609242674017,17.25));
#1560=CARTESIAN_POINT('Ctrl Pts',(-11.6822739243825,43.0475057244656,17.25));
#1561=CARTESIAN_POINT('Ctrl Pts',(-11.9204865233797,43.0298924264644,17.26036161858));
#1562=CARTESIAN_POINT('Ctrl Pts',(-12.3829264354676,43.0919019092112,17.297799781076));
#1563=CARTESIAN_POINT('Ctrl Pts',(-12.6072022527343,43.1714689940877,17.3243676825687));
#1564=CARTESIAN_POINT('Ctrl Pts',(-12.9863571774539,43.3912574164064,17.3744908756211));
#1565=CARTESIAN_POINT('Ctrl Pts',(-13.1668496732532,43.5463305226602,17.4013609478501));
#1566=CARTESIAN_POINT('Ctrl Pts',(-13.450466706864,43.9167845441685,17.43949551438));
#1567=CARTESIAN_POINT('Ctrl Pts',(-13.5535708505911,44.1322420223973,17.4501655647292));
#1568=CARTESIAN_POINT('Ctrl Pts',(-13.6102853409604,44.3453907467252,17.4501655647292));
#1569=CARTESIAN_POINT('',(-13.6691272021481,44.795373134746,36.75));
#1570=CARTESIAN_POINT('Ctrl Pts',(46.3550351499209,2.43893522957089,13.5059104342293));
#1571=CARTESIAN_POINT('Ctrl Pts',(46.0459585194262,2.43893522957089,13.5059104342293));
#1572=CARTESIAN_POINT('Ctrl Pts',(45.3875819769924,2.31614601661154,13.4784023995465));
#1573=CARTESIAN_POINT('Ctrl Pts',(44.8378037668494,1.94334767250033,13.4093822066303));
#1574=CARTESIAN_POINT('Ctrl Pts',(44.431607936093,1.53880631302774,13.3494638546093));
#1575=CARTESIAN_POINT('Ctrl Pts',(44.1381495755629,1.13476583620526,13.2974936939809));
#1576=CARTESIAN_POINT('Ctrl Pts',(43.9610667879789,0.58093161119555,13.2614716399186));
#1577=CARTESIAN_POINT('Ctrl Pts',(43.8856506174592,0.0312072635991694,13.2457453491328));
#1578=CARTESIAN_POINT('Ctrl Pts',(43.9252901903114,-0.592092944126256,13.2546178468729));
#1579=CARTESIAN_POINT('Ctrl Pts',(44.2876047945193,-1.40461438497931,13.326506268607));
#1580=CARTESIAN_POINT('Ctrl Pts',(44.7618166339186,-1.88931257627733,13.4011121429847));
#1581=CARTESIAN_POINT('Ctrl Pts',(45.2416987411843,-2.18968819991262,13.4550559730266));
#1582=CARTESIAN_POINT('Ctrl Pts',(45.7835572315808,-2.40043796118707,13.4973449043839));
#1583=CARTESIAN_POINT('Ctrl Pts',(46.4714935522476,-2.48314374285449,13.5154367953124));
#1584=CARTESIAN_POINT('Ctrl Pts',(47.0272058276341,-2.36353057800158,13.4896507502701));
#1585=CARTESIAN_POINT('Ctrl Pts',(47.519344407523,-2.16286245578556,13.4503497245704));
#1586=CARTESIAN_POINT('Ctrl Pts',(47.8038354539317,-1.98865206179728,13.4181449256381));
#1587=CARTESIAN_POINT('Ctrl Pts',(48.2592913953708,-1.57872578749776,13.354031443718));
#1588=CARTESIAN_POINT('Ctrl Pts',(48.6790779084841,-0.96409432578913,13.2773688585413));
#1589=CARTESIAN_POINT('Ctrl Pts',(48.8199290124363,-0.228498791791679,13.2465024101879));
#1590=CARTESIAN_POINT('Ctrl Pts',(48.7889777741936,0.388335702322221,13.2531788568374));
#1591=CARTESIAN_POINT('Ctrl Pts',(48.7121205773151,0.71341068709672,13.2691547464263));
#1592=CARTESIAN_POINT('Ctrl Pts',(48.362370764438,1.54316797639598,13.3362517910955));
#1593=CARTESIAN_POINT('Ctrl Pts',(47.9041412294285,2.00065348530727,13.4187603328482));
#1594=CARTESIAN_POINT('Ctrl Pts',(46.992837713651,2.37905430916219,13.4925725314238));
#1595=CARTESIAN_POINT('Ctrl Pts',(46.6641117804155,2.43893522957089,13.5059104342293));
#1596=CARTESIAN_POINT('Ctrl Pts',(46.3550351499209,2.43893522957089,13.5059104342293));
#1597=CARTESIAN_POINT('Ctrl Pts',(46.3550351499209,2.20934241157656,13.6976314812777));
#1598=CARTESIAN_POINT('Ctrl Pts',(46.0712038791681,2.20937589564017,13.6975597123429));
#1599=CARTESIAN_POINT('Ctrl Pts',(45.4667016157767,2.093829906474,13.6742923158489));
#1600=CARTESIAN_POINT('Ctrl Pts',(44.9689287821273,1.74878413048852,13.6160862445489));
#1601=CARTESIAN_POINT('Ctrl Pts',(44.6043112554847,1.37952876607741,13.5659367503422));
#1602=CARTESIAN_POINT('Ctrl Pts',(44.3431795818743,1.01289613805103,13.522594503637));
#1603=CARTESIAN_POINT('Ctrl Pts',(44.1876282034048,0.5180235218024,13.4928097659566));
#1604=CARTESIAN_POINT('Ctrl Pts',(44.1212984769226,0.0275173925680103,13.4797744643305));
#1605=CARTESIAN_POINT('Ctrl Pts',(44.1559759763793,-0.526643772933988,13.4871200532075));
#1606=CARTESIAN_POINT('Ctrl Pts',(44.4752708197083,-1.25621484284076,13.5467050964174));
#1607=CARTESIAN_POINT('Ctrl Pts',(44.9001443634203,-1.69945298706105,13.6091773477518));
#1608=CARTESIAN_POINT('Ctrl Pts',(45.3355948814471,-1.97683638677506,13.6546425325273));
#1609=CARTESIAN_POINT('Ctrl Pts',(45.8300893880042,-2.17322048412039,13.6903603105132));
#1610=CARTESIAN_POINT('Ctrl Pts',(46.4621239936038,-2.25077961664994,13.7057161131424));
#1611=CARTESIAN_POINT('Ctrl Pts',(46.9720852591548,-2.13879835652743,13.6838713408488));
#1612=CARTESIAN_POINT('Ctrl Pts',(47.4207661238674,-1.95202228221047,13.6506964431212));
#1613=CARTESIAN_POINT('Ctrl Pts',(47.678978992845,-1.79104609127011,13.6235754677205));
#1614=CARTESIAN_POINT('Ctrl Pts',(48.0889472391528,-1.41512966317126,13.5697501949765));
#1615=CARTESIAN_POINT('Ctrl Pts',(48.4616192176952,-0.858752462529671,13.505919978065));
#1616=CARTESIAN_POINT('Ctrl Pts',(48.5843685297689,-0.203440733266375,13.4805085531297));
#1617=CARTESIAN_POINT('Ctrl Pts',(48.5577338699283,0.345903833149356,13.4858990201071));
#1618=CARTESIAN_POINT('Ctrl Pts',(48.4897451025378,0.636268362908022,13.499232328949));
#1619=CARTESIAN_POINT('Ctrl Pts',(48.1817463204993,1.38004251435238,13.5547036090423));
#1620=CARTESIAN_POINT('Ctrl Pts',(47.7722391382661,1.80119298758205,13.6239740109683));
#1621=CARTESIAN_POINT('Ctrl Pts',(46.9407500929215,2.15305317051298,13.6862774625614));
#1622=CARTESIAN_POINT('Ctrl Pts',(46.6388118321242,2.20939972775723,13.6976125819084));
#1623=CARTESIAN_POINT('Ctrl Pts',(46.3550351499209,2.20934241157656,13.6976314812777));
#1624=CARTESIAN_POINT('Ctrl Pts',(46.3550351499209,1.97974959358222,13.889352528326));
#1625=CARTESIAN_POINT('Ctrl Pts',(46.0964412096164,1.97971610951861,13.8894242972608));
#1626=CARTESIAN_POINT('Ctrl Pts',(45.5457738992971,1.87137328090096,13.8701422815614));
#1627=CARTESIAN_POINT('Ctrl Pts',(45.1000816927657,1.55417110745867,13.8229113279941));
#1628=CARTESIAN_POINT('Ctrl Pts',(44.7768220858874,1.21958359980497,13.7824567661171));
#1629=CARTESIAN_POINT('Ctrl Pts',(44.5484995207631,0.891091489141663,13.7478217350674));
#1630=CARTESIAN_POINT('Ctrl Pts',(44.4140185261166,0.454006404621255,13.7241681349546));
#1631=CARTESIAN_POINT('Ctrl Pts',(44.3573071037532,0.0241114164820139,13.7139359177436));
#1632=CARTESIAN_POINT('Ctrl Pts',(44.386545521517,-0.461240228489244,13.7196230922015));
#1633=CARTESIAN_POINT('Ctrl Pts',(44.6629649411078,-1.10747612515274,13.7669536586821));
#1634=CARTESIAN_POINT('Ctrl Pts',(45.0383370586445,-1.50900941996766,13.8172434753473));
#1635=CARTESIAN_POINT('Ctrl Pts',(45.4287216170086,-1.76384390651679,13.8541356593623));
#1636=CARTESIAN_POINT('Ctrl Pts',(45.8763983007585,-1.94562386421089,13.8833447599784));
#1637=CARTESIAN_POINT('Ctrl Pts',(46.4529287295758,-2.0184039890598,13.895949156074));
#1638=CARTESIAN_POINT('Ctrl Pts',(46.9169008581782,-1.91344689296514,13.8779900953025));
#1639=CARTESIAN_POINT('Ctrl Pts',(47.3233438964776,-1.74103636208056,13.8508725668582));
#1640=CARTESIAN_POINT('Ctrl Pts',(47.5547056241243,-1.59269277423087,13.8288143704973));
#1641=CARTESIAN_POINT('Ctrl Pts',(47.9191183351763,-1.25181371972719,13.7854085791299));
#1642=CARTESIAN_POINT('Ctrl Pts',(48.2443602389984,-0.753381652117933,13.7344130831847));
#1643=CARTESIAN_POINT('Ctrl Pts',(48.3495855805795,-0.178510685624219,13.7143485466054));
#1644=CARTESIAN_POINT('Ctrl Pts',(48.3261012816337,0.303143202824308,13.7187886647778));
#1645=CARTESIAN_POINT('Ctrl Pts',(48.2684035453419,0.558157492147703,13.7291478495244));
#1646=CARTESIAN_POINT('Ctrl Pts',(48.0002337414555,1.21733010996335,13.7734353054995));
#1647=CARTESIAN_POINT('Ctrl Pts',(47.6407190490699,1.60121207305202,13.8290703553174));
#1648=CARTESIAN_POINT('Ctrl Pts',(46.8882192272879,1.92730589095494,13.8801469544299));
#1649=CARTESIAN_POINT('Ctrl Pts',(46.6136836787747,1.97969227740155,13.8893714276953));
#1650=CARTESIAN_POINT('Ctrl Pts',(46.3550351499209,1.97974959358222,13.889352528326));
#1651=CARTESIAN_POINT('Ctrl Pts',(46.3550351499209,1.75015677558789,14.0810735753744));
#1652=CARTESIAN_POINT('Ctrl Pts',(46.1216865693583,1.75015677558789,14.0810735753744));
#1653=CARTESIAN_POINT('Ctrl Pts',(45.6248935380814,1.64905717076342,14.0660321978638));
#1654=CARTESIAN_POINT('Ctrl Pts',(45.2312067080437,1.35960756544686,14.0296153659127));
#1655=CARTESIAN_POINT('Ctrl Pts',(44.949525405279,1.06030605285463,13.99892966185));
#1656=CARTESIAN_POINT('Ctrl Pts',(44.7535295270745,0.769221790987431,13.9729225447236));
#1657=CARTESIAN_POINT('Ctrl Pts',(44.6405799415425,0.391098315228106,13.9555062609926));
#1658=CARTESIAN_POINT('Ctrl Pts',(44.5929549632166,0.0204215454508549,13.9479650329413));
#1659=CARTESIAN_POINT('Ctrl Pts',(44.6172313075849,-0.395791057296977,13.9521252985362));
#1660=CARTESIAN_POINT('Ctrl Pts',(44.8506309662967,-0.959076583014181,13.9871524864925));
#1661=CARTESIAN_POINT('Ctrl Pts',(45.1766647881462,-1.31914983075138,14.0253086801143));
#1662=CARTESIAN_POINT('Ctrl Pts',(45.5226177572715,-1.55099209337923,14.053722218863));
#1663=CARTESIAN_POINT('Ctrl Pts',(45.9229304571819,-1.71840638714422,14.0763601661078));
#1664=CARTESIAN_POINT('Ctrl Pts',(46.443559170932,-1.78603986285525,14.086228473904));
#1665=CARTESIAN_POINT('Ctrl Pts',(46.8617802896989,-1.68871467149099,14.0722106858812));
#1666=CARTESIAN_POINT('Ctrl Pts',(47.2247656128219,-1.53019618850547,14.051219285409));
#1667=CARTESIAN_POINT('Ctrl Pts',(47.4298491630376,-1.3950868037037,14.0342449125796));
#1668=CARTESIAN_POINT('Ctrl Pts',(47.7487741789583,-1.08821759540068,14.0011273303885));
#1669=CARTESIAN_POINT('Ctrl Pts',(48.0269015482095,-0.648039788858474,13.9629642027083));
#1670=CARTESIAN_POINT('Ctrl Pts',(48.1140250979121,-0.153452627098916,13.9483546895472));
#1671=CARTESIAN_POINT('Ctrl Pts',(48.0948573773684,0.260711333651443,13.9515088280475));
#1672=CARTESIAN_POINT('Ctrl Pts',(48.0460280705645,0.481015167959005,13.9592254320471));
#1673=CARTESIAN_POINT('Ctrl Pts',(47.8196092975168,1.05420464791975,13.9918871234463));
#1674=CARTESIAN_POINT('Ctrl Pts',(47.5088169579075,1.40175157532681,14.0342840334375));
#1675=CARTESIAN_POINT('Ctrl Pts',(46.8361316065584,1.70130475230573,14.0738518855675));
#1676=CARTESIAN_POINT('Ctrl Pts',(46.5883837304835,1.75015677558788,14.0810735753744));
#1677=CARTESIAN_POINT('Ctrl Pts',(46.3550351499209,1.75015677558789,14.0810735753744));
#1678=CARTESIAN_POINT('',(46.3550351499209,2.43893522957089,13.5059104342293));
#1679=CARTESIAN_POINT('',(46.3550351499209,1.75015677558789,14.0810735753744));
#1680=CARTESIAN_POINT('',(46.3550351499209,2.43893522957089,13.5059104342293));
#1681=CARTESIAN_POINT('',(44.6049805080071,0.000681185290609451,13.9499161135607));
#1682=CARTESIAN_POINT('Ctrl Pts',(46.3550351499209,1.75015677558789,14.0810735753744));
#1683=CARTESIAN_POINT('Ctrl Pts',(46.1216865693583,1.75015677558789,14.0810735753744));
#1684=CARTESIAN_POINT('Ctrl Pts',(45.6248935380814,1.64905717076342,14.0660321978638));
#1685=CARTESIAN_POINT('Ctrl Pts',(45.2312067080437,1.35960756544686,14.0296153659127));
#1686=CARTESIAN_POINT('Ctrl Pts',(44.949525405279,1.06030605285463,13.99892966185));
#1687=CARTESIAN_POINT('Ctrl Pts',(44.7535295270745,0.769221790987431,13.9729225447236));
#1688=CARTESIAN_POINT('Ctrl Pts',(44.6405799415425,0.391098315228106,13.9555062609926));
#1689=CARTESIAN_POINT('Ctrl Pts',(44.6099646443017,0.152812023330314,13.9506584490572));
#1690=CARTESIAN_POINT('Ctrl Pts',(44.6051520981732,0.0536110168385202,13.9499286629577));
#1691=CARTESIAN_POINT('Ctrl Pts',(44.6049805389512,0.000690738532282366,
13.9499161158217));
#1692=CARTESIAN_POINT('Ctrl Pts',(44.6049805080071,0.000681185290609485,
13.9499161135607));
#1693=CARTESIAN_POINT('Ctrl Pts',(44.6045522738481,-0.131637030375771,13.949884854906));
#1694=CARTESIAN_POINT('Ctrl Pts',(44.6394587000415,-0.449434530960754,13.9554610491438));
#1695=CARTESIAN_POINT('Ctrl Pts',(44.8506309662967,-0.959076583014181,13.9871524864925));
#1696=CARTESIAN_POINT('Ctrl Pts',(45.1766647881462,-1.31914983075138,14.0253086801143));
#1697=CARTESIAN_POINT('Ctrl Pts',(45.5226177572715,-1.55099209337923,14.053722218863));
#1698=CARTESIAN_POINT('Ctrl Pts',(45.9229304571819,-1.71840638714422,14.0763601661078));
#1699=CARTESIAN_POINT('Ctrl Pts',(46.443559170932,-1.78603986285525,14.086228473904));
#1700=CARTESIAN_POINT('Ctrl Pts',(46.8617802896989,-1.68871467149099,14.0722106858812));
#1701=CARTESIAN_POINT('Ctrl Pts',(47.2247656128219,-1.53019618850547,14.051219285409));
#1702=CARTESIAN_POINT('Ctrl Pts',(47.4298491630376,-1.3950868037037,14.0342449125796));
#1703=CARTESIAN_POINT('Ctrl Pts',(47.7487741789583,-1.08821759540068,14.0011273303885));
#1704=CARTESIAN_POINT('Ctrl Pts',(48.0269015482095,-0.648039788858474,13.9629642027083));
#1705=CARTESIAN_POINT('Ctrl Pts',(48.1140250979121,-0.153452627098916,13.9483546895472));
#1706=CARTESIAN_POINT('Ctrl Pts',(48.0948573773684,0.260711333651443,13.9515088280475));
#1707=CARTESIAN_POINT('Ctrl Pts',(48.0460280705645,0.481015167959005,13.9592254320471));
#1708=CARTESIAN_POINT('Ctrl Pts',(47.8196092975168,1.05420464791975,13.9918871234463));
#1709=CARTESIAN_POINT('Ctrl Pts',(47.5088169579075,1.40175157532681,14.0342840334375));
#1710=CARTESIAN_POINT('Ctrl Pts',(46.8361316065584,1.70130475230573,14.0738518855675));
#1711=CARTESIAN_POINT('Ctrl Pts',(46.5883837304835,1.75015677558788,14.0810735753744));
#1712=CARTESIAN_POINT('Ctrl Pts',(46.3550351499209,1.75015677558789,14.0810735753744));
#1713=CARTESIAN_POINT('Ctrl Pts',(46.3550351499209,2.43893522957089,13.5059104342293));
#1714=CARTESIAN_POINT('Ctrl Pts',(46.6641117804155,2.43893522957089,13.5059104342293));
#1715=CARTESIAN_POINT('Ctrl Pts',(46.992837713651,2.37905430916219,13.4925725314238));
#1716=CARTESIAN_POINT('Ctrl Pts',(47.9041412294285,2.00065348530727,13.4187603328482));
#1717=CARTESIAN_POINT('Ctrl Pts',(48.362370764438,1.54316797639598,13.3362517910955));
#1718=CARTESIAN_POINT('Ctrl Pts',(48.7121205773151,0.71341068709672,13.2691547464263));
#1719=CARTESIAN_POINT('Ctrl Pts',(48.7889777741936,0.388335702322221,13.2531788568374));
#1720=CARTESIAN_POINT('Ctrl Pts',(48.8199290124363,-0.228498791791679,13.2465024101879));
#1721=CARTESIAN_POINT('Ctrl Pts',(48.6790779084841,-0.96409432578913,13.2773688585413));
#1722=CARTESIAN_POINT('Ctrl Pts',(48.2592913953708,-1.57872578749776,13.354031443718));
#1723=CARTESIAN_POINT('Ctrl Pts',(47.8038354539317,-1.98865206179728,13.4181449256381));
#1724=CARTESIAN_POINT('Ctrl Pts',(47.519344407523,-2.16286245578556,13.4503497245704));
#1725=CARTESIAN_POINT('Ctrl Pts',(47.0272058276341,-2.36353057800158,13.4896507502701));
#1726=CARTESIAN_POINT('Ctrl Pts',(46.4714935522476,-2.48314374285449,13.5154367953124));
#1727=CARTESIAN_POINT('Ctrl Pts',(45.7835572315808,-2.40043796118707,13.4973449043839));
#1728=CARTESIAN_POINT('Ctrl Pts',(45.2416987411843,-2.18968819991262,13.4550559730266));
#1729=CARTESIAN_POINT('Ctrl Pts',(44.7618166339186,-1.88931257627733,13.4011121429847));
#1730=CARTESIAN_POINT('Ctrl Pts',(44.2876047945193,-1.40461438497931,13.326506268607));
#1731=CARTESIAN_POINT('Ctrl Pts',(43.9252901903114,-0.592092944126256,13.2546178468729));
#1732=CARTESIAN_POINT('Ctrl Pts',(43.8856506174592,0.0312072635991694,13.2457453491328));
#1733=CARTESIAN_POINT('Ctrl Pts',(43.9610667879789,0.58093161119555,13.2614716399186));
#1734=CARTESIAN_POINT('Ctrl Pts',(44.1381495755629,1.13476583620526,13.2974936939809));
#1735=CARTESIAN_POINT('Ctrl Pts',(44.431607936093,1.53880631302774,13.3494638546093));
#1736=CARTESIAN_POINT('Ctrl Pts',(44.8378037668494,1.94334767250033,13.4093822066303));
#1737=CARTESIAN_POINT('Ctrl Pts',(45.3875819769924,2.31614601661154,13.4784023995465));
#1738=CARTESIAN_POINT('Ctrl Pts',(46.0459585194262,2.43893522957089,13.5059104342293));
#1739=CARTESIAN_POINT('Ctrl Pts',(46.3550351499209,2.43893522957089,13.5059104342293));
#1740=CARTESIAN_POINT('Origin',(15.75,-2.89322806298562E-15,25.));
#1741=CARTESIAN_POINT('',(55.75,-11.75,25.));
#1742=CARTESIAN_POINT('Origin',(55.75,-2.89322806298562E-15,25.));
#1743=CARTESIAN_POINT('',(18.1647921023447,-11.7500828967911,25.0000374339763));
#1744=CARTESIAN_POINT('',(15.75,-11.75,25.));
#1745=CARTESIAN_POINT('',(26.3588651083552,10.2650223003813,19.2823241458899));
#1746=CARTESIAN_POINT('Ctrl Pts',(26.3588651083552,10.2650223003814,19.2823241458899));
#1747=CARTESIAN_POINT('Ctrl Pts',(27.8006405221965,9.93323417641721,18.6866603519997));
#1748=CARTESIAN_POINT('Ctrl Pts',(30.7289787517033,9.17206895287517,17.5615379935194));
#1749=CARTESIAN_POINT('Ctrl Pts',(34.9159945021834,7.7267794864292,16.0640144429242));
#1750=CARTESIAN_POINT('Ctrl Pts',(38.6040093305756,5.96877876786962,14.7985270793274));
#1751=CARTESIAN_POINT('Ctrl Pts',(41.4785331353351,3.90327867502442,13.8354245058868));
#1752=CARTESIAN_POINT('Ctrl Pts',(42.8953791361981,1.96894640418325,13.3670480806639));
#1753=CARTESIAN_POINT('Ctrl Pts',(43.2959360544146,0.36067783449902,13.2348055407459));
#1754=CARTESIAN_POINT('Ctrl Pts',(43.1950112667982,-1.25678597321807,13.2682571086705));
#1755=CARTESIAN_POINT('Ctrl Pts',(42.1229379661459,-3.23584345632953,13.6216192537895));
#1756=CARTESIAN_POINT('Ctrl Pts',(39.2736258087361,-5.62539221967821,14.5722459471549));
#1757=CARTESIAN_POINT('Ctrl Pts',(34.8324533269702,-7.82557088725015,16.0852860097974));
#1758=CARTESIAN_POINT('Ctrl Pts',(29.1326768598988,-9.6664042405859,18.1404638978799));
#1759=CARTESIAN_POINT('Ctrl Pts',(24.2188446990213,-10.760968180508,20.1249875015091));
#1760=CARTESIAN_POINT('Ctrl Pts',(20.7537273868914,-11.368854570237,21.9152591682622));
#1761=CARTESIAN_POINT('Ctrl Pts',(18.729462935629,-11.6738626799113,23.3881737056864));
#1762=CARTESIAN_POINT('Ctrl Pts',(18.1643132540153,-11.7501213024668,24.4624845485299));
#1763=CARTESIAN_POINT('Ctrl Pts',(18.1641538641875,-11.7501305630918,24.9998911721055));
#1764=CARTESIAN_POINT('Ctrl Pts',(18.1641538419546,-11.7501305622669,25.0000589584319));
#1765=CARTESIAN_POINT('',(26.3588651083561,10.2650223003812,30.7176758541104));
#1766=CARTESIAN_POINT('Origin',(0.,-2.22044604925031E-15,25.));
#1767=CARTESIAN_POINT('Ctrl Pts',(18.1641538419546,-11.7501305622669,25.0000589584319));
#1768=CARTESIAN_POINT('Ctrl Pts',(18.1640826762742,-11.750127921656,25.5371300593058));
#1769=CARTESIAN_POINT('Ctrl Pts',(18.7281886805847,-11.6739578856054,26.6117596773263));
#1770=CARTESIAN_POINT('Ctrl Pts',(20.7523794528294,-11.3691080038595,28.0838001907856));
#1771=CARTESIAN_POINT('Ctrl Pts',(24.2181563245645,-10.7610896597723,29.8745604417663));
#1772=CARTESIAN_POINT('Ctrl Pts',(29.1337083943322,-9.66649716681593,31.8593732929166));
#1773=CARTESIAN_POINT('Ctrl Pts',(34.8314339160659,-7.82547750797672,33.9145890039525));
#1774=CARTESIAN_POINT('Ctrl Pts',(39.2741833062219,-5.62582924801606,35.4278786191945));
#1775=CARTESIAN_POINT('Ctrl Pts',(41.552083851988,-3.71347502996517,36.1880557324995));
#1776=CARTESIAN_POINT('Ctrl Pts',(42.6954633429513,-2.18086422541533,36.5669358100333));
#1777=CARTESIAN_POINT('Ctrl Pts',(43.1536699445544,-1.119877481667,36.7182352991805));
#1778=CARTESIAN_POINT('Ctrl Pts',(43.2776778377518,-0.0439543367684141,
36.7591279615056));
#1779=CARTESIAN_POINT('Ctrl Pts',(43.1781094344811,1.03232816471722,36.7262799201179));
#1780=CARTESIAN_POINT('Ctrl Pts',(42.6351115204244,2.36085491471085,36.5471004007608));
#1781=CARTESIAN_POINT('Ctrl Pts',(41.1585247252172,4.13238323322054,36.0573774880486));
#1782=CARTESIAN_POINT('Ctrl Pts',(38.6047818034658,5.96880551020703,35.2017317192628));
#1783=CARTESIAN_POINT('Ctrl Pts',(34.9161470994284,7.72648188120543,33.9360406626959));
#1784=CARTESIAN_POINT('Ctrl Pts',(30.7303485130668,9.17176798627598,32.4389659636229));
#1785=CARTESIAN_POINT('Ctrl Pts',(27.8006405221974,9.93323417641696,31.3133396480007));
#1786=CARTESIAN_POINT('Ctrl Pts',(26.3588651083561,10.2650223003812,30.7176758541104));
#1787=CARTESIAN_POINT('',(43.9050351523788,4.70326764859946E-5,36.7499999999059));
#1788=CARTESIAN_POINT('Ctrl Pts',(43.9050351523788,4.70326764859946E-5,
36.7499999999059));
#1789=CARTESIAN_POINT('Ctrl Pts',(43.9050489532905,-0.308057000835932,36.7500012331788));
#1790=CARTESIAN_POINT('Ctrl Pts',(44.0300243988099,-0.964140117409284,36.722566623638));
#1791=CARTESIAN_POINT('Ctrl Pts',(44.4052160078931,-1.51143435810207,36.6541981800082));
#1792=CARTESIAN_POINT('Ctrl Pts',(44.8393509246716,-1.94299352098004,36.5900318882434));
#1793=CARTESIAN_POINT('Ctrl Pts',(45.1124947301348,-2.12956881419206,36.5562270706579));
#1794=CARTESIAN_POINT('Ctrl Pts',(46.0243549854527,-2.50105869639012,36.4823947429532));
#1795=CARTESIAN_POINT('Ctrl Pts',(46.6860668851688,-2.50056712514935,36.4824888523455));
#1796=CARTESIAN_POINT('Ctrl Pts',(47.5980146738789,-2.12921428153206,36.556374597547));
#1797=CARTESIAN_POINT('Ctrl Pts',(47.8709557584098,-1.9419050385127,36.5901876220112));
#1798=CARTESIAN_POINT('Ctrl Pts',(48.3601220162876,-1.45795833178626,36.6625628591429));
#1799=CARTESIAN_POINT('Ctrl Pts',(48.6952381716846,-0.909889924225947,36.7269056116767));
#1800=CARTESIAN_POINT('Ctrl Pts',(48.8242445202881,-0.114570012492705,36.7541440025283));
#1801=CARTESIAN_POINT('Ctrl Pts',(48.7739874390865,0.666593251400854,36.7433388359934));
#1802=CARTESIAN_POINT('Ctrl Pts',(48.4021699748473,1.44459223890251,36.66805554109));
#1803=CARTESIAN_POINT('Ctrl Pts',(47.8409713482685,1.96831720717823,36.5849223334921));
#1804=CARTESIAN_POINT('Ctrl Pts',(47.4835816423203,2.17640457485223,36.5467668406748));
#1805=CARTESIAN_POINT('Ctrl Pts',(46.9931303897727,2.37777377192288,36.5072383552793));
#1806=CARTESIAN_POINT('Ctrl Pts',(46.6639025328645,2.43911851058348,36.4937848016942));
#1807=CARTESIAN_POINT('Ctrl Pts',(46.0456457240251,2.43911254557467,36.4937809487525));
#1808=CARTESIAN_POINT('Ctrl Pts',(45.7165200015608,2.37794016444883,36.5072485709385));
#1809=CARTESIAN_POINT('Ctrl Pts',(45.1125372099058,2.12981388207968,36.5558601412352));
#1810=CARTESIAN_POINT('Ctrl Pts',(44.8379867879273,1.94308638241176,36.5900517857866));
#1811=CARTESIAN_POINT('Ctrl Pts',(44.4044019896929,1.51181163059402,36.6540905812081));
#1812=CARTESIAN_POINT('Ctrl Pts',(44.0287806531717,0.964651676621844,36.7227107552226));
#1813=CARTESIAN_POINT('Ctrl Pts',(43.905021349807,0.308188126372917,36.7499987664846));
#1814=CARTESIAN_POINT('Ctrl Pts',(43.9050351523788,4.7032676486679E-5,36.7499999999059));
#1815=CARTESIAN_POINT('Origin',(46.3550351499209,0.000156775587887412,36.75));
#1816=CARTESIAN_POINT('',(46.3550351499209,1.75015677558789,17.4502019059538));
#1817=CARTESIAN_POINT('',(44.6050351499209,0.000156775587887667,17.2500000015857));
#1818=CARTESIAN_POINT('Ctrl Pts',(46.3550351499209,1.75015677558789,17.4502019059538));
#1819=CARTESIAN_POINT('Ctrl Pts',(46.5756001828524,1.75015677558789,17.4502019059538));
#1820=CARTESIAN_POINT('Ctrl Pts',(46.8103245536463,1.70592055982523,17.4395308782575));
#1821=CARTESIAN_POINT('Ctrl Pts',(47.2412494670262,1.52709584917677,17.4013924711306));
#1822=CARTESIAN_POINT('Ctrl Pts',(47.4375187633225,1.39254675599022,17.3745195476625));
#1823=CARTESIAN_POINT('Ctrl Pts',(47.7474101360698,1.08265566392777,17.3243898709236));
#1824=CARTESIAN_POINT('Ctrl Pts',(47.8819706197737,0.886380256937334,17.2978178878089));
#1825=CARTESIAN_POINT('Ctrl Pts',(48.0608038060019,0.455433959229331,17.2603708645009));
#1826=CARTESIAN_POINT('Ctrl Pts',(48.1050351499209,0.220701860759621,17.2500044630161));
#1827=CARTESIAN_POINT('Ctrl Pts',(48.1050351499209,-0.220387513905049,17.2499955401714));
#1828=CARTESIAN_POINT('Ctrl Pts',(48.0608040916798,-0.455119243400028,17.2603523758677));
#1829=CARTESIAN_POINT('Ctrl Pts',(47.881971383722,-0.886065341057599,17.2977816776084));
#1830=CARTESIAN_POINT('Ctrl Pts',(47.7474110776867,-1.08234089048874,17.3243454975148));
#1831=CARTESIAN_POINT('Ctrl Pts',(47.4375195730672,-1.39223267574188,17.374462206931));
#1832=CARTESIAN_POINT('Ctrl Pts',(47.241249909354,-1.52678208149532,17.4013294279445));
#1833=CARTESIAN_POINT('Ctrl Pts',(46.8103245329478,-1.70560705018779,17.4394601539177));
#1834=CARTESIAN_POINT('Ctrl Pts',(46.5756000846861,-1.74984322441211,17.4501292269351));
#1835=CARTESIAN_POINT('Ctrl Pts',(46.1344702151557,-1.74984322441211,17.4501292269351));
#1836=CARTESIAN_POINT('Ctrl Pts',(45.8997457668941,-1.70560705018779,17.4394601539177));
#1837=CARTESIAN_POINT('Ctrl Pts',(45.4688203904879,-1.52678208149532,17.4013294279445));
#1838=CARTESIAN_POINT('Ctrl Pts',(45.2725507267746,-1.39223267574188,17.374462206931));
#1839=CARTESIAN_POINT('Ctrl Pts',(44.9626592221551,-1.08234089048874,17.3243454975148));
#1840=CARTESIAN_POINT('Ctrl Pts',(44.8280989161198,-0.886065341057596,17.2977816776084));
#1841=CARTESIAN_POINT('Ctrl Pts',(44.6492662081621,-0.455119243400027,17.2603523758677));
#1842=CARTESIAN_POINT('Ctrl Pts',(44.6050351499209,-0.220387513905049,17.2499955401714));
#1843=CARTESIAN_POINT('Ctrl Pts',(44.6050351499209,0.00015677558788698,
17.2500000015857));
#1844=CARTESIAN_POINT('Ctrl Pts',(44.6050351499209,0.000156775587887917,
17.2500000015857));
#1845=CARTESIAN_POINT('Ctrl Pts',(44.6050351499209,0.220701860759623,17.2500044630161));
#1846=CARTESIAN_POINT('Ctrl Pts',(44.6492664938399,0.455433959229333,17.2603708645009));
#1847=CARTESIAN_POINT('Ctrl Pts',(44.8280996800682,0.886380256937336,17.2978178878089));
#1848=CARTESIAN_POINT('Ctrl Pts',(44.9626601637721,1.08265566392777,17.3243898709236));
#1849=CARTESIAN_POINT('Ctrl Pts',(45.2725515365194,1.39254675599022,17.3745195476625));
#1850=CARTESIAN_POINT('Ctrl Pts',(45.4688208328157,1.52709584917678,17.4013924711306));
#1851=CARTESIAN_POINT('Ctrl Pts',(45.8997457461956,1.70592055982523,17.4395308782575));
#1852=CARTESIAN_POINT('Ctrl Pts',(46.1344701169895,1.75015677558789,17.4502019059538));
#1853=CARTESIAN_POINT('Ctrl Pts',(46.3550351499209,1.75015677558789,17.4502019059538));
#1854=CARTESIAN_POINT('',(44.6050351499209,0.000156775587887626,36.75));
#1855=CARTESIAN_POINT('Ctrl Pts',(43.9050351523788,4.7032676486679E-5,36.7499999999059));
#1856=CARTESIAN_POINT('Ctrl Pts',(43.905021349807,0.308188126372917,36.7499987664846));
#1857=CARTESIAN_POINT('Ctrl Pts',(44.0287806531717,0.964651676621844,36.7227107552226));
#1858=CARTESIAN_POINT('Ctrl Pts',(44.4044019896929,1.51181163059402,36.6540905812081));
#1859=CARTESIAN_POINT('Ctrl Pts',(44.8379867879273,1.94308638241176,36.5900517857866));
#1860=CARTESIAN_POINT('Ctrl Pts',(45.1125372099058,2.12981388207968,36.5558601412352));
#1861=CARTESIAN_POINT('Ctrl Pts',(45.7165200015608,2.37794016444883,36.5072485709385));
#1862=CARTESIAN_POINT('Ctrl Pts',(46.0456457240251,2.43911254557467,36.4937809487525));
#1863=CARTESIAN_POINT('Ctrl Pts',(46.6639025328645,2.43911851058348,36.4937848016942));
#1864=CARTESIAN_POINT('Ctrl Pts',(46.9931303897727,2.37777377192288,36.5072383552793));
#1865=CARTESIAN_POINT('Ctrl Pts',(47.4835816423203,2.17640457485223,36.5467668406748));
#1866=CARTESIAN_POINT('Ctrl Pts',(47.8409713482685,1.96831720717823,36.5849223334921));
#1867=CARTESIAN_POINT('Ctrl Pts',(48.4021699748473,1.44459223890251,36.66805554109));
#1868=CARTESIAN_POINT('Ctrl Pts',(48.7739874390865,0.666593251400854,36.7433388359934));
#1869=CARTESIAN_POINT('Ctrl Pts',(48.8242445202881,-0.114570012492705,36.7541440025283));
#1870=CARTESIAN_POINT('Ctrl Pts',(48.6952381716846,-0.909889924225947,36.7269056116767));
#1871=CARTESIAN_POINT('Ctrl Pts',(48.3601220162876,-1.45795833178626,36.6625628591429));
#1872=CARTESIAN_POINT('Ctrl Pts',(47.8709557584098,-1.9419050385127,36.5901876220112));
#1873=CARTESIAN_POINT('Ctrl Pts',(47.5980146738789,-2.12921428153206,36.556374597547));
#1874=CARTESIAN_POINT('Ctrl Pts',(46.6860668851688,-2.50056712514935,36.4824888523455));
#1875=CARTESIAN_POINT('Ctrl Pts',(46.0243549854527,-2.50105869639012,36.4823947429532));
#1876=CARTESIAN_POINT('Ctrl Pts',(45.1124947301348,-2.12956881419206,36.5562270706579));
#1877=CARTESIAN_POINT('Ctrl Pts',(44.8393509246716,-1.94299352098004,36.5900318882434));
#1878=CARTESIAN_POINT('Ctrl Pts',(44.4052160078931,-1.51143435810207,36.6541981800082));
#1879=CARTESIAN_POINT('Ctrl Pts',(44.0300243988099,-0.964140117409284,36.722566623638));
#1880=CARTESIAN_POINT('Ctrl Pts',(43.9050489532905,-0.308057000835932,36.7500012331788));
#1881=CARTESIAN_POINT('Ctrl Pts',(43.9050351523788,4.70326764859946E-5,
36.7499999999059));
#1882=CARTESIAN_POINT('Ctrl Pts',(44.1383684855498,5.59277452924905E-5,
36.5166666665219));
#1883=CARTESIAN_POINT('Ctrl Pts',(44.1386024234197,0.274453705702036,36.5165642372635));
#1884=CARTESIAN_POINT('Ctrl Pts',(44.2463306104135,0.859213396641173,36.4941686780037));
#1885=CARTESIAN_POINT('Ctrl Pts',(44.5798139003093,1.35460392808833,36.4369761361587));
#1886=CARTESIAN_POINT('Ctrl Pts',(44.9691625778058,1.74871781078328,36.3833460138248));
#1887=CARTESIAN_POINT('Ctrl Pts',(45.2176259703665,1.92127134521722,36.354550657612));
#1888=CARTESIAN_POINT('Ctrl Pts',(45.7687285119468,2.15205550168148,36.3135055885256));
#1889=CARTESIAN_POINT('Ctrl Pts',(46.0708737077298,2.20957787855627,36.3020793980739));
#1890=CARTESIAN_POINT('Ctrl Pts',(46.6386684472324,2.20939548789839,36.3020723604956));
#1891=CARTESIAN_POINT('Ctrl Pts',(46.9409512461656,2.15217685542351,36.3135114600492));
#1892=CARTESIAN_POINT('Ctrl Pts',(47.3883684888282,1.96427386687138,36.3468590533093));
#1893=CARTESIAN_POINT('Ctrl Pts',(47.7130585780581,1.77235386757665,36.3790651201727));
#1894=CARTESIAN_POINT('Ctrl Pts',(48.2170217723767,1.29150624417825,36.4487029457313));
#1895=CARTESIAN_POINT('Ctrl Pts',(48.5445839478421,0.592883143081433,36.5111870403347));
#1896=CARTESIAN_POINT('Ctrl Pts',(48.5884775914592,-0.101680291959447,36.5200821726675));
#1897=CARTESIAN_POINT('Ctrl Pts',(48.4755510562022,-0.810642268677616,36.4976200872798));
#1898=CARTESIAN_POINT('Ctrl Pts',(48.1790906713985,-1.30484967005795,36.4441180196966));
#1899=CARTESIAN_POINT('Ctrl Pts',(47.7398787918448,-1.74788335045952,36.3835042973284));
#1900=CARTESIAN_POINT('Ctrl Pts',(47.4927081231166,-1.92040335776438,36.3550072665021));
#1901=CARTESIAN_POINT('Ctrl Pts',(46.6609364469495,-2.26664070110725,36.2926540774601));
#1902=CARTESIAN_POINT('Ctrl Pts',(46.049483264257,-2.26703066366534,36.2925622794518));
#1903=CARTESIAN_POINT('Ctrl Pts',(45.2178047011573,-1.92084211133963,36.3548578220329));
#1904=CARTESIAN_POINT('Ctrl Pts',(44.9704133575332,-1.74872088118568,36.3833543328534));
#1905=CARTESIAN_POINT('Ctrl Pts',(44.5807196917225,-1.35415787518681,36.4370515331606));
#1906=CARTESIAN_POINT('Ctrl Pts',(44.2474375754092,-0.858757336371699,36.4940711039006));
#1907=CARTESIAN_POINT('Ctrl Pts',(44.1387381000337,-0.274269069664355,36.5165244001959));
#1908=CARTESIAN_POINT('Ctrl Pts',(44.1383684855499,5.59277452923806E-5,
36.5166666665219));
#1909=CARTESIAN_POINT('Ctrl Pts',(44.3717018187209,6.48228140983019E-5,
36.283333333138));
#1910=CARTESIAN_POINT('Ctrl Pts',(44.3714442542901,0.240796532771013,36.2834331480932));
#1911=CARTESIAN_POINT('Ctrl Pts',(44.463928974847,0.753781612233467,36.2656229801465));
#1912=CARTESIAN_POINT('Ctrl Pts',(44.7548494467286,1.19747676080299,36.2200511314241));
#1913=CARTESIAN_POINT('Ctrl Pts',(45.1001466451703,1.55427799459362,36.1767703555678));
#1914=CARTESIAN_POINT('Ctrl Pts',(45.3225558109808,1.71283155150118,36.1534005035101));
#1915=CARTESIAN_POINT('Ctrl Pts',(45.8207959061456,1.92617638578214,36.1198674012049));
#1916=CARTESIAN_POINT('Ctrl Pts',(46.0960417944994,1.9798863699894,36.1104887888517));
#1917=CARTESIAN_POINT('Ctrl Pts',(46.6134073752078,1.98009246635145,36.1104984704454));
#1918=CARTESIAN_POINT('Ctrl Pts',(46.888724357248,1.92581507177044,36.1198423609179));
#1919=CARTESIAN_POINT('Ctrl Pts',(47.2933109099607,1.75327614550004,36.147125817973));
#1920=CARTESIAN_POINT('Ctrl Pts',(47.5849677518282,1.57573838014896,36.1732455104583));
#1921=CARTESIAN_POINT('Ctrl Pts',(48.0323523816716,1.14041517859746,36.229556434101));
#1922=CARTESIAN_POINT('Ctrl Pts',(48.3151091848204,0.519865359732396,36.279054325469));
#1923=CARTESIAN_POINT('Ctrl Pts',(48.3525605425582,-0.0895020894987061,
36.286024861));
#1924=CARTESIAN_POINT('Ctrl Pts',(48.255670636828,-0.711530945705504,36.2683016290907));
#1925=CARTESIAN_POINT('Ctrl Pts',(47.9981353207488,-1.15325557570272,36.225714879047));
#1926=CARTESIAN_POINT('Ctrl Pts',(47.6086342875523,-1.55329440149923,36.1768050754065));
#1927=CARTESIAN_POINT('Ctrl Pts',(47.3877137969656,-1.71233885476828,36.1537532670863));
#1928=CARTESIAN_POINT('Ctrl Pts',(46.6350060781606,-2.03208621204455,36.10265589147));
#1929=CARTESIAN_POINT('Ctrl Pts',(46.0749100007785,-2.03242254763854,36.1026177291296));
#1930=CARTESIAN_POINT('Ctrl Pts',(45.3222558230807,-1.71243701272054,36.1536924813625));
#1931=CARTESIAN_POINT('Ctrl Pts',(45.1011642329118,-1.55405645565185,36.1767442779272));
#1932=CARTESIAN_POINT('Ctrl Pts',(44.7554245757155,-1.19725100480985,36.2201347547958));
#1933=CARTESIAN_POINT('Ctrl Pts',(44.4649032999476,-0.753417306169149,36.2655085982858));
#1934=CARTESIAN_POINT('Ctrl Pts',(44.3713558279564,-0.240677712975002,36.283478213453));
#1935=CARTESIAN_POINT('Ctrl Pts',(44.3717018187209,6.48228140987667E-5,
36.283333333138));
#1936=CARTESIAN_POINT('Ctrl Pts',(44.605035151892,7.37178829041134E-5,36.0499999997541));
#1937=CARTESIAN_POINT('Ctrl Pts',(44.6050253279028,0.207062112100132,36.0499986188721));
#1938=CARTESIAN_POINT('Ctrl Pts',(44.6814789320888,0.648343332252796,36.0370809029276));
#1939=CARTESIAN_POINT('Ctrl Pts',(44.930261357345,1.04026905829729,36.0029366863747));
#1940=CARTESIAN_POINT('Ctrl Pts',(45.2313224350489,1.35990942296515,35.9700645836059));
#1941=CARTESIAN_POINT('Ctrl Pts',(45.4276445714414,1.50428901463872,35.9520910198869));
#1942=CARTESIAN_POINT('Ctrl Pts',(45.8730044165316,1.70029172301479,35.926124418792));
#1943=CARTESIAN_POINT('Ctrl Pts',(46.121269778204,1.750351702971,35.918787238173));
#1944=CARTESIAN_POINT('Ctrl Pts',(46.5881732895757,1.75036944366636,35.9187860292469));
#1945=CARTESIAN_POINT('Ctrl Pts',(46.8365452136409,1.70021815527108,35.9261154656878));
#1946=CARTESIAN_POINT('Ctrl Pts',(47.1980977564686,1.54114543751919,35.9472180306076));
#1947=CARTESIAN_POINT('Ctrl Pts',(47.4570549816178,1.37977504054738,35.9673882971388));
#1948=CARTESIAN_POINT('Ctrl Pts',(47.8472041792011,0.98732918387319,36.0102038387423));
#1949=CARTESIAN_POINT('Ctrl Pts',(48.0857056935761,0.446155251412975,36.0469025298103));
#1950=CARTESIAN_POINT('Ctrl Pts',(48.1167936137293,-0.0766123689654484,
36.0519630311392));
#1951=CARTESIAN_POINT('Ctrl Pts',(48.0359835213457,-0.612283290157173,36.0390161046938));
#1952=CARTESIAN_POINT('Ctrl Pts',(47.8171039758597,-1.00014691397441,36.0072700396007));
#1953=CARTESIAN_POINT('Ctrl Pts',(47.4775573209874,-1.35927271344604,35.9701217507238));
#1954=CARTESIAN_POINT('Ctrl Pts',(47.2824072462033,-1.5035279310006,35.9523859360414));
#1955=CARTESIAN_POINT('Ctrl Pts',(46.6098756399413,-1.79815978800245,35.9128211165846));
#1956=CARTESIAN_POINT('Ctrl Pts',(46.1000382795828,-1.79839451491376,35.9127852656282));
#1957=CARTESIAN_POINT('Ctrl Pts',(45.4275657941032,-1.50371030986811,35.9523232327376));
#1958=CARTESIAN_POINT('Ctrl Pts',(45.2322266657734,-1.35978381585749,35.9700667225372));
#1959=CARTESIAN_POINT('Ctrl Pts',(44.9309282595449,-1.03997452189458,36.0029881079482));
#1960=CARTESIAN_POINT('Ctrl Pts',(44.6823164765469,-0.648034525131564,36.0370130785483));
#1961=CARTESIAN_POINT('Ctrl Pts',(44.6050449746996,-0.206889781803424,36.05000138047));
#1962=CARTESIAN_POINT('Ctrl Pts',(44.605035151892,7.37178829051527E-5,36.0499999997541));
#1963=CARTESIAN_POINT('',(44.6050351500022,0.000156777011755107,36.0499999988534));
#1964=CARTESIAN_POINT('Ctrl Pts',(44.6050351500022,0.000156777011755107,
36.0499999988534));
#1965=CARTESIAN_POINT('Ctrl Pts',(44.605035554873,0.207121136300434,36.0499968909431));
#1966=CARTESIAN_POINT('Ctrl Pts',(44.6814955702755,0.648369543643651,36.0370786194148));
#1967=CARTESIAN_POINT('Ctrl Pts',(44.930261357345,1.04026905829729,36.0029366863747));
#1968=CARTESIAN_POINT('Ctrl Pts',(45.2313224350489,1.35990942296515,35.9700645836059));
#1969=CARTESIAN_POINT('Ctrl Pts',(45.4276445714414,1.50428901463872,35.9520910198869));
#1970=CARTESIAN_POINT('Ctrl Pts',(45.8730044165316,1.70029172301479,35.926124418792));
#1971=CARTESIAN_POINT('Ctrl Pts',(46.121269778204,1.750351702971,35.918787238173));
#1972=CARTESIAN_POINT('Ctrl Pts',(46.5881732895757,1.75036944366636,35.9187860292469));
#1973=CARTESIAN_POINT('Ctrl Pts',(46.8365452136409,1.70021815527108,35.9261154656878));
#1974=CARTESIAN_POINT('Ctrl Pts',(47.1980977564686,1.54114543751919,35.9472180306076));
#1975=CARTESIAN_POINT('Ctrl Pts',(47.4570549816178,1.37977504054738,35.9673882971388));
#1976=CARTESIAN_POINT('Ctrl Pts',(47.8472041792011,0.98732918387319,36.0102038387423));
#1977=CARTESIAN_POINT('Ctrl Pts',(48.0857056935761,0.446155251412975,36.0469025298103));
#1978=CARTESIAN_POINT('Ctrl Pts',(48.1167936137293,-0.0766123689654484,
36.0519630311392));
#1979=CARTESIAN_POINT('Ctrl Pts',(48.0359835213457,-0.612283290157173,36.0390161046938));
#1980=CARTESIAN_POINT('Ctrl Pts',(47.8171039758597,-1.00014691397441,36.0072700396007));
#1981=CARTESIAN_POINT('Ctrl Pts',(47.4775573209874,-1.35927271344604,35.9701217507238));
#1982=CARTESIAN_POINT('Ctrl Pts',(47.2824072462033,-1.5035279310006,35.9523859360414));
#1983=CARTESIAN_POINT('Ctrl Pts',(46.6098756399413,-1.79815978800245,35.9128211165846));
#1984=CARTESIAN_POINT('Ctrl Pts',(46.1000382795828,-1.79839451491376,35.9127852656282));
#1985=CARTESIAN_POINT('Ctrl Pts',(45.4275657941032,-1.50371030986811,35.9523232327376));
#1986=CARTESIAN_POINT('Ctrl Pts',(45.2322266657734,-1.35978381585749,35.9700667225372));
#1987=CARTESIAN_POINT('Ctrl Pts',(44.9309282595449,-1.03997452189458,36.0029881079482));
#1988=CARTESIAN_POINT('Ctrl Pts',(44.6823164765469,-0.648034525131564,36.0370130785483));
#1989=CARTESIAN_POINT('Ctrl Pts',(44.6050449746996,-0.206889781803424,36.05000138047));
#1990=CARTESIAN_POINT('Ctrl Pts',(44.605035151892,7.37178829051527E-5,36.0499999997541));
#1991=CARTESIAN_POINT('',(43.9050351523788,4.7032676486679E-5,36.7499999999059));
#1992=CARTESIAN_POINT('Origin',(46.3550351499209,0.000156775587887412,36.75));
#1993=CARTESIAN_POINT('',(44.6050351499209,0.000156775587887529,32.7499999984143));
#1994=CARTESIAN_POINT('',(44.6050351499209,0.000156775587887626,36.75));
#1995=CARTESIAN_POINT('',(46.3550351499209,1.75015677558788,32.5497980940462));
#1996=CARTESIAN_POINT('Ctrl Pts',(46.3550351499209,1.75015677558788,32.5497980940462));
#1997=CARTESIAN_POINT('Ctrl Pts',(46.1344701169895,1.75015677558788,32.5497980940462));
#1998=CARTESIAN_POINT('Ctrl Pts',(45.8997457461956,1.70592055982523,32.5604691217425));
#1999=CARTESIAN_POINT('Ctrl Pts',(45.4688208328157,1.52709584917678,32.5986075288694));
#2000=CARTESIAN_POINT('Ctrl Pts',(45.2725515365194,1.39254675599022,32.6254804523375));
#2001=CARTESIAN_POINT('Ctrl Pts',(44.9626601637721,1.08265566392777,32.6756101290764));
#2002=CARTESIAN_POINT('Ctrl Pts',(44.8280996800682,0.886380256937335,32.7021821121911));
#2003=CARTESIAN_POINT('Ctrl Pts',(44.6492664938399,0.455433959229332,32.7396291354991));
#2004=CARTESIAN_POINT('Ctrl Pts',(44.6050351499209,0.220701860759623,32.7499955369839));
#2005=CARTESIAN_POINT('Ctrl Pts',(44.6050351499209,0.000156775587887917,
32.7499999984143));
#2006=CARTESIAN_POINT('Ctrl Pts',(44.6050351499209,0.000156775587887639,
32.7499999984143));
#2007=CARTESIAN_POINT('Ctrl Pts',(44.6050351499209,-0.220387513905049,32.7500044598286));
#2008=CARTESIAN_POINT('Ctrl Pts',(44.6492662081621,-0.455119243400028,32.7396476241323));
#2009=CARTESIAN_POINT('Ctrl Pts',(44.8280989161198,-0.886065341057599,32.7022183223916));
#2010=CARTESIAN_POINT('Ctrl Pts',(44.9626592221552,-1.08234089048874,32.6756545024852));
#2011=CARTESIAN_POINT('Ctrl Pts',(45.2725507267746,-1.39223267574188,32.625537793069));
#2012=CARTESIAN_POINT('Ctrl Pts',(45.4688203904879,-1.52678208149532,32.5986705720555));
#2013=CARTESIAN_POINT('Ctrl Pts',(45.8997457668941,-1.70560705018779,32.5605398460823));
#2014=CARTESIAN_POINT('Ctrl Pts',(46.1344702151557,-1.74984322441211,32.5498707730649));
#2015=CARTESIAN_POINT('Ctrl Pts',(46.5756000846861,-1.74984322441211,32.5498707730649));
#2016=CARTESIAN_POINT('Ctrl Pts',(46.8103245329478,-1.70560705018779,32.5605398460823));
#2017=CARTESIAN_POINT('Ctrl Pts',(47.241249909354,-1.52678208149532,32.5986705720555));
#2018=CARTESIAN_POINT('Ctrl Pts',(47.4375195730672,-1.39223267574188,32.625537793069));
#2019=CARTESIAN_POINT('Ctrl Pts',(47.7474110776867,-1.08234089048874,32.6756545024852));
#2020=CARTESIAN_POINT('Ctrl Pts',(47.881971383722,-0.886065341057599,32.7022183223916));
#2021=CARTESIAN_POINT('Ctrl Pts',(48.0608040916798,-0.455119243400028,32.7396476241323));
#2022=CARTESIAN_POINT('Ctrl Pts',(48.1050351499209,-0.220387513905049,32.7500044598286));
#2023=CARTESIAN_POINT('Ctrl Pts',(48.1050351499209,0.220701860759621,32.7499955369839));
#2024=CARTESIAN_POINT('Ctrl Pts',(48.0608038060019,0.455433959229331,32.7396291354991));
#2025=CARTESIAN_POINT('Ctrl Pts',(47.8819706197737,0.886380256937334,32.7021821121911));
#2026=CARTESIAN_POINT('Ctrl Pts',(47.7474101360698,1.08265566392777,32.6756101290764));
#2027=CARTESIAN_POINT('Ctrl Pts',(47.4375187633225,1.39254675599022,32.6254804523375));
#2028=CARTESIAN_POINT('Ctrl Pts',(47.2412494670262,1.52709584917677,32.5986075288694));
#2029=CARTESIAN_POINT('Ctrl Pts',(46.8103245536463,1.70592055982523,32.5604691217425));
#2030=CARTESIAN_POINT('Ctrl Pts',(46.5756001828524,1.75015677558789,32.5497980940462));
#2031=CARTESIAN_POINT('Ctrl Pts',(46.3550351499209,1.75015677558789,32.5497980940462));
#2032=CARTESIAN_POINT('Ctrl Pts',(-11.2891518589191,42.4277517404087,36.75));
#2033=CARTESIAN_POINT('Ctrl Pts',(-11.5124726068932,42.3683306838193,36.75));
#2034=CARTESIAN_POINT('Ctrl Pts',(-11.997233836718,42.3075783702501,36.7356900847043));
#2035=CARTESIAN_POINT('Ctrl Pts',(-12.7359655226853,42.4506763433103,36.6722618795045));
#2036=CARTESIAN_POINT('Ctrl Pts',(-13.3501055525177,42.7701095233525,36.5977213243673));
#2037=CARTESIAN_POINT('Ctrl Pts',(-13.8844801218354,43.2815746936504,36.526271974512));
#2038=CARTESIAN_POINT('Ctrl Pts',(-14.2388702988321,43.9392159061253,36.4890841696273));
#2039=CARTESIAN_POINT('Ctrl Pts',(-14.347739453254,44.4497511769054,36.4948930749046));
#2040=CARTESIAN_POINT('Ctrl Pts',(-14.3646999309523,44.9401296696102,36.5175678208018));
#2041=CARTESIAN_POINT('Ctrl Pts',(-14.30639126686,45.4299762802542,36.5541096896334));
#2042=CARTESIAN_POINT('Ctrl Pts',(-14.1476618089579,45.8268079846459,36.5984285407693));
#2043=CARTESIAN_POINT('Ctrl Pts',(-13.8809850265219,46.2907800481046,36.6545197235792));
#2044=CARTESIAN_POINT('Ctrl Pts',(-13.6650089498249,46.5428269893453,36.6885315767122));
#2045=CARTESIAN_POINT('Ctrl Pts',(-13.1477678499613,46.9392710874194,36.7368134465077));
#2046=CARTESIAN_POINT('Ctrl Pts',(-12.8465149113568,47.083340144676,36.7500685731777));
#2047=CARTESIAN_POINT('Ctrl Pts',(-12.2508560997649,47.2421432963964,36.7501958427414));
#2048=CARTESIAN_POINT('Ctrl Pts',(-11.5847621686485,47.2911799869306,36.7227856304082));
#2049=CARTESIAN_POINT('Ctrl Pts',(-10.9593971439838,47.0689629967187,36.654188373522));
#2050=CARTESIAN_POINT('Ctrl Pts',(-10.4311376867863,46.7608285072557,36.5900908432045));
#2051=CARTESIAN_POINT('Ctrl Pts',(-10.1800486279476,46.5435187002525,36.5558677195838));
#2052=CARTESIAN_POINT('Ctrl Pts',(-9.78495849100521,46.0236184585325,36.5072179997729));
#2053=CARTESIAN_POINT('Ctrl Pts',(-9.64100829872039,45.7212943811251,36.4936846948596));
#2054=CARTESIAN_POINT('Ctrl Pts',(-9.48240075856536,45.1237311710706,36.4937105665948));
#2055=CARTESIAN_POINT('Ctrl Pts',(-9.43298583746684,44.4561125938497,36.5216132405146));
#2056=CARTESIAN_POINT('Ctrl Pts',(-9.65122040610434,43.8288176853859,36.5903084476141));
#2057=CARTESIAN_POINT('Ctrl Pts',(-9.95658559344797,43.2990967585619,36.6542161462282));
#2058=CARTESIAN_POINT('Ctrl Pts',(-10.389275393742,42.795985047824,36.7226254948852));
#2059=CARTESIAN_POINT('Ctrl Pts',(-10.9913942246593,42.5069789210257,36.75));
#2060=CARTESIAN_POINT('Ctrl Pts',(-11.2891518589191,42.4277517404087,36.75));
#2061=CARTESIAN_POINT('Ctrl Pts',(-11.3491495106552,42.6532394922503,36.5166666666667));
#2062=CARTESIAN_POINT('Ctrl Pts',(-11.5479684198775,42.6002048707122,36.516682864838));
#2063=CARTESIAN_POINT('Ctrl Pts',(-11.9794304854654,42.5453294171305,36.5048210368462));
#2064=CARTESIAN_POINT('Ctrl Pts',(-12.6422045121969,42.6688346672757,36.4522156532644));
#2065=CARTESIAN_POINT('Ctrl Pts',(-13.200243245355,42.9522963237609,36.3898965672872));
#2066=CARTESIAN_POINT('Ctrl Pts',(-13.6920668681023,43.4145103465436,36.3296614890924));
#2067=CARTESIAN_POINT('Ctrl Pts',(-14.0203775481975,44.0165243566975,36.298148111667));
#2068=CARTESIAN_POINT('Ctrl Pts',(-14.1198940357638,44.485918694498,36.3030589024863));
#2069=CARTESIAN_POINT('Ctrl Pts',(-14.1334672664993,44.9355979424393,36.3222786091536));
#2070=CARTESIAN_POINT('Ctrl Pts',(-14.0769903150105,45.3838030421973,36.353135185561));
#2071=CARTESIAN_POINT('Ctrl Pts',(-13.9291598495776,45.743451797876,36.390428590551));
#2072=CARTESIAN_POINT('Ctrl Pts',(-13.6839852702867,46.161659928982,36.4373741357158));
#2073=CARTESIAN_POINT('Ctrl Pts',(-13.4875429479266,46.386823247861,36.4657556508663));
#2074=CARTESIAN_POINT('Ctrl Pts',(-13.0225234356811,46.7390325318772,36.5057519915753));
#2075=CARTESIAN_POINT('Ctrl Pts',(-12.7538819928487,46.8665479106689,36.5167483012079));
#2076=CARTESIAN_POINT('Ctrl Pts',(-12.2234454921317,47.0078348068725,36.5167994648471));
#2077=CARTESIAN_POINT('Ctrl Pts',(-11.6306779648181,47.05375769882,36.494211769803));
#2078=CARTESIAN_POINT('Ctrl Pts',(-11.0662344872407,46.8590527385585,36.4370828688397));
#2079=CARTESIAN_POINT('Ctrl Pts',(-10.5852144810511,46.5840682826099,36.3833767541447));
#2080=CARTESIAN_POINT('Ctrl Pts',(-10.3546006589015,46.3883373789364,36.3545533573495));
#2081=CARTESIAN_POINT('Ctrl Pts',(-9.98975618739119,45.9150957815344,36.3134797391773));
#2082=CARTESIAN_POINT('Ctrl Pts',(-9.8564763896617,45.6378543113883,36.3019593446481));
#2083=CARTESIAN_POINT('Ctrl Pts',(-9.71066282440344,45.0891147657001,36.3020305000582));
#2084=CARTESIAN_POINT('Ctrl Pts',(-9.66828380646399,44.4753846561183,36.3257479173638));
#2085=CARTESIAN_POINT('Ctrl Pts',(-9.87285273365657,43.9055293467051,36.3835871447457));
#2086=CARTESIAN_POINT('Ctrl Pts',(-10.1535750877751,43.4282475979229,36.4371016954025));
#2087=CARTESIAN_POINT('Ctrl Pts',(-10.5471616035845,42.9790057413427,36.494095811242));
#2088=CARTESIAN_POINT('Ctrl Pts',(-11.0840494973944,42.7241191347914,36.5165419398951));
#2089=CARTESIAN_POINT('Ctrl Pts',(-11.3491495106552,42.6532394922503,36.5166666666667));
#2090=CARTESIAN_POINT('Ctrl Pts',(-11.4091471623913,42.878727244092,36.2833333333333));
#2091=CARTESIAN_POINT('Ctrl Pts',(-11.5836608105724,42.8324257527907,36.283317135162));
#2092=CARTESIAN_POINT('Ctrl Pts',(-11.9614894523503,42.7825937179002,36.2740776494405));
#2093=CARTESIAN_POINT('Ctrl Pts',(-12.5483907835482,42.8869925990472,36.2321664385653));
#2094=CARTESIAN_POINT('Ctrl Pts',(-13.0507108097539,43.1348403533484,36.1819624825906));
#2095=CARTESIAN_POINT('Ctrl Pts',(-13.4996458999383,43.5476872987025,36.1329922979352));
#2096=CARTESIAN_POINT('Ctrl Pts',(-13.8019110848055,44.0940331760948,36.1071450371918));
#2097=CARTESIAN_POINT('Ctrl Pts',(-13.8921035593501,44.5222792709415,36.1112124529066));
#2098=CARTESIAN_POINT('Ctrl Pts',(-13.9024986283295,44.9317008800497,36.1268922432084));
#2099=CARTESIAN_POINT('Ctrl Pts',(-13.8477490479054,45.3379682541562,36.1521581341714));
#2100=CARTESIAN_POINT('Ctrl Pts',(-13.7107729094537,45.6604283375946,36.1823342916045));
#2101=CARTESIAN_POINT('Ctrl Pts',(-13.4870757988644,46.0327880913667,36.220248495256));
#2102=CARTESIAN_POINT('Ctrl Pts',(-13.3101462771469,46.2308458310472,36.2428569788271));
#2103=CARTESIAN_POINT('Ctrl Pts',(-12.897274012383,46.5391373413444,36.2747709721297));
#2104=CARTESIAN_POINT('Ctrl Pts',(-12.6612865896148,46.6497186849056,36.2833467256937));
#2105=CARTESIAN_POINT('Ctrl Pts',(-12.195957634766,46.7737195872922,36.2834605533818));
#2106=CARTESIAN_POINT('Ctrl Pts',(-11.6766281293146,46.8164398984155,36.2656758875441));
#2107=CARTESIAN_POINT('Ctrl Pts',(-11.17297551446,46.6492958374716,36.2200693153771));
#2108=CARTESIAN_POINT('Ctrl Pts',(-10.7394374957237,46.4074220144841,36.1767807907597));
#2109=CARTESIAN_POINT('Ctrl Pts',(-10.5289216016261,46.2332520252159,36.1533920357681));
#2110=CARTESIAN_POINT('Ctrl Pts',(-10.1947425249507,45.8066086688787,36.1198315256718));
#2111=CARTESIAN_POINT('Ctrl Pts',(-10.0716917497412,45.5544885634712,36.1104477941346));
#2112=CARTESIAN_POINT('Ctrl Pts',(-9.93910499730926,45.0544328551322,36.1104130167975));
#2113=CARTESIAN_POINT('Ctrl Pts',(-9.90325045903742,44.494598393472,36.1298734427177));
#2114=CARTESIAN_POINT('Ctrl Pts',(-10.094672098877,43.9821134885892,36.1769619370322));
#2115=CARTESIAN_POINT('Ctrl Pts',(-10.3506107999815,43.5568450911078,36.2201239550481));
#2116=CARTESIAN_POINT('Ctrl Pts',(-10.7047349630499,43.162134093236,36.2655819683572));
#2117=CARTESIAN_POINT('Ctrl Pts',(-11.176476054549,42.9402942560779,36.2834580601049));
#2118=CARTESIAN_POINT('Ctrl Pts',(-11.4091471623913,42.878727244092,36.2833333333333));
#2119=CARTESIAN_POINT('Ctrl Pts',(-11.4691448141274,43.1042149959336,36.05));
#2120=CARTESIAN_POINT('Ctrl Pts',(-11.6191566235568,43.0642999396836,36.05));
#2121=CARTESIAN_POINT('Ctrl Pts',(-11.9436861010976,43.0203447647806,36.0432086015824));
#2122=CARTESIAN_POINT('Ctrl Pts',(-12.4546297730599,43.1051509230126,36.0121202123251));
#2123=CARTESIAN_POINT('Ctrl Pts',(-12.9008485025912,43.3170271537568,35.9741377255105));
#2124=CARTESIAN_POINT('Ctrl Pts',(-13.3072326462052,43.6806229515958,35.9363818125157));
#2125=CARTESIAN_POINT('Ctrl Pts',(-13.5834183341708,44.171341626667,35.9162089792315));
#2126=CARTESIAN_POINT('Ctrl Pts',(-13.6642581418599,44.5584467885341,35.9193782804883));
#2127=CARTESIAN_POINT('Ctrl Pts',(-13.6712659638765,44.9271691528788,35.9316030315602));
#2128=CARTESIAN_POINT('Ctrl Pts',(-13.6183480960559,45.2917950160992,35.951183630099));
#2129=CARTESIAN_POINT('Ctrl Pts',(-13.4922709500735,45.5770721508247,35.9743343413862));
#2130=CARTESIAN_POINT('Ctrl Pts',(-13.2900760426293,45.9036679722441,36.0031029073927));
#2131=CARTESIAN_POINT('Ctrl Pts',(-13.1326802752485,46.0748420895629,36.0200810529812));
#2132=CARTESIAN_POINT('Ctrl Pts',(-12.7720295981028,46.3388987858022,36.0437095171973));
#2133=CARTESIAN_POINT('Ctrl Pts',(-12.5686536711066,46.4329264508985,36.0500264537238));
#2134=CARTESIAN_POINT('Ctrl Pts',(-12.1685470271328,46.5394110977683,36.0500641754875));
#2135=CARTESIAN_POINT('Ctrl Pts',(-11.7225439254842,46.579017610305,36.0371020269389));
#2136=CARTESIAN_POINT('Ctrl Pts',(-11.279812857717,46.4393855793114,36.0029638106948));
#2137=CARTESIAN_POINT('Ctrl Pts',(-10.8935142899885,46.2306617898383,35.9700667016998));
#2138=CARTESIAN_POINT('Ctrl Pts',(-10.70347363258,46.0780707038999,35.9520776735338));
#2139=CARTESIAN_POINT('Ctrl Pts',(-10.3995402213366,45.6980859918806,35.9260932650762));
#2140=CARTESIAN_POINT('Ctrl Pts',(-10.2871598406825,45.4710484937344,35.9187224439231));
#2141=CARTESIAN_POINT('Ctrl Pts',(-10.1673670631473,45.0198164497616,35.9187329502609));
#2142=CARTESIAN_POINT('Ctrl Pts',(-10.1385484280346,44.5138704557407,35.9340081195669));
#2143=CARTESIAN_POINT('Ctrl Pts',(-10.3163044264293,44.0588251499084,35.9702406341638));
#2144=CARTESIAN_POINT('Ctrl Pts',(-10.5476002943086,43.6859959304688,36.0030095042223));
#2145=CARTESIAN_POINT('Ctrl Pts',(-10.8626211728925,43.3451547867547,36.037052284714));
#2146=CARTESIAN_POINT('Ctrl Pts',(-11.2691313272841,43.1574344698435,36.05));
#2147=CARTESIAN_POINT('Ctrl Pts',(-11.4691448141274,43.1042149959336,36.05));
#2148=CARTESIAN_POINT('',(-11.4691448141274,43.1042149959336,36.05));
#2149=CARTESIAN_POINT('',(-11.2891518589191,42.4277517404087,36.75));
#2150=CARTESIAN_POINT('',(-13.6681796870678,44.7938796595203,35.9272543640477));
#2151=CARTESIAN_POINT('Ctrl Pts',(-11.4691448141274,43.1042149959336,36.05));
#2152=CARTESIAN_POINT('Ctrl Pts',(-11.6191566235568,43.0642999396836,36.05));
#2153=CARTESIAN_POINT('Ctrl Pts',(-11.9436861010976,43.0203447647806,36.0432086015824));
#2154=CARTESIAN_POINT('Ctrl Pts',(-12.4546297730599,43.1051509230126,36.0121202123251));
#2155=CARTESIAN_POINT('Ctrl Pts',(-12.9008485025912,43.3170271537568,35.9741377255105));
#2156=CARTESIAN_POINT('Ctrl Pts',(-13.3072326462052,43.6806229515958,35.9363818125157));
#2157=CARTESIAN_POINT('Ctrl Pts',(-13.5834183341708,44.171341626667,35.9162089792315));
#2158=CARTESIAN_POINT('Ctrl Pts',(-13.6615751624952,44.5455992176291,35.919273095059));
#2159=CARTESIAN_POINT('Ctrl Pts',(-13.667970072547,44.7614189006644,35.926126851967));
#2160=CARTESIAN_POINT('Ctrl Pts',(-13.6680399240071,44.7936593646954,35.927263074564));
#2161=CARTESIAN_POINT('Ctrl Pts',(-13.6680399240071,44.7936593646954,35.927263074564));
#2162=CARTESIAN_POINT('Ctrl Pts',(-13.6680696753067,44.8073912996404,35.9277470171886));
#2163=CARTESIAN_POINT('Ctrl Pts',(-13.6666270483205,44.9591331880656,35.9333195168779));
#2164=CARTESIAN_POINT('Ctrl Pts',(-13.6183480960559,45.2917950160992,35.951183630099));
#2165=CARTESIAN_POINT('Ctrl Pts',(-13.4922709500735,45.5770721508247,35.9743343413862));
#2166=CARTESIAN_POINT('Ctrl Pts',(-13.2900760426293,45.9036679722441,36.0031029073927));
#2167=CARTESIAN_POINT('Ctrl Pts',(-13.1326802752485,46.0748420895629,36.0200810529812));
#2168=CARTESIAN_POINT('Ctrl Pts',(-12.7720295981028,46.3388987858022,36.0437095171973));
#2169=CARTESIAN_POINT('Ctrl Pts',(-12.5686536711066,46.4329264508985,36.0500264537238));
#2170=CARTESIAN_POINT('Ctrl Pts',(-12.1685470271328,46.5394110977683,36.0500641754875));
#2171=CARTESIAN_POINT('Ctrl Pts',(-11.7225439254842,46.579017610305,36.0371020269389));
#2172=CARTESIAN_POINT('Ctrl Pts',(-11.279812857717,46.4393855793114,36.0029638106948));
#2173=CARTESIAN_POINT('Ctrl Pts',(-10.8935142899885,46.2306617898383,35.9700667016998));
#2174=CARTESIAN_POINT('Ctrl Pts',(-10.70347363258,46.0780707038999,35.9520776735338));
#2175=CARTESIAN_POINT('Ctrl Pts',(-10.3995402213366,45.6980859918806,35.9260932650762));
#2176=CARTESIAN_POINT('Ctrl Pts',(-10.2871598406825,45.4710484937344,35.9187224439231));
#2177=CARTESIAN_POINT('Ctrl Pts',(-10.1673670631473,45.0198164497616,35.9187329502609));
#2178=CARTESIAN_POINT('Ctrl Pts',(-10.1385484280346,44.5138704557407,35.9340081195669));
#2179=CARTESIAN_POINT('Ctrl Pts',(-10.3163044264293,44.0588251499084,35.9702406341638));
#2180=CARTESIAN_POINT('Ctrl Pts',(-10.5476002943086,43.6859959304688,36.0030095042223));
#2181=CARTESIAN_POINT('Ctrl Pts',(-10.8626211728925,43.3451547867547,36.037052284714));
#2182=CARTESIAN_POINT('Ctrl Pts',(-11.2691313272841,43.1574344698435,36.05));
#2183=CARTESIAN_POINT('Ctrl Pts',(-11.4691448141274,43.1042149959336,36.05));
#2184=CARTESIAN_POINT('Origin',(-11.9191272021481,44.795373134746,36.75));
#2185=CARTESIAN_POINT('',(-13.6691272021481,44.7953731347467,32.5632323876455));
#2186=CARTESIAN_POINT('',(-13.6691272021481,44.795373134746,36.75));
#2187=CARTESIAN_POINT('',(-13.6102853409604,44.3453907467252,32.5498344352708));
#2188=CARTESIAN_POINT('Ctrl Pts',(-13.6102853409604,44.3453907467252,32.5498344352708));
#2189=CARTESIAN_POINT('Ctrl Pts',(-13.5535708505911,44.1322420223973,32.5498344352708));
#2190=CARTESIAN_POINT('Ctrl Pts',(-13.450466706864,43.9167845441685,32.56050448562));
#2191=CARTESIAN_POINT('Ctrl Pts',(-13.1668496732532,43.5463305226602,32.5986390521499));
#2192=CARTESIAN_POINT('Ctrl Pts',(-12.9863571774539,43.3912574164064,32.6255091243789));
#2193=CARTESIAN_POINT('Ctrl Pts',(-12.6072022527343,43.1714689940877,32.6756323174313));
#2194=CARTESIAN_POINT('Ctrl Pts',(-12.3829264354676,43.0919019092112,32.7022002189239));
#2195=CARTESIAN_POINT('Ctrl Pts',(-11.9204865233797,43.0298924264644,32.73963838142));
#2196=CARTESIAN_POINT('Ctrl Pts',(-11.6822739243825,43.0475057244656,32.75));
#2197=CARTESIAN_POINT('Ctrl Pts',(-11.2560157038722,43.1609242674017,32.75));
#2198=CARTESIAN_POINT('Ctrl Pts',(-11.0405496894308,43.2640255147667,32.73963838142));
#2199=CARTESIAN_POINT('Ctrl Pts',(-10.6700774077239,43.5476557965232,32.7022002189239));
#2200=CARTESIAN_POINT('Ctrl Pts',(-10.5150013708123,43.7281606052741,32.6756323174313));
#2201=CARTESIAN_POINT('Ctrl Pts',(-10.2952129484937,44.1073155299936,32.6255091243789));
#2202=CARTESIAN_POINT('Ctrl Pts',(-10.2156550919105,44.3315826849205,32.5986390521499));
#2203=CARTESIAN_POINT('Ctrl Pts',(-10.1536480306036,44.7940001674554,32.56050448562));
#2204=CARTESIAN_POINT('Ctrl Pts',(-10.1712545729664,45.0322067984387,32.5498344352707));
#2205=CARTESIAN_POINT('Ctrl Pts',(-10.284683553705,45.4585042470946,32.5498344352707));
#2206=CARTESIAN_POINT('Ctrl Pts',(-10.3877876974322,45.6739617253234,32.56050448562));
#2207=CARTESIAN_POINT('Ctrl Pts',(-10.6714047310429,46.0444157468317,32.5986390521499));
#2208=CARTESIAN_POINT('Ctrl Pts',(-10.8518972268423,46.1994888530855,32.6255091243789));
#2209=CARTESIAN_POINT('Ctrl Pts',(-11.2310521515619,46.4192772754042,32.6756323174313));
#2210=CARTESIAN_POINT('Ctrl Pts',(-11.4553279688286,46.4988443602807,32.7022002189239));
#2211=CARTESIAN_POINT('Ctrl Pts',(-11.9177678809164,46.5608538430275,32.73963838142));
#2212=CARTESIAN_POINT('Ctrl Pts',(-12.1559804799136,46.5432405450264,32.75));
#2213=CARTESIAN_POINT('Ctrl Pts',(-12.5822387004239,46.4298220020902,32.75));
#2214=CARTESIAN_POINT('Ctrl Pts',(-12.7977047148653,46.3267207547252,32.73963838142));
#2215=CARTESIAN_POINT('Ctrl Pts',(-13.1681769965722,46.0430904729687,32.7022002189239));
#2216=CARTESIAN_POINT('Ctrl Pts',(-13.3232530334838,45.8625856642178,32.6756323174313));
#2217=CARTESIAN_POINT('Ctrl Pts',(-13.5430414558025,45.4834307394983,32.6255091243789));
#2218=CARTESIAN_POINT('Ctrl Pts',(-13.6225993123856,45.2591635845714,32.5986390521499));
#2219=CARTESIAN_POINT('Ctrl Pts',(-13.663947809913,44.9508072823986,32.5732095769154));
#2220=CARTESIAN_POINT('Ctrl Pts',(-13.669127202148,44.872885390541,32.5676889975265));
#2221=CARTESIAN_POINT('Ctrl Pts',(-13.6691272021481,44.7953731347474,32.5632323876455));
#2222=CARTESIAN_POINT('Ctrl Pts',(-13.6691272021481,44.7953731347474,32.5632323876455));
#2223=CARTESIAN_POINT('Ctrl Pts',(-13.6691272021482,44.6405836705057,32.5543326820602));
#2224=CARTESIAN_POINT('Ctrl Pts',(-13.6480758729361,44.4874180069518,32.5498344352708));
#2225=CARTESIAN_POINT('Ctrl Pts',(-13.6102853409604,44.3453907467252,32.5498344352708));
#2226=CARTESIAN_POINT('Origin',(0.,0.,1.));
#2227=CARTESIAN_POINT('',(-7.75,-9.49101269339199E-16,2.));
#2228=CARTESIAN_POINT('Origin',(0.,0.,2.));
#2229=CARTESIAN_POINT('',(-9.75,1.19403062916867E-15,0.));
#2230=CARTESIAN_POINT('',(-8.75,-1.07156594925393E-15,1.));
#2231=CARTESIAN_POINT('Origin',(0.,0.,0.));
#2232=CARTESIAN_POINT('Origin',(0.,0.,0.));
#2233=CARTESIAN_POINT('',(-7.75,9.49101269339199E-16,48.));
#2234=CARTESIAN_POINT('Origin',(0.,0.,48.));
#2235=CARTESIAN_POINT('',(-7.75,-9.49101269339199E-16,0.));
#2236=CARTESIAN_POINT('Origin',(0.,0.,0.));
#2237=CARTESIAN_POINT('',(-13.5421069871317,8.04200462254773,3.55340756819089E-12));
#2238=CARTESIAN_POINT('',(11.2537206914912,-11.018905145154,5.65922309014866E-10));
#2239=CARTESIAN_POINT('Origin',(0.,0.,0.));
#2240=CARTESIAN_POINT('',(7.75470571738682,13.7086483373354,2.60425361831018E-15));
#2241=CARTESIAN_POINT('Ctrl Pts',(7.75470571738682,13.7086483373354,8.13931772593085E-17));
#2242=CARTESIAN_POINT('Ctrl Pts',(4.81131025838588,15.3736677493719,1.06856871362258E-16));
#2243=CARTESIAN_POINT('Ctrl Pts',(2.09370248919995,16.9819260171029,8.41065859309899E-14));
#2244=CARTESIAN_POINT('Ctrl Pts',(-1.1789514816401,18.4164230841633,8.44761130158969E-14));
#2245=CARTESIAN_POINT('Ctrl Pts',(-2.18679098572581,18.8018030516082,6.8928102942464E-14));
#2246=CARTESIAN_POINT('Ctrl Pts',(-3.49633624250699,19.0873471183997,6.87964589240812E-14));
#2247=CARTESIAN_POINT('Ctrl Pts',(-3.89564149710352,19.1484214668258,-2.22044604925031E-15));
#2248=CARTESIAN_POINT('Ctrl Pts',(-4.61865056686424,19.1601055067343,-2.22044604925031E-15));
#2249=CARTESIAN_POINT('Ctrl Pts',(-4.87306340059537,19.1202449578274,1.32160948851379E-11));
#2250=CARTESIAN_POINT('Ctrl Pts',(-5.28214113680823,19.0107476414474,1.32160948851379E-11));
#2251=CARTESIAN_POINT('Ctrl Pts',(-5.52336542241506,18.9171795686186,3.03088716454291E-12));
#2252=CARTESIAN_POINT('Ctrl Pts',(-6.14432909934778,18.5463374435292,3.03093323753823E-12));
#2253=CARTESIAN_POINT('Ctrl Pts',(-6.46179470172086,18.2928751650115,2.31814567541733E-12));
#2254=CARTESIAN_POINT('Ctrl Pts',(-7.46542825222388,17.3828431244482,2.31814567541733E-12));
#2255=CARTESIAN_POINT('Ctrl Pts',(-8.15630935426388,16.5339783669505,2.22044604925031E-15));
#2256=CARTESIAN_POINT('Ctrl Pts',(-9.64568773381156,14.5148985446167,2.22044604925031E-15));
#2257=CARTESIAN_POINT('Ctrl Pts',(-10.555983363698,13.061367573982,-1.8183643674503E-13));
#2258=CARTESIAN_POINT('Ctrl Pts',(-12.1435420092437,10.4184557422713,-1.82255693760129E-13));
#2259=CARTESIAN_POINT('Ctrl Pts',(-12.8225436296916,9.2536930544529,-2.8591768798869E-16));
#2260=CARTESIAN_POINT('Ctrl Pts',(-13.5421069871302,8.0420046225503,-2.63763333848263E-16));
#2261=CARTESIAN_POINT('',(11.2537206918102,11.0189051448283,2.45736764270532E-11));
#2262=CARTESIAN_POINT('Origin',(0.,0.,0.));
#2263=CARTESIAN_POINT('Ctrl Pts',(11.2537206918247,-11.0189051448135,9.09668024778046E-16));
#2264=CARTESIAN_POINT('Ctrl Pts',(13.8926363139578,-8.32375358932913,9.10897039393438E-16));
#2265=CARTESIAN_POINT('Ctrl Pts',(16.45926906239,-5.81408955097575,-4.4593218007094E-11));
#2266=CARTESIAN_POINT('Ctrl Pts',(18.5267873217166,-2.97907309403636,-4.4593218007094E-11));
#2267=CARTESIAN_POINT('Ctrl Pts',(18.9598640675568,-2.31626206355914,3.37284944911025E-11));
#2268=CARTESIAN_POINT('Ctrl Pts',(19.4352450969114,-1.32211692737639,3.37286174078896E-11));
#2269=CARTESIAN_POINT('Ctrl Pts',(19.5834427731167,-0.947056742663017,-2.20465786548171E-15));
#2270=CARTESIAN_POINT('Ctrl Pts',(19.7387143653858,-0.237158531102929,-2.23505801283784E-15));
#2271=CARTESIAN_POINT('Ctrl Pts',(19.7459817740224,0.0539054769606931,4.42690250848317E-15));
#2272=CARTESIAN_POINT('Ctrl Pts',(19.6748416600657,0.570411049046182,4.45170169698128E-15));
#2273=CARTESIAN_POINT('Ctrl Pts',(19.6036624521655,0.891280777675744,-4.9960036108132E-12));
#2274=CARTESIAN_POINT('Ctrl Pts',(19.1902813201234,1.88463409191738,-4.9960036108132E-12));
#2275=CARTESIAN_POINT('Ctrl Pts',(18.8695095140067,2.43401698129078,7.24664772633332E-11));
#2276=CARTESIAN_POINT('Ctrl Pts',(18.0758017888026,3.63476252918693,7.24664772633332E-11));
#2277=CARTESIAN_POINT('Ctrl Pts',(17.5191584004712,4.34326975916872,-2.31392199315658E-15));
#2278=CARTESIAN_POINT('Ctrl Pts',(15.3973087011497,6.85839101240022,-1.95088193251939E-15));
#2279=CARTESIAN_POINT('Ctrl Pts',(13.3719623685134,8.85552322311167,2.64207808057139E-17));
#2280=CARTESIAN_POINT('Ctrl Pts',(11.2537206918247,11.0189051448135,2.6335679660752E-17));
#2281=CARTESIAN_POINT('Origin',(0.,0.,49.));
#2282=CARTESIAN_POINT('',(-9.75,-1.19403062916867E-15,50.));
#2283=CARTESIAN_POINT('Origin',(0.,0.,50.));
#2284=CARTESIAN_POINT('',(-8.75,-1.07156594925393E-15,49.));
#2285=CARTESIAN_POINT('Origin',(0.,0.,50.));
#2286=CARTESIAN_POINT('',(-13.5421069873303,8.04200462221337,49.9999999995347));
#2287=CARTESIAN_POINT('',(11.2537206917977,-11.0189051448411,49.9999999999542));
#2288=CARTESIAN_POINT('Origin',(0.,0.,50.));
#2289=CARTESIAN_POINT('',(11.2537206918106,11.0189051448278,49.9999999999761));
#2290=CARTESIAN_POINT('Ctrl Pts',(11.2537206918247,11.0189051448135,50.));
#2291=CARTESIAN_POINT('Ctrl Pts',(13.8927864168806,8.32360028767652,50.));
#2292=CARTESIAN_POINT('Ctrl Pts',(16.4595776931146,5.81378680968173,50.0000000000449));
#2293=CARTESIAN_POINT('Ctrl Pts',(18.527049834425,2.97868163962009,50.0000000000449));
#2294=CARTESIAN_POINT('Ctrl Pts',(18.9600957895942,2.31587208490147,49.9999999999684));
#2295=CARTESIAN_POINT('Ctrl Pts',(19.4353678389128,1.32181124426232,49.9999999999684));
#2296=CARTESIAN_POINT('Ctrl Pts',(19.5835033251447,0.946845978331849,50.));
#2297=CARTESIAN_POINT('Ctrl Pts',(19.7387240701142,0.237052973018957,50.));
#2298=CARTESIAN_POINT('Ctrl Pts',(19.7459826271039,-0.0540187170214366,
50.));
#2299=CARTESIAN_POINT('Ctrl Pts',(19.674806008151,-0.570577562057904,50.));
#2300=CARTESIAN_POINT('Ctrl Pts',(19.6036026521514,-0.891484221838707,50.0000000000049));
#2301=CARTESIAN_POINT('Ctrl Pts',(19.1901415238398,-1.88489786220942,50.0000000000049));
#2302=CARTESIAN_POINT('Ctrl Pts',(18.8693538763519,-2.43427496333172,49.9999999999287));
#2303=CARTESIAN_POINT('Ctrl Pts',(18.0754854236219,-3.63520864669694,49.9999999999287));
#2304=CARTESIAN_POINT('Ctrl Pts',(17.5186525081615,-4.34390952642956,50.));
#2305=CARTESIAN_POINT('Ctrl Pts',(15.3967247179902,-6.8589675082016,50.));
#2306=CARTESIAN_POINT('Ctrl Pts',(13.3716581214125,-8.85583395379216,50.));
#2307=CARTESIAN_POINT('Ctrl Pts',(11.2537206918247,-11.0189051448135,50.));
#2308=CARTESIAN_POINT('',(7.75470571738726,13.7086483373351,49.9999999999994));
#2309=CARTESIAN_POINT('Origin',(0.,0.,50.));
#2310=CARTESIAN_POINT('Ctrl Pts',(-13.5421069871302,8.0420046225503,50.));
#2311=CARTESIAN_POINT('Ctrl Pts',(-11.8154206287919,10.9496094419094,50.));
#2312=CARTESIAN_POINT('Ctrl Pts',(-10.2564528820833,13.6957513560332,49.9999999999999));
#2313=CARTESIAN_POINT('Ctrl Pts',(-8.12950753568034,16.5669436309225,49.9999999999999));
#2314=CARTESIAN_POINT('Ctrl Pts',(-7.44650958143867,17.4021856899699,49.9999999999999));
#2315=CARTESIAN_POINT('Ctrl Pts',(-6.452028786804,18.3008392573094,49.9999999999999));
#2316=CARTESIAN_POINT('Ctrl Pts',(-6.13580394950715,18.5523518188496,50.));
#2317=CARTESIAN_POINT('Ctrl Pts',(-5.51415941114816,18.9218276699163,50.));
#2318=CARTESIAN_POINT('Ctrl Pts',(-5.27359572680636,19.0136698128693,49.9999999999871));
#2319=CARTESIAN_POINT('Ctrl Pts',(-4.864215871111,19.1219507634463,49.9999999999871));
#2320=CARTESIAN_POINT('Ctrl Pts',(-4.60841960917661,19.1606338739105,49.9999999999969));
#2321=CARTESIAN_POINT('Ctrl Pts',(-3.88524934445597,19.1474554688344,49.9999999999969));
#2322=CARTESIAN_POINT('Ctrl Pts',(-3.48369548974933,19.0852615345891,49.9999999999976));
#2323=CARTESIAN_POINT('Ctrl Pts',(-2.16070156868256,18.7943632330666,49.9999999999976));
#2324=CARTESIAN_POINT('Ctrl Pts',(-1.13965301700946,18.4012614457212,50.));
#2325=CARTESIAN_POINT('Ctrl Pts',(1.15528386087172,17.3898403683045,50.));
#2326=CARTESIAN_POINT('Ctrl Pts',(2.66678782051069,16.5814177858802,50.0000000000002));
#2327=CARTESIAN_POINT('Ctrl Pts',(5.35803262494108,15.0769608941019,50.0000000000002));
#2328=CARTESIAN_POINT('Ctrl Pts',(6.52702191723041,14.4031242878408,50.));
#2329=CARTESIAN_POINT('Ctrl Pts',(7.75470571738683,13.7086483373354,50.));
#2330=CARTESIAN_POINT('Origin',(-14.0780204252196,52.9090903428428,25.));
#2331=CARTESIAN_POINT('',(-23.7573199917573,51.3684216889058,25.));
#2332=CARTESIAN_POINT('Origin',(-14.3351532183743,53.8754664221641,25.));
#2333=CARTESIAN_POINT('',(-21.3103022468052,49.9499351165726,25.));
#2334=CARTESIAN_POINT('',(-22.5338111192812,50.6591784027392,25.));
#2335=CARTESIAN_POINT('Origin',(-13.8208876320649,51.9427142635215,25.));
#2336=CARTESIAN_POINT('Origin',(-4.04984149218646,15.2204232493109,25.));
#2337=CARTESIAN_POINT('',(-11.0150418473502,11.2575020808847,25.));
#2338=CARTESIAN_POINT('',(-11.5392561069268,13.227644102362,25.));
#2339=CARTESIAN_POINT('Ctrl Pts',(-11.0150418473502,11.2575020808847,25.));
#2340=CARTESIAN_POINT('Ctrl Pts',(-11.0150418473502,11.2575020808847,25.9935486861532));
#2341=CARTESIAN_POINT('Ctrl Pts',(-10.850462539242,11.4249389326714,27.0383224613428));
#2342=CARTESIAN_POINT('Ctrl Pts',(-10.1859598785034,12.0211467078505,28.9408359322822));
#2343=CARTESIAN_POINT('Ctrl Pts',(-9.68444659676507,12.4418393001799,29.80054246705));
#2344=CARTESIAN_POINT('Ctrl Pts',(-8.50226959151037,13.2776738690327,31.1578905237562));
#2345=CARTESIAN_POINT('Ctrl Pts',(-7.73829911025096,13.7521794519411,31.7519823870981));
#2346=CARTESIAN_POINT('Ctrl Pts',(-5.99200181711686,14.5979323016997,32.5484673585822));
#2347=CARTESIAN_POINT('Ctrl Pts',(-5.00754992888165,14.965596737537,32.75));
#2348=CARTESIAN_POINT('Ctrl Pts',(-3.09213305549127,15.4752497610849,32.75));
#2349=CARTESIAN_POINT('Ctrl Pts',(-2.05514006536992,15.6454502195702,32.5484673585822));
#2350=CARTESIAN_POINT('Ctrl Pts',(-0.119446459281634,15.779399397362,31.7519823870981));
#2351=CARTESIAN_POINT('Ctrl Pts',(0.77931765081661,15.747313281263,31.1578905237562));
#2352=CARTESIAN_POINT('Ctrl Pts',(2.22055803219034,15.6095161066181,29.80054246705));
#2353=CARTESIAN_POINT('Ctrl Pts',(2.86482719647335,15.4936926506399,28.9408359322822));
#2354=CARTESIAN_POINT('Ctrl Pts',(3.73775938876024,15.3065646597301,27.0383224613429));
#2355=CARTESIAN_POINT('Ctrl Pts',(3.96378738213038,15.2430603747825,25.9935486861532));
#2356=CARTESIAN_POINT('Ctrl Pts',(3.96378738213038,15.2430603747825,24.0064513138468));
#2357=CARTESIAN_POINT('Ctrl Pts',(3.73775938876024,15.3065646597301,22.9616775386572));
#2358=CARTESIAN_POINT('Ctrl Pts',(2.86482719647335,15.4936926506399,21.0591640677178));
#2359=CARTESIAN_POINT('Ctrl Pts',(2.22055803219034,15.6095161066181,20.19945753295));
#2360=CARTESIAN_POINT('Ctrl Pts',(0.77931765081661,15.747313281263,18.8421094762438));
#2361=CARTESIAN_POINT('Ctrl Pts',(-0.119446459281635,15.779399397362,18.2480176129019));
#2362=CARTESIAN_POINT('Ctrl Pts',(-2.05514006536992,15.6454502195702,17.4515326414178));
#2363=CARTESIAN_POINT('Ctrl Pts',(-3.09213305549127,15.4752497610849,17.25));
#2364=CARTESIAN_POINT('Ctrl Pts',(-5.00754992888165,14.965596737537,17.25));
#2365=CARTESIAN_POINT('Ctrl Pts',(-5.99200181711686,14.5979323016997,17.4515326414178));
#2366=CARTESIAN_POINT('Ctrl Pts',(-7.73829911025096,13.7521794519411,18.2480176129019));
#2367=CARTESIAN_POINT('Ctrl Pts',(-8.50226959151037,13.2776738690327,18.8421094762438));
#2368=CARTESIAN_POINT('Ctrl Pts',(-9.68444659676507,12.4418393001799,20.19945753295));
#2369=CARTESIAN_POINT('Ctrl Pts',(-10.1859598785034,12.0211467078505,21.0591640677178));
#2370=CARTESIAN_POINT('Ctrl Pts',(-10.850462539242,11.4249389326714,22.9616775386572));
#2371=CARTESIAN_POINT('Ctrl Pts',(-11.0150418473502,11.2575020808847,24.0064513138468));
#2372=CARTESIAN_POINT('Ctrl Pts',(-11.0150418473502,11.2575020808847,25.));
#2373=CARTESIAN_POINT('Origin',(-14.3351532183743,53.8754664221641,25.));
#2374=CARTESIAN_POINT('Origin',(54.75,-2.89322806298562E-15,25.));
#2375=CARTESIAN_POINT('',(55.75,-9.75,25.));
#2376=CARTESIAN_POINT('Origin',(55.75,-2.89322806298562E-15,25.));
#2377=CARTESIAN_POINT('',(53.75,-7.75,25.));
#2378=CARTESIAN_POINT('',(54.75,-8.75,25.));
#2379=CARTESIAN_POINT('Origin',(53.75,-2.89322806298562E-15,25.));
#2380=CARTESIAN_POINT('Origin',(15.75,-2.89322806298562E-15,25.));
#2381=CARTESIAN_POINT('',(13.7113092008021,-7.75,25.));
#2382=CARTESIAN_POINT('',(15.75,-7.75,25.));
#2383=CARTESIAN_POINT('',(13.7113092008021,7.75,25.));
#2384=CARTESIAN_POINT('Ctrl Pts',(13.7113092008021,7.74999999999999,25.));
#2385=CARTESIAN_POINT('Ctrl Pts',(13.7113092008021,7.74999999999999,25.9935486861532));
#2386=CARTESIAN_POINT('Ctrl Pts',(13.8307974319763,7.54790098811597,27.0383224613428));
#2387=CARTESIAN_POINT('Ctrl Pts',(14.2360929390003,6.75243694160045,28.9408359322822));
#2388=CARTESIAN_POINT('Ctrl Pts',(14.5136846860375,6.15961264134151,29.80054246705));
#2389=CARTESIAN_POINT('Ctrl Pts',(15.0174387442824,4.80226458463525,31.1578905237562));
#2390=CARTESIAN_POINT('Ctrl Pts',(15.2795477253756,3.94197084033781,31.7519823870981));
#2391=CARTESIAN_POINT('Ctrl Pts',(15.647832747738,2.03692011629247,32.5484673585822));
#2392=CARTESIAN_POINT('Ctrl Pts',(15.75,0.991030776928758,32.75));
#2393=CARTESIAN_POINT('Ctrl Pts',(15.75,-0.991030776928762,32.75));
#2394=CARTESIAN_POINT('Ctrl Pts',(15.647832747738,-2.03692011629247,32.5484673585822));
#2395=CARTESIAN_POINT('Ctrl Pts',(15.2795477253756,-3.94197084033781,31.7519823870981));
#2396=CARTESIAN_POINT('Ctrl Pts',(15.0174387442824,-4.80226458463525,31.1578905237562));
#2397=CARTESIAN_POINT('Ctrl Pts',(14.5136846860375,-6.15961264134151,29.80054246705));
#2398=CARTESIAN_POINT('Ctrl Pts',(14.2360929390003,-6.75243694160045,28.9408359322822));
#2399=CARTESIAN_POINT('Ctrl Pts',(13.8307974319763,-7.54790098811598,27.0383224613429));
#2400=CARTESIAN_POINT('Ctrl Pts',(13.7113092008021,-7.75,25.9935486861532));
#2401=CARTESIAN_POINT('Ctrl Pts',(13.7113092008021,-7.75,25.));
#2402=CARTESIAN_POINT('Ctrl Pts',(13.7113092008021,-7.75,25.));
#2403=CARTESIAN_POINT('Ctrl Pts',(13.7113092008021,-7.75,24.0064513138468));
#2404=CARTESIAN_POINT('Ctrl Pts',(13.8307974319763,-7.54790098811598,22.9616775386572));
#2405=CARTESIAN_POINT('Ctrl Pts',(14.2360929390003,-6.75243694160045,21.0591640677178));
#2406=CARTESIAN_POINT('Ctrl Pts',(14.5136846860375,-6.15961264134151,20.19945753295));
#2407=CARTESIAN_POINT('Ctrl Pts',(15.0174387442824,-4.80226458463526,18.8421094762438));
#2408=CARTESIAN_POINT('Ctrl Pts',(15.2795477253756,-3.94197084033781,18.2480176129019));
#2409=CARTESIAN_POINT('Ctrl Pts',(15.647832747738,-2.03692011629248,17.4515326414178));
#2410=CARTESIAN_POINT('Ctrl Pts',(15.75,-0.991030776928764,17.25));
#2411=CARTESIAN_POINT('Ctrl Pts',(15.75,0.991030776928756,17.25));
#2412=CARTESIAN_POINT('Ctrl Pts',(15.647832747738,2.03692011629247,17.4515326414178));
#2413=CARTESIAN_POINT('Ctrl Pts',(15.2795477253756,3.94197084033781,18.2480176129019));
#2414=CARTESIAN_POINT('Ctrl Pts',(15.0174387442824,4.80226458463525,18.8421094762438));
#2415=CARTESIAN_POINT('Ctrl Pts',(14.5136846860375,6.15961264134151,20.19945753295));
#2416=CARTESIAN_POINT('Ctrl Pts',(14.2360929390003,6.75243694160045,21.0591640677178));
#2417=CARTESIAN_POINT('Ctrl Pts',(13.8307974319763,7.54790098811597,22.9616775386572));
#2418=CARTESIAN_POINT('Ctrl Pts',(13.7113092008021,7.74999999999999,24.0064513138468));
#2419=CARTESIAN_POINT('Ctrl Pts',(13.7113092008021,7.74999999999999,25.));
#2420=CARTESIAN_POINT('Origin',(55.75,-2.89322806298562E-15,25.));
#2421=CARTESIAN_POINT('Ctrl Pts',(9.59889307414092,12.4869432509005,5.90052959371737));
#2422=CARTESIAN_POINT('Ctrl Pts',(10.1239326757132,12.0833377492243,3.91075904816956));
#2423=CARTESIAN_POINT('Ctrl Pts',(11.1903217419498,11.1574140957924,0.152371595373149));
#2424=CARTESIAN_POINT('Ctrl Pts',(12.7150731424136,9.39928371667337,-4.84999430767891));
#2425=CARTESIAN_POINT('Ctrl Pts',(14.0581074440824,7.26075400233657,-9.07726060735312));
#2426=CARTESIAN_POINT('Ctrl Pts',(15.1048993498619,4.74816497044232,-12.294433033527));
#2427=CARTESIAN_POINT('Ctrl Pts',(15.6208606102918,2.39513576236338,-13.8590096028886));
#2428=CARTESIAN_POINT('Ctrl Pts',(15.766728158544,0.438748550120493,-14.3007559596361));
#2429=CARTESIAN_POINT('Ctrl Pts',(15.729975201204,-1.52882426037388,-14.189013488058));
#2430=CARTESIAN_POINT('Ctrl Pts',(15.3395670050127,-3.93625970072009,-13.0086335564906));
#2431=CARTESIAN_POINT('Ctrl Pts',(14.3019562193663,-6.84303953324782,-9.83313587865237));
#2432=CARTESIAN_POINT('Ctrl Pts',(12.684650633521,-9.51945906355801,-4.77893822259187));
#2433=CARTESIAN_POINT('Ctrl Pts',(10.6090094923331,-11.7587509954047,2.08623046738611));
#2434=CARTESIAN_POINT('Ctrl Pts',(8.81957928345862,-13.0902393645805,8.71538378163662));
#2435=CARTESIAN_POINT('Ctrl Pts',(7.55771575360785,-13.8297061313755,14.6956529663228));
#2436=CARTESIAN_POINT('Ctrl Pts',(6.82055586673195,-14.2007349362935,19.6158142934627));
#2437=CARTESIAN_POINT('Ctrl Pts',(6.51189513587729,-14.3398610467745,24.9979568916985));
#2438=CARTESIAN_POINT('Ctrl Pts',(6.82001508508866,-14.2008893593924,30.3834512190886));
#2439=CARTESIAN_POINT('Ctrl Pts',(7.55722488744657,-13.8300144221097,35.3012048926243));
#2440=CARTESIAN_POINT('Ctrl Pts',(8.81932860374309,-13.0903871387048,41.2831061565379));
#2441=CARTESIAN_POINT('Ctrl Pts',(10.6093851378204,-11.758864036032,47.9132256805941));
#2442=CARTESIAN_POINT('Ctrl Pts',(12.6842794029605,-9.51934547182337,54.7785207153312));
#2443=CARTESIAN_POINT('Ctrl Pts',(14.3021592386819,-6.84357115879081,59.8335519832666));
#2444=CARTESIAN_POINT('Ctrl Pts',(15.1316837148858,-4.51727727479835,62.3728670213282));
#2445=CARTESIAN_POINT('Ctrl Pts',(15.5480589052366,-2.65292437013689,63.6384877058559));
#2446=CARTESIAN_POINT('Ctrl Pts',(15.7149202688262,-1.36228116728179,64.1438923823689));
#2447=CARTESIAN_POINT('Ctrl Pts',(15.7600792125917,-0.0534684964919809,
64.2804912756677));
#2448=CARTESIAN_POINT('Ctrl Pts',(15.7238201986839,1.25578131560916,64.1707648395429));
#2449=CARTESIAN_POINT('Ctrl Pts',(15.5260810739118,2.87187504137311,63.572228998286));
#2450=CARTESIAN_POINT('Ctrl Pts',(14.9883644953103,5.0268604796193,61.9363460770984));
#2451=CARTESIAN_POINT('Ctrl Pts',(14.058388749239,7.26078653320105,59.0781251047716));
#2452=CARTESIAN_POINT('Ctrl Pts',(12.7151287125086,9.39892169315007,54.8501783838991));
#2453=CARTESIAN_POINT('Ctrl Pts',(11.1908205567816,11.1570479833053,49.8493118359321));
#2454=CARTESIAN_POINT('Ctrl Pts',(10.1239326757135,12.0833377492241,46.0892409518316));
#2455=CARTESIAN_POINT('Ctrl Pts',(9.59889307414123,12.4869432509003,44.0994704062838));
#2456=CARTESIAN_POINT('Ctrl Pts',(10.8337784004661,11.5376691196702,7.32407094778315));
#2457=CARTESIAN_POINT('Ctrl Pts',(11.368009246723,11.044292835423,5.5074224319309));
#2458=CARTESIAN_POINT('Ctrl Pts',(12.4185898818732,9.93398217111128,2.10240931178086));
#2459=CARTESIAN_POINT('Ctrl Pts',(13.7786292804244,7.95878138203015,-2.33125553265741));
#2460=CARTESIAN_POINT('Ctrl Pts',(14.8111675003126,5.7745248073232,-5.96088592415555));
#2461=CARTESIAN_POINT('Ctrl Pts',(15.4556216798045,3.52208070746183,-8.60623370066806));
#2462=CARTESIAN_POINT('Ctrl Pts',(15.6949387147792,1.71306152561788,-9.8331427090631));
#2463=CARTESIAN_POINT('Ctrl Pts',(15.7571459668655,0.310651989612032,-10.1754089022869));
#2464=CARTESIAN_POINT('Ctrl Pts',(15.7411551474111,-1.08416925339761,-10.0886137864385));
#2465=CARTESIAN_POINT('Ctrl Pts',(15.5734700181537,-2.86387034328636,-9.17327727659311));
#2466=CARTESIAN_POINT('Ctrl Pts',(14.9864482308876,-5.35424093442441,-6.60110995923912));
#2467=CARTESIAN_POINT('Ctrl Pts',(13.7775133843494,-8.0634647594937,-2.28662647681568));
#2468=CARTESIAN_POINT('Ctrl Pts',(11.8781303010875,-10.632417980226,3.83181775406562));
#2469=CARTESIAN_POINT('Ctrl Pts',(10.0416294374552,-12.2770343467499,9.89088690383994));
#2470=CARTESIAN_POINT('Ctrl Pts',(8.68441841012233,-13.2169941244532,15.4176369279454));
#2471=CARTESIAN_POINT('Ctrl Pts',(7.87407943145744,-13.6959832964045,19.9866596579994));
#2472=CARTESIAN_POINT('Ctrl Pts',(7.53040976874224,-13.8770435308148,24.9980942646706));
#2473=CARTESIAN_POINT('Ctrl Pts',(7.87346530848298,-13.6962202810827,30.0126746430415));
#2474=CARTESIAN_POINT('Ctrl Pts',(8.68386091838311,-13.2173288873255,34.5794308352961));
#2475=CARTESIAN_POINT('Ctrl Pts',(10.041485402793,-12.2774133991509,40.1077972255275));
#2476=CARTESIAN_POINT('Ctrl Pts',(11.8783753190447,-10.6322259260764,46.1675414118577));
#2477=CARTESIAN_POINT('Ctrl Pts',(13.7774027966693,-8.06388560148064,52.2864750232241));
#2478=CARTESIAN_POINT('Ctrl Pts',(14.9860513746592,-5.35395774703748,56.6009412360445));
#2479=CARTESIAN_POINT('Ctrl Pts',(15.4563490730644,-3.36251961402871,58.6587356772468));
#2480=CARTESIAN_POINT('Ctrl Pts',(15.6625356951394,-1.91451082358351,59.6613595730223));
#2481=CARTESIAN_POINT('Ctrl Pts',(15.7350825797647,-0.970160008800708,60.0538839537657));
#2482=CARTESIAN_POINT('Ctrl Pts',(15.7542166567553,-0.0380457847191483,
60.159641181884));
#2483=CARTESIAN_POINT('Ctrl Pts',(15.7387422538598,0.893832914219414,60.0746938100652));
#2484=CARTESIAN_POINT('Ctrl Pts',(15.6535387958561,2.07164452282347,59.6102034660279));
#2485=CARTESIAN_POINT('Ctrl Pts',(15.3841899332236,3.77315811438831,58.3119963596589));
#2486=CARTESIAN_POINT('Ctrl Pts',(14.8113348679336,5.77369794012662,55.9615141093565));
#2487=CARTESIAN_POINT('Ctrl Pts',(13.7786923005196,7.95887604508685,52.3314331230889));
#2488=CARTESIAN_POINT('Ctrl Pts',(12.4190444511527,9.93329070874374,47.8990873177685));
#2489=CARTESIAN_POINT('Ctrl Pts',(11.3680092467233,11.0442928354227,44.4925775680701));
#2490=CARTESIAN_POINT('Ctrl Pts',(10.8337784004664,11.5376691196699,42.6759290522179));
#2491=CARTESIAN_POINT('Ctrl Pts',(13.6008437290571,10.0260084026114,10.1710729717194));
#2492=CARTESIAN_POINT('Ctrl Pts',(14.2159099299906,9.40062083545182,8.70066911931101));
#2493=CARTESIAN_POINT('Ctrl Pts',(15.386634157598,8.01630104822408,6.00220552955649));
#2494=CARTESIAN_POINT('Ctrl Pts',(16.7320277598988,5.70957734753735,2.70562356136095));
#2495=CARTESIAN_POINT('Ctrl Pts',(17.5232190816176,3.44623790723461,0.270548093849814));
#2496=CARTESIAN_POINT('Ctrl Pts',(17.747772714121,1.58773075406302,-1.23199957296926));
#2497=CARTESIAN_POINT('Ctrl Pts',(17.6616986132329,0.632741237613942,-1.78438684986885));
#2498=CARTESIAN_POINT('Ctrl Pts',(17.6236009615079,0.107494041157035,-1.92784677458712));
#2499=CARTESIAN_POINT('Ctrl Pts',(17.6325959588113,-0.379143384445284,-1.89081989680134));
#2500=CARTESIAN_POINT('Ctrl Pts',(17.7311761605906,-1.16846420095306,-1.50519956091382));
#2501=CARTESIAN_POINT('Ctrl Pts',(17.6380562121457,-3.01910851314741,-0.138439111138492));
#2502=CARTESIAN_POINT('Ctrl Pts',(16.766946461537,-5.79238839652744,2.69742604943621));
#2503=CARTESIAN_POINT('Ctrl Pts',(14.8219802609216,-8.86138439926525,7.32284460806421));
#2504=CARTESIAN_POINT('Ctrl Pts',(12.6895439889016,-10.9656038969506,12.2418514982049));
#2505=CARTESIAN_POINT('Ctrl Pts',(11.0473413132497,-12.1958608572615,16.8615956990023));
#2506=CARTESIAN_POINT('Ctrl Pts',(10.0493910829246,-12.8300844902843,20.7283467953705));
#2507=CARTESIAN_POINT('Ctrl Pts',(9.62199447401828,-13.0712065484125,24.998368894726));
#2508=CARTESIAN_POINT('Ctrl Pts',(10.0486144393254,-12.830437415593,29.2711257941579));
#2509=CARTESIAN_POINT('Ctrl Pts',(11.0466392316664,-12.1962347371904,33.1358911332769));
#2510=CARTESIAN_POINT('Ctrl Pts',(12.6895061027324,-10.9663432104377,37.7572195968385));
#2511=CARTESIAN_POINT('Ctrl Pts',(14.8220703781141,-8.86068494244689,42.6763226427473));
#2512=CARTESIAN_POINT('Ctrl Pts',(16.7672228776794,-5.79372996765153,47.3029365169807));
#2513=CARTESIAN_POINT('Ctrl Pts',(17.6365241180586,-3.017364037433,50.1372037237665));
#2514=CARTESIAN_POINT('Ctrl Pts',(17.7137872523838,-1.54074830213104,51.2328468224917));
#2515=CARTESIAN_POINT('Ctrl Pts',(17.6775386256018,-0.745811702917091,51.7098128739909));
#2516=CARTESIAN_POINT('Ctrl Pts',(17.637173948744,-0.348911450827414,51.8769686705581));
#2517=CARTESIAN_POINT('Ctrl Pts',(17.6251528233714,-0.0135289301477917,
51.9210409889225));
#2518=CARTESIAN_POINT('Ctrl Pts',(17.6347439332573,0.320137306944832,51.8855427455545));
#2519=CARTESIAN_POINT('Ctrl Pts',(17.6838808985405,0.805145691384418,51.6890126418944));
#2520=CARTESIAN_POINT('Ctrl Pts',(17.7235015968976,1.79738149324249,51.065391187257));
#2521=CARTESIAN_POINT('Ctrl Pts',(17.5230492354893,3.44385499854902,49.7296973570199));
#2522=CARTESIAN_POINT('Ctrl Pts',(16.7321326326951,5.71048986723039,47.2945311500989));
#2523=CARTESIAN_POINT('Ctrl Pts',(15.3870823338275,8.01504917533585,43.9989233135846));
#2524=CARTESIAN_POINT('Ctrl Pts',(14.2159099299909,9.40062083545142,41.2993308806898));
#2525=CARTESIAN_POINT('Ctrl Pts',(13.6008437290574,10.0260084026111,39.8289270282815));
#2526=CARTESIAN_POINT('Ctrl Pts',(18.4244753156577,9.03826945159862,14.2164227629841));
#2527=CARTESIAN_POINT('Ctrl Pts',(19.3075555107275,8.38565179134888,13.2034266583268));
#2528=CARTESIAN_POINT('Ctrl Pts',(21.0238580079162,6.94774567022342,11.4064318219262));
#2529=CARTESIAN_POINT('Ctrl Pts',(23.1476982363856,4.59917992190292,9.4430039448885));
#2530=CARTESIAN_POINT('Ctrl Pts',(24.6139299250026,2.39034418583339,8.28541991336097));
#2531=CARTESIAN_POINT('Ctrl Pts',(25.3446840464494,0.75755852121596,7.89773369346493));
#2532=CARTESIAN_POINT('Ctrl Pts',(25.494003276124,0.178308042907971,7.95676595894741));
#2533=CARTESIAN_POINT('Ctrl Pts',(25.5212216116326,0.022432008887372,7.99050620305101));
#2534=CARTESIAN_POINT('Ctrl Pts',(25.513725312457,-0.0837611468215402,7.98294424416051));
#2535=CARTESIAN_POINT('Ctrl Pts',(25.4369959461765,-0.448927923758319,7.89574875814958));
#2536=CARTESIAN_POINT('Ctrl Pts',(24.8505487303847,-1.97651009925191,8.11615217071884));
#2537=CARTESIAN_POINT('Ctrl Pts',(23.1686925364029,-4.67046083251381,9.39217478000528));
#2538=CARTESIAN_POINT('Ctrl Pts',(20.1612964730673,-7.81783346901444,12.2317641350721));
#2539=CARTESIAN_POINT('Ctrl Pts',(17.1150390010618,-10.0195174367298,15.6353082065383));
#2540=CARTESIAN_POINT('Ctrl Pts',(14.832126315209,-11.3145968148703,18.9764004602605));
#2541=CARTESIAN_POINT('Ctrl Pts',(13.4611881930937,-11.9842417282357,21.8237413653194));
#2542=CARTESIAN_POINT('Ctrl Pts',(12.8780037412455,-12.2392000051366,24.9987804656474));
#2543=CARTESIAN_POINT('Ctrl Pts',(13.4601414705674,-11.9846261335053,28.175905615499));
#2544=CARTESIAN_POINT('Ctrl Pts',(14.8311719157086,-11.3149697560779,31.0217210712496));
#2545=CARTESIAN_POINT('Ctrl Pts',(17.1148789446805,-10.0203743761342,34.3641902027679));
#2546=CARTESIAN_POINT('Ctrl Pts',(20.1615440049546,-7.8169511830402,37.7673553942906));
#2547=CARTESIAN_POINT('Ctrl Pts',(23.1688240683824,-4.67213278630247,40.6085661362942));
#2548=CARTESIAN_POINT('Ctrl Pts',(24.8490028120552,-1.97421339949352,41.8818390492233));
#2549=CARTESIAN_POINT('Ctrl Pts',(25.3208838056431,-0.757166762511597,42.0619025973928));
#2550=CARTESIAN_POINT('Ctrl Pts',(25.4768765657164,-0.251925284608871,42.0562301520849));
#2551=CARTESIAN_POINT('Ctrl Pts',(25.5116083217621,-0.0881453404833472,
42.0215398274983));
#2552=CARTESIAN_POINT('Ctrl Pts',(25.5197839021628,-0.00322555581034549,
42.0107455878144));
#2553=CARTESIAN_POINT('Ctrl Pts',(25.5131511676805,0.0793529955138897,42.0193650756352));
#2554=CARTESIAN_POINT('Ctrl Pts',(25.4734475590867,0.270052819589932,42.062142717047));
#2555=CARTESIAN_POINT('Ctrl Pts',(25.2640831187922,0.943006259347962,42.0599968114509));
#2556=CARTESIAN_POINT('Ctrl Pts',(24.6139135355229,2.38738225121066,41.7143737849969));
#2557=CARTESIAN_POINT('Ctrl Pts',(23.1478200613683,4.60040507158874,40.5571337305343));
#2558=CARTESIAN_POINT('Ctrl Pts',(21.0245671441011,6.94630758629359,38.5942478256705));
#2559=CARTESIAN_POINT('Ctrl Pts',(19.307555510728,8.38565179134845,36.7965733416737));
#2560=CARTESIAN_POINT('Ctrl Pts',(18.4244753156582,9.03826945159824,35.7835772370164));
#2561=CARTESIAN_POINT('Ctrl Pts',(22.7930065032205,9.32555607324141,17.2218131217814));
#2562=CARTESIAN_POINT('Ctrl Pts',(23.9775387373985,8.80055144940118,16.490960863385));
#2563=CARTESIAN_POINT('Ctrl Pts',(26.3445971198633,7.63477693149197,15.1931195005396));
#2564=CARTESIAN_POINT('Ctrl Pts',(29.5625442483909,5.6645480078261,13.7632220223993));
#2565=CARTESIAN_POINT('Ctrl Pts',(32.1915758846793,3.67211866430838,12.8940520381526));
#2566=CARTESIAN_POINT('Ctrl Pts',(34.030071545179,1.91923323636356,12.5571798924911));
#2567=CARTESIAN_POINT('Ctrl Pts',(34.8278238469811,0.847090517652389,12.5523278096592));
#2568=CARTESIAN_POINT('Ctrl Pts',(35.0456171280696,0.149123212618312,12.5617610275536));
#2569=CARTESIAN_POINT('Ctrl Pts',(34.9904236307816,-0.522922218264616,12.5600712391609));
#2570=CARTESIAN_POINT('Ctrl Pts',(34.4054680322217,-1.48457383953764,12.536478853004));
#2571=CARTESIAN_POINT('Ctrl Pts',(32.6539016800826,-3.29442300530619,12.7641928552861));
#2572=CARTESIAN_POINT('Ctrl Pts',(29.5305003847427,-5.74325079800876,13.7302143276994));
#2573=CARTESIAN_POINT('Ctrl Pts',(25.0909725349443,-8.35074455631683,15.7910488730435));
#2574=CARTESIAN_POINT('Ctrl Pts',(21.0354405912864,-10.1138921586761,18.2452627336741));
#2575=CARTESIAN_POINT('Ctrl Pts',(18.1082271695922,-11.1407292508363,20.6544185042365));
#2576=CARTESIAN_POINT('Ctrl Pts',(16.3795983074965,-11.6690951111987,22.7082105190657));
#2577=CARTESIAN_POINT('Ctrl Pts',(15.6512418436268,-11.869802445545,24.9991206317425));
#2578=CARTESIAN_POINT('Ctrl Pts',(16.3783097612074,-11.6693812100643,27.2915345891257));
#2579=CARTESIAN_POINT('Ctrl Pts',(18.1070552576548,-11.1410568657955,29.3442298479383));
#2580=CARTESIAN_POINT('Ctrl Pts',(21.0350071702194,-10.1144519950441,31.7543626817662));
#2581=CARTESIAN_POINT('Ctrl Pts',(25.0916219000404,-8.3502675191766,34.2083584815586));
#2582=CARTESIAN_POINT('Ctrl Pts',(29.530053417892,-5.74418524932127,36.2702418943035));
#2583=CARTESIAN_POINT('Ctrl Pts',(32.6533755720859,-3.29329324332365,37.2346034075094));
#2584=CARTESIAN_POINT('Ctrl Pts',(34.0552597925945,-1.84801547137734,37.4190542035347));
#2585=CARTESIAN_POINT('Ctrl Pts',(34.7172997043123,-0.970609767174536,37.4499116434511));
#2586=CARTESIAN_POINT('Ctrl Pts',(34.9682902891539,-0.473895286480478,37.4416379915437));
#2587=CARTESIAN_POINT('Ctrl Pts',(35.0355908401986,-0.0184859796765177,
37.438462997683));
#2588=CARTESIAN_POINT('Ctrl Pts',(34.9815288412405,0.435784712148063,37.4409126164705));
#2589=CARTESIAN_POINT('Ctrl Pts',(34.6848159298546,1.04912001539386,37.4519702410359));
#2590=CARTESIAN_POINT('Ctrl Pts',(33.8257811720747,2.11614290265628,37.4059256416971));
#2591=CARTESIAN_POINT('Ctrl Pts',(32.1919505574261,3.67043390745164,37.1058823531542));
#2592=CARTESIAN_POINT('Ctrl Pts',(29.562684726667,5.66513285396285,36.2368753292174));
#2593=CARTESIAN_POINT('Ctrl Pts',(26.3456565986147,7.63381475587195,34.8073755518321));
#2594=CARTESIAN_POINT('Ctrl Pts',(23.9775387373992,8.80055144940082,33.5090391366155));
#2595=CARTESIAN_POINT('Ctrl Pts',(22.7930065032212,9.32555607324111,32.7781868782191));
#2596=CARTESIAN_POINT('Ctrl Pts',(25.4674109319116,9.99042432154086,18.7893346081198));
#2597=CARTESIAN_POINT('Ctrl Pts',(26.8448813761357,9.60554947687307,18.1655507219091));
#2598=CARTESIAN_POINT('Ctrl Pts',(29.6329056145088,8.73351529367393,17.0115213016209));
#2599=CARTESIAN_POINT('Ctrl Pts',(33.5776961991242,7.14679111006798,15.56071584272));
#2600=CARTESIAN_POINT('Ctrl Pts',(37.0010352631515,5.32929813215506,14.4306338430867));
#2601=CARTESIAN_POINT('Ctrl Pts',(39.6166738284653,3.35495641554376,13.6607340383378));
#2602=CARTESIAN_POINT('Ctrl Pts',(40.8788299315215,1.66012053092101,13.3300294923195));
#2603=CARTESIAN_POINT('Ctrl Pts',(41.2337315065494,0.302449069637897,13.2395141743375));
#2604=CARTESIAN_POINT('Ctrl Pts',(41.1442385728145,-1.05484749605115,13.2625363600058));
#2605=CARTESIAN_POINT('Ctrl Pts',(40.1938485681811,-2.7527840280106,13.5048357105239));
#2606=CARTESIAN_POINT('Ctrl Pts',(37.618851833785,-4.97757040640742,14.2357068478433));
#2607=CARTESIAN_POINT('Ctrl Pts',(33.5070200239118,-7.23960144061803,15.5662771664383));
#2608=CARTESIAN_POINT('Ctrl Pts',(28.1222652331103,-9.28805682465925,17.5851376935009));
#2609=CARTESIAN_POINT('Ctrl Pts',(23.4229978230099,-10.5667930204693,19.6686185110729));
#2610=CARTESIAN_POINT('Ctrl Pts',(20.0923539287753,-11.2907687530306,21.6054023157868));
#2611=CARTESIAN_POINT('Ctrl Pts',(18.1419973041325,-11.6578551160754,23.2200037536211));
#2612=CARTESIAN_POINT('Ctrl Pts',(17.3242140537926,-11.79626821798,24.9993220427593));
#2613=CARTESIAN_POINT('Ctrl Pts',(18.1405614135056,-11.6580242328455,26.7797691147379));
#2614=CARTESIAN_POINT('Ctrl Pts',(20.0910499987266,-11.2910482442405,28.3935568785446));
#2615=CARTESIAN_POINT('Ctrl Pts',(23.4223733302619,-10.5670274151011,30.3309592078066));
#2616=CARTESIAN_POINT('Ctrl Pts',(28.123201084378,-9.28800281973794,32.4145830585664));
#2617=CARTESIAN_POINT('Ctrl Pts',(33.5061448369358,-7.23979073460303,34.433775988946));
#2618=CARTESIAN_POINT('Ctrl Pts',(37.6191309100692,-4.97756715738671,35.7639658741514));
#2619=CARTESIAN_POINT('Ctrl Pts',(39.6781320873187,-3.19793956365801,36.3491489384391));
#2620=CARTESIAN_POINT('Ctrl Pts',(40.7012631833027,-1.84724556550159,36.6242750426976));
#2621=CARTESIAN_POINT('Ctrl Pts',(41.1076852932859,-0.942161004902239,36.7283381079315));
#2622=CARTESIAN_POINT('Ctrl Pts',(41.2175319704769,-0.036900309582668,36.7562949044273));
#2623=CARTESIAN_POINT('Ctrl Pts',(41.1293376075532,0.86809530077598,36.7338944605646));
#2624=CARTESIAN_POINT('Ctrl Pts',(40.6478574621033,1.99933354349138,36.6107367513252));
#2625=CARTESIAN_POINT('Ctrl Pts',(39.3255785319199,3.57469343681637,36.2537252291056));
#2626=CARTESIAN_POINT('Ctrl Pts',(37.0017016867205,5.32880552668743,35.5694480498018));
#2627=CARTESIAN_POINT('Ctrl Pts',(33.5778462950686,7.14675904194493,34.4393619972474));
#2628=CARTESIAN_POINT('Ctrl Pts',(29.6341975013469,8.7330209031786,32.9889643306915));
#2629=CARTESIAN_POINT('Ctrl Pts',(26.8448813761366,9.60554947687278,31.8344492780913));
#2630=CARTESIAN_POINT('Ctrl Pts',(25.4674109319124,9.99042432154064,31.2106653918806));
#2631=CARTESIAN_POINT('Ctrl Pts',(26.3588651083552,10.2650223003814,19.2823241458899));
#2632=CARTESIAN_POINT('Ctrl Pts',(27.8006405221965,9.93323417641721,18.6866603519997));
#2633=CARTESIAN_POINT('Ctrl Pts',(30.7289787517033,9.17206895287517,17.5615379935194));
#2634=CARTESIAN_POINT('Ctrl Pts',(34.9159945021834,7.7267794864292,16.0640144429242));
#2635=CARTESIAN_POINT('Ctrl Pts',(38.6040093305756,5.96877876786962,14.7985270793274));
#2636=CARTESIAN_POINT('Ctrl Pts',(41.4785331353351,3.90327867502442,13.8354245058868));
#2637=CARTESIAN_POINT('Ctrl Pts',(42.8953791361981,1.96894640418325,13.3670480806639));
#2638=CARTESIAN_POINT('Ctrl Pts',(43.2959360544146,0.36067783449902,13.2348055407459));
#2639=CARTESIAN_POINT('Ctrl Pts',(43.1950112667982,-1.25678597321807,13.2682571086705));
#2640=CARTESIAN_POINT('Ctrl Pts',(42.1229379661459,-3.23584345632953,13.6216192537895));
#2641=CARTESIAN_POINT('Ctrl Pts',(39.2736258087361,-5.62539221967821,14.5722459471549));
#2642=CARTESIAN_POINT('Ctrl Pts',(34.8324533269702,-7.82557088725015,16.0852860097974));
#2643=CARTESIAN_POINT('Ctrl Pts',(29.1326768598988,-9.6664042405859,18.1404638978799));
#2644=CARTESIAN_POINT('Ctrl Pts',(24.2188446990213,-10.760968180508,20.1249875015091));
#2645=CARTESIAN_POINT('Ctrl Pts',(20.7537273868914,-11.368854570237,21.9152591682622));
#2646=CARTESIAN_POINT('Ctrl Pts',(18.729462935629,-11.6738626799113,23.3881737056864));
#2647=CARTESIAN_POINT('Ctrl Pts',(17.8818707699487,-11.7882327541526,24.9993883688522));
#2648=CARTESIAN_POINT('Ctrl Pts',(18.7279779320689,-11.6739896250348,26.6116064159056));
#2649=CARTESIAN_POINT('Ctrl Pts',(20.7523794528294,-11.3691080038595,28.0838001907856));
#2650=CARTESIAN_POINT('Ctrl Pts',(24.2181563245645,-10.7610896597723,29.8745604417663));
#2651=CARTESIAN_POINT('Ctrl Pts',(29.1337083943322,-9.66649716681593,31.8593732929166));
#2652=CARTESIAN_POINT('Ctrl Pts',(34.8314339160659,-7.82547750797672,33.9145890039525));
#2653=CARTESIAN_POINT('Ctrl Pts',(39.2741833062219,-5.62582924801606,35.4278786191945));
#2654=CARTESIAN_POINT('Ctrl Pts',(41.552083851988,-3.71347502996517,36.1880557324995));
#2655=CARTESIAN_POINT('Ctrl Pts',(42.6954633429513,-2.18086422541533,36.5669358100333));
#2656=CARTESIAN_POINT('Ctrl Pts',(43.1536699445544,-1.119877481667,36.7182352991805));
#2657=CARTESIAN_POINT('Ctrl Pts',(43.2776778377518,-0.0439543367684141,
36.7591279615056));
#2658=CARTESIAN_POINT('Ctrl Pts',(43.1781094344811,1.03232816471722,36.7262799201179));
#2659=CARTESIAN_POINT('Ctrl Pts',(42.6351115204244,2.36085491471085,36.5471004007608));
#2660=CARTESIAN_POINT('Ctrl Pts',(41.1585247252172,4.13238323322054,36.0573774880486));
#2661=CARTESIAN_POINT('Ctrl Pts',(38.6047818034658,5.96880551020703,35.2017317192628));
#2662=CARTESIAN_POINT('Ctrl Pts',(34.9161470994284,7.72648188120543,33.9360406626959));
#2663=CARTESIAN_POINT('Ctrl Pts',(30.7303485130668,9.17176798627598,32.4389659636229));
#2664=CARTESIAN_POINT('Ctrl Pts',(27.8006405221974,9.93323417641696,31.3133396480007));
#2665=CARTESIAN_POINT('Ctrl Pts',(26.3588651083561,10.2650223003812,30.7176758541104));
#2666=CARTESIAN_POINT('',(9.59889307415223,12.4869432508918,5.90052959371263));
#2667=CARTESIAN_POINT('Ctrl Pts',(11.2537505919632,11.0188930620284,0.000205505942168921));
#2668=CARTESIAN_POINT('Ctrl Pts',(11.2284811775225,11.0446989027325,0.085964963160679));
#2669=CARTESIAN_POINT('Ctrl Pts',(10.6830644003687,11.5978551935284,1.94015214217225));
#2670=CARTESIAN_POINT('Ctrl Pts',(10.1239326757132,12.0833377492243,3.91075904816956));
#2671=CARTESIAN_POINT('Ctrl Pts',(9.59889307414092,12.4869432509005,5.90052959371737));
#2672=CARTESIAN_POINT('Origin',(26.3588651083552,34.2895425778696,5.90052959371737));
#2673=CARTESIAN_POINT('',(9.59889307415227,12.4869432508918,44.0994704062884));
#2674=CARTESIAN_POINT('Origin',(26.3588651083561,34.289542577869,44.0994704062838));
#2675=CARTESIAN_POINT('Ctrl Pts',(9.59889307414123,12.4869432509003,44.0994704062838));
#2676=CARTESIAN_POINT('Ctrl Pts',(10.1239326757135,12.0833377492241,46.0892409518316));
#2677=CARTESIAN_POINT('Ctrl Pts',(10.6832270576196,11.5977490840151,48.0603820233196));
#2678=CARTESIAN_POINT('Ctrl Pts',(11.2285930501781,11.0446119696516,49.9144071886681));
#2679=CARTESIAN_POINT('Ctrl Pts',(11.2537679783395,11.0189015995917,49.9998470252955));
#2680=CARTESIAN_POINT('Ctrl Pts',(11.2542346050435,-11.0187785075088,49.9994235360867));
#2681=CARTESIAN_POINT('Ctrl Pts',(11.0372280584399,-11.2404617515444,49.2621742616365));
#2682=CARTESIAN_POINT('Ctrl Pts',(10.1178036929999,-12.1245240239503,46.0924766299792));
#2683=CARTESIAN_POINT('Ctrl Pts',(8.81932860374309,-13.0903871387048,41.2831061565379));
#2684=CARTESIAN_POINT('Ctrl Pts',(7.55722488744657,-13.8300144221097,35.3012048926243));
#2685=CARTESIAN_POINT('Ctrl Pts',(6.82001508508866,-14.2008893593924,30.3834512190886));
#2686=CARTESIAN_POINT('Ctrl Pts',(6.51189513587729,-14.3398610467745,24.9979568916985));
#2687=CARTESIAN_POINT('Ctrl Pts',(6.82055586673195,-14.2007349362935,19.6158142934627));
#2688=CARTESIAN_POINT('Ctrl Pts',(7.55771575360785,-13.8297061313755,14.6956529663228));
#2689=CARTESIAN_POINT('Ctrl Pts',(8.81957928345862,-13.0902393645805,8.71538378163662));
#2690=CARTESIAN_POINT('Ctrl Pts',(10.1175522039763,-12.1244370445999,3.90689142178699));
#2691=CARTESIAN_POINT('Ctrl Pts',(11.0370326135122,-11.2405005720695,0.737549722817327));
#2692=CARTESIAN_POINT('Ctrl Pts',(11.2540279923115,-11.0188835108152,0.000492129697564764));
#2693=CARTESIAN_POINT('Origin',(26.3588651083928,34.2895425778407,5.90052959367405));
#2694=CARTESIAN_POINT('Origin',(26.3588651083928,34.2895425778407,5.90052959367405));
#2695=CARTESIAN_POINT('Origin',(26.3588651083928,34.2895425778407,5.90052959367405));
#2696=CARTESIAN_POINT('Origin',(26.3588651083927,34.2895425778408,44.0994704063261));
#2697=CARTESIAN_POINT('Origin',(26.3588651083927,34.2895425778408,44.0994704063261));
#2698=CARTESIAN_POINT('Origin',(26.3588651083927,34.2895425778408,44.0994704063261));
#2699=CARTESIAN_POINT('Ctrl Pts',(3.14214339507294,28.1120505746972,30.7176758541234));
#2700=CARTESIAN_POINT('Ctrl Pts',(3.31156393928655,29.6278180965722,29.7240100703103));
#2701=CARTESIAN_POINT('Ctrl Pts',(3.49892396154939,31.3040860956039,28.1121806432096));
#2702=CARTESIAN_POINT('Ctrl Pts',(3.59978250670152,32.2064448252064,25.855285076693));
#2703=CARTESIAN_POINT('Ctrl Pts',(3.59998682025553,32.2082727726427,23.5744085637991));
#2704=CARTESIAN_POINT('Ctrl Pts',(3.44795825876915,30.84810741036,21.3298941796923));
#2705=CARTESIAN_POINT('Ctrl Pts',(3.22685366717976,28.8699343356349,19.7791570377833));
#2706=CARTESIAN_POINT('Ctrl Pts',(3.14214339507296,28.1120505746974,19.2823241458768));
#2707=CARTESIAN_POINT('Ctrl Pts',(4.3349921041216,25.5789835218853,29.8174950140351));
#2708=CARTESIAN_POINT('Ctrl Pts',(4.43319474123556,26.8425960239933,28.8580870429829));
#2709=CARTESIAN_POINT('Ctrl Pts',(4.47596779247548,28.1807682689431,27.4418313181195));
#2710=CARTESIAN_POINT('Ctrl Pts',(4.47934551308477,28.8826098974271,25.6590923348408));
#2711=CARTESIAN_POINT('Ctrl Pts',(4.47791572622323,28.8828102659148,23.9040746792988));
#2712=CARTESIAN_POINT('Ctrl Pts',(4.4779655513247,27.8292460710857,22.0984320200515));
#2713=CARTESIAN_POINT('Ctrl Pts',(4.38409342267859,26.2107897729394,20.6622089714911));
#2714=CARTESIAN_POINT('Ctrl Pts',(4.33499210412161,25.5789835218855,20.182504985965));
#2715=CARTESIAN_POINT('Ctrl Pts',(7.52474706603167,20.7305494401675,28.482673475398));
#2716=CARTESIAN_POINT('Ctrl Pts',(7.6226512463668,21.5288623652698,27.5680226587914));
#2717=CARTESIAN_POINT('Ctrl Pts',(7.57459090773183,22.24564060371,26.436479589222));
#2718=CARTESIAN_POINT('Ctrl Pts',(7.50139660899531,22.57933859066,25.3639002094642));
#2719=CARTESIAN_POINT('Ctrl Pts',(7.49802513245611,22.5766514811874,24.4002849018328));
#2720=CARTESIAN_POINT('Ctrl Pts',(7.62025960368775,22.0857468493744,23.2493059605854));
#2721=CARTESIAN_POINT('Ctrl Pts',(7.57369915619924,21.1297059027188,21.9746519329055));
#2722=CARTESIAN_POINT('Ctrl Pts',(7.52474706603169,20.7305494401676,21.5173265246022));
#2723=CARTESIAN_POINT('Ctrl Pts',(15.3465093708659,13.8466173125331,27.9973929493606));
#2724=CARTESIAN_POINT('Ctrl Pts',(15.8691975922368,14.1467493385108,27.0970634039016));
#2725=CARTESIAN_POINT('Ctrl Pts',(16.2860191840035,14.2454575637085,26.0681597205));
#2726=CARTESIAN_POINT('Ctrl Pts',(16.4606361829337,14.2280910969833,25.2552601196136));
#2727=CARTESIAN_POINT('Ctrl Pts',(16.4578360887624,14.2234500713144,24.5827437975884));
#2728=CARTESIAN_POINT('Ctrl Pts',(16.2065303799755,14.2672779719989,23.6708678088991));
#2729=CARTESIAN_POINT('Ctrl Pts',(15.6078534815514,13.996683325522,22.452771823369));
#2730=CARTESIAN_POINT('Ctrl Pts',(15.346509370866,13.8466173125331,22.0026070506395));
#2731=CARTESIAN_POINT('Ctrl Pts',(22.2269412171066,11.0171310785784,29.367404593991));
#2732=CARTESIAN_POINT('Ctrl Pts',(23.3100193125839,11.3687441726157,28.4248992538039));
#2733=CARTESIAN_POINT('Ctrl Pts',(24.4474577622227,11.6412663984194,27.1053038615026));
#2734=CARTESIAN_POINT('Ctrl Pts',(25.0403278951402,11.7507983643788,25.560770825322));
#2735=CARTESIAN_POINT('Ctrl Pts',(25.0403013990403,11.7483546788005,24.0695373969336));
#2736=CARTESIAN_POINT('Ctrl Pts',(24.1509064379576,11.5917541947552,22.483653740841));
#2737=CARTESIAN_POINT('Ctrl Pts',(22.7684802648454,11.1929376255971,21.1038480761027));
#2738=CARTESIAN_POINT('Ctrl Pts',(22.2269412171067,11.0171310785785,20.6325954060092));
#2739=CARTESIAN_POINT('Ctrl Pts',(26.3588651083911,10.2650223003739,30.7176758541234));
#2740=CARTESIAN_POINT('Ctrl Pts',(27.7801030055919,10.8184997983205,29.7240100703103));
#2741=CARTESIAN_POINT('Ctrl Pts',(29.3518318965379,11.4305835147233,28.1121806432096));
#2742=CARTESIAN_POINT('Ctrl Pts',(30.1979157483641,11.7600768207236,25.855285076693));
#2743=CARTESIAN_POINT('Ctrl Pts',(30.199629697326,11.760744289685,23.5744085637991));
#2744=CARTESIAN_POINT('Ctrl Pts',(28.9242899559488,11.2640844057349,21.3298941796923));
#2745=CARTESIAN_POINT('Ctrl Pts',(27.0694840569917,10.5417610493473,19.7791570377833));
#2746=CARTESIAN_POINT('Ctrl Pts',(26.3588651083913,10.265022300374,19.2823241458768));
#2747=CARTESIAN_POINT('Ctrl Pts',(9.5988930741633,12.4869432508833,44.099470406293));
#2748=CARTESIAN_POINT('Ctrl Pts',(8.54862166645422,13.2943020046549,48.0797399052692));
#2749=CARTESIAN_POINT('Ctrl Pts',(6.61781415246555,14.4555583963449,53.4327292280326));
#2750=CARTESIAN_POINT('Ctrl Pts',(3.40158165012279,15.4523570662949,59.0808043074764));
#2751=CARTESIAN_POINT('Ctrl Pts',(1.00391048965001,15.7770819499247,61.9354116097632));
#2752=CARTESIAN_POINT('Ctrl Pts',(-1.21753973737264,15.7425242201361,63.5730439450011));
#2753=CARTESIAN_POINT('Ctrl Pts',(-3.15196788058298,15.4730265584315,64.2897722679608));
#2754=CARTESIAN_POINT('Ctrl Pts',(-5.69399454752577,14.7883803334243,64.2663958296781));
#2755=CARTESIAN_POINT('Ctrl Pts',(-8.02831737504957,13.6500072683641,62.7524309742144));
#2756=CARTESIAN_POINT('Ctrl Pts',(-10.9802354154213,11.4955285258368,58.6962564561998));
#2757=CARTESIAN_POINT('Ctrl Pts',(-13.5101347718852,8.52730548664234,51.701421500234));
#2758=CARTESIAN_POINT('Ctrl Pts',(-14.9126618029087,5.30457844159288,42.1321336213231));
#2759=CARTESIAN_POINT('Ctrl Pts',(-15.4325717648564,3.22855629020563,33.01295758123));
#2760=CARTESIAN_POINT('Ctrl Pts',(-15.5137719468808,2.71760556007911,27.6957477873867));
#2761=CARTESIAN_POINT('Ctrl Pts',(-15.5137719468808,2.71760556007911,25.));
#2762=CARTESIAN_POINT('Ctrl Pts',(8.36400774783959,13.436217382116,42.6759290522264));
#2763=CARTESIAN_POINT('Ctrl Pts',(7.13546588234523,14.2151729042991,46.3098828708566));
#2764=CARTESIAN_POINT('Ctrl Pts',(4.94173113742355,15.220234036118,51.1146718729372));
#2765=CARTESIAN_POINT('Ctrl Pts',(1.77084163848699,15.7968199197964,55.9637117501087));
#2766=CARTESIAN_POINT('Ctrl Pts',(-0.309697792217383,15.8372986289882,58.3110388872508));
#2767=CARTESIAN_POINT('Ctrl Pts',(-2.02293504127955,15.6595721757669,59.6109561251063));
#2768=CARTESIAN_POINT('Ctrl Pts',(-3.41574857103418,15.3946124362578,60.1669919929061));
#2769=CARTESIAN_POINT('Ctrl Pts',(-5.20520667071925,14.9146617862776,60.1489986952971));
#2770=CARTESIAN_POINT('Ctrl Pts',(-7.00194739163374,14.2143026805737,58.9742080617117));
#2771=CARTESIAN_POINT('Ctrl Pts',(-9.68774887150967,12.6797994543815,55.6556007513329));
#2772=CARTESIAN_POINT('Ctrl Pts',(-12.5453179894695,10.109886995692,49.6160523471736));
#2773=CARTESIAN_POINT('Ctrl Pts',(-14.4320294834958,6.71892119092825,40.8993973116897));
#2774=CARTESIAN_POINT('Ctrl Pts',(-15.1879450503809,4.41717783767582,32.4611863407579));
#2775=CARTESIAN_POINT('Ctrl Pts',(-15.317884500106,3.83585215964575,27.5101087623237));
#2776=CARTESIAN_POINT('Ctrl Pts',(-15.317884500106,3.83585215964575,25.));
#2777=CARTESIAN_POINT('Ctrl Pts',(6.19164995151532,15.7215085433008,39.8289318616956));
#2778=CARTESIAN_POINT('Ctrl Pts',(4.66634550555389,16.5888143854019,42.7702835775734));
#2779=CARTESIAN_POINT('Ctrl Pts',(2.01672389563218,17.5826283858701,46.4795351002608));
#2780=CARTESIAN_POINT('Ctrl Pts',(-1.17775904123215,17.8173380846618,49.7309130892216));
#2781=CARTESIAN_POINT('Ctrl Pts',(-2.82024414237917,17.589287067872,51.0646676139939));
#2782=CARTESIAN_POINT('Ctrl Pts',(-3.7676118851682,17.2960705315376,51.6895586860411));
#2783=CARTESIAN_POINT('Ctrl Pts',(-4.31818280759334,17.0884614443531,51.9244570498606));
#2784=CARTESIAN_POINT('Ctrl Pts',(-4.91335228439802,16.9319847682729,51.9171579246932));
#2785=CARTESIAN_POINT('Ctrl Pts',(-5.83621495719861,16.8162922295691,51.4200847450246));
#2786=CARTESIAN_POINT('Ctrl Pts',(-8.05186066489738,15.9887984958134,49.5759100797803));
#2787=CARTESIAN_POINT('Ctrl Pts',(-11.3294647383527,13.6501644245934,45.4456742989412));
#2788=CARTESIAN_POINT('Ctrl Pts',(-13.8366728838559,9.66247005654443,38.4340105083243));
#2789=CARTESIAN_POINT('Ctrl Pts',(-14.8781725118545,6.82837550839854,31.3576771189972));
#2790=CARTESIAN_POINT('Ctrl Pts',(-15.0647808440013,6.0966310431377,27.1388311199409));
#2791=CARTESIAN_POINT('Ctrl Pts',(-15.0647808440013,6.0966310431377,25.));
#2792=CARTESIAN_POINT('Ctrl Pts',(3.99684233498747,20.1290215960295,35.7835779963189));
#2793=CARTESIAN_POINT('Ctrl Pts',(2.28104199854945,21.5004343290418,37.809937640247));
#2794=CARTESIAN_POINT('Ctrl Pts',(-0.664497505275776,23.2757861279195,40.1705366657361));
#2795=CARTESIAN_POINT('Ctrl Pts',(-4.02185137054763,24.3984752733641,41.7145779270764));
#2796=CARTESIAN_POINT('Ctrl Pts',(-5.58473730293236,24.6573267243885,42.0591979144617));
#2797=CARTESIAN_POINT('Ctrl Pts',(-6.28728621806578,24.687117814398,42.0624848725075));
#2798=CARTESIAN_POINT('Ctrl Pts',(-6.52496043777108,24.6728856364197,42.0106739377806));
#2799=CARTESIAN_POINT('Ctrl Pts',(-6.62013394943021,24.6458885593115,42.0128090811609));
#2800=CARTESIAN_POINT('Ctrl Pts',(-7.0690650386879,24.423318866602,42.1216397941879));
#2801=CARTESIAN_POINT('Ctrl Pts',(-8.79217891190629,23.0688754814357,41.7019815697074));
#2802=CARTESIAN_POINT('Ctrl Pts',(-11.775000914267,19.6449882621956,39.6478578928748));
#2803=CARTESIAN_POINT('Ctrl Pts',(-14.0737191891518,14.2516068304315,34.8702596103938));
#2804=CARTESIAN_POINT('Ctrl Pts',(-14.9607349308237,10.4769786759663,29.7272586067278));
#2805=CARTESIAN_POINT('Ctrl Pts',(-15.1069365587037,9.50873308115925,26.5904453930089));
#2806=CARTESIAN_POINT('Ctrl Pts',(-15.1069365587037,9.50873308115925,25.));
#2807=CARTESIAN_POINT('Ctrl Pts',(3.1511596307009,24.4245140296035,32.7781878092065));
#2808=CARTESIAN_POINT('Ctrl Pts',(1.52699460181881,26.444295375611,34.2401621217278));
#2809=CARTESIAN_POINT('Ctrl Pts',(-1.25689169083692,29.352935135101,35.9472405550481));
#2810=CARTESIAN_POINT('Ctrl Pts',(-4.7306832635693,32.0519447062735,37.1059712486858));
#2811=CARTESIAN_POINT('Ctrl Pts',(-6.65273099160502,33.2325459403336,37.4055429548334));
#2812=CARTESIAN_POINT('Ctrl Pts',(-7.90399961137299,33.7887598475066,37.451942498033));
#2813=CARTESIAN_POINT('Ctrl Pts',(-8.7088982468376,33.9423917440219,37.4383984039574));
#2814=CARTESIAN_POINT('Ctrl Pts',(-9.54997376835992,33.7062325961048,37.4389269214426));
#2815=CARTESIAN_POINT('Ctrl Pts',(-10.4006843749067,32.704089288865,37.4676028700975));
#2816=CARTESIAN_POINT('Ctrl Pts',(-11.9909412730221,29.9071907732124,37.0877740580505));
#2817=CARTESIAN_POINT('Ctrl Pts',(-14.0112044121028,24.8128269447467,35.5617401881536));
#2818=CARTESIAN_POINT('Ctrl Pts',(-15.2063429766276,18.0707243343733,32.1201213310543));
#2819=CARTESIAN_POINT('Ctrl Pts',(-15.484548266795,13.4854434402594,28.4104979575952));
#2820=CARTESIAN_POINT('Ctrl Pts',(-15.4930694723714,12.3260242873509,26.1475674759126));
#2821=CARTESIAN_POINT('Ctrl Pts',(-15.4930694723714,12.3260242873509,25.));
#2822=CARTESIAN_POINT('Ctrl Pts',(3.10600057926246,27.1799624374507,31.2106653918835));
#2823=CARTESIAN_POINT('Ctrl Pts',(1.65348135142356,29.6447964503054,32.4584604087853));
#2824=CARTESIAN_POINT('Ctrl Pts',(-0.84784081115893,33.3412376984078,34.0601501712294));
#2825=CARTESIAN_POINT('Ctrl Pts',(-4.36455376111155,37.1269466934048,35.5701168879597));
#2826=CARTESIAN_POINT('Ctrl Pts',(-6.65712183120866,38.9227446226429,36.2532836343416));
#2827=CARTESIAN_POINT('Ctrl Pts',(-8.51985462154403,39.795723029812,36.6112306762502));
#2828=CARTESIAN_POINT('Ctrl Pts',(-9.98049498477148,40.0041256790206,36.7586472557287));
#2829=CARTESIAN_POINT('Ctrl Pts',(-11.7240174060212,39.520102782093,36.7539154999775));
#2830=CARTESIAN_POINT('Ctrl Pts',(-13.1639931345965,37.8775632094247,36.4427749230066));
#2831=CARTESIAN_POINT('Ctrl Pts',(-14.8710452412597,34.0100786212854,35.4836358436205));
#2832=CARTESIAN_POINT('Ctrl Pts',(-16.1200925113719,27.8117042867087,33.5901133281893));
#2833=CARTESIAN_POINT('Ctrl Pts',(-16.2884531158673,20.2921811420014,30.6129578914749));
#2834=CARTESIAN_POINT('Ctrl Pts',(-15.9995290976477,15.2505312984503,27.6488684189588));
#2835=CARTESIAN_POINT('Ctrl Pts',(-15.8800099815301,13.9852320717846,25.8912432534377));
#2836=CARTESIAN_POINT('Ctrl Pts',(-15.8800099815301,13.9852320717846,25.));
#2837=CARTESIAN_POINT('Ctrl Pts',(3.1421433950857,28.1120505746712,30.7176758541132));
#2838=CARTESIAN_POINT('Ctrl Pts',(1.75917061328724,30.7284967257981,31.9092215003036));
#2839=CARTESIAN_POINT('Ctrl Pts',(-0.628859113568473,34.692706808886,33.5117087497932));
#2840=CARTESIAN_POINT('Ctrl Pts',(-4.15847765198884,38.8407693739435,35.2025337735757));
#2841=CARTESIAN_POINT('Ctrl Pts',(-6.58975568732066,40.8374496779031,36.0570977430502));
#2842=CARTESIAN_POINT('Ctrl Pts',(-8.68198631115803,41.8089840234229,36.547344365701));
#2843=CARTESIAN_POINT('Ctrl Pts',(-10.3894354904979,42.0280319952159,36.7619063477335));
#2844=CARTESIAN_POINT('Ctrl Pts',(-12.4751836444724,41.4503607469157,36.7549083056998));
#2845=CARTESIAN_POINT('Ctrl Pts',(-14.1468465982951,39.5851593269537,36.3016831578858));
#2846=CARTESIAN_POINT('Ctrl Pts',(-15.9189913974765,35.3542170022692,35.0874143531299));
#2847=CARTESIAN_POINT('Ctrl Pts',(-16.9014909316918,28.7904621163217,32.993419175229));
#2848=CARTESIAN_POINT('Ctrl Pts',(-16.6921380368516,21.0212298207215,30.1287278993779));
#2849=CARTESIAN_POINT('Ctrl Pts',(-16.1931635881132,15.8330526627525,27.3987834797313));
#2850=CARTESIAN_POINT('Ctrl Pts',(-16.025968085495,14.5337829529237,25.8070072994132));
#2851=CARTESIAN_POINT('Ctrl Pts',(-16.025968085495,14.5337829529237,25.));
#2852=CARTESIAN_POINT('',(-15.5137719468808,2.71760556007911,25.));
#2853=CARTESIAN_POINT('Origin',(-42.6013102668315,7.4626311411696,25.));
#2854=CARTESIAN_POINT('Ctrl Pts',(-15.5137719468808,2.71760556007911,25.));
#2855=CARTESIAN_POINT('Ctrl Pts',(-15.5137719468808,2.71760556007911,27.6957477873867));
#2856=CARTESIAN_POINT('Ctrl Pts',(-15.4325717648564,3.22855629020563,33.01295758123));
#2857=CARTESIAN_POINT('Ctrl Pts',(-14.9448473907359,5.17606004768793,41.5676011775695));
#2858=CARTESIAN_POINT('Ctrl Pts',(-14.2069888253631,6.92157037318819,46.918391510386));
#2859=CARTESIAN_POINT('Ctrl Pts',(-13.5421567788737,8.04309187002377,49.9996150002703));
#2860=CARTESIAN_POINT('Ctrl Pts',(7.7567466318167,13.7066775957381,50.0031764173419));
#2861=CARTESIAN_POINT('Ctrl Pts',(8.43360125803149,13.323640688088,48.1563356488676));
#2862=CARTESIAN_POINT('Ctrl Pts',(9.04875158275609,12.9098449367146,46.1843709208617));
#2863=CARTESIAN_POINT('Ctrl Pts',(9.5988930741633,12.4869432508833,44.099470406293));
#2864=CARTESIAN_POINT('Origin',(0.,0.,0.));
#2865=CARTESIAN_POINT('Ctrl Pts',(-13.5421520845111,8.04193492179046,6.20909445321616E-5));
#2866=CARTESIAN_POINT('Ctrl Pts',(-13.8268712652953,7.56255465880059,1.32398037889643));
#2867=CARTESIAN_POINT('Ctrl Pts',(-14.4078408133074,6.44926884716219,4.55424216050448));
#2868=CARTESIAN_POINT('Ctrl Pts',(-14.9282216639746,5.08096276391147,9.12447620844674));
#2869=CARTESIAN_POINT('Ctrl Pts',(-15.2378013942384,4.00878943645267,13.5684733447183));
#2870=CARTESIAN_POINT('Ctrl Pts',(-15.3987176353274,3.32693022942719,17.1318834190904));
#2871=CARTESIAN_POINT('Ctrl Pts',(-15.4930685906929,2.84002116607463,20.959088794487));
#2872=CARTESIAN_POINT('Ctrl Pts',(-15.5137719468808,2.7176055600791,23.652183856145));
#2873=CARTESIAN_POINT('Ctrl Pts',(-15.5137719468808,2.7176055600791,25.));
#2874=CARTESIAN_POINT('Origin',(0.,0.,0.));
#2875=CARTESIAN_POINT('Origin',(0.,0.,0.));
#2876=CARTESIAN_POINT('Ctrl Pts',(9.59889307416354,12.4869432508831,5.90052959370789));
#2877=CARTESIAN_POINT('Ctrl Pts',(9.07383626488943,12.890561980369,3.91069383521364));
#2878=CARTESIAN_POINT('Ctrl Pts',(8.46077493879264,13.3060897532539,1.93944971432447));
#2879=CARTESIAN_POINT('Ctrl Pts',(7.78612188614269,13.6908543805069,0.0856260417807546));
#2880=CARTESIAN_POINT('Ctrl Pts',(7.7547407421111,13.7086082996637,1.31323703514777E-5));
#2881=CARTESIAN_POINT('Ctrl Pts',(-15.5137719468808,2.7176055600791,25.));
#2882=CARTESIAN_POINT('Ctrl Pts',(-15.5137719468808,2.7176055600791,23.652183856145));
#2883=CARTESIAN_POINT('Ctrl Pts',(-15.4930685906929,2.84002116607463,20.959088794487));
#2884=CARTESIAN_POINT('Ctrl Pts',(-15.3987176353274,3.32693022942719,17.1318834190904));
#2885=CARTESIAN_POINT('Ctrl Pts',(-15.2378013942384,4.00878943645267,13.5684733447183));
#2886=CARTESIAN_POINT('Ctrl Pts',(-14.9282216639746,5.08096276391147,9.12447620844674));
#2887=CARTESIAN_POINT('Ctrl Pts',(-14.3503092857856,6.60054408910426,4.04897271107553));
#2888=CARTESIAN_POINT('Ctrl Pts',(-13.1967495109829,8.73295624455394,-2.01206903774089));
#2889=CARTESIAN_POINT('Ctrl Pts',(-11.7050815188578,10.6456960195145,-6.69415183436386));
#2890=CARTESIAN_POINT('Ctrl Pts',(-9.9947276561224,12.2158546868846,-10.0517814113842));
#2891=CARTESIAN_POINT('Ctrl Pts',(-8.51893398447807,13.2909513802924,-12.076357074102));
#2892=CARTESIAN_POINT('Ctrl Pts',(-6.86196816921795,14.2202952795955,-13.5132104991069));
#2893=CARTESIAN_POINT('Ctrl Pts',(-5.20608048119856,14.8981589382109,-14.2072129733205));
#2894=CARTESIAN_POINT('Ctrl Pts',(-3.62939792273498,15.3496934026602,-14.3009095129435));
#2895=CARTESIAN_POINT('Ctrl Pts',(-1.70129475392307,15.7114554417419,-13.8584448505448));
#2896=CARTESIAN_POINT('Ctrl Pts',(0.705193349501138,15.817865353342,-12.2936606323122));
#2897=CARTESIAN_POINT('Ctrl Pts',(3.402331052547,15.4523076061025,-9.07680583512406));
#2898=CARTESIAN_POINT('Ctrl Pts',(5.81440286346615,14.7040907854632,-4.84822763491685));
#2899=CARTESIAN_POINT('Ctrl Pts',(7.90450641907798,13.6831238431298,0.150817806804465));
#2900=CARTESIAN_POINT('Ctrl Pts',(9.07383626488943,12.890561980369,3.91069383521364));
#2901=CARTESIAN_POINT('Ctrl Pts',(9.59889307416354,12.4869432508831,5.90052959370789));
#2902=CARTESIAN_POINT('Ctrl Pts',(-15.317884500106,3.83585215964574,25.));
#2903=CARTESIAN_POINT('Ctrl Pts',(-15.317884500106,3.83585215964574,23.7449993918122));
#2904=CARTESIAN_POINT('Ctrl Pts',(-15.2854631046262,3.97447442753974,21.2373935660623));
#2905=CARTESIAN_POINT('Ctrl Pts',(-15.1415621795875,4.52278022707271,17.6790765928146));
#2906=CARTESIAN_POINT('Ctrl Pts',(-14.9043579071959,5.28247158157985,14.3753964899787));
#2907=CARTESIAN_POINT('Ctrl Pts',(-14.4640675595825,6.45979767005538,10.2717043015242));
#2908=CARTESIAN_POINT('Ctrl Pts',(-13.6778652498834,8.08085079779903,5.62349007516462));
#2909=CARTESIAN_POINT('Ctrl Pts',(-12.218993102519,10.2233674472851,0.162506359717025));
#2910=CARTESIAN_POINT('Ctrl Pts',(-10.5068431942197,11.9501119409637,-3.93158338986943));
#2911=CARTESIAN_POINT('Ctrl Pts',(-8.78980144001833,13.1906924376776,-6.76282631258995));
#2912=CARTESIAN_POINT('Ctrl Pts',(-7.45029547558501,13.9593551523551,-8.42177896622798));
#2913=CARTESIAN_POINT('Ctrl Pts',(-6.09957153285027,14.5658986205177,-9.56413657130713));
#2914=CARTESIAN_POINT('Ctrl Pts',(-4.87166044683993,14.9952551459583,-10.1029899937403));
#2915=CARTESIAN_POINT('Ctrl Pts',(-3.75071716961661,15.3071731348709,-10.1754490786334));
#2916=CARTESIAN_POINT('Ctrl Pts',(-2.37999084808416,15.6076255837764,-9.83281887451541));
#2917=CARTESIAN_POINT('Ctrl Pts',(-0.569866345984048,15.841474731083,-8.60556526067911));
#2918=CARTESIAN_POINT('Ctrl Pts',(1.77227391356835,15.797728471771,-5.96046043119061));
#2919=CARTESIAN_POINT('Ctrl Pts',(4.14889603307244,15.3618866810414,-2.32979465672904));
#2920=CARTESIAN_POINT('Ctrl Pts',(6.40624453915839,14.5552730024281,2.10106190118816));
#2921=CARTESIAN_POINT('Ctrl Pts',(7.74982910104307,13.8256366294093,5.50736701481539));
#2922=CARTESIAN_POINT('Ctrl Pts',(8.36400774783987,13.4362173821158,7.3240709477745));
#2923=CARTESIAN_POINT('Ctrl Pts',(-15.0647794668162,6.09663082722927,25.));
#2924=CARTESIAN_POINT('Ctrl Pts',(-15.0647794668162,6.09663082722927,23.9306302592839));
#2925=CARTESIAN_POINT('Ctrl Pts',(-15.0187240284191,6.27038595278683,21.7940007882174));
#2926=CARTESIAN_POINT('Ctrl Pts',(-14.8163226899487,6.95453922446654,18.7734471057854));
#2927=CARTESIAN_POINT('Ctrl Pts',(-14.4871604624937,7.89424699733627,15.9892229102087));
#2928=CARTESIAN_POINT('Ctrl Pts',(-13.8861392596679,9.33234379128283,12.5660898446181));
#2929=CARTESIAN_POINT('Ctrl Pts',(-12.837252176936,11.2616021628084,8.77240931709118));
#2930=CARTESIAN_POINT('Ctrl Pts',(-10.9852343620272,13.6574523889958,4.51119174023463));
#2931=CARTESIAN_POINT('Ctrl Pts',(-8.99294783775224,15.3353102760733,1.59267313803621));
#2932=CARTESIAN_POINT('Ctrl Pts',(-7.30809648278241,16.2602712044055,-0.186763777145928));
#2933=CARTESIAN_POINT('Ctrl Pts',(-6.20947466917105,16.6793878903638,-1.11496852798767));
#2934=CARTESIAN_POINT('Ctrl Pts',(-5.36216111086665,16.8755351859155,-1.66887589793378));
#2935=CARTESIAN_POINT('Ctrl Pts',(-4.82343760135039,16.9609623585202,-1.89765460195279));
#2936=CARTESIAN_POINT('Ctrl Pts',(-4.4267019734393,17.0577429921694,-1.92779487226103));
#2937=CARTESIAN_POINT('Ctrl Pts',(-3.92989231409229,17.2300257101961,-1.78464606524603));
#2938=CARTESIAN_POINT('Ctrl Pts',(-3.02830826722465,17.5587122294986,-1.23166587432347));
#2939=CARTESIAN_POINT('Ctrl Pts',(-1.17527868976687,17.8193950578774,0.2708928952366));
#2940=CARTESIAN_POINT('Ctrl Pts',(1.21617210787236,17.6376310076415,2.70635140382125));
#2941=CARTESIAN_POINT('Ctrl Pts',(3.78956899072817,16.9300935731657,6.00129617276108));
#2942=CARTESIAN_POINT('Ctrl Pts',(5.42910177345957,16.155083298974,8.70061361267441));
#2943=CARTESIAN_POINT('Ctrl Pts',(6.19163941819565,15.7214955284455,10.1710685213352));
#2944=CARTESIAN_POINT('Ctrl Pts',(-15.1069363191879,9.50873301788096,25.));
#2945=CARTESIAN_POINT('Ctrl Pts',(-15.1069363191879,9.50873301788096,24.2048113749205));
#2946=CARTESIAN_POINT('Ctrl Pts',(-15.070604949343,9.73892403226752,22.6160801091288));
#2947=CARTESIAN_POINT('Ctrl Pts',(-14.9059932751335,10.6464902527005,20.3821151565951));
#2948=CARTESIAN_POINT('Ctrl Pts',(-14.6277245362761,11.8964590420046,18.3442463081443));
#2949=CARTESIAN_POINT('Ctrl Pts',(-14.1039679976796,13.8168800173591,15.8761150794125));
#2950=CARTESIAN_POINT('Ctrl Pts',(-13.1594933317942,16.4151442867822,13.2292464645153));
#2951=CARTESIAN_POINT('Ctrl Pts',(-11.4611348365351,19.7045903664535,10.4635824709337));
#2952=CARTESIAN_POINT('Ctrl Pts',(-9.64900635621229,22.1054466300493,8.86642686379947));
#2953=CARTESIAN_POINT('Ctrl Pts',(-8.21231345927198,23.5167233172486,8.16540937472247));
#2954=CARTESIAN_POINT('Ctrl Pts',(-7.36141908881881,24.1984126027856,7.94525091689597));
#2955=CARTESIAN_POINT('Ctrl Pts',(-6.8294153310798,24.5375711543286,7.93478646484317));
#2956=CARTESIAN_POINT('Ctrl Pts',(-6.62732762199756,24.6401369087849,7.98314139732717));
#2957=CARTESIAN_POINT('Ctrl Pts',(-6.53989377999396,24.668972834218,7.9908196701099));
#2958=CARTESIAN_POINT('Ctrl Pts',(-6.38324148560657,24.6829956238435,7.9562464734501));
#2959=CARTESIAN_POINT('Ctrl Pts',(-5.78383190019164,24.6874422965487,7.89792288278086));
#2960=CARTESIAN_POINT('Ctrl Pts',(-4.01887225257788,24.4005838680413,8.28570744693966));
#2961=CARTESIAN_POINT('Ctrl Pts',(-1.5063084295308,23.5522129434313,9.44322098757917));
#2962=CARTESIAN_POINT('Ctrl Pts',(1.307399700975,22.1032446794264,11.4059804621214));
#2963=CARTESIAN_POINT('Ctrl Pts',(3.13906936786464,20.8146222477527,13.2033941186314));
#2964=CARTESIAN_POINT('Ctrl Pts',(3.99684064811561,20.1290188994105,14.2164217239468));
#2965=CARTESIAN_POINT('Ctrl Pts',(-15.4930692504653,12.3260242226265,25.));
#2966=CARTESIAN_POINT('Ctrl Pts',(-15.4930692504653,12.3260242226265,24.4262408458873));
#2967=CARTESIAN_POINT('Ctrl Pts',(-15.4898367915079,12.6025734933613,23.2799107018979));
#2968=CARTESIAN_POINT('Ctrl Pts',(-15.4605209502294,13.6957418035651,21.6683064875941));
#2969=CARTESIAN_POINT('Ctrl Pts',(-15.3804132812402,15.2093543101718,20.1985820804965));
#2970=CARTESIAN_POINT('Ctrl Pts',(-15.1826639719936,17.5532323692117,18.4188744714692));
#2971=CARTESIAN_POINT('Ctrl Pts',(-14.732738709674,20.7793066954589,16.5102232335223));
#2972=CARTESIAN_POINT('Ctrl Pts',(-13.76270048804,25.0388262474955,14.5100524066756));
#2973=CARTESIAN_POINT('Ctrl Pts',(-12.5702641546681,28.4576624734607,13.3365611781667));
#2974=CARTESIAN_POINT('Ctrl Pts',(-11.4579956062947,30.8400887790949,12.7902841482303));
#2975=CARTESIAN_POINT('Ctrl Pts',(-10.6681118860931,32.2379004778367,12.5935228469097));
#2976=CARTESIAN_POINT('Ctrl Pts',(-9.96709931590341,33.2085771840772,12.5477769084957));
#2977=CARTESIAN_POINT('Ctrl Pts',(-9.397906543717,33.7166290602933,12.5597973276412));
#2978=CARTESIAN_POINT('Ctrl Pts',(-8.86657729531743,33.9055640020989,12.5620225307143));
#2979=CARTESIAN_POINT('Ctrl Pts',(-8.13664778492308,33.8742313499925,12.552058404168));
#2980=CARTESIAN_POINT('Ctrl Pts',(-6.89476496213536,33.3789593224537,12.5573483935799));
#2981=CARTESIAN_POINT('Ctrl Pts',(-4.72858195576053,32.0528012791617,12.8942750902236));
#2982=CARTESIAN_POINT('Ctrl Pts',(-2.12644771987235,30.0245192395504,13.7633173252894));
#2983=CARTESIAN_POINT('Ctrl Pts',(0.603320281780572,27.4220482912077,15.1928055172488));
#2984=CARTESIAN_POINT('Ctrl Pts',(2.33919770662287,25.4342504659983,16.4909344798152));
#2985=CARTESIAN_POINT('Ctrl Pts',(3.15115821658245,24.4245115154928,17.2218118150818));
#2986=CARTESIAN_POINT('Ctrl Pts',(-15.8800099815301,13.9852320717846,25.));
#2987=CARTESIAN_POINT('Ctrl Pts',(-15.8800099815301,13.9852320717846,24.5543974660021));
#2988=CARTESIAN_POINT('Ctrl Pts',(-15.9074765178285,14.2876185381087,23.6640666568736));
#2989=CARTESIAN_POINT('Ctrl Pts',(-16.0039715126832,15.4843813507154,22.4039902178831));
#2990=CARTESIAN_POINT('Ctrl Pts',(-16.1086854846545,17.1457189801885,21.2398462206439));
#2991=CARTESIAN_POINT('Ctrl Pts',(-16.2148934132443,19.7287922198685,19.8037413753425));
#2992=CARTESIAN_POINT('Ctrl Pts',(-16.2238834804035,23.3159212622355,18.1998065203162));
#2993=CARTESIAN_POINT('Ctrl Pts',(-15.9099490229922,28.1594283553033,16.3655374245087));
#2994=CARTESIAN_POINT('Ctrl Pts',(-15.2290525778215,32.237969146661,15.0544265903915));
#2995=CARTESIAN_POINT('Ctrl Pts',(-14.3009210875471,35.3031253323569,14.1972159046458));
#2996=CARTESIAN_POINT('Ctrl Pts',(-13.4481482576826,37.2325098164178,13.7166839836967));
#2997=CARTESIAN_POINT('Ctrl Pts',(-12.4426373641898,38.7021892350238,13.4014910405392));
#2998=CARTESIAN_POINT('Ctrl Pts',(-11.3839340634321,39.5617681601537,13.2584357527808));
#2999=CARTESIAN_POINT('Ctrl Pts',(-10.3096185753197,39.9254316067918,13.2394360007563));
#3000=CARTESIAN_POINT('Ctrl Pts',(-8.90622845051364,39.9308773045478,13.329969386264));
#3001=CARTESIAN_POINT('Ctrl Pts',(-6.94377613804545,39.1469169196758,13.6608877004804));
#3002=CARTESIAN_POINT('Ctrl Pts',(-4.36353456852366,37.1267928526558,14.430746104699));
#3003=CARTESIAN_POINT('Ctrl Pts',(-1.72658684577615,34.2853866621791,15.5612317763508));
#3004=CARTESIAN_POINT('Ctrl Pts',(0.819816920642277,30.8826198307216,17.0110854392572));
#3005=CARTESIAN_POINT('Ctrl Pts',(2.37985007608767,28.412194289789,18.1655308318798));
#3006=CARTESIAN_POINT('Ctrl Pts',(3.10600057926279,27.1799624374502,18.7893346081168));
#3007=CARTESIAN_POINT('Ctrl Pts',(-16.025968085495,14.5337829529237,25.));
#3008=CARTESIAN_POINT('Ctrl Pts',(-16.025968085495,14.5337829529237,24.5965136384641));
#3009=CARTESIAN_POINT('Ctrl Pts',(-16.0648397231331,14.8444699830588,23.7903004671395));
#3010=CARTESIAN_POINT('Ctrl Pts',(-16.2080577311824,16.0744916530884,22.6445765649507));
#3011=CARTESIAN_POINT('Ctrl Pts',(-16.3812895493006,17.7832297875758,21.5778232305845));
#3012=CARTESIAN_POINT('Ctrl Pts',(-16.6000019288644,20.4430586014944,20.2474546611273));
#3013=CARTESIAN_POINT('Ctrl Pts',(-16.7778922881427,24.1462852628773,18.7280364166914));
#3014=CARTESIAN_POINT('Ctrl Pts',(-16.7023221586556,29.1792014643893,16.9135844281922));
#3015=CARTESIAN_POINT('Ctrl Pts',(-16.2007752816607,33.475190970968,15.5119418075471));
#3016=CARTESIAN_POINT('Ctrl Pts',(-15.3278550651777,36.7694711093208,14.506791552006));
#3017=CARTESIAN_POINT('Ctrl Pts',(-14.4409152503787,38.8794100255781,13.9007083918293));
#3018=CARTESIAN_POINT('Ctrl Pts',(-13.3123127214767,40.5210329176467,13.4705675575922));
#3019=CARTESIAN_POINT('Ctrl Pts',(-12.064505494391,41.5045887502408,13.2628088551206));
#3020=CARTESIAN_POINT('Ctrl Pts',(-10.7836813055342,41.9332947870054,13.2347595725583));
#3021=CARTESIAN_POINT('Ctrl Pts',(-9.12634614428289,41.9588948372549,13.3672171466522));
#3022=CARTESIAN_POINT('Ctrl Pts',(-6.89281617115518,41.0870654667518,13.8356557342756));
#3023=CARTESIAN_POINT('Ctrl Pts',(-4.15774262208336,38.8402815707323,14.7986632213326));
#3024=CARTESIAN_POINT('Ctrl Pts',(-1.51033071312104,35.7276657247256,16.0645433194834));
#3025=CARTESIAN_POINT('Ctrl Pts',(0.961843844874663,32.0546924792317,17.561072846623));
#3026=CARTESIAN_POINT('Ctrl Pts',(2.45076089072179,29.4200771073026,18.6866408296499));
#3027=CARTESIAN_POINT('Ctrl Pts',(3.14214339508601,28.1120505746706,19.2823241458871));
#3028=CARTESIAN_POINT('Origin',(0.,0.,0.));
#3029=CARTESIAN_POINT('Origin',(0.,0.,0.));
#3030=UNCERTAINTY_MEASURE_WITH_UNIT(LENGTH_MEASURE(0.01),#3034,
'DISTANCE_ACCURACY_VALUE',
'Maximum model space distance between geometric entities at asserted c
onnectivities');
#3031=UNCERTAINTY_MEASURE_WITH_UNIT(LENGTH_MEASURE(0.01),#3034,
'DISTANCE_ACCURACY_VALUE',
'Maximum model space distance between geometric entities at asserted c
onnectivities');
#3032=(
GEOMETRIC_REPRESENTATION_CONTEXT(3)
GLOBAL_UNCERTAINTY_ASSIGNED_CONTEXT((#3030))
GLOBAL_UNIT_ASSIGNED_CONTEXT((#3034,#3036,#3037))
REPRESENTATION_CONTEXT('','3D')
);
#3033=(
GEOMETRIC_REPRESENTATION_CONTEXT(3)
GLOBAL_UNCERTAINTY_ASSIGNED_CONTEXT((#3031))
GLOBAL_UNIT_ASSIGNED_CONTEXT((#3034,#3036,#3037))
REPRESENTATION_CONTEXT('','3D')
);
#3034=(
LENGTH_UNIT()
NAMED_UNIT(*)
SI_UNIT(.MILLI.,.METRE.)
);
#3035=(
LENGTH_UNIT()
NAMED_UNIT(*)
SI_UNIT($,.METRE.)
);
#3036=(
NAMED_UNIT(*)
PLANE_ANGLE_UNIT()
SI_UNIT($,.RADIAN.)
);
#3037=(
NAMED_UNIT(*)
SI_UNIT($,.STERADIAN.)
SOLID_ANGLE_UNIT()
);
#3038=SHAPE_DEFINITION_REPRESENTATION(#3039,#3040);
#3039=PRODUCT_DEFINITION_SHAPE('',$,#3042);
#3040=SHAPE_REPRESENTATION('',(#746),#3032);
#3041=PRODUCT_DEFINITION_CONTEXT('part definition',#3046,'design');
#3042=PRODUCT_DEFINITION('Support Mount Abuse angle',
'Support Mount Abuse angle v3',#3043,#3041);
#3043=PRODUCT_DEFINITION_FORMATION('',$,#3048);
#3044=PRODUCT_RELATED_PRODUCT_CATEGORY('Support Mount Abuse angle v3',
'Support Mount Abuse angle v3',(#3048));
#3045=APPLICATION_PROTOCOL_DEFINITION('international standard',
'automotive_design',2009,#3046);
#3046=APPLICATION_CONTEXT(
'Core Data for Automotive Mechanical Design Process');
#3047=PRODUCT_CONTEXT('part definition',#3046,'mechanical');
#3048=PRODUCT('Support Mount Abuse angle',
'Support Mount Abuse angle v3',$,(#3047));
#3049=PRESENTATION_STYLE_ASSIGNMENT((#3050));
#3050=SURFACE_STYLE_USAGE(.BOTH.,#3051);
#3051=SURFACE_SIDE_STYLE('',(#3052));
#3052=SURFACE_STYLE_FILL_AREA(#3053);
#3053=FILL_AREA_STYLE('Steel - Satin',(#3054));
#3054=FILL_AREA_STYLE_COLOUR('Steel - Satin',#3055);
#3055=COLOUR_RGB('Steel - Satin',0.627450980392157,0.627450980392157,0.627450980392157);
ENDSEC;
END-ISO-10303-21;
