timestamp,x,y,tile,total_mem_mb,total_cpu,costmap_update_rate_hz,costmap_update_count,costmap_full_count,disk_read_mb,disk_write_mb,total_disk_read_mb,total_disk_write_mb,map_server_mem_mb,map_server_cpu,tile_switcher_mem_mb,tile_switcher_cpu
0.12417244911193848,0.02456555135180549,0.04085155563336087,1,146.515625,0.0,0.0,0,0,0.37890625,0.0,0.37890625,0.0,28.62890625,0.0,55.67578125,0.0
0.22423720359802246,0.02073713247664872,0.044037046097563703,1,146.515625,10.0,0.0,0,1,0.0,0.0,0.37890625,0.0,28.62890625,0.0,55.67578125,10.0
0.32445645332336426,0.01889853211165945,0.04452009190382355,1,146.51953125,10.0,0.0,0,1,0.0,0.0,0.37890625,0.0,28.62890625,10.0,55.6796875,0.0
0.4241654872894287,0.018886684775769037,0.04398193364796254,1,146.51953125,20.0,0.0,0,1,0.0,0.0,0.37890625,0.0,28.62890625,0.0,55.6796875,20.0
0.5243186950683594,0.018672801046927978,0.045038931856203494,1,146.51953125,20.0,0.0,0,1,0.015625,0.0,0.39453125,0.0,28.62890625,10.0,55.6796875,10.0
0.6241281032562256,0.016804089336369822,0.04679888477016848,1,146.51953125,20.0,0.0,0,1,0.0,0.0,0.39453125,0.0,28.62890625,10.0,55.6796875,10.0
0.7241973876953125,0.015799487444764768,0.04853832653006451,1,146.51953125,0.0,0.0,0,1,0.0,1.234375,0.39453125,1.234375,28.62890625,0.0,55.6796875,0.0
0.8241252899169922,0.014797535292893235,0.051197793141519655,1,146.5234375,20.0,0.0,0,1,0.0,0.0,0.39453125,1.234375,28.62890625,10.0,55.68359375,10.0
0.924140214920044,0.016299003866525594,0.052702817218392525,1,146.5234375,10.0,0.0,0,1,0.0,0.0,0.39453125,1.234375,28.62890625,0.0,55.68359375,10.0
1.0244863033294678,0.015650572457818323,0.05451127368082756,1,146.5234375,29.799999999999997,0.0,0,1,0.0,0.0,0.39453125,1.234375,28.62890625,19.9,55.68359375,9.9
1.1244843006134033,0.018544256933792753,0.05366903670660344,1,146.5234375,10.0,0.0,0,1,0.0,0.25390625,0.39453125,1.48828125,28.62890625,0.0,55.68359375,10.0
1.2242610454559326,0.016800181438904944,0.057096158791640476,1,146.5234375,20.2,0.0,0,2,0.0,0.0,0.39453125,1.48828125,28.62890625,10.1,55.68359375,10.1
1.3242905139923096,0.01443164959515761,0.061066211539798965,1,146.5234375,10.0,0.0,0,2,0.0,0.0,0.39453125,1.48828125,28.62890625,0.0,55.68359375,10.0
1.4242796897888184,0.017645771905672614,0.061786860499510876,1,146.5234375,20.0,0.0,0,2,0.0,0.0,0.39453125,1.48828125,28.62890625,10.0,55.68359375,10.0
1.5242576599121094,0.020504013069866652,0.058205392062785376,1,146.5234375,0.0,0.0,0,2,0.0,0.0,0.39453125,1.48828125,28.62890625,0.0,55.68359375,0.0
1.6241481304168701,0.018408266115280573,0.06082523150978195,1,146.5234375,20.0,0.0,0,2,0.0,0.0,0.39453125,1.48828125,28.62890625,10.0,55.68359375,10.0
1.7242865562438965,0.019462255047491595,0.062347477560596644,1,146.5234375,20.0,0.0,0,2,0.0,0.0,0.39453125,1.48828125,28.62890625,10.0,55.68359375,10.0
1.8241937160491943,0.01732500652994559,0.06384691434251709,1,146.5234375,10.0,0.0,0,2,0.0,0.0,0.39453125,1.48828125,28.62890625,0.0,55.68359375,10.0
1.9243321418762207,0.01725035149133877,0.06597148398701667,1,146.5234375,10.0,0.0,0,2,0.0,0.0,0.39453125,1.48828125,28.62890625,10.0,55.68359375,0.0
2.0250160694122314,0.019012216378290436,0.062125906611471354,1,146.5234375,30.0,0.0,0,2,0.0,0.0,0.39453125,1.48828125,28.62890625,10.0,55.68359375,20.0
2.1242575645446777,0.022030863786474876,0.06022086674589303,1,146.5234375,10.1,0.0,0,2,0.0078125,0.0,0.40234375,1.48828125,28.62890625,0.0,55.68359375,10.1
2.2243688106536865,0.010952114956528832,0.06965934744408156,1,146.5234375,20.0,0.0,0,2,0.0,0.0,0.40234375,1.48828125,28.62890625,10.0,55.68359375,10.0
2.324340581893921,0.024934373961704323,0.06277881258459125,1,146.5234375,10.0,0.0,0,2,0.0,0.0,0.40234375,1.48828125,28.62890625,10.0,55.68359375,0.0
2.4241669178009033,0.027780278326687124,0.0597441830084336,1,146.5234375,10.1,0.0,0,2,0.0,0.0,0.40234375,1.48828125,28.62890625,0.0,55.68359375,10.1
2.524383544921875,0.033783266013411486,0.05642103385976693,1,146.5234375,9.9,0.0,0,2,0.0,0.0,0.40234375,1.48828125,28.62890625,0.0,55.68359375,9.9
2.62441086769104,0.036409665277708336,0.05870331606734111,1,146.5234375,10.0,0.0,0,2,0.0,0.0,0.40234375,1.48828125,28.62890625,10.0,55.68359375,0.0
2.7244207859039307,0.03339240638144453,0.05828215126578142,1,146.5234375,30.0,0.0,0,2,0.0,0.0,0.40234375,1.48828125,28.62890625,10.0,55.68359375,20.0
2.824509620666504,0.05495048381963542,0.040572969136394944,1,146.5234375,10.0,0.0,0,2,0.0,0.0,0.40234375,1.48828125,28.62890625,10.0,55.68359375,0.0
2.9244210720062256,0.06841651307674687,0.030568398835109784,1,146.52734375,10.0,0.0,0,2,0.0,0.0,0.40234375,1.48828125,28.6328125,0.0,55.68359375,10.0
3.024106979370117,0.060173936929829495,0.03334963963528378,1,146.52734375,20.1,0.0,0,2,0.0,0.0,0.40234375,1.48828125,28.6328125,10.0,55.68359375,10.1
3.1241958141326904,0.06536807373005515,0.03135860513698658,1,146.52734375,10.0,0.0,0,2,0.0,0.08203125,0.40234375,1.5703125,28.6328125,10.0,55.68359375,0.0
3.2243292331695557,0.06658784749100072,0.03147835076069486,1,146.52734375,19.9,0.0,0,3,0.0,0.0,0.40234375,1.5703125,28.6328125,0.0,55.68359375,19.9
3.324582576751709,0.08203332075742137,0.019404216246694063,1,146.52734375,9.9,0.0,0,3,0.0,0.0,0.40234375,1.5703125,28.6328125,0.0,55.68359375,9.9
3.4241580963134766,0.08171133887494157,0.022375937959128307,1,146.52734375,20.2,0.0,0,3,0.0,0.0,0.40234375,1.5703125,28.6328125,20.2,55.68359375,0.0
3.524446725845337,0.08675121350974192,0.02810122531741645,1,146.52734375,10.0,0.0,0,3,0.0,0.0,0.40234375,1.5703125,28.6328125,0.0,55.68359375,10.0
3.6242940425872803,0.0858776228072288,0.035970618254617115,1,146.52734375,20.0,0.0,0,3,0.0,0.0,0.40234375,1.5703125,28.6328125,10.0,55.68359375,10.0
3.724419593811035,0.08610219116909554,0.051377108520965484,1,146.52734375,10.0,0.0,0,3,0.0,0.0,0.40234375,1.5703125,28.6328125,0.0,55.68359375,10.0
3.82424259185791,0.08334869732437003,0.07388627234335844,1,146.53125,20.2,0.0,0,3,0.0,0.0,0.40234375,1.5703125,28.6328125,10.1,55.6875,10.1
3.9243741035461426,0.09693316287017344,0.07923240713521365,1,146.53125,10.0,0.0,0,3,0.0,0.0,0.40234375,1.5703125,28.6328125,0.0,55.6875,10.0
4.024438381195068,0.11503554976948677,0.07859053350850678,1,146.53125,10.0,0.0,0,3,0.0234375,0.0390625,0.42578125,1.609375,28.6328125,10.0,55.6875,0.0
4.124340057373047,0.1163397776928367,0.06997438059290595,1,146.53125,20.0,0.0,0,3,0.0,0.0,0.42578125,1.609375,28.6328125,10.0,55.6875,10.0
4.224777460098267,0.12117792191319386,0.07278714437639648,1,146.53125,9.9,0.0,0,4,0.0,0.00390625,0.42578125,1.61328125,28.6328125,0.0,55.6875,9.9
4.324361562728882,0.12451056398486693,0.10437018059656993,1,146.53125,30.299999999999997,0.0,0,4,0.0,0.0,0.42578125,1.61328125,28.6328125,10.1,55.6875,20.2
4.424234867095947,0.12857809528251923,0.12089760226620984,1,146.53515625,0.0,0.0,0,4,0.0,0.0,0.42578125,1.61328125,28.6328125,0.0,55.69140625,0.0
4.524186611175537,0.1340315138524169,0.13845401586797498,1,146.53515625,30.0,0.0,0,4,0.0,0.0,0.42578125,1.61328125,28.6328125,20.0,55.69140625,10.0
4.62430739402771,0.13522378551520803,0.18528179505883316,1,146.53515625,0.0,0.0,0,4,0.0,0.0,0.42578125,1.61328125,28.6328125,0.0,55.69140625,0.0
4.724211931228638,0.13346830779238567,0.2469960880888133,1,146.53515625,10.0,0.0,0,4,0.00390625,0.0,0.4296875,1.61328125,28.6328125,0.0,55.69140625,10.0
4.824336051940918,0.13317904150723955,0.28447060967500415,1,146.53515625,29.8,0.0,0,4,0.0,0.0,0.4296875,1.61328125,28.6328125,10.0,55.69140625,19.8
4.924367189407349,0.1417307625561458,0.31196082524339086,1,146.53515625,10.0,0.0,0,4,0.0,0.0,0.4296875,1.61328125,28.6328125,10.0,55.69140625,0.0
5.024220705032349,0.14058869638598462,0.3299906514982792,1,146.53515625,10.0,0.0,0,4,0.0,0.0,0.4296875,1.61328125,28.6328125,0.0,55.69140625,10.0
5.1243813037872314,0.1347344397890381,0.32639175381305235,1,146.54296875,0.0,0.0,0,4,0.0,0.0,0.4296875,1.61328125,28.63671875,0.0,55.6953125,0.0
5.224143743515015,0.1523867481092651,0.33343932725197284,1,146.55859375,30.200000000000003,0.0,0,5,0.0,0.0,0.4296875,1.61328125,28.64453125,20.1,55.703125,10.1
5.324376583099365,0.15923799943842776,0.34146495142135536,1,146.56640625,9.9,0.0,0,5,0.0,0.0,0.4296875,1.61328125,28.6484375,0.0,55.70703125,9.9
5.4240899085998535,0.1707038426806221,0.35060158075583,1,146.56640625,30.299999999999997,0.0,0,5,0.0,0.0,0.4296875,1.61328125,28.6484375,10.1,55.70703125,20.2
5.524233341217041,0.18144990312632067,0.3547322231751846,1,146.56640625,0.0,0.0,0,5,0.0,0.0,0.4296875,1.61328125,28.6484375,0.0,55.70703125,0.0
5.6241326332092285,0.1785853748162185,0.35477074400837444,1,146.56640625,10.0,0.0,0,5,0.0,0.0,0.4296875,1.61328125,28.6484375,0.0,55.70703125,10.0
5.724228382110596,0.193524854748025,0.3583017855226891,1,146.56640625,10.0,0.0,0,5,0.0,0.0,0.4296875,1.61328125,28.6484375,10.0,55.70703125,0.0
5.824251890182495,0.19967454904953766,0.35823592086982736,1,146.56640625,10.1,0.0,0,5,0.0,0.11328125,0.4296875,1.7265625,28.6484375,0.0,55.70703125,10.1
5.924344539642334,0.20293071560788659,0.3649356383225829,1,146.56640625,30.0,0.0,0,5,0.0,0.0,0.4296875,1.7265625,28.6484375,20.0,55.70703125,10.0
6.0241405963897705,0.19797944713875568,0.37369644289721227,1,146.56640625,10.0,0.0,0,5,0.00390625,0.0,0.43359375,1.7265625,28.6484375,0.0,55.70703125,10.0
6.124075174331665,0.1917781812879035,0.38110070317196837,1,146.56640625,10.0,0.0,0,5,0.0,0.0,0.43359375,1.7265625,28.6484375,0.0,55.70703125,10.0
6.224271774291992,0.19225628545545267,0.38043797502355453,1,146.56640625,19.9,0.0,0,5,0.0078125,0.03515625,0.44140625,1.76171875,28.6484375,10.0,55.70703125,9.9
6.324266195297241,0.19214881145768986,0.3810171216292183,1,146.56640625,20.0,0.0,0,5,0.01171875,0.0,0.453125,1.76171875,28.6484375,10.0,55.70703125,10.0
6.4241111278533936,0.19285790666968608,0.38627745913951705,1,146.56640625,10.0,0.0,0,5,0.0,0.0,0.453125,1.76171875,28.6484375,0.0,55.70703125,10.0
6.524250030517578,0.19778516694871215,0.39312959403191156,1,146.56640625,20.0,0.0,0,5,0.0,0.0,0.453125,1.76171875,28.6484375,10.0,55.70703125,10.0
6.624175071716309,0.20132646791629832,0.39524228387059335,1,146.56640625,10.0,0.0,0,5,0.0,0.0,0.453125,1.76171875,28.6484375,0.0,55.70703125,10.0
6.724247694015503,0.2002118595895228,0.39360632737232537,1,146.56640625,20.0,0.0,0,5,0.0,0.0,0.453125,1.76171875,28.6484375,10.0,55.70703125,10.0
6.824258089065552,0.2018003045215701,0.394279502066602,1,146.56640625,10.0,0.0,0,5,0.0,0.0,0.453125,1.76171875,28.6484375,0.0,55.70703125,10.0
6.924147129058838,0.21507640736951936,0.4000580634054177,1,146.56640625,20.1,0.0,0,5,0.0,0.0,0.453125,1.76171875,28.6484375,10.0,55.70703125,10.1
7.024149179458618,0.2164252524790919,0.3998699756422629,1,146.56640625,10.0,0.0,0,5,0.0,0.0,0.453125,1.76171875,28.6484375,0.0,55.70703125,10.0
7.1242594718933105,0.21459272540122207,0.40285170691884575,1,146.56640625,20.0,0.0,0,5,0.0,0.0,0.453125,1.76171875,28.6484375,10.0,55.70703125,10.0
7.224179983139038,0.2171991133156413,0.40726782642299764,1,146.56640625,20.0,0.0,0,6,0.0,0.0,0.453125,1.76171875,28.6484375,10.0,55.70703125,10.0
7.324274063110352,0.21507312798540523,0.4077749881902938,1,146.56640625,10.0,0.0,0,6,0.0,0.0,0.453125,1.76171875,28.6484375,0.0,55.70703125,10.0
7.4243004322052,0.21606465578431105,0.4116550523474747,1,146.56640625,20.0,0.0,0,6,0.0,0.0,0.453125,1.76171875,28.6484375,10.0,55.70703125,10.0
7.524202108383179,0.22248421511844413,0.4175052659854873,1,146.56640625,20.0,0.0,0,6,0.0,0.0,0.453125,1.76171875,28.6484375,10.0,55.70703125,10.0
7.624218702316284,0.22723645568437736,0.42322745141577206,1,146.56640625,30.0,0.0,0,6,0.0,0.0,0.453125,1.76171875,28.6484375,10.0,55.70703125,20.0
7.724272012710571,0.2249650680568794,0.4216053770572345,1,146.56640625,10.0,0.0,0,6,0.0,0.00390625,0.453125,1.765625,28.6484375,0.0,55.70703125,10.0
7.824105978012085,0.23169074039062168,0.42319484983158223,1,146.56640625,20.1,0.0,0,6,0.0,0.0,0.453125,1.765625,28.6484375,10.0,55.70703125,10.1
7.924164772033691,0.22531178451569323,0.4201012112646456,1,146.56640625,20.0,0.0,0,6,0.0,0.0,0.453125,1.765625,28.6484375,10.0,55.70703125,10.0
8.024255752563477,0.22811633577436696,0.42181978125124,1,146.5703125,10.0,0.0,0,6,0.0,0.0,0.453125,1.765625,28.65234375,0.0,55.70703125,10.0
8.124362468719482,0.24214956318567074,0.4163538368628169,1,146.5703125,20.0,0.0,0,6,0.0,0.0,0.453125,1.765625,28.65234375,10.0,55.70703125,10.0
8.224138736724854,0.23165110018927995,0.4142898934764585,1,146.5703125,20.0,0.0,0,7,0.0,0.0,0.453125,1.765625,28.65234375,10.0,55.70703125,10.0
8.32430362701416,0.2361650699626644,0.4206771812364289,1,146.5703125,10.0,0.0,0,7,0.0,0.02734375,0.453125,1.79296875,28.65234375,0.0,55.70703125,10.0
8.42429494857788,0.2297538604388183,0.42090390893709734,1,146.5703125,10.0,0.0,0,7,0.0,0.0,0.453125,1.79296875,28.65234375,0.0,55.70703125,10.0
8.524117469787598,0.23202531999792636,0.4245880867070486,1,146.5703125,30.1,0.0,0,7,0.0,0.0,0.453125,1.79296875,28.65234375,20.1,55.70703125,10.0
8.624109268188477,0.23440550696255902,0.4240735632336968,1,146.5703125,10.0,0.0,0,7,0.0,0.0,0.453125,1.79296875,28.65234375,0.0,55.70703125,10.0
8.724146127700806,0.23752172609722458,0.4254168772599129,1,146.5703125,9.9,0.0,0,7,0.0,0.0,0.453125,1.79296875,28.65234375,0.0,55.70703125,9.9
8.824211835861206,0.2389061169135947,0.4287928501621668,1,146.5703125,20.1,0.0,0,7,0.0,0.0,0.453125,1.79296875,28.65234375,20.1,55.70703125,0.0
8.924131870269775,0.24099800385171777,0.4319215668085161,1,146.5703125,10.0,0.0,0,7,0.0,0.0,0.453125,1.79296875,28.65234375,0.0,55.70703125,10.0
9.024224519729614,0.24479578967048593,0.4331540086187036,1,146.5703125,10.0,0.0,0,7,0.0,0.0,0.453125,1.79296875,28.65234375,0.0,55.70703125,10.0
9.124204397201538,0.2392462653411797,0.42911523449415045,1,146.5703125,30.0,0.0,0,7,0.0,0.0,0.453125,1.79296875,28.65234375,10.0,55.70703125,20.0
9.224167585372925,0.23724867288119073,0.42716350336396275,1,146.5703125,10.0,0.0,0,7,0.0,0.0,0.453125,1.79296875,28.65234375,10.0,55.70703125,0.0
9.32408881187439,0.24385002004493883,0.42892175321862025,1,146.5703125,10.0,0.0,0,7,0.0,0.0,0.453125,1.79296875,28.65234375,0.0,55.70703125,10.0
9.424157619476318,0.24313151427392124,0.428266929813996,1,146.57421875,20.0,0.0,0,7,0.0,0.0,0.453125,1.79296875,28.65234375,10.0,55.7109375,10.0
9.524415493011475,0.24263781295950612,0.4237676032352793,1,146.57421875,10.0,0.0,0,7,0.0,0.0,0.453125,1.79296875,28.65234375,10.0,55.7109375,0.0
9.624346733093262,0.24342376982592476,0.4213729167743832,1,146.57421875,20.0,0.0,0,7,0.0,0.0,0.453125,1.79296875,28.65234375,0.0,55.7109375,20.0
9.724258661270142,0.24614065441891583,0.41686029253865786,1,146.57421875,10.0,0.0,0,7,0.0,0.0,0.453125,1.79296875,28.65234375,0.0,55.7109375,10.0
9.82435417175293,0.2493583364080466,0.416098151260116,1,146.57421875,29.799999999999997,0.0,0,7,0.0,0.0,0.453125,1.79296875,28.65234375,19.9,55.7109375,9.9
9.924318552017212,0.2527659381202409,0.41634787937146284,1,146.57421875,10.0,0.0,0,7,0.0,0.0,0.453125,1.79296875,28.65234375,0.0,55.7109375,10.0
10.024123191833496,0.25625742952576214,0.41514648992626196,1,146.57421875,20.1,0.0,0,7,0.0,0.0,0.453125,1.79296875,28.65234375,0.0,55.7109375,20.1
10.12418532371521,0.25439019002377616,0.41333761028342686,1,146.57421875,19.9,0.0,0,7,0.0078125,0.0,0.4609375,1.79296875,28.65234375,19.9,55.7109375,0.0
10.224289178848267,0.25572089596330966,0.415856735233402,1,146.57421875,10.0,0.0,0,8,0.0,0.0,0.4609375,1.79296875,28.65234375,0.0,55.7109375,10.0
10.324246883392334,0.2614499085870115,0.42754882953194073,1,146.57421875,10.0,0.0,0,8,0.0,0.0,0.4609375,1.79296875,28.65234375,0.0,55.7109375,10.0
10.424423694610596,0.25108472181033237,0.4226458904865561,1,146.57421875,39.8,0.0,0,8,0.0078125,0.0,0.46875,1.79296875,28.65234375,19.9,55.7109375,19.9
10.524121522903442,0.24567292659949247,0.4307649238115736,1,146.57421875,10.1,0.0,0,8,0.0,0.0,0.46875,1.79296875,28.65234375,0.0,55.7109375,10.1
10.624456882476807,0.23931255332836032,0.4318459048638747,1,146.57421875,19.8,0.0,0,8,0.0,0.0,0.46875,1.79296875,28.65234375,9.9,55.7109375,9.9
10.724431276321411,0.249610865592248,0.4378230058695557,1,146.57421875,20.0,0.0,0,8,0.0,0.0,0.46875,1.79296875,28.65234375,10.0,55.7109375,10.0
10.8242928981781,0.2470668385227487,0.43377119944670484,1,146.57421875,10.1,0.0,0,8,0.0,0.0,0.46875,1.79296875,28.65234375,0.0,55.7109375,10.1
10.924285650253296,0.24245006352115697,0.4322299389625167,1,146.58203125,30.0,0.0,0,8,0.0,0.0,0.46875,1.79296875,28.65234375,20.0,55.71875,10.0
11.024533033370972,0.2410550376412806,0.4321704518591363,1,146.58203125,10.0,0.0,0,8,0.0,0.0,0.46875,1.79296875,28.65234375,0.0,55.71875,10.0
11.124292135238647,0.24857735336056636,0.4344883170878341,1,146.58203125,10.1,0.0,0,8,0.0,0.0,0.46875,1.79296875,28.65234375,0.0,55.71875,10.1
11.224047660827637,0.2548914212012543,0.43255508181248054,1,146.58203125,20.1,0.0,0,8,0.0,0.0,0.46875,1.79296875,28.65234375,10.0,55.71875,10.1
11.324261665344238,0.2531037553275689,0.4286737295748166,1,146.58203125,9.9,0.0,0,8,0.0,0.0,0.46875,1.79296875,28.65234375,0.0,55.71875,9.9
11.424132823944092,0.2546381258078006,0.4308859239146942,1,146.58203125,20.0,0.0,0,8,0.0,0.0,0.46875,1.79296875,28.65234375,10.0,55.71875,10.0
11.524464845657349,0.2535435067879396,0.4311406731471594,1,146.58203125,20.0,0.0,0,8,0.0,0.0,0.46875,1.79296875,28.65234375,10.0,55.71875,10.0
11.624490737915039,0.2580084062252793,0.4327288591383764,1,146.58203125,10.0,0.0,0,8,0.0,0.0,0.46875,1.79296875,28.65234375,0.0,55.71875,10.0
11.724263429641724,0.2543357483916764,0.4317048496529141,1,146.58203125,20.0,0.0,0,8,0.0,0.0,0.46875,1.79296875,28.65234375,10.0,55.71875,10.0
11.824340581893921,0.25445625827465235,0.43301594034094043,1,146.58203125,10.0,0.0,0,8,0.0,0.05859375,0.46875,1.8515625,28.65234375,10.0,55.71875,0.0
11.924129009246826,0.2517429687157669,0.43329638827328815,1,146.58203125,20.0,0.0,0,8,0.0,0.0,0.46875,1.8515625,28.65234375,0.0,55.71875,20.0
12.024062395095825,0.2614330771948882,0.4379030114868006,1,146.58203125,0.0,0.0,0,8,0.0,0.0,0.46875,1.8515625,28.65234375,0.0,55.71875,0.0
12.124087572097778,0.2528907529354092,0.43227282803672895,1,146.58203125,20.0,0.0,0,8,0.0,0.0,0.46875,1.8515625,28.65234375,10.0,55.71875,10.0
12.224178314208984,0.251679435085381,0.4345042537234199,1,146.58203125,29.9,0.0,0,9,0.0,0.0,0.46875,1.8515625,28.65234375,10.0,55.71875,19.9
12.324432373046875,0.25243551606526315,0.43435368938404667,1,146.58203125,10.0,0.0,0,9,0.0,0.0,0.46875,1.8515625,28.65234375,0.0,55.71875,10.0
12.424493551254272,0.25439551804167776,0.4342917474034348,1,146.58203125,19.9,0.0,0,9,0.0,0.0,0.46875,1.8515625,28.65234375,10.0,55.71875,9.9
12.524508476257324,0.2521125613606184,0.4355640105674351,1,146.58203125,20.1,0.0,0,9,0.0,0.0,0.46875,1.8515625,28.65234375,10.0,55.71875,10.1
12.624393463134766,0.24722155446587474,0.43756240430677057,1,146.5859375,30.0,0.0,0,9,0.0,0.0,0.46875,1.8515625,28.65625,10.0,55.71875,20.0
12.724464178085327,0.24771000031544516,0.4420489401361775,1,146.5859375,10.0,0.0,0,9,0.0,0.0,0.46875,1.8515625,28.65625,0.0,55.71875,10.0
12.824314594268799,0.2655863817779118,0.44145975779014146,1,146.5859375,20.0,0.0,0,9,0.0,0.0,0.46875,1.8515625,28.65625,10.0,55.71875,10.0
12.924743413925171,0.2596976366973181,0.4165562216197539,1,146.5859375,19.8,0.0,0,9,0.0,0.0,0.46875,1.8515625,28.65625,9.9,55.71875,9.9
13.024340867996216,0.2544374038330017,0.4141294926530823,1,146.5859375,20.2,0.0,0,9,0.0,0.0,0.46875,1.8515625,28.65625,10.1,55.71875,10.1
13.124318599700928,0.24816857286047278,0.41883923088905056,1,146.59375,10.0,0.0,0,9,0.0,0.0,0.46875,1.8515625,28.66015625,0.0,55.72265625,10.0
13.224319696426392,0.257712717897019,0.41951452342856216,1,146.609375,20.0,0.0,0,10,0.0,0.0,0.46875,1.8515625,28.66796875,10.0,55.73046875,10.0
13.324531078338623,0.26083227776563966,0.42413003136342364,1,146.61328125,19.8,0.0,0,10,0.0,0.0,0.46875,1.8515625,28.66796875,9.9,55.734375,9.9
13.424488067626953,0.25847031356032174,0.42708813008565977,1,146.61328125,20.2,0.0,0,10,0.0,0.0,0.46875,1.8515625,28.66796875,0.0,55.734375,20.2
13.524287939071655,0.24997937523984282,0.4311915039942791,1,146.61328125,30.0,0.0,0,10,0.0,0.0,0.46875,1.8515625,28.66796875,20.0,55.734375,10.0
13.624354600906372,0.2484672493966812,0.44238602408544153,1,146.61328125,10.0,0.0,0,10,0.0,0.0,0.46875,1.8515625,28.66796875,0.0,55.734375,10.0
13.72462248802185,0.2414411532995024,0.4610643504294452,1,146.61328125,20.0,0.0,0,10,0.0,0.0,0.46875,1.8515625,28.66796875,10.0,55.734375,10.0
13.82457160949707,0.22550144786419657,0.4823178628789115,1,146.61328125,10.0,0.0,0,10,0.0,0.0,0.46875,1.8515625,28.66796875,0.0,55.734375,10.0
13.924712419509888,0.22196904138823345,0.5020715823811234,1,146.61328125,20.0,0.0,0,10,0.0,0.0,0.46875,1.8515625,28.66796875,10.0,55.734375,10.0
14.02457594871521,0.2228835809649511,0.5430666355516323,1,146.61328125,30.0,0.0,0,10,0.0,0.0390625,0.46875,1.890625,28.66796875,10.0,55.734375,20.0
14.124369621276855,0.21662691325770858,0.5812254278547744,1,146.6171875,10.1,0.0,0,10,0.0,0.0,0.46875,1.890625,28.671875,0.0,55.734375,10.1
14.224478483200073,0.19965853420448068,0.6157833423992026,1,146.6171875,20.0,0.0,0,10,0.0,0.0,0.46875,1.890625,28.671875,10.0,55.734375,10.0
14.32439398765564,0.1907998904503513,0.6490597260090168,1,146.6171875,10.0,0.0,0,10,0.0,0.0,0.46875,1.890625,28.671875,0.0,55.734375,10.0
14.424451112747192,0.18514102616583333,0.6823953314568157,1,146.6171875,19.8,0.0,0,10,0.0,0.0,0.46875,1.890625,28.671875,9.9,55.734375,9.9
14.524591445922852,0.1661475521446598,0.7198160743492419,1,146.6171875,10.0,0.0,0,10,0.0,0.0,0.46875,1.890625,28.671875,0.0,55.734375,10.0
14.624167442321777,0.14471473844703303,0.744731646847493,1,146.6171875,40.4,0.0,0,10,0.0,0.0,0.46875,1.890625,28.671875,20.2,55.734375,20.2
14.724291324615479,0.14294765157260542,0.7792339903435145,1,146.6171875,10.0,0.0,0,10,0.00390625,0.0,0.47265625,1.890625,28.671875,0.0,55.734375,10.0
14.824147701263428,0.15554129009044387,0.8092031110694704,1,146.6171875,30.0,0.0,0,10,0.0,0.0,0.47265625,1.890625,28.671875,10.0,55.734375,20.0
14.924118041992188,0.15290650811592726,0.8406961622117345,1,146.6171875,10.0,0.0,0,10,0.0,0.0,0.47265625,1.890625,28.671875,0.0,55.734375,10.0
15.024273157119751,0.14694121050831999,0.8682420259823462,1,146.6171875,20.0,0.0,0,10,0.0,0.0,0.47265625,1.890625,28.671875,10.0,55.734375,10.0
15.124133110046387,0.14768186781300566,0.8939881812847419,1,146.6171875,20.0,0.0,0,10,0.0,0.0,0.47265625,1.890625,28.671875,10.0,55.734375,10.0
15.224273920059204,0.16583038362447766,0.9402828705067713,1,146.6171875,19.8,0.0,0,11,0.0,0.0,0.47265625,1.890625,28.671875,9.9,55.734375,9.9
15.32445240020752,0.1841987129360621,0.977169213872298,1,146.6171875,9.9,0.0,0,11,0.0,0.0,0.47265625,1.890625,28.671875,0.0,55.734375,9.9
15.424691200256348,0.1923618982986455,1.016236358439017,1,146.6171875,10.1,0.0,0,11,0.0,0.0,0.47265625,1.890625,28.671875,0.0,55.734375,10.1
15.524193525314331,0.20715389423713793,1.0413401666604656,1,146.6171875,30.1,0.0,0,11,0.0,0.0,0.47265625,1.890625,28.671875,20.1,55.734375,10.0
15.624200820922852,0.21854904097216923,1.0528120982730722,1,146.6171875,10.0,0.0,0,11,0.0,0.0,0.47265625,1.890625,28.671875,0.0,55.734375,10.0
15.724196910858154,0.2411123925778652,1.0774633287951996,1,146.6171875,30.0,0.0,0,11,0.0,0.0,0.47265625,1.890625,28.671875,10.0,55.734375,20.0
15.824170351028442,0.230107173485904,1.0969182183109065,1,146.6171875,20.0,0.0,0,11,0.0,0.0,0.47265625,1.890625,28.671875,10.0,55.734375,10.0
15.924167394638062,0.22267259948061996,1.108996537274406,1,146.6171875,10.0,0.0,0,11,0.0,0.359375,0.47265625,2.25,28.671875,0.0,55.734375,10.0
16.024413585662842,0.2111604267621741,1.1041471904393545,1,146.6171875,19.9,0.0,0,11,0.0,0.0,0.47265625,2.25,28.671875,10.0,55.734375,9.9
16.124316215515137,0.20767224559134126,1.1168675401353443,1,146.6171875,20.0,0.0,0,11,0.0,0.0,0.47265625,2.25,28.671875,10.0,55.734375,10.0
16.22425413131714,0.20111212849305016,1.103931482161671,1,146.6171875,10.0,0.0,0,12,0.0,0.0,0.47265625,2.25,28.671875,0.0,55.734375,10.0
16.32425022125244,0.21085694937519098,1.1242619098345352,1,146.6171875,10.0,0.0,0,12,0.0,0.0,0.47265625,2.25,28.671875,0.0,55.734375,10.0
16.424281358718872,0.21518040752611794,1.1222635406841128,1,146.6171875,29.9,0.0,0,12,0.0,0.0,0.47265625,2.25,28.671875,19.9,55.734375,10.0
16.5243079662323,0.2218765106184998,1.1266250838195626,1,146.6171875,10.0,0.0,0,12,0.0,0.015625,0.47265625,2.265625,28.671875,0.0,55.734375,10.0
16.62418246269226,0.23238614768413046,1.133709584056575,1,146.6171875,20.2,0.0,0,12,0.0,0.0,0.47265625,2.265625,28.671875,10.1,55.734375,10.1
16.724156379699707,0.2431205346107451,1.1331469972538497,1,146.6171875,10.0,0.0,0,12,0.0,0.0,0.47265625,2.265625,28.671875,0.0,55.734375,10.0
16.82434630393982,0.2442734318124131,1.1416032352732146,1,146.6171875,19.9,0.0,0,12,0.0,0.0,0.47265625,2.265625,28.671875,10.0,55.734375,9.9
16.92427635192871,0.25092989116045433,1.1561933050804427,1,146.6171875,30.1,0.0,0,12,0.0,0.0,0.47265625,2.265625,28.671875,10.0,55.734375,20.1
17.02429223060608,0.23901571723242326,1.185735947387838,1,146.6171875,10.0,0.0,0,12,0.0,0.0,0.47265625,2.265625,28.671875,0.0,55.734375,10.0
17.124231576919556,0.2249574735167673,1.2159797523549738,1,146.6171875,10.0,0.0,0,12,0.0,0.0,0.47265625,2.265625,28.671875,10.0,55.734375,0.0
17.224180936813354,0.22349342371020628,1.2531461219161737,1,146.6171875,20.0,0.0,0,12,0.0,0.0,0.47265625,2.265625,28.671875,0.0,55.734375,20.0
17.324290990829468,0.21813274619477327,1.2735435760233977,1,146.6171875,10.0,0.0,0,12,0.0,0.0,0.47265625,2.265625,28.671875,0.0,55.734375,10.0
17.424224853515625,0.2094745516990051,1.3518740356915098,1,146.6171875,30.200000000000003,0.0,0,12,0.0,0.0,0.47265625,2.265625,28.671875,20.1,55.734375,10.1
17.52427101135254,0.21895788330535684,1.3981106305433768,1,146.6171875,20.0,0.0,0,12,0.0,0.07421875,0.47265625,2.33984375,28.671875,0.0,55.734375,20.0
17.624168395996094,0.23330604926572943,1.478080683609997,1,146.6171875,20.0,0.0,0,12,0.0,0.0,0.47265625,2.33984375,28.671875,10.0,55.734375,10.0
17.724348068237305,0.1764910748409591,1.4947264232583846,1,146.62109375,20.0,0.0,0,12,0.03125,0.0,0.50390625,2.33984375,28.671875,0.0,55.73828125,20.0
17.824342727661133,0.16657476293427695,1.5372886628191074,1,146.62109375,19.9,0.0,0,12,0.0,0.0,0.50390625,2.33984375,28.671875,19.9,55.73828125,0.0
17.9240882396698,0.13973138357128576,1.583894963303057,1,146.62109375,10.1,0.0,0,12,0.0,0.0,0.50390625,2.33984375,28.671875,0.0,55.73828125,10.1
18.024176836013794,0.13791344025463337,1.6275057847477545,1,146.62109375,20.0,0.0,0,12,0.0,0.0,0.50390625,2.33984375,28.671875,0.0,55.73828125,20.0
18.124176025390625,0.13215380763351198,1.71060800418934,1,146.62109375,20.0,0.0,0,12,0.0,0.0,0.50390625,2.33984375,28.671875,10.0,55.73828125,10.0
18.224083423614502,0.14135221354087762,1.7755500484858606,1,146.62109375,10.0,0.0,0,13,0.0,0.0,0.50390625,2.33984375,28.671875,0.0,55.73828125,10.0
18.324226140975952,0.13576868427505218,1.8090031240667053,1,146.62109375,19.8,0.0,0,13,0.0,0.0,0.50390625,2.33984375,28.671875,9.9,55.73828125,9.9
18.424293518066406,0.11204147741050535,1.9015698281422384,1,146.62109375,30.0,0.0,0,13,0.0,0.0,0.50390625,2.33984375,28.671875,10.0,55.73828125,20.0
18.52427101135254,0.11615211526252305,1.9481421853905896,1,146.62109375,10.1,0.0,0,13,0.0,0.1953125,0.50390625,2.53515625,28.671875,0.0,55.73828125,10.1
18.62434458732605,0.10900742491798847,1.9927379129640461,1,146.62109375,29.799999999999997,0.0,0,13,0.0,0.0,0.50390625,2.53515625,28.671875,19.9,55.73828125,9.9
18.724318742752075,0.11167481792754871,2.0375047742989403,1,146.625,10.0,0.0,0,13,0.0,0.0,0.50390625,2.53515625,28.671875,0.0,55.7421875,10.0
18.824259042739868,0.11713516271423995,2.0647422971934684,1,146.625,19.9,0.0,0,13,0.0,0.0,0.50390625,2.53515625,28.671875,0.0,55.7421875,19.9
18.92422866821289,0.1147571299550274,2.1065092087084873,1,146.625,30.200000000000003,0.0,0,13,0.0,0.0,0.50390625,2.53515625,28.671875,20.1,55.7421875,10.1
19.02435803413391,0.12036310335265042,2.1590399778988987,1,146.625,0.0,0.0,0,13,0.0,0.0,0.50390625,2.53515625,28.671875,0.0,55.7421875,0.0
19.124286651611328,0.12795523613592538,2.23190947024099,1,146.625,20.0,0.0,0,13,0.0,0.0,0.50390625,2.53515625,28.671875,10.0,55.7421875,10.0
19.22413682937622,0.12320124151446318,2.3000245003628956,1,146.625,30.2,0.0,0,14,0.0,0.0,0.50390625,2.53515625,28.671875,10.0,55.7421875,20.2
19.324124336242676,0.1388351745606682,2.3094818904165417,1,146.625,10.0,0.0,0,14,0.0,0.0,0.50390625,2.53515625,28.671875,0.0,55.7421875,10.0
19.424299716949463,0.14906669842556353,2.336952725416527,1,146.625,10.0,0.0,0,14,0.0,0.0,0.50390625,2.53515625,28.671875,0.0,55.7421875,10.0
19.52416968345642,0.15245561175184996,2.39773711941843,1,146.625,30.200000000000003,0.0,0,14,0.0,0.0,0.50390625,2.53515625,28.671875,20.1,55.7421875,10.1
19.624131202697754,0.15495663509030672,2.4377007117042226,1,146.625,10.0,0.0,0,14,0.0,0.0,0.50390625,2.53515625,28.671875,0.0,55.7421875,10.0
19.72429394721985,0.15809773130855584,2.495886030100107,1,146.625,9.9,0.0,0,14,0.0,0.0,0.50390625,2.53515625,28.671875,0.0,55.7421875,9.9
19.824344158172607,0.1724721855575051,2.550650534888247,1,146.625,30.0,0.0,0,14,2.56640625,0.0,3.0703125,2.53515625,28.671875,10.0,55.7421875,20.0
19.924365043640137,0.17461140071497105,2.608368214832615,1,146.625,20.0,0.0,0,14,0.0,0.0,3.0703125,2.53515625,28.671875,10.0,55.7421875,10.0
20.024232625961304,0.19461274687243663,2.655906360060485,1,146.625,10.0,0.0,0,14,0.0,0.0,3.0703125,2.53515625,28.671875,10.0,55.7421875,0.0
20.12425184249878,0.22483588757513756,2.7115942356768232,1,146.625,20.0,0.0,0,14,0.0,0.0,3.0703125,2.53515625,28.671875,0.0,55.7421875,20.0
20.224730253219604,0.24795290024278924,2.7687762090607375,1,146.625,9.9,0.0,0,15,0.0,0.0,3.0703125,2.53515625,28.671875,0.0,55.7421875,9.9
20.324443578720093,0.2367535559986055,2.8011171224631384,1,146.625,30.200000000000003,0.0,0,15,0.0,0.0,3.0703125,2.53515625,28.671875,20.1,55.7421875,10.1
20.424434900283813,0.2367535559986055,2.8011171224631384,1,146.62890625,10.0,0.0,0,15,0.0,0.0,3.0703125,2.53515625,28.67578125,0.0,55.7421875,10.0
20.524348258972168,0.2367535559986055,2.8011171224631384,1,146.62890625,30.0,0.0,0,15,0.0,0.0,3.0703125,2.53515625,28.67578125,10.0,55.7421875,20.0
20.624085187911987,0.2604131995855254,2.9287453150106377,1,146.6328125,20.2,0.0,0,15,0.0,0.0859375,3.0703125,2.62109375,28.67578125,10.1,55.74609375,10.1
20.724237203598022,0.27844713979875907,2.977565161036975,1,146.6328125,9.9,0.0,0,15,0.0,0.0,3.0703125,2.62109375,28.67578125,0.0,55.74609375,9.9
20.824164152145386,0.282587527820545,3.0807730155682207,1,146.6328125,10.1,0.0,0,15,0.0,0.0,3.0703125,2.62109375,28.67578125,0.0,55.74609375,10.1
20.924235820770264,0.28057332601530655,3.1138403812865705,1,146.6328125,30.0,0.0,0,15,0.0,0.0,3.0703125,2.62109375,28.67578125,20.0,55.74609375,10.0
21.02440595626831,0.26130441795035436,3.132338956397424,1,146.6328125,10.0,0.0,0,15,0.0,0.0,3.0703125,2.62109375,28.67578125,0.0,55.74609375,10.0
21.124386310577393,0.26672864653649164,3.1912997973972552,1,146.640625,30.0,0.0,0,15,0.0,0.015625,3.0703125,2.63671875,28.6796875,10.0,55.75,20.0
21.224129915237427,0.2785015647779083,3.250233195017509,1,146.65625,20.0,0.0,0,16,0.0,0.0,3.0703125,2.63671875,28.6875,10.0,55.7578125,10.0
21.324610471725464,0.2592325812691282,3.299144418826196,1,146.66015625,19.8,0.0,0,16,0.0,0.0,3.0703125,2.63671875,28.69140625,9.9,55.7578125,9.9
21.424083948135376,0.275430140933569,3.370389246504284,1,146.66015625,20.2,0.0,0,16,0.0,0.0,3.0703125,2.63671875,28.69140625,0.0,55.7578125,20.2
21.524226188659668,0.3041867749777976,3.4409642634922557,1,146.66015625,19.9,0.0,0,16,0.0,0.0,3.0703125,2.63671875,28.69140625,10.0,55.7578125,9.9
21.624202728271484,0.3180491071075031,3.498680809818092,1,146.66015625,10.0,0.0,0,16,0.0,0.0,3.0703125,2.63671875,28.69140625,0.0,55.7578125,10.0
21.724530458450317,0.36155874932216775,3.560652447405614,1,146.66015625,10.0,0.0,0,16,0.0,0.0,3.0703125,2.63671875,28.69140625,0.0,55.7578125,10.0
21.824291467666626,0.36502017033116774,3.5962984901765913,1,146.66015625,30.200000000000003,0.0,0,16,0.0,0.0,3.0703125,2.63671875,28.69140625,20.1,55.7578125,10.1
21.924424171447754,0.3673542237406552,3.6565010458163982,1,146.66015625,10.0,0.0,0,16,0.0,0.0,3.0703125,2.63671875,28.69140625,0.0,55.7578125,10.0
22.02423334121704,0.39152931383715245,3.7124630599727326,1,146.66015625,0.0,0.0,0,16,0.0,0.0,3.0703125,2.63671875,28.69140625,0.0,55.7578125,0.0
22.12440252304077,0.408447532634409,3.77374221034,1,146.66015625,19.8,0.0,0,16,0.0,0.0,3.0703125,2.63671875,28.69140625,9.9,55.7578125,9.9
22.22456645965576,0.41639246180954054,3.8374127037483237,1,146.6640625,30.0,0.0,0,17,0.0,0.0,3.0703125,2.63671875,28.69140625,10.0,55.76171875,20.0
22.32434320449829,0.42556517254039644,3.895088638039846,1,146.6640625,20.0,0.0,0,17,0.0,0.0,3.0703125,2.63671875,28.69140625,10.0,55.76171875,10.0
22.42443561553955,0.44027555085551423,3.9713117575736603,1,146.6640625,10.0,0.0,0,17,0.0,0.0,3.0703125,2.63671875,28.69140625,0.0,55.76171875,10.0
22.524285316467285,0.42356367014393537,4.006332214016197,1,146.6640625,20.1,0.0,0,17,0.0,0.0,3.0703125,2.63671875,28.69140625,10.0,55.76171875,10.1
22.624576091766357,0.4204105054448523,4.054612716938762,1,146.6640625,19.8,0.0,0,17,0.0,0.0,3.0703125,2.63671875,28.69140625,9.9,55.76171875,9.9
22.724448442459106,0.4216041886463033,4.112234866625112,1,146.6640625,10.1,0.0,0,17,0.0,0.0,3.0703125,2.63671875,28.69140625,0.0,55.76171875,10.1
22.824491024017334,0.42848914795638265,4.17526308654514,1,146.6640625,20.0,0.0,0,17,0.0,0.0,3.0703125,2.63671875,28.69140625,10.0,55.76171875,10.0
22.924411296844482,0.44968852956212063,4.258983699242626,1,146.6640625,30.1,0.0,0,17,0.0,0.0,3.0703125,2.63671875,28.69140625,10.0,55.76171875,20.1
23.024338960647583,0.46936018966397,4.295829811532758,1,146.6640625,10.0,0.0,0,17,0.0,0.0,3.0703125,2.63671875,28.69140625,0.0,55.76171875,10.0
23.124258995056152,0.5003962636208398,4.3940116444747925,1,146.6640625,20.0,0.0,0,17,0.0,0.0,3.0703125,2.63671875,28.69140625,10.0,55.76171875,10.0
23.224448919296265,0.5101335803433652,4.4346387713508015,1,146.6640625,19.9,0.0,0,17,0.0,0.0,3.0703125,2.63671875,28.69140625,10.0,55.76171875,9.9
23.32426166534424,0.5290034954327191,4.470613047301301,1,146.6640625,10.0,0.0,0,17,0.0,0.0,3.0703125,2.63671875,28.69140625,0.0,55.76171875,10.0
23.424346923828125,0.5529203045210457,4.554061789967934,1,146.6640625,30.0,0.0,0,17,0.0,0.0,3.0703125,2.63671875,28.69140625,10.0,55.76171875,20.0
23.524332284927368,0.5764162843878856,4.631534791019613,1,146.6640625,10.0,0.0,0,17,0.0,0.0,3.0703125,2.63671875,28.69140625,0.0,55.76171875,10.0
23.62439513206482,0.5788665143150232,4.686362585745286,1,146.6640625,39.7,0.0,0,17,0.0,0.0,3.0703125,2.63671875,28.69140625,19.9,55.76171875,19.8
23.724282264709473,0.581083107277635,4.758376300142641,1,146.6640625,10.1,0.0,0,17,0.0,0.0,3.0703125,2.63671875,28.69140625,0.0,55.76171875,10.1
23.824358224868774,0.5880318537781221,4.855909632297192,1,146.6640625,10.0,0.0,0,17,0.0,0.0,3.0703125,2.63671875,28.69140625,0.0,55.76171875,10.0
23.924432277679443,0.5827945987966001,4.870602919631636,1,146.6640625,20.0,0.0,0,17,0.0,0.0,3.0703125,2.63671875,28.69140625,10.0,55.76171875,10.0
24.024364233016968,0.5708863857652146,4.906694662336442,1,146.6640625,20.0,0.0,0,17,0.0,0.0390625,3.0703125,2.67578125,28.69140625,10.0,55.76171875,10.0
24.12458348274231,0.56408614863632,4.958356673721165,1,146.6640625,10.0,0.0,0,17,0.0,0.0,3.0703125,2.67578125,28.69140625,0.0,55.76171875,10.0
24.224215030670166,0.5720386224692804,5.016051518170648,1,146.6640625,30.0,0.0,0,18,0.05078125,0.0,3.12109375,2.67578125,28.69140625,10.0,55.76171875,20.0
24.32425856590271,0.5951076715530559,5.095420128142782,1,146.6640625,20.0,0.0,0,18,0.0,0.0,3.12109375,2.67578125,28.69140625,10.0,55.76171875,10.0
24.424139976501465,0.6079920547950626,5.148196741222329,1,146.6640625,0.0,0.0,0,18,0.0,0.0,3.12109375,2.67578125,28.69140625,0.0,55.76171875,0.0
24.52418613433838,0.6340779378848286,5.214829071504947,1,146.6640625,29.9,0.0,0,18,0.0,0.0,3.12109375,2.67578125,28.69140625,10.0,55.76171875,19.9
24.62420392036438,0.6678033231151395,5.2576581679203285,1,146.6640625,29.9,0.0,0,18,0.0,0.0,3.12109375,2.67578125,28.69140625,10.0,55.76171875,19.9
24.724181413650513,0.6605415620613814,5.285433347167857,1,146.6640625,0.0,0.0,0,18,0.0,0.0,3.12109375,2.67578125,28.69140625,0.0,55.76171875,0.0
24.824158668518066,0.6973598579500783,5.350263704640111,1,146.6640625,10.0,0.0,0,18,0.0,0.0,3.12109375,2.67578125,28.69140625,0.0,55.76171875,10.0
24.924333810806274,0.724426253518293,5.398273764027749,1,146.6640625,29.700000000000003,0.0,0,18,0.0,0.0,3.12109375,2.67578125,28.69140625,19.8,55.76171875,9.9
25.024141311645508,0.7497036066642753,5.4531617078752035,1,146.6640625,10.1,0.0,0,18,0.0,0.0,3.12109375,2.67578125,28.69140625,0.0,55.76171875,10.1
25.124381065368652,0.7845707833185477,5.519832393026412,1,146.6640625,10.0,0.0,0,18,0.0,0.0,3.12109375,2.67578125,28.69140625,0.0,55.76171875,10.0
25.224230766296387,0.7899162078818787,5.546528599640087,1,146.6640625,30.0,0.0,0,18,0.0,0.0,3.12109375,2.67578125,28.69140625,10.0,55.76171875,20.0
25.324196100234985,0.8022692448972747,5.6338068854948835,1,146.6640625,10.0,0.0,0,18,0.0,0.0,3.12109375,2.67578125,28.69140625,0.0,55.76171875,10.0
25.42435073852539,0.7764979452747353,5.647262968218332,1,146.6640625,29.9,0.0,0,18,0.0,0.0,3.12109375,2.67578125,28.69140625,19.9,55.76171875,10.0
25.52421474456787,0.7470570293292779,5.678596776875262,1,146.6640625,20.0,0.0,0,18,0.0,0.0,3.12109375,2.67578125,28.69140625,0.0,55.76171875,20.0
25.624170541763306,0.756382713043704,5.741040838367221,1,146.6640625,10.0,0.0,0,18,0.0,0.0,3.12109375,2.67578125,28.69140625,0.0,55.76171875,10.0
25.724334001541138,0.752647105757495,5.789223226067397,1,146.6640625,19.9,0.0,0,18,0.0,0.0,3.12109375,2.67578125,28.69140625,19.9,55.76171875,0.0
25.824248790740967,0.7636275032966914,5.855419870741067,1,146.6640625,10.0,0.0,0,18,0.0,0.0,3.12109375,2.67578125,28.69140625,0.0,55.76171875,10.0
25.924376487731934,0.7722973193331643,5.9107434136974275,1,146.6640625,10.0,0.0,0,18,0.0,0.0,3.12109375,2.67578125,28.69140625,0.0,55.76171875,10.0
26.024250030517578,0.7747149442745411,5.977622638638953,1,146.6640625,30.0,0.0,0,18,0.0,0.0,3.12109375,2.67578125,28.69140625,10.0,55.76171875,20.0
26.124107599258423,0.7946569211199788,6.0398420216915865,1,146.6640625,10.1,0.0,0,18,0.0,0.0,3.12109375,2.67578125,28.69140625,0.0,55.76171875,10.1
26.224069833755493,0.8069298011593411,6.073803458016685,1,146.6640625,20.0,0.0,0,19,0.0,0.0,3.12109375,2.67578125,28.69140625,10.0,55.76171875,10.0
26.324222803115845,0.8072019789026899,6.125365405516364,1,146.6640625,20.0,0.0,0,19,0.0078125,0.2265625,3.12890625,2.90234375,28.69140625,10.0,55.76171875,10.0
26.42426061630249,0.8209381502276242,6.169403661750355,1,146.6640625,20.0,0.0,0,19,0.0,0.0,3.12890625,2.90234375,28.69140625,10.0,55.76171875,10.0
26.524117708206177,0.837130576175905,6.228233976174438,1,146.6640625,10.0,0.0,0,19,0.0,0.0,3.12890625,2.90234375,28.69140625,0.0,55.76171875,10.0
26.624303579330444,0.8415331707060405,6.28673941069628,1,146.6640625,10.0,0.0,0,19,0.0,0.0,3.12890625,2.90234375,28.69140625,0.0,55.76171875,10.0
26.724299430847168,0.8423202003836797,6.3348074714761715,1,146.6640625,40.0,0.0,0,19,0.0,0.02734375,3.12890625,2.9296875,28.69140625,20.0,55.76171875,20.0
26.824366092681885,0.8360058497693078,6.388795225388396,1,146.66796875,10.0,0.0,0,19,0.0,0.0,3.12890625,2.9296875,28.6953125,0.0,55.76171875,10.0
26.924421310424805,0.8352937364094347,6.465820280313575,1,146.66796875,20.0,0.0,0,19,0.0,0.0,3.12890625,2.9296875,28.6953125,10.0,55.76171875,10.0
27.024134397506714,0.8285605060020146,6.5199984317338515,1,146.66796875,30.200000000000003,0.0,0,19,0.0,0.0,3.12890625,2.9296875,28.6953125,10.1,55.76171875,20.1
27.124148845672607,0.790091184171761,6.531208624934778,1,146.66796875,10.0,0.0,0,19,0.0,0.0,3.12890625,2.9296875,28.6953125,0.0,55.76171875,10.0
27.22419762611389,0.7778799775532554,6.574265005223098,1,146.66796875,20.0,0.0,0,20,0.0,0.0,3.12890625,2.9296875,28.6953125,10.0,55.76171875,10.0
27.32416272163391,0.756542573253742,6.63650391952718,1,146.66796875,20.1,0.0,0,20,0.0,0.0,3.12890625,2.9296875,28.6953125,0.0,55.76171875,20.1
27.424253702163696,0.7535737529862654,6.6790664460113955,1,146.66796875,20.0,0.0,0,20,0.0,0.0,3.12890625,2.9296875,28.6953125,10.0,55.76171875,10.0
27.52429175376892,0.7742470764334022,6.774416666385253,1,146.66796875,20.0,0.0,0,20,0.0,0.0,3.12890625,2.9296875,28.6953125,10.0,55.76171875,10.0
27.62413763999939,0.7679739310343101,6.829768495320078,1,146.66796875,10.0,0.0,0,20,0.0,0.0,3.12890625,2.9296875,28.6953125,0.0,55.76171875,10.0
27.724307537078857,0.7742560773934679,6.892538725986149,1,146.66796875,20.0,0.0,0,20,0.0,0.0,3.12890625,2.9296875,28.6953125,10.0,55.76171875,10.0
27.82407855987549,0.7868144939654736,6.93182468934882,1,146.66796875,20.1,0.0,0,20,0.0,0.0,3.12890625,2.9296875,28.6953125,0.0,55.76171875,20.1
27.92419672012329,0.7877192536567038,6.998838603872196,1,146.66796875,19.9,0.0,0,20,0.0,0.0,3.12890625,2.9296875,28.6953125,19.9,55.76171875,0.0
28.024288654327393,0.7889284366694995,7.032483522092619,1,146.66796875,10.0,0.0,0,20,0.0,0.0,3.12890625,2.9296875,28.6953125,0.0,55.76171875,10.0
28.124330520629883,0.787067547189678,7.104272226795205,1,146.66796875,19.8,0.0,0,20,0.0,0.0,3.12890625,2.9296875,28.6953125,9.9,55.76171875,9.9
28.224444150924683,0.7925806799648104,7.136203997215794,1,146.66796875,20.1,0.0,0,20,0.0,0.0,3.12890625,2.9296875,28.6953125,0.0,55.76171875,20.1
28.32437014579773,0.7904035640590269,7.193569779935036,1,146.66796875,20.0,0.0,0,20,0.0,0.0,3.12890625,2.9296875,28.6953125,10.0,55.76171875,10.0
28.424203872680664,0.8039009384091065,7.2369949167770615,1,146.671875,20.2,0.0,0,20,0.0,0.0,3.12890625,2.9296875,28.6953125,10.1,55.765625,10.1
28.524251222610474,0.7877305862485396,7.321249068692102,1,146.671875,10.0,0.0,0,20,0.0,0.0,3.12890625,2.9296875,28.6953125,0.0,55.765625,10.0
28.62420678138733,0.7633477794185292,7.372882182946017,1,146.671875,20.0,0.0,0,20,0.0,0.0,3.12890625,2.9296875,28.6953125,10.0,55.765625,10.0
28.724354028701782,0.7589806266994171,7.39317235403436,1,146.671875,10.0,0.0,0,20,0.0,0.0,3.12890625,2.9296875,28.6953125,0.0,55.765625,10.0
28.82410955429077,0.7679488901961345,7.4455786971323965,1,146.671875,20.0,0.0,0,20,0.0,0.0,3.12890625,2.9296875,28.6953125,10.0,55.765625,10.0
28.924263954162598,0.7695618420978593,7.484809595390824,1,146.671875,29.9,0.0,0,20,0.0,0.0,3.12890625,2.9296875,28.6953125,10.0,55.765625,19.9
29.0241596698761,0.7730837811218139,7.542674644100281,1,146.671875,10.0,0.0,0,20,0.01171875,0.0,3.140625,2.9296875,28.6953125,0.0,55.765625,10.0
29.124306678771973,0.7954622101294399,7.611847965810754,1,146.6796875,20.0,0.0,0,20,0.0,0.12109375,3.140625,3.05078125,28.69921875,10.0,55.76953125,10.0
29.22431254386902,0.8014879545306103,7.663857250968636,1,146.6953125,30.1,0.0,0,21,0.0,0.0,3.140625,3.05078125,28.70703125,10.0,55.77734375,20.1
29.3245906829834,0.8027852831227212,7.709569901350101,1,146.703125,19.9,0.0,0,21,0.01953125,0.1796875,3.16015625,3.23046875,28.7109375,10.0,55.78125,9.9
29.424254655838013,0.8157724251083353,7.759934631491721,1,146.703125,10.0,0.0,0,21,0.01171875,0.00390625,3.171875,3.234375,28.7109375,0.0,55.78125,10.0
29.524320125579834,0.8310200970206696,7.8025915428359,1,146.703125,40.1,0.0,0,21,0.0,0.0,3.171875,3.234375,28.7109375,20.0,55.78125,20.1
29.624255180358887,0.8459226161688905,7.856476788544799,1,146.703125,20.1,0.0,0,21,0.0,0.0,3.171875,3.234375,28.7109375,0.0,55.78125,20.1
29.724228143692017,0.8604398761617986,7.9097246722600785,1,146.703125,10.0,0.0,0,21,0.0,0.0,3.171875,3.234375,28.7109375,0.0,55.78125,10.0
29.824524641036987,0.8670682241153389,7.9574566240514,1,146.703125,29.9,0.0,0,21,0.0,0.0,3.171875,3.234375,28.7109375,19.9,55.78125,10.0
29.924243688583374,0.8670682241153389,7.9574566240514,1,146.703125,20.1,0.0,0,21,0.0,0.41015625,3.171875,3.64453125,28.7109375,0.0,55.78125,20.1
30.024416208267212,0.8670682241153389,7.9574566240514,1,146.703125,9.9,0.0,0,21,0.0,0.171875,3.171875,3.81640625,28.7109375,0.0,55.78125,9.9
30.124380588531494,0.8771313493780125,8.091784056131209,1,146.703125,20.1,0.0,0,21,0.0,0.00390625,3.171875,3.8203125,28.7109375,10.0,55.78125,10.1
30.224469423294067,0.8561895162079782,8.139000095112523,1,146.703125,10.0,0.0,0,22,0.0,0.0,3.171875,3.8203125,28.7109375,0.0,55.78125,10.0
30.32444977760315,0.8494714690734904,8.196677124073808,1,146.703125,20.0,0.0,0,22,0.0,0.0,3.171875,3.8203125,28.7109375,10.0,55.78125,10.0
30.424163818359375,0.8481533931417403,8.236114974305792,1,146.703125,50.2,0.0,0,22,0.0078125,0.0,3.1796875,3.8203125,28.7109375,20.1,55.78125,30.1
30.524275064468384,0.8325930568318383,8.265493856650025,1,146.703125,10.0,0.0,0,22,0.0,0.0,3.1796875,3.8203125,28.7109375,0.0,55.78125,10.0
30.624389171600342,0.8289939114373891,8.311807209784506,1,146.703125,0.0,0.0,0,22,0.0,0.0,3.1796875,3.8203125,28.7109375,0.0,55.78125,0.0
30.724405765533447,0.848456573646424,8.383571171815667,1,146.703125,20.0,0.0,0,22,0.0,0.0,3.1796875,3.8203125,28.7109375,10.0,55.78125,10.0
30.82441997528076,0.8595203034864427,8.415027082637168,1,146.703125,30.0,0.0,0,22,0.0,1.19921875,3.1796875,5.01953125,28.7109375,10.0,55.78125,20.0
30.9244601726532,0.8585124376218013,8.508253579814621,1,146.703125,20.0,0.0,0,22,0.0,0.0,3.1796875,5.01953125,28.7109375,10.0,55.78125,10.0
31.024298429489136,0.8838211545293565,8.578043148223404,1,146.703125,10.0,0.0,0,22,0.01171875,0.0,3.19140625,5.01953125,28.7109375,0.0,55.78125,10.0
31.12416124343872,0.8775111008640591,8.608900229921607,1,146.703125,10.0,0.0,0,22,0.0,0.0,3.19140625,5.01953125,28.7109375,10.0,55.78125,0.0
31.224225759506226,0.8806919060294295,8.64483531858668,1,146.703125,30.0,0.0,0,23,0.0,0.0,3.19140625,5.01953125,28.7109375,10.0,55.78125,20.0
31.324289321899414,0.9088841954772491,8.678078218607377,1,146.703125,10.0,0.0,0,23,0.0,0.00390625,3.19140625,5.0234375,28.7109375,0.0,55.78125,10.0
31.424418449401855,0.9220361280866337,8.724428263855938,1,146.703125,20.0,0.0,0,23,0.0,0.0,3.19140625,5.0234375,28.7109375,10.0,55.78125,10.0
31.52446150779724,0.9230632228583402,8.781978015571678,1,146.703125,29.700000000000003,0.0,0,23,0.0,0.0,3.19140625,5.0234375,28.7109375,9.9,55.78125,19.8
31.6242516040802,0.9314238090815653,8.842924252883108,1,146.703125,10.1,0.0,0,23,0.0,0.0,3.19140625,5.0234375,28.7109375,0.0,55.78125,10.1
31.72433304786682,0.9316170154637189,8.88953976049578,1,146.703125,20.0,0.0,0,23,0.0,0.0,3.19140625,5.0234375,28.7109375,10.0,55.78125,10.0
31.824183702468872,0.9263973236490636,8.96354517406297,1,146.703125,10.1,0.0,0,23,0.0,0.00390625,3.19140625,5.02734375,28.7109375,0.0,55.78125,10.1
31.924396753311157,0.9287378862942259,8.980793556261366,1,146.70703125,19.9,0.0,0,23,0.0,0.0,3.19140625,5.02734375,28.71484375,10.0,55.78125,9.9
32.02435851097107,0.9272217367309862,9.032507618245832,1,146.70703125,30.0,0.0,0,23,0.00390625,0.0,3.1953125,5.02734375,28.71484375,10.0,55.78125,20.0
32.12445902824402,0.9245694605889903,9.065830680309377,1,146.70703125,20.0,0.0,0,23,0.0,0.0,3.1953125,5.02734375,28.71484375,10.0,55.78125,10.0
32.22467589378357,0.9207811474333826,9.119291175912744,1,146.70703125,0.0,0.0,0,23,0.0,0.0,3.1953125,5.02734375,28.71484375,0.0,55.78125,0.0
32.324384450912476,0.9366407256558651,9.187287019804796,1,146.70703125,10.0,0.0,0,23,0.0,0.0,3.1953125,5.02734375,28.71484375,0.0,55.78125,10.0
32.424625873565674,0.9614009618825627,9.242950149606214,1,146.70703125,40.0,0.0,0,23,0.0,0.0,3.1953125,5.02734375,28.71484375,20.0,55.78125,20.0
32.524433612823486,0.9663764958780832,9.30394188894765,1,146.70703125,20.0,0.0,0,23,0.0,0.27734375,3.1953125,5.3046875,28.71484375,0.0,55.78125,20.0
32.62429738044739,0.9803002939281308,9.358578359442877,1,146.70703125,20.0,0.0,0,23,0.0,0.0,3.1953125,5.3046875,28.71484375,10.0,55.78125,10.0
32.724305629730225,0.9690294189965394,9.367214219554084,1,146.70703125,20.0,0.0,0,23,0.0,0.0,3.1953125,5.3046875,28.71484375,10.0,55.78125,10.0
32.82420372962952,0.9874964197838774,9.418347182774317,1,146.70703125,10.1,0.0,0,23,0.0,0.0,3.1953125,5.3046875,28.71484375,0.0,55.78125,10.1
32.92425060272217,1.0090526619472369,9.468458208767252,1,146.70703125,10.0,0.0,0,23,0.0,0.0,3.1953125,5.3046875,28.71484375,0.0,55.78125,10.0
33.02450609207153,1.0165743435994516,9.512888777331222,1,146.70703125,29.9,0.0,0,23,0.0,0.0,3.1953125,5.3046875,28.71484375,19.9,55.78125,10.0
33.124239444732666,1.0195057164306236,9.566749209457276,1,146.70703125,10.0,0.0,0,23,0.0,0.0,3.1953125,5.3046875,28.71484375,0.0,55.78125,10.0
33.22432994842529,1.0225720451877216,9.628911121288779,1,146.70703125,10.0,0.0,0,24,0.0,0.0,3.1953125,5.3046875,28.71484375,0.0,55.78125,10.0
33.32442355155945,1.0274059586695174,9.691806028355746,1,146.70703125,19.9,0.0,0,24,0.0,0.0,3.1953125,5.3046875,28.71484375,10.0,55.78125,9.9
33.42427659034729,1.0343698659688836,9.759017518410362,1,146.70703125,10.0,0.0,0,24,0.0,0.0,3.1953125,5.3046875,28.71484375,0.0,55.78125,10.0
33.52426242828369,1.0232603402340334,9.757664140876651,1,146.70703125,30.0,0.0,0,24,0.0,0.0,3.1953125,5.3046875,28.71484375,10.0,55.78125,20.0
33.6242995262146,1.0175454423242225,9.807324376927367,1,146.70703125,10.0,0.0,0,24,0.0,0.0,3.1953125,5.3046875,28.71484375,0.0,55.78125,10.0
33.72421169281006,1.0396718385924817,9.858415770215236,1,146.70703125,30.0,0.0,0,24,0.0,0.0,3.1953125,5.3046875,28.71484375,20.0,55.78125,10.0
33.824371099472046,1.0427498246159521,9.90261440783023,1,146.70703125,10.0,0.0,0,24,0.0,0.0,3.1953125,5.3046875,28.71484375,0.0,55.78125,10.0
33.92446732521057,1.0703578747922091,9.966014075209292,1,146.70703125,20.0,0.0,0,24,0.0,0.0,3.1953125,5.3046875,28.71484375,0.0,55.78125,20.0
34.02420139312744,1.0861961858283764,10.006918506506082,1,146.70703125,30.200000000000003,0.0,0,24,0.0,0.04296875,3.1953125,5.34765625,28.71484375,20.1,55.78125,10.1
34.12447905540466,1.1140613326476296,10.074314227522587,1,146.70703125,9.9,0.0,0,24,0.0,0.0,3.1953125,5.34765625,28.71484375,0.0,55.78125,9.9
34.22412872314453,1.13671093389716,10.108654391287338,1,146.70703125,20.299999999999997,0.0,0,24,0.0,0.0,3.1953125,5.34765625,28.71484375,10.1,55.78125,10.2
34.32419419288635,1.1572761352691303,10.148670398130395,1,146.70703125,10.0,0.0,0,24,0.0,0.0,3.1953125,5.34765625,28.71484375,0.0,55.78125,10.0
34.42424917221069,1.1756335627232035,10.198202168493422,1,146.70703125,20.0,0.0,0,24,0.0,0.0,3.1953125,5.34765625,28.71484375,10.0,55.78125,10.0
34.52418875694275,1.2090837036480628,10.237749308237508,1,146.70703125,20.0,0.0,0,24,0.0,0.0,3.1953125,5.34765625,28.71484375,10.0,55.78125,10.0
34.62443804740906,1.229402645959782,10.277459198846389,1,146.70703125,9.9,0.0,0,24,0.0,0.0,3.1953125,5.34765625,28.71484375,0.0,55.78125,9.9
34.72423768043518,1.25294124197208,10.337096815031682,1,146.70703125,30.299999999999997,0.0,0,24,0.0,0.0,3.1953125,5.34765625,28.71484375,10.1,55.78125,20.2
34.824193239212036,1.2914004961306773,10.393537005811437,1,146.7109375,19.9,0.0,0,24,0.0,0.0,3.1953125,5.34765625,28.71484375,10.0,55.78515625,9.9
34.924248695373535,1.2856102924558097,10.381814612560127,1,146.7109375,30.200000000000003,0.0,0,24,0.0,0.0,3.1953125,5.34765625,28.71484375,10.1,55.78515625,20.1
35.02428722381592,1.3168498294970035,10.449542943036777,1,146.7109375,0.0,0.0,0,24,0.0,0.0,3.1953125,5.34765625,28.71484375,0.0,55.78515625,0.0
35.12420129776001,1.3294045191079509,10.469333359902139,1,146.7109375,10.0,0.0,0,24,0.0,0.0,3.1953125,5.34765625,28.71484375,0.0,55.78515625,10.0
35.22424602508545,1.41854609511446,10.513161979220197,1,146.7109375,30.0,0.0,0,25,0.0,0.0,3.1953125,5.34765625,28.71484375,20.0,55.78515625,10.0
35.32422661781311,1.4449239377359122,10.532269655052014,1,146.7109375,0.0,0.0,0,25,0.0,0.0,3.1953125,5.34765625,28.71484375,0.0,55.78515625,0.0
35.42428207397461,1.4729285275181436,10.57845086015759,1,146.7109375,10.0,0.0,0,25,0.0,0.0,3.1953125,5.34765625,28.71484375,10.0,55.78515625,0.0
35.524410247802734,1.5068111936343147,10.632658028152846,1,146.7109375,0.0,0.0,0,25,0.0,0.0,3.1953125,5.34765625,28.71484375,0.0,55.78515625,0.0
35.62418246269226,1.5324638401499722,10.666901042371691,1,146.7109375,10.0,0.0,0,25,0.0,0.0,3.1953125,5.34765625,28.71484375,10.0,55.78515625,0.0
35.72425150871277,1.5612444358515931,10.713149685248279,1,146.7109375,0.0,0.0,0,25,0.01171875,0.0,3.20703125,5.34765625,28.71484375,0.0,55.78515625,0.0
35.82416224479675,1.5878535848241453,10.753043189933509,1,146.7109375,10.0,0.0,0,25,0.0,0.0,3.20703125,5.34765625,28.71484375,10.0,55.78515625,0.0
35.92423462867737,1.6124738796622449,10.772091495474719,1,146.7109375,10.0,0.0,0,25,0.0,0.0,3.20703125,5.34765625,28.71484375,10.0,55.78515625,0.0
36.024192094802856,1.6383974740115501,10.813188787006009,1,146.7109375,0.0,0.0,0,25,0.0,0.0,3.20703125,5.34765625,28.71484375,0.0,55.78515625,0.0
36.12412977218628,1.6648770327403302,10.864526810228778,1,146.7109375,10.0,0.0,0,25,0.0,0.0,3.20703125,5.34765625,28.71484375,10.0,55.78515625,0.0
36.224183082580566,1.6990217384182817,10.907573622717752,2,146.9140625,60.0,0.0,0,26,0.01171875,0.0,3.21875,5.34765625,28.71484375,20.0,55.98828125,30.0
36.32417845726013,1.7399546923605627,10.95609663868844,2,146.9140625,0.0,0.0,0,26,0.0,0.0,3.21875,5.34765625,28.71484375,0.0,55.98828125,0.0
36.42426943778992,1.7534145929346878,10.964223349225088,2,146.9140625,10.0,0.0,0,26,0.0,0.0,3.21875,5.34765625,28.71484375,10.0,55.98828125,0.0
36.524335622787476,1.8087365284044528,10.982337220594367,2,146.91796875,0.0,0.0,0,26,0.0,0.0,3.21875,5.34765625,28.71875,0.0,55.98828125,0.0
36.624194860458374,1.7875938160752933,10.957778906548473,2,146.91796875,10.0,0.0,0,26,0.0,0.0,3.21875,5.34765625,28.71875,10.0,55.98828125,0.0
36.72416687011719,1.8397260131468256,11.00132347334093,2,146.91796875,10.0,0.0,0,26,0.015625,0.0,3.234375,5.34765625,28.71875,10.0,55.98828125,0.0
36.82425904273987,1.884176558176873,11.029892704660163,2,146.91796875,0.0,0.0,0,26,0.0,0.0,3.234375,5.34765625,28.71875,0.0,55.98828125,0.0
36.92420411109924,1.930624773777017,11.052701934035019,2,146.91796875,10.0,0.0,0,26,0.0,0.29296875,3.234375,5.640625,28.71875,10.0,55.98828125,0.0
37.02418255805969,1.9727437039457303,11.076511584564408,2,146.91796875,10.0,0.0,0,26,0.0,0.0,3.234375,5.640625,28.71875,10.0,55.98828125,0.0
37.12430715560913,2.010540562554041,11.078324164983375,2,146.92578125,0.0,0.0,0,26,0.0,0.0,3.234375,5.640625,28.72265625,0.0,55.9921875,0.0
37.22437047958374,2.083707239592549,11.110088454788638,2,146.94140625,80.3,0.0,0,26,0.0,0.0,3.234375,5.640625,28.73046875,20.0,56.0,60.3
37.324146032333374,2.129682856825179,11.105676787697606,2,146.9453125,10.0,0.0,0,26,0.0,0.0,3.234375,5.640625,28.73046875,0.0,56.00390625,10.0
37.424500703811646,2.135784123899527,11.103327934997623,2,146.9453125,9.9,0.0,0,26,0.0,0.0,3.234375,5.640625,28.73046875,0.0,56.00390625,9.9
37.52427625656128,2.186340731720483,11.092914999387945,2,146.9453125,20.1,0.0,0,26,0.0,0.0,3.234375,5.640625,28.73046875,10.0,56.00390625,10.1
37.62421917915344,2.2317882735537355,11.076578602876634,2,146.9453125,20.0,0.0,0,26,0.0,0.0,3.234375,5.640625,28.73046875,10.0,56.00390625,10.0
37.72450828552246,2.2799164458961445,11.076891639104042,2,146.9453125,20.0,0.0,0,26,0.0,0.0,3.234375,5.640625,28.73046875,10.0,56.00390625,10.0
37.82432174682617,2.3317468910532115,11.094273886940229,2,146.9453125,20.1,0.0,0,26,0.0,0.0,3.234375,5.640625,28.73046875,0.0,56.00390625,20.1
37.92435669898987,2.3758546694645792,11.087020997232072,2,146.94921875,20.0,0.0,0,26,0.0,0.0,3.234375,5.640625,28.73046875,10.0,56.0078125,10.0
38.02432465553284,2.440832752012488,11.085971676267153,2,146.94921875,30.0,0.0,0,26,0.0,0.0,3.234375,5.640625,28.73046875,10.0,56.0078125,20.0
38.124183177948,2.495648237176127,11.100505171337476,2,146.953125,10.0,0.0,0,26,0.0,0.0625,3.234375,5.703125,28.734375,0.0,56.0078125,10.0
38.22409963607788,2.510790969960179,11.110727902128213,2,146.953125,10.0,0.0,0,27,0.0,0.0,3.234375,5.703125,28.734375,0.0,56.0078125,10.0
38.324214458465576,2.547156134477268,11.118080698306969,2,146.953125,19.9,0.0,0,27,0.0,0.0,3.234375,5.703125,28.734375,10.0,56.0078125,9.9
38.42413854598999,2.599371420311989,11.123590946122922,2,146.953125,30.1,0.0,0,27,0.0,0.0,3.234375,5.703125,28.734375,10.0,56.0078125,20.1
38.52411150932312,2.6379421893942157,11.131009286691599,2,146.953125,0.0,0.0,0,27,0.0,0.0,3.234375,5.703125,28.734375,0.0,56.0078125,0.0
38.624267578125,2.685726081967406,11.140258333860501,2,146.953125,20.0,0.0,0,27,0.0,0.0,3.234375,5.703125,28.734375,10.0,56.0078125,10.0
38.72429418563843,2.7616184652788256,11.142970215556657,2,146.953125,10.0,0.0,0,27,0.0,0.0,3.234375,5.703125,28.734375,0.0,56.0078125,10.0
38.824270248413086,2.8158467072217688,11.141722220080668,2,146.953125,30.0,0.0,0,27,0.0,0.0,3.234375,5.703125,28.734375,20.0,56.0078125,10.0
38.92415475845337,2.8745464446639035,11.132789848017815,2,146.953125,20.1,0.0,0,27,0.0,0.0,3.234375,5.703125,28.734375,0.0,56.0078125,20.1
39.02410531044006,2.8823125755931676,11.144773751175155,2,146.953125,10.0,0.0,0,27,0.0,0.0,3.234375,5.703125,28.734375,0.0,56.0078125,10.0
39.124125242233276,2.925840064511474,11.14476426566103,2,146.953125,10.0,0.0,0,27,0.0,0.0,3.234375,5.703125,28.734375,10.0,56.0078125,0.0
39.22415232658386,2.981086719911307,11.145435789619523,2,146.953125,20.0,0.0,0,28,0.0,0.0,3.234375,5.703125,28.734375,10.0,56.0078125,10.0
39.32416129112244,3.0345339663842785,11.145256142741577,2,146.953125,9.9,0.0,0,28,0.0,0.0,3.234375,5.703125,28.734375,0.0,56.0078125,9.9
39.4242045879364,3.1048040231166527,11.158498690250248,2,146.953125,10.0,0.0,0,28,0.0,0.0,3.234375,5.703125,28.734375,0.0,56.0078125,10.0
39.52419924736023,3.152588677100326,11.17423367883546,2,146.953125,30.0,0.0,0,28,0.0,0.0,3.234375,5.703125,28.734375,20.0,56.0078125,10.0
39.624173402786255,3.2261337287424072,11.175733342427584,2,146.953125,10.0,0.0,0,28,0.0,0.0,3.234375,5.703125,28.734375,0.0,56.0078125,10.0
39.724507093429565,3.268266142441621,11.197973994897096,2,146.953125,19.8,0.0,0,28,0.0,0.0,3.234375,5.703125,28.734375,9.9,56.0078125,9.9
39.82404065132141,3.31001025963349,11.207566638646066,2,146.953125,20.2,0.0,0,28,0.0,0.0,3.234375,5.703125,28.734375,0.0,56.0078125,20.2
39.92412495613098,3.340866818485764,11.235318593963852,2,146.953125,10.0,0.0,0,28,0.0,0.0,3.234375,5.703125,28.734375,0.0,56.0078125,10.0
40.02419829368591,3.3839272427527285,11.247724864193737,2,146.95703125,20.0,0.0,0,28,0.0,0.0,3.234375,5.703125,28.734375,10.0,56.01171875,10.0
40.124236822128296,3.4331658691872904,11.261403369943531,2,146.95703125,19.9,0.0,0,28,0.0,0.0,3.234375,5.703125,28.734375,10.0,56.01171875,9.9
40.22437143325806,3.5090971836065314,11.26586686528111,2,146.95703125,20.0,0.0,0,28,0.0,0.0,3.234375,5.703125,28.734375,10.0,56.01171875,10.0
40.32431125640869,3.5522391678816145,11.26737687721486,2,146.95703125,20.1,0.0,0,28,0.0,0.171875,3.234375,5.875,28.734375,0.0,56.01171875,20.1
40.42440414428711,3.6139410754565433,11.276208344038617,2,146.95703125,9.9,0.0,0,28,0.0,0.0,3.234375,5.875,28.734375,9.9,56.01171875,0.0
40.5242383480072,3.6649224172397226,11.266256405881945,2,146.95703125,30.200000000000003,0.0,0,28,0.0,0.0,3.234375,5.875,28.734375,10.1,56.01171875,20.1
40.62431454658508,3.7048028945470097,11.27764340294889,2,146.95703125,9.9,0.0,0,28,0.0,0.0,3.234375,5.875,28.734375,0.0,56.01171875,9.9
40.724371671676636,3.7559980497485115,11.254752767516784,2,146.95703125,20.1,0.0,0,28,0.0,0.0,3.234375,5.875,28.734375,10.0,56.01171875,10.1
40.824169397354126,3.8101295119107563,11.239707245870438,2,146.95703125,10.0,0.0,0,28,0.0,0.0,3.234375,5.875,28.734375,0.0,56.01171875,10.0
40.924376010894775,3.889643008438308,11.235277687761826,2,146.95703125,29.799999999999997,0.0,0,28,0.0,0.0,3.234375,5.875,28.734375,9.9,56.01171875,19.9
41.02434420585632,3.889643008438308,11.235277687761826,2,146.95703125,20.0,0.0,0,28,0.0,0.0,3.234375,5.875,28.734375,10.0,56.01171875,10.0
41.124428510665894,3.9768286164075772,11.22564782909757,2,146.95703125,10.0,0.0,0,28,0.0,0.0,3.234375,5.875,28.734375,0.0,56.01171875,10.0
41.22448682785034,4.045947922710702,11.242475183676554,2,146.95703125,10.0,0.0,0,29,0.0,0.0,3.234375,5.875,28.734375,0.0,56.01171875,10.0
41.32447338104248,4.071323096524902,11.252386432629894,2,146.95703125,30.0,0.0,0,29,0.0,0.0,3.234375,5.875,28.734375,10.0,56.01171875,20.0
41.42419767379761,4.137040254686489,11.255336014195127,2,146.95703125,20.0,0.0,0,29,0.0,0.0,3.234375,5.875,28.734375,10.0,56.01171875,10.0
41.524250507354736,4.182910923936634,11.25031751480634,2,146.95703125,30.0,0.0,0,29,0.0,0.0,3.234375,5.875,28.734375,10.0,56.01171875,20.0
41.62442660331726,4.246524430559217,11.246573874787464,2,146.95703125,0.0,0.0,0,29,0.0,0.0,3.234375,5.875,28.734375,0.0,56.01171875,0.0
41.72425603866577,4.306068175520935,11.24081363281984,2,146.95703125,20.0,0.0,0,29,0.0,0.0,3.234375,5.875,28.734375,10.0,56.01171875,10.0
41.82491850852966,4.344517286727029,11.242188102742615,2,146.95703125,19.8,0.0,0,29,0.0,0.0,3.234375,5.875,28.734375,0.0,56.01171875,19.8
41.92440152168274,4.431564307822126,11.231638573492775,2,146.95703125,20.2,0.0,0,29,0.0,0.0,3.234375,5.875,28.734375,10.1,56.01171875,10.1
42.024216413497925,4.486751086739277,11.210713599741117,2,146.95703125,20.0,0.0,0,29,0.0,0.0,3.234375,5.875,28.734375,10.0,56.01171875,10.0
42.12438631057739,4.494072911370196,11.237337479313732,2,146.95703125,10.0,0.0,0,29,0.0,0.0,3.234375,5.875,28.734375,0.0,56.01171875,10.0
42.224385261535645,4.549436758578318,11.227021012177614,2,146.95703125,9.9,0.0,0,29,0.0,0.0,3.234375,5.875,28.734375,0.0,56.01171875,9.9
42.3243727684021,4.627129730664851,11.192156870676504,2,146.95703125,30.0,0.0,0,29,0.0,0.0,3.234375,5.875,28.734375,20.0,56.01171875,10.0
42.42426562309265,4.686554077235438,11.17531235492286,2,146.95703125,10.0,0.0,0,29,0.0,0.0,3.234375,5.875,28.734375,0.0,56.01171875,10.0
42.524293422698975,4.750265654287712,11.183251329861458,2,146.95703125,10.0,0.0,0,29,0.0,0.0,3.234375,5.875,28.734375,0.0,56.01171875,10.0
42.62435054779053,4.818697494322879,11.164921115510873,2,146.95703125,30.0,0.0,0,29,0.0,0.0,3.234375,5.875,28.734375,20.0,56.01171875,10.0
42.72439432144165,4.8960170393522,11.148398885124811,2,146.9609375,10.0,0.0,0,29,0.0,0.0,3.234375,5.875,28.734375,0.0,56.015625,10.0
42.82439351081848,4.90612906341585,11.175887673604306,2,146.9609375,20.0,0.0,0,29,0.0,0.0,3.234375,5.875,28.734375,10.0,56.015625,10.0
42.92437291145325,4.935193772818051,11.200160982471576,2,146.9609375,19.9,0.0,0,29,0.0,0.0,3.234375,5.875,28.734375,10.0,56.015625,9.9
43.0242657661438,4.99511483926329,11.19945357315522,2,146.9609375,10.1,0.0,0,29,0.0,0.0,3.234375,5.875,28.734375,0.0,56.015625,10.1
43.12441563606262,5.0623023728322325,11.189682724624289,2,146.9609375,20.0,0.0,0,29,0.0,0.0,3.234375,5.875,28.734375,10.0,56.015625,10.0
43.22422766685486,5.133839218971107,11.182051749116427,2,146.9609375,20.0,0.0,0,30,0.0,0.0,3.234375,5.875,28.734375,0.0,56.015625,20.0
43.324315547943115,5.201936729776577,11.173469518610945,2,146.9609375,20.0,0.0,0,30,0.0,0.0,3.234375,5.875,28.734375,10.0,56.015625,10.0
43.42438769340515,5.281942142243927,11.159945121296209,2,146.9609375,10.0,0.0,0,30,0.0,0.0,3.234375,5.875,28.734375,10.0,56.015625,0.0
43.52414417266846,5.328921386375482,11.15437061983531,2,146.9609375,20.0,0.0,0,30,0.0,0.0,3.234375,5.875,28.734375,0.0,56.015625,20.0
43.62412452697754,5.355104837343294,11.167934223296275,2,146.9609375,0.0,0.0,0,30,0.0,0.0,3.234375,5.875,28.734375,0.0,56.015625,0.0
43.72408699989319,5.426357526742835,11.136359834737789,2,146.9609375,40.1,0.0,0,30,0.0,0.0,3.234375,5.875,28.734375,20.0,56.015625,20.1
43.8241171836853,5.480572547697555,11.128901325564053,2,146.9609375,10.0,0.0,0,30,0.0,0.0,3.234375,5.875,28.734375,0.0,56.015625,10.0
43.92444109916687,5.544209391645628,11.117945147231737,2,146.9609375,9.9,0.0,0,30,0.0,0.0,3.234375,5.875,28.734375,0.0,56.015625,9.9
44.02411127090454,5.596971393623931,11.111354886994148,2,146.9609375,40.3,0.0,0,30,0.0,0.04296875,3.234375,5.91796875,28.734375,20.1,56.015625,20.2
44.12423801422119,5.680505772051705,11.089469865080313,2,146.9609375,10.0,0.0,0,30,0.0,0.0078125,3.234375,5.92578125,28.734375,0.0,56.015625,10.0
44.224241971969604,5.701880198056915,11.090073015281256,2,146.9609375,30.0,0.0,0,31,0.0,0.0,3.234375,5.92578125,28.734375,10.0,56.015625,20.0
44.32435083389282,5.719312914051174,11.10031593849247,2,146.9609375,9.8,0.0,0,31,0.0,0.0,3.234375,5.92578125,28.734375,0.0,56.015625,9.8
44.42426156997681,5.7745681282933825,11.09931092837268,2,146.96484375,30.6,0.0,0,31,0.0,0.0,3.234375,5.92578125,28.73828125,20.3,56.015625,10.3
44.52414107322693,5.812415371164652,11.09421998366501,2,146.96875,20.1,0.0,0,31,0.0,0.0,3.234375,5.92578125,28.73828125,0.0,56.01953125,20.1
44.624109983444214,5.899906957980206,11.080425323970678,2,146.96875,20.0,0.0,0,31,0.0,0.0,3.234375,5.92578125,28.73828125,10.0,56.01953125,10.0
44.724162578582764,5.949694577619982,11.072481529173478,2,146.96875,10.0,0.0,0,31,0.0,0.0,3.234375,5.92578125,28.73828125,0.0,56.01953125,10.0
44.82422161102295,6.026438626709191,11.062225576650233,2,146.96875,9.9,0.0,0,31,0.0,0.0,3.234375,5.92578125,28.73828125,0.0,56.01953125,9.9
44.924293756484985,6.051825476217676,11.05837026520215,2,146.96875,20.0,0.0,0,31,0.0,0.0,3.234375,5.92578125,28.73828125,10.0,56.01953125,10.0
45.02424740791321,6.085681266352895,11.061135663562032,2,146.96875,20.0,0.0,0,31,0.0,0.0,3.234375,5.92578125,28.73828125,10.0,56.01953125,10.0
45.12414288520813,6.1812426851101,11.036965799552146,2,146.9765625,10.0,0.0,0,31,0.0,0.0,3.234375,5.92578125,28.7421875,10.0,56.0234375,0.0
45.22409224510193,6.214450623446682,11.034988915617195,2,146.9921875,20.0,0.0,0,31,0.0,0.0,3.234375,5.92578125,28.75,0.0,56.03125,20.0
45.32422423362732,6.278336338001129,11.036660266899139,2,146.99609375,20.0,0.0,0,31,0.0,0.0,3.234375,5.92578125,28.75390625,10.0,56.03125,10.0
45.42421245574951,6.32977724135405,11.037380956875088,2,146.99609375,10.0,0.0,0,31,0.0,0.0,3.234375,5.92578125,28.75390625,0.0,56.03125,10.0
45.52423691749573,6.410303685176675,11.015359859523114,2,146.99609375,20.0,0.0,0,31,0.0,0.09765625,3.234375,6.0234375,28.75390625,10.0,56.03125,10.0
45.62421202659607,6.469991507033955,11.012478516239605,2,146.99609375,30.0,0.0,0,31,0.0,0.0,3.234375,6.0234375,28.75390625,10.0,56.03125,20.0
45.724167585372925,6.47716481629312,11.047145841395864,2,146.99609375,10.0,0.0,0,31,0.0,0.0,3.234375,6.0234375,28.75390625,10.0,56.03125,0.0
45.824413776397705,6.501071323977804,11.05515759909495,2,146.99609375,10.0,0.0,0,31,0.0,0.0,3.234375,6.0234375,28.75390625,0.0,56.03125,10.0
45.92428684234619,6.58769836395627,11.048572402145473,2,146.99609375,10.0,0.0,0,31,0.0,0.0,3.234375,6.0234375,28.75390625,0.0,56.03125,10.0
46.024118423461914,6.644762400673515,11.043225583541677,2,146.99609375,20.1,0.0,0,31,0.0,0.0,3.234375,6.0234375,28.75390625,10.0,56.03125,10.1
46.12412071228027,6.722470129548066,11.020981873710491,2,147.0,30.0,0.0,0,31,0.0,0.0,3.234375,6.0234375,28.75390625,10.0,56.03515625,20.0
46.22431659698486,6.745210376835834,11.018266794173266,2,147.0,9.9,0.0,0,32,0.0,0.0,3.234375,6.0234375,28.75390625,0.0,56.03515625,9.9
46.324252128601074,6.828688282787699,11.000153737026784,2,147.0,20.0,0.0,0,32,0.0,0.0,3.234375,6.0234375,28.75390625,10.0,56.03515625,10.0
46.42413854598999,6.85967590665733,11.00062842313336,2,147.0,20.0,0.0,0,32,0.0,0.0,3.234375,6.0234375,28.75390625,10.0,56.03515625,10.0
46.524248123168945,6.920706563672535,10.996320253658364,2,147.0,20.0,0.0,0,32,0.0,0.0,3.234375,6.0234375,28.75390625,10.0,56.03515625,10.0
46.624253273010254,6.973346021152065,10.988594464827228,2,147.0,10.0,0.0,0,32,0.0,0.0,3.234375,6.0234375,28.75390625,0.0,56.03515625,10.0
46.72426462173462,7.004701124418075,10.99832582342185,2,147.0,10.0,0.0,0,32,0.0,0.4453125,3.234375,6.46875,28.75390625,0.0,56.03515625,10.0
46.82419991493225,7.072675682033939,11.00038289467911,2,147.0,20.1,0.0,0,32,0.0,0.0,3.234375,6.46875,28.75390625,10.0,56.03515625,10.1
46.924381494522095,7.109667749690952,10.98977134853695,2,147.0,19.8,0.0,0,32,0.0,0.0,3.234375,6.46875,28.75390625,9.9,56.03515625,9.9
47.02410411834717,7.201146457594246,10.984148328765778,2,147.0,10.1,0.0,0,32,0.0,0.0,3.234375,6.46875,28.75390625,0.0,56.03515625,10.1
47.12416219711304,7.210149004814683,11.004901631626971,2,147.0,20.0,0.0,0,32,0.0,0.0,3.234375,6.46875,28.75390625,10.0,56.03515625,10.0
47.22413468360901,7.237760616066638,11.007217786590067,2,147.0,20.0,0.0,0,32,0.0,0.7578125,3.234375,7.2265625,28.75390625,10.0,56.03515625,10.0
47.324326515197754,7.278943083137108,11.017519335614217,2,147.0,9.9,0.0,0,32,0.01171875,0.0,3.24609375,7.2265625,28.75390625,0.0,56.03515625,9.9
47.424445390701294,7.325325305705103,11.015401617257876,2,147.0,30.0,0.0,0,32,0.0,0.0,3.24609375,7.2265625,28.75390625,10.0,56.03515625,20.0
47.52423167228699,7.382597855409848,11.010960615884436,2,147.0,10.1,0.0,0,32,0.00390625,0.0,3.25,7.2265625,28.75390625,0.0,56.03515625,10.1
47.624146461486816,7.436498900222166,10.997166747713683,2,147.0,20.0,0.0,0,32,0.0,0.12109375,3.25,7.34765625,28.75390625,10.0,56.03515625,10.0
47.72418785095215,7.468667753278009,10.989369517709255,2,147.0,20.0,0.0,0,32,0.0,0.0,3.25,7.34765625,28.75390625,10.0,56.03515625,10.0
47.82416868209839,7.529992331258793,10.98829892756486,2,147.0,10.0,0.0,0,32,0.0,0.0,3.25,7.34765625,28.75390625,0.0,56.03515625,10.0
47.924269914627075,7.516752103439998,10.970360730498449,2,147.0,20.0,0.0,0,32,0.0,0.0,3.25,7.34765625,28.75390625,10.0,56.03515625,10.0
48.02416372299194,7.522723532667953,10.963102413358797,2,147.0,20.0,0.0,0,32,0.0,0.0,3.25,7.34765625,28.75390625,10.0,56.03515625,10.0
48.12427806854248,7.522657300750305,10.965746504780112,2,147.0,10.0,0.0,0,32,0.0,0.0,3.25,7.34765625,28.75390625,0.0,56.03515625,10.0
48.22419810295105,7.519934404409416,10.975632749275306,2,147.0,10.1,0.0,0,33,0.0,0.0,3.25,7.34765625,28.75390625,0.0,56.03515625,10.1
48.32449436187744,7.488018309893817,10.977818944669119,2,147.0,29.799999999999997,0.0,0,33,0.0,0.0,3.25,7.34765625,28.75390625,19.9,56.03515625,9.9
48.42425036430359,7.446537687977986,10.980539473767056,2,147.0,10.1,0.0,0,33,0.0,0.0,3.25,7.34765625,28.75390625,0.0,56.03515625,10.1
48.52424192428589,7.391255928541084,10.99276034613583,2,147.0,0.0,0.0,0,33,0.0,0.0,3.25,7.34765625,28.75390625,0.0,56.03515625,0.0
48.624202489852905,7.343436133415495,11.012336796297053,2,147.0,40.1,0.0,0,33,0.0,0.0,3.25,7.34765625,28.75390625,20.0,56.03515625,20.1
48.72412633895874,7.293888207950079,11.016765944713447,2,147.0,10.0,0.0,0,33,0.0,0.0,3.25,7.34765625,28.75390625,0.0,56.03515625,10.0
48.82411432266235,7.264957408175793,11.003498781226149,2,147.0,10.0,0.0,0,33,0.0,0.0,3.25,7.34765625,28.75390625,0.0,56.03515625,10.0
48.924309492111206,7.202746042486803,11.006684513297264,2,147.0,19.700000000000003,0.0,0,33,0.0,0.0,3.25,7.34765625,28.75390625,9.9,56.03515625,9.8
49.024290323257446,7.157626408676902,11.022090997506877,2,147.0,20.2,0.0,0,33,0.0,0.0,3.25,7.34765625,28.75390625,10.1,56.03515625,10.1
49.12436246871948,7.116930734376735,11.021110708996844,2,147.0,9.9,0.0,0,33,0.0,0.0,3.25,7.34765625,28.75390625,0.0,56.03515625,9.9
49.22425723075867,7.034743467994873,11.002012953980447,2,147.0,20.1,0.0,0,33,0.0,0.07421875,3.25,7.421875,28.75390625,10.0,56.03515625,10.1
49.32446026802063,7.008888343516135,11.004347220680927,2,147.0,9.9,0.0,0,33,0.0,0.0,3.25,7.421875,28.75390625,0.0,56.03515625,9.9
49.424132108688354,6.938646415656514,10.986208528122033,2,147.0,20.2,0.0,0,33,0.0,0.0,3.25,7.421875,28.75390625,10.1,56.03515625,10.1
49.52413082122803,6.895328340714955,10.992440409864587,2,147.0,30.0,0.0,0,33,0.0,0.0,3.25,7.421875,28.75390625,10.0,56.03515625,20.0
49.624152421951294,6.843160545488784,10.981280600286132,2,147.0,0.0,0.0,0,33,0.0,0.0,3.25,7.421875,28.75390625,0.0,56.03515625,0.0
49.724523067474365,6.787299610951772,10.985371251977345,2,147.0,19.8,0.0,0,33,0.0,0.0,3.25,7.421875,28.75390625,9.9,56.03515625,9.9
49.82421803474426,6.722497716964104,10.993516187532355,2,147.0,10.1,0.0,0,33,0.0,0.0,3.25,7.421875,28.75390625,0.0,56.03515625,10.1
49.924692153930664,6.653487950666475,10.999660913059929,2,147.0,29.700000000000003,0.0,0,33,0.0,0.0,3.25,7.421875,28.75390625,9.9,56.03515625,19.8
50.02420210838318,6.551384180304198,11.000571863642563,2,147.0,10.1,0.0,0,33,0.0,0.0,3.25,7.421875,28.75390625,10.1,56.03515625,0.0
50.1243531703949,6.508293181614359,11.018166166014199,2,147.0,20.0,0.0,0,33,0.0,0.0,3.25,7.421875,28.75390625,0.0,56.03515625,20.0
50.224082469940186,6.484669236514573,11.002485503596159,2,147.0,20.0,0.0,0,34,0.0,0.0,3.25,7.421875,28.75390625,10.0,56.03515625,10.0
50.32425236701965,6.4398815907843945,11.011759631833327,2,147.0,9.9,0.0,0,34,0.0,0.0,3.25,7.421875,28.75390625,0.0,56.03515625,9.9
50.424336433410645,6.387418805521916,11.014746525789027,2,147.0,20.0,0.0,0,34,0.0,0.0,3.25,7.421875,28.75390625,10.0,56.03515625,10.0
50.52442526817322,6.3187099338094805,11.038064382287388,2,147.0,29.9,0.0,0,34,0.0,0.0,3.25,7.421875,28.75390625,10.0,56.03515625,19.9
50.62425899505615,6.263767222085001,11.043150585853766,2,147.0,10.1,0.0,0,34,0.0,0.0,3.25,7.421875,28.75390625,0.0,56.03515625,10.1
50.724411725997925,6.204075490094946,11.047673080867714,2,147.00390625,20.0,0.0,0,34,0.0,0.0546875,3.25,7.4765625,28.7578125,10.0,56.03515625,10.0
50.82441568374634,6.13237475320791,11.062234421728814,2,147.00390625,20.0,0.0,0,34,0.00390625,2.0078125,3.25390625,9.484375,28.7578125,10.0,56.03515625,10.0
50.924277782440186,6.096590344079856,11.06014728582777,2,147.0078125,10.0,0.0,0,34,0.0,0.0,3.25390625,9.484375,28.7578125,0.0,56.0390625,10.0
51.02418875694275,6.084701844992617,11.043556400702894,2,147.0078125,30.0,0.0,0,34,0.0,0.0,3.25390625,9.484375,28.7578125,20.0,56.0390625,10.0
51.12434768676758,6.007508475045123,11.049795919727911,2,147.0078125,10.0,0.0,0,34,0.0,0.0,3.25390625,9.484375,28.7578125,0.0,56.0390625,10.0
51.224613904953,5.967039955214769,11.064743308247023,2,147.0078125,9.9,0.0,0,34,0.0,0.0,3.25390625,9.484375,28.7578125,0.0,56.0390625,9.9
51.325295209884644,5.879978273655377,11.099077686873212,2,147.0078125,19.9,0.0,0,34,0.0,0.0,3.25390625,9.484375,28.7578125,9.9,56.0390625,10.0
51.424251079559326,5.816680306295235,11.149908637186149,2,147.0078125,30.299999999999997,0.0,0,34,0.0,0.0,3.25390625,9.484375,28.7578125,10.1,56.0390625,20.2
51.52430558204651,5.750066394499973,11.164921120614794,2,147.0078125,20.0,0.0,0,34,0.0,0.0,3.25390625,9.484375,28.7578125,10.0,56.0390625,10.0
51.6244900226593,5.729650925882268,11.144125450386417,2,147.0078125,9.9,0.0,0,34,0.0,0.0,3.25390625,9.484375,28.7578125,0.0,56.0390625,9.9
51.72426199913025,5.706165682559333,11.114964150962727,2,147.0078125,30.200000000000003,0.0,0,34,0.0,0.0,3.25390625,9.484375,28.7578125,10.1,56.0390625,20.1
51.82423496246338,5.662033168925596,11.113166361184112,2,147.0078125,20.0,0.0,0,34,0.0,0.0,3.25390625,9.484375,28.7578125,10.0,56.0390625,10.0
51.924644947052,5.60152822156156,11.130647769527458,2,147.0078125,9.8,0.0,0,34,0.0,0.0,3.25390625,9.484375,28.7578125,0.0,56.0390625,9.8
52.02482843399048,5.5318319642276546,11.152308404632986,2,147.0078125,10.0,0.0,0,34,0.0,0.0,3.25390625,9.484375,28.7578125,10.0,56.0390625,0.0
52.12433910369873,5.464628421660937,11.168474926957925,2,147.0078125,10.0,0.0,0,34,0.0,0.0,3.25390625,9.484375,28.7578125,0.0,56.0390625,10.0
52.22430658340454,5.4284009782911165,11.151967142545528,2,147.0078125,30.0,0.0,0,35,0.0,0.0,3.25390625,9.484375,28.7578125,10.0,56.0390625,20.0
52.324567794799805,5.366269353342342,11.154911068815782,2,147.0078125,20.0,0.0,0,35,0.0,0.0546875,3.25390625,9.5390625,28.7578125,10.0,56.0390625,10.0
52.42427349090576,5.352056664530171,11.141844394097694,2,147.0078125,20.2,0.0,0,35,0.0,0.0,3.25390625,9.5390625,28.7578125,0.0,56.0390625,20.2
52.52450466156006,5.328062444974974,11.115375035011866,2,147.0078125,19.8,0.0,0,35,0.00390625,0.0,3.2578125,9.5390625,28.7578125,9.9,56.0390625,9.9
52.624321699142456,5.2869552866575775,11.130023147875868,2,147.0078125,20.2,0.0,0,35,0.0,0.0,3.2578125,9.5390625,28.7578125,10.1,56.0390625,10.1
52.72427439689636,5.205955010229376,11.14193598045253,2,147.0078125,10.0,0.0,0,35,0.0,0.0,3.2578125,9.5390625,28.7578125,0.0,56.0390625,10.0
52.82422137260437,5.112754059174312,11.17357902794329,2,147.0078125,20.0,0.0,0,35,0.0,0.0,3.2578125,9.5390625,28.7578125,10.0,56.0390625,10.0
52.9242057800293,5.094413099697623,11.188664838187995,2,147.0078125,30.200000000000003,0.0,0,35,0.0,0.0,3.2578125,9.5390625,28.7578125,10.1,56.0390625,20.1
53.02418780326843,4.982632872159245,11.229390350862248,2,147.0078125,10.0,0.0,0,35,0.0,0.0,3.2578125,9.5390625,28.7578125,0.0,56.0390625,10.0
53.12432551383972,5.0149911173883535,11.18840143626406,2,147.01953125,20.0,0.0,0,35,0.0,0.0,3.2578125,9.5390625,28.765625,10.0,56.04296875,10.0
53.22420907020569,4.955368083838331,11.201102944776668,2,147.03515625,10.0,0.0,0,36,0.0,0.0,3.2578125,9.5390625,28.7734375,0.0,56.05078125,10.0
53.32429075241089,4.893531279127805,11.213714533977717,2,147.0390625,40.1,0.0,0,36,0.0,0.0,3.2578125,9.5390625,28.7734375,20.0,56.0546875,20.1
53.424118518829346,4.844854715673738,11.209739444234687,2,147.0390625,10.0,0.0,0,36,0.0,0.0,3.2578125,9.5390625,28.7734375,0.0,56.0546875,10.0
53.52427339553833,4.784854168382674,11.207165662231114,2,147.0390625,19.8,0.0,0,36,0.0,0.0,3.2578125,9.5390625,28.7734375,9.9,56.0546875,9.9
53.6242036819458,4.723675750216463,11.223379464214965,2,147.0390625,20.1,0.0,0,36,0.01171875,0.0,3.26953125,9.5390625,28.7734375,0.0,56.0546875,20.1
53.724363803863525,4.663565670946289,11.224306542061619,2,147.0390625,20.0,0.0,0,36,0.0,0.0,3.26953125,9.5390625,28.7734375,10.0,56.0546875,10.0
53.82414484024048,4.637628431138139,11.208884097531946,2,147.0390625,20.1,0.0,0,36,0.0,0.0,3.26953125,9.5390625,28.7734375,10.0,56.0546875,10.1
53.92425179481506,4.610265947466015,11.182572433617494,2,147.0390625,10.0,0.0,0,36,0.0,0.0,3.26953125,9.5390625,28.7734375,0.0,56.0546875,10.0
54.02422618865967,4.574641233788855,11.174228065100802,2,147.0390625,30.0,0.0,0,36,0.0,0.04296875,3.26953125,9.58203125,28.7734375,10.0,56.0546875,20.0
54.12444305419922,4.513837625096014,11.187540213066002,2,147.0390625,19.9,0.0,0,36,0.0,0.0,3.26953125,9.58203125,28.7734375,10.0,56.0546875,9.9
54.224202394485474,4.456371454549434,11.202203446107994,2,147.04296875,10.0,0.0,0,37,0.0,0.0,3.26953125,9.58203125,28.77734375,0.0,56.0546875,10.0
54.32433009147644,4.387085373187455,11.227621394778298,2,147.04296875,20.0,0.0,0,37,0.0,0.11328125,3.26953125,9.6953125,28.77734375,10.0,56.0546875,10.0
54.42438554763794,4.33713930859323,11.238114767611357,2,147.04296875,20.0,0.0,0,37,0.0,0.0,3.26953125,9.6953125,28.77734375,10.0,56.0546875,10.0
54.52428841590881,4.264843244458704,11.243003702549421,2,147.04296875,10.0,0.0,0,37,0.0,0.0,3.26953125,9.6953125,28.77734375,0.0,56.0546875,10.0
54.62418079376221,4.250583620365704,11.210922210812607,2,147.04296875,10.0,0.0,0,37,0.0,0.0,3.26953125,9.6953125,28.77734375,0.0,56.0546875,10.0
54.724435329437256,4.17038177402401,11.220550092160051,2,147.04296875,19.9,0.0,0,37,0.0,0.0,3.26953125,9.6953125,28.77734375,19.9,56.0546875,0.0
54.8243989944458,4.13517254137676,11.216007268279093,2,147.04296875,20.1,0.0,0,37,0.0078125,0.0,3.27734375,9.6953125,28.77734375,0.0,56.0546875,20.1
54.92419624328613,4.082286601251274,11.210497081330061,2,147.04296875,20.0,0.0,0,37,0.0,0.0,3.27734375,9.6953125,28.77734375,10.0,56.0546875,10.0
55.02415752410889,3.992989802293393,11.218558352590012,2,147.04296875,10.0,0.0,0,37,0.0,0.0,3.27734375,9.6953125,28.77734375,0.0,56.0546875,10.0
55.12418293952942,3.934583398259536,11.216157938227015,2,147.04296875,10.0,0.0,0,37,0.0,0.0,3.27734375,9.6953125,28.77734375,0.0,56.0546875,10.0
55.22409987449646,3.863017387879652,11.223338891998024,2,147.04296875,40.2,0.0,0,37,0.0,0.0,3.27734375,9.6953125,28.77734375,20.1,56.0546875,20.1
55.32413411140442,3.8729104778013577,11.196000085359564,2,147.04296875,10.0,0.0,0,37,0.0,0.0,3.27734375,9.6953125,28.77734375,0.0,56.0546875,10.0
55.42412304878235,3.8412530588545697,11.17525841403515,2,147.04296875,20.0,0.0,0,37,0.0,0.0,3.27734375,9.6953125,28.77734375,10.0,56.0546875,10.0
55.52441692352295,3.7671705476544357,11.18652140263174,2,147.04296875,19.700000000000003,0.0,0,37,0.0,0.0,3.27734375,9.6953125,28.77734375,9.9,56.0546875,9.8
55.62419557571411,3.7413887185991648,11.18648939372396,2,147.04296875,10.1,0.0,0,37,0.0,0.0,3.27734375,9.6953125,28.77734375,0.0,56.0546875,10.1
55.724217653274536,3.6718719908212485,11.211080182357064,2,147.04296875,20.0,0.0,0,37,0.0,0.0,3.27734375,9.6953125,28.77734375,10.0,56.0546875,10.0
55.824214935302734,3.553277217689789,11.237755814088816,2,147.04296875,10.0,0.0,0,37,0.0,0.140625,3.27734375,9.8359375,28.77734375,0.0,56.0546875,10.0
55.92424774169922,3.522271334271144,11.238533978848064,2,147.04296875,29.9,0.0,0,37,0.01171875,0.0,3.2890625,9.8359375,28.77734375,10.0,56.0546875,19.9
56.02433514595032,3.47824432991591,11.22026017200246,2,147.04296875,10.0,0.0,0,37,0.0,0.0,3.2890625,9.8359375,28.77734375,0.0,56.0546875,10.0
56.124327659606934,3.4560520322609953,11.22830884846962,2,147.04296875,20.0,0.0,0,37,0.0,0.0,3.2890625,9.8359375,28.77734375,10.0,56.0546875,10.0
56.22417712211609,3.3809268860717627,11.232258110441778,2,147.04296875,30.0,0.0,0,38,0.0,0.0,3.2890625,9.8359375,28.77734375,10.0,56.0546875,20.0
56.32422208786011,3.3323425406076215,11.25427841341472,2,147.04296875,10.0,0.0,0,38,0.0,0.0,3.2890625,9.8359375,28.77734375,0.0,56.0546875,10.0
56.424246072769165,3.265708184280776,11.247789811008538,2,147.04296875,20.0,0.0,0,38,0.0,0.0,3.2890625,9.8359375,28.77734375,10.0,56.0546875,10.0
56.524200201034546,3.1602674499570464,11.24632548440292,2,147.04296875,10.0,0.0,0,38,0.0,0.0,3.2890625,9.8359375,28.77734375,0.0,56.0546875,10.0
56.62424159049988,3.142898164969214,11.23339669901598,2,147.04296875,30.0,0.0,0,38,0.0,0.0,3.2890625,9.8359375,28.77734375,20.0,56.0546875,10.0
56.72417950630188,3.089614766245517,11.21214649875204,2,147.04296875,20.0,0.0,0,38,0.0,0.0,3.2890625,9.8359375,28.77734375,0.0,56.0546875,20.0
56.82422947883606,3.0699351922253957,11.213077299689552,2,147.04296875,20.0,0.0,0,38,0.0,0.0,3.2890625,9.8359375,28.77734375,10.0,56.0546875,10.0
56.92424917221069,3.02490984010977,11.19014403816025,2,147.04296875,9.9,0.0,0,38,0.0,0.0,3.2890625,9.8359375,28.77734375,0.0,56.0546875,9.9
57.02414560317993,2.9703514647647116,11.199764132363267,2,147.04296875,20.1,0.0,0,38,0.0,0.0,3.2890625,9.8359375,28.77734375,10.0,56.0546875,10.1
57.124417781829834,2.9429065508610743,11.198793515057472,2,147.04296875,19.8,0.0,0,38,0.0,0.0,3.2890625,9.8359375,28.77734375,9.9,56.0546875,9.9
57.224295139312744,2.8499528714652755,11.206374289675374,2,147.04296875,20.1,0.0,0,39,0.0,0.0,3.2890625,9.8359375,28.77734375,0.0,56.0546875,20.1
57.324283599853516,2.817634377902569,11.218013181916717,2,147.04296875,20.0,0.0,0,39,0.0,0.0,3.2890625,9.8359375,28.77734375,10.0,56.0546875,10.0
57.42436337471008,2.7304197415038054,11.23977277595712,2,147.04296875,10.0,0.0,0,39,0.0,0.0,3.2890625,9.8359375,28.77734375,0.0,56.0546875,10.0
57.524258852005005,2.7266663413330714,11.212587110190505,2,147.04296875,20.1,0.0,0,39,0.0,0.0,3.2890625,9.8359375,28.77734375,10.0,56.0546875,10.1
57.62437319755554,2.6616459127446577,11.221331504348848,2,147.04296875,29.8,0.0,0,39,0.0,0.0,3.2890625,9.8359375,28.77734375,0.0,56.0546875,29.8
57.72411561012268,2.6063436500195656,11.240148706828194,2,147.04296875,10.1,0.0,0,39,0.0,0.0,3.2890625,9.8359375,28.77734375,10.1,56.0546875,0.0
57.82442045211792,2.5647188044782037,11.254994211370423,2,147.04296875,9.9,0.0,0,39,0.0,0.0,3.2890625,9.8359375,28.77734375,9.9,56.0546875,0.0
57.92471218109131,2.515585787986397,11.24683088832571,2,147.04296875,0.0,0.0,0,39,0.0,0.0,3.2890625,9.8359375,28.77734375,0.0,56.0546875,0.0
58.02426099777222,2.454987396628715,11.24170004822795,2,147.04296875,10.1,0.0,0,39,0.0,0.0,3.2890625,9.8359375,28.77734375,10.1,56.0546875,0.0
58.12414026260376,2.3951961552115266,11.223254967387362,2,147.04296875,0.0,0.0,0,39,0.0,0.0,3.2890625,9.8359375,28.77734375,0.0,56.0546875,0.0
58.224244356155396,2.3815544789104313,11.211312978306955,2,147.04296875,10.0,0.0,0,40,0.0,0.0,3.2890625,9.8359375,28.77734375,10.0,56.0546875,0.0
58.32424521446228,2.336142183502855,11.179840574208006,2,147.04296875,10.0,0.0,0,40,0.0,0.0,3.2890625,9.8359375,28.77734375,10.0,56.0546875,0.0
58.424198627471924,2.285007334231999,11.176685357078801,2,147.04296875,0.0,0.0,0,40,0.0,0.0,3.2890625,9.8359375,28.77734375,0.0,56.0546875,0.0
58.524165391922,2.2317178868393683,11.18134810458554,2,147.04296875,10.0,0.0,0,40,0.0,0.0,3.2890625,9.8359375,28.77734375,10.0,56.0546875,0.0
58.62438154220581,2.1668670341317124,11.187309105018777,2,147.04296875,0.0,0.0,0,40,0.0,0.0,3.2890625,9.8359375,28.77734375,0.0,56.0546875,0.0
58.7243766784668,2.0899954024690377,11.210050211848738,1,147.578125,100.0,0.0,0,40,0.0,0.0,3.2890625,9.8359375,28.84375,50.0,56.5234375,50.0
58.82419490814209,2.02102225882693,11.232873174943649,1,147.58203125,0.0,0.0,0,40,0.0,0.0,3.2890625,9.8359375,28.84375,0.0,56.52734375,0.0
58.92416501045227,1.9963498685244183,11.21791230887512,1,147.58203125,20.0,0.0,0,40,0.0,0.0,3.2890625,9.8359375,28.84375,20.0,56.52734375,0.0
59.024134397506714,1.9338972378277395,11.216618668822795,1,147.58203125,0.0,0.0,0,40,0.0,0.00390625,3.2890625,9.83984375,28.84375,0.0,56.52734375,0.0
59.124297857284546,1.8841483712610065,11.232930080578962,1,147.58203125,0.0,0.0,0,40,0.0,0.0,3.2890625,9.83984375,28.84375,0.0,56.52734375,0.0
59.2242546081543,1.86019029608027,11.238744205419385,1,147.58203125,20.0,0.0,0,41,0.0,0.0,3.2890625,9.83984375,28.84375,20.0,56.52734375,0.0
59.32415747642517,1.8172882111963438,11.225353877450583,1,147.58203125,0.0,0.0,0,41,0.0,0.0,3.2890625,9.83984375,28.84375,0.0,56.52734375,0.0
59.42444896697998,1.7625427849064568,11.203743846970022,1,147.58203125,10.0,0.0,0,41,0.0,0.0,3.2890625,9.83984375,28.84375,10.0,56.52734375,0.0
59.52458691596985,1.7189488962848347,11.198397880662192,1,147.58203125,10.0,0.0,0,41,0.0,0.0,3.2890625,9.83984375,28.84375,10.0,56.52734375,0.0
59.62411546707153,1.6999004568250164,11.210763273158426,1,147.58203125,0.0,0.0,0,41,0.0,0.0,3.2890625,9.83984375,28.84375,0.0,56.52734375,0.0
59.72447466850281,1.653037836362641,11.210050212040102,1,147.58203125,39.6,0.0,0,41,0.0,0.0,3.2890625,9.83984375,28.84375,9.9,56.52734375,29.7
59.82424879074097,1.6045019683972193,11.208955551172519,1,147.58203125,10.1,0.0,0,41,0.0,0.0,3.2890625,9.83984375,28.84375,0.0,56.52734375,10.1
59.92422389984131,1.5489194083517528,11.191538175897392,1,147.58203125,20.0,0.0,0,41,0.0,0.0,3.2890625,9.83984375,28.84375,10.0,56.52734375,10.0
60.02422046661377,1.4906743604640151,11.164128708872088,1,147.58203125,30.1,0.0,0,41,0.0,0.0,3.2890625,9.83984375,28.84375,10.0,56.52734375,20.1
60.12421727180481,1.4405740388620416,11.150099303071256,1,147.58203125,0.0,0.0,0,41,0.0,0.0,3.2890625,9.83984375,28.84375,0.0,56.52734375,0.0
60.224730491638184,1.3936261630124889,11.125838360612079,1,147.58203125,19.8,0.0,0,41,0.0,0.0,3.2890625,9.83984375,28.84375,9.9,56.52734375,9.9
60.32437300682068,1.39511377028747,11.12752271552218,1,147.5859375,20.3,0.0,0,41,0.0,0.12109375,3.2890625,9.9609375,28.84375,0.0,56.53125,20.3
60.42487716674805,1.3857864946956577,11.116475798973084,1,147.5859375,19.8,0.0,0,41,0.0,0.0,3.2890625,9.9609375,28.84375,9.9,56.53125,9.9
60.52437949180603,1.454723630669291,10.994650326323168,1,147.58984375,20.2,0.0,0,41,0.0,0.0,3.2890625,9.9609375,28.84765625,10.1,56.53125,10.1
60.62446594238281,1.4256065926887147,10.927439892735567,1,147.58984375,30.0,0.0,0,41,0.0,0.0,3.2890625,9.9609375,28.84765625,10.0,56.53125,20.0
60.72462725639343,1.3750752693437647,10.85259556444868,1,147.58984375,10.0,0.0,0,41,0.1875,0.00390625,3.4765625,9.96484375,28.84765625,0.0,56.53125,10.0
60.82427000999451,1.3398255644412573,10.799682811948692,1,147.58984375,20.2,0.0,0,41,0.0,0.0,3.4765625,9.96484375,28.84765625,10.1,56.53125,10.1
60.92418932914734,1.30470802939533,10.752053189404496,1,147.58984375,20.0,0.0,0,41,0.0,1.1875,3.4765625,11.15234375,28.84765625,10.0,56.53125,10.0
61.02482271194458,1.3048473163759473,10.753916956871295,1,147.58984375,9.9,0.0,0,41,0.00390625,0.0,3.48046875,11.15234375,28.84765625,0.0,56.53125,9.9
61.12442350387573,1.3050180155323199,10.755485009603085,1,147.59765625,30.0,0.0,0,41,0.0,0.0,3.48046875,11.15234375,28.8515625,10.0,56.53515625,20.0
61.22421908378601,1.2935556435565234,10.291600152482935,1,147.61328125,30.299999999999997,0.0,0,42,0.0,0.0,3.48046875,11.15234375,28.859375,10.1,56.54296875,20.2
61.32421016693115,1.2742912593057634,10.24350222171792,1,147.62109375,10.0,0.0,0,42,0.0,0.0,3.48046875,11.15234375,28.86328125,0.0,56.546875,10.0
61.42440104484558,1.5330299577452837,10.8360378126206,1,147.62109375,20.0,0.0,0,42,0.0,0.0,3.48046875,11.15234375,28.86328125,10.0,56.546875,10.0
61.52447247505188,1.5352589342344702,10.810526117419757,1,147.62109375,20.0,0.0,0,42,0.0,0.0,3.48046875,11.15234375,28.86328125,10.0,56.546875,10.0
61.62457346916199,1.5133414651294341,10.640889356186973,1,147.62109375,10.0,0.0,0,42,0.0,0.0,3.48046875,11.15234375,28.86328125,0.0,56.546875,10.0
61.724247217178345,1.5720975645493138,10.647991650154335,1,147.62109375,30.1,0.0,0,42,0.01171875,0.00390625,3.4921875,11.15625,28.86328125,10.0,56.546875,20.1
61.82443690299988,1.532706619035376,10.584761414710641,1,147.62109375,9.9,0.0,0,42,0.0,0.0,3.4921875,11.15625,28.86328125,9.9,56.546875,0.0
61.92474675178528,1.528152608496292,10.529743842453698,1,147.62109375,0.0,0.0,0,42,0.0,0.0,3.4921875,11.15625,28.86328125,0.0,56.546875,0.0
62.02421736717224,1.5224964555871496,10.508785787048183,1,147.62109375,10.1,0.0,0,42,0.05078125,0.0,3.54296875,11.15625,28.86328125,10.1,56.546875,0.0
62.124282360076904,1.5479928948292612,10.440059128463899,1,147.62109375,10.0,0.0,0,42,0.0,0.0,3.54296875,11.15625,28.86328125,10.0,56.546875,0.0
62.224212646484375,1.5747974992282612,10.410234798278637,1,147.62109375,0.0,0.0,0,42,0.0,0.0,3.54296875,11.15625,28.86328125,0.0,56.546875,0.0
62.32418179512024,1.566177035113403,10.406190488441617,1,147.62109375,10.0,0.0,0,42,0.0,0.0,3.54296875,11.15625,28.86328125,10.0,56.546875,0.0
62.42420029640198,1.571825992391056,10.40128974082712,1,147.62109375,0.0,0.0,0,42,0.0,0.0,3.54296875,11.15625,28.86328125,0.0,56.546875,0.0
62.52420735359192,1.5949613195045522,10.348321562623177,1,147.62109375,0.0,0.0,0,42,0.0,0.05859375,3.54296875,11.21484375,28.86328125,0.0,56.546875,0.0
62.62426257133484,1.593542722956715,10.366132241353137,1,147.62109375,20.0,0.0,0,42,0.0,0.0,3.54296875,11.21484375,28.86328125,20.0,56.546875,0.0
62.7242226600647,1.5957442256008698,10.375101986843001,2,147.6484375,50.0,0.0,0,42,0.0,0.0,3.54296875,11.21484375,28.86328125,20.0,56.57421875,20.0
62.824122190475464,1.6056407251982088,10.398637121847056,2,147.6484375,0.0,0.0,0,42,0.0,0.00390625,3.54296875,11.21875,28.86328125,0.0,56.57421875,0.0
62.92420029640198,1.598727885069746,10.471012134309069,2,147.6484375,0.0,0.0,0,42,0.0,0.0,3.54296875,11.21875,28.86328125,0.0,56.57421875,0.0
63.024178981781006,1.6092356703970756,10.499664667536086,2,147.6484375,10.0,0.0,0,42,0.03125,0.0,3.57421875,11.21875,28.86328125,10.0,56.57421875,0.0
63.12434005737305,1.5907896925911624,10.543458875856565,2,147.6484375,10.0,0.0,0,42,0.0,0.0,3.57421875,11.21875,28.86328125,10.0,56.57421875,0.0
63.22427582740784,1.6005605871033222,10.55917862442022,2,147.6484375,0.0,0.0,0,43,0.0,0.0,3.57421875,11.21875,28.86328125,0.0,56.57421875,0.0
63.32416486740112,1.6035052977088637,10.606053163939029,2,147.6484375,10.0,0.0,0,43,0.0,0.0,3.57421875,11.21875,28.86328125,10.0,56.57421875,0.0
63.424166440963745,1.6048088690090019,10.66177682666497,2,147.6484375,0.0,0.0,0,43,0.0,0.0,3.57421875,11.21875,28.86328125,0.0,56.57421875,0.0
63.52425670623779,1.6009520311740952,10.725520286778801,2,147.6484375,10.0,0.0,0,43,0.0,0.0,3.57421875,11.21875,28.86328125,10.0,56.57421875,0.0
63.62423872947693,1.6104227573940575,10.75075023965505,2,147.6484375,10.0,0.0,0,43,0.0,0.0,3.57421875,11.21875,28.86328125,10.0,56.57421875,0.0
63.72417950630188,1.6358053087433673,10.859027359833501,2,147.6484375,0.0,0.0,0,43,0.00390625,0.1875,3.578125,11.40625,28.86328125,0.0,56.57421875,0.0
63.82458305358887,1.7049767168601546,10.969265550866382,2,147.6484375,49.3,0.0,0,43,0.0,0.00390625,3.578125,11.41015625,28.86328125,9.9,56.57421875,39.4
63.92417788505554,1.668948203876772,10.950163296195868,2,147.6484375,10.1,0.0,0,43,0.0,0.0,3.578125,11.41015625,28.86328125,0.0,56.57421875,10.1
64.02423787117004,1.6998385056988765,11.01519679704095,2,147.65234375,10.0,0.0,0,43,0.34765625,0.04296875,3.92578125,11.453125,28.86328125,10.0,56.578125,0.0
64.12428879737854,1.7772103029574235,11.105929983520351,2,147.65234375,10.0,0.0,0,43,0.0,0.0,3.92578125,11.453125,28.86328125,10.0,56.578125,0.0
64.22427487373352,1.8193914799713469,11.157359404389775,2,147.65234375,0.0,0.0,0,43,0.0,0.0,3.92578125,11.453125,28.86328125,0.0,56.578125,0.0
64.32420420646667,1.8521351187085586,11.205691031042624,2,147.65234375,10.0,0.0,0,43,0.0,0.0,3.92578125,11.453125,28.86328125,10.0,56.578125,0.0
64.42432904243469,1.882108400068199,11.249355668038627,2,147.65234375,10.0,0.0,0,43,0.0,0.0,3.92578125,11.453125,28.86328125,10.0,56.578125,0.0
64.5245041847229,1.9202173263932387,11.297749743431675,2,147.65234375,0.0,0.0,0,43,0.0,0.0,3.92578125,11.453125,28.86328125,0.0,56.578125,0.0
64.62410616874695,1.9530558964675349,11.303589319252774,2,147.65234375,10.1,0.0,0,43,0.0,0.0,3.92578125,11.453125,28.86328125,10.1,56.578125,0.0
64.72412896156311,2.097293752128725,11.254248675145227,2,147.65234375,0.0,0.0,0,43,0.0,0.0,3.92578125,11.453125,28.86328125,0.0,56.578125,0.0
64.82441425323486,2.1713967333378887,11.266710780194567,2,147.65234375,0.0,0.0,0,43,0.0,0.00390625,3.92578125,11.45703125,28.86328125,0.0,56.578125,0.0
64.92437958717346,2.230816154336709,11.288825086606982,1,147.78515625,119.9,0.0,0,43,0.0,0.0,3.92578125,11.45703125,28.86328125,59.9,56.70703125,50.0
65.02435541152954,2.3055810812151876,11.309397061931275,1,147.78515625,0.0,0.0,0,43,0.0,0.0,3.92578125,11.45703125,28.86328125,0.0,56.70703125,0.0
65.12439155578613,2.3808200357704727,11.319928402202773,1,147.78515625,10.0,0.0,0,43,0.0,0.0,3.92578125,11.45703125,28.86328125,10.0,56.70703125,0.0
65.22472047805786,2.4489703042237476,11.34324467385271,1,147.78515625,0.0,0.0,0,44,0.0,0.0,3.92578125,11.45703125,28.86328125,0.0,56.70703125,0.0
65.32440137863159,2.5408196728094143,11.380144366164377,1,147.78515625,20.1,0.0,0,44,0.0,0.0,3.92578125,11.45703125,28.86328125,20.1,56.70703125,0.0
65.42412686347961,2.5717861844458643,11.306432177161629,1,147.78515625,0.0,0.0,0,44,0.0,0.0,3.92578125,11.45703125,28.86328125,0.0,56.70703125,0.0
65.52424049377441,2.6423332651026588,11.304928056335642,1,147.78515625,0.0,0.0,0,44,0.0,0.0,3.92578125,11.45703125,28.86328125,0.0,56.70703125,0.0
65.62423944473267,2.7248890122174405,11.317063976394316,1,147.78515625,10.0,0.0,0,44,0.0,0.0,3.92578125,11.45703125,28.86328125,10.0,56.70703125,0.0
65.72421216964722,2.7739247833008167,11.316088850281254,1,147.78515625,0.0,0.0,0,44,0.08203125,0.0,4.0078125,11.45703125,28.86328125,0.0,56.70703125,0.0
65.82464122772217,2.8986794320371416,11.338969391729119,1,147.78515625,19.9,0.0,0,44,0.0,0.0,4.0078125,11.45703125,28.86328125,19.9,56.70703125,0.0
65.92455101013184,2.9332909709789803,11.32008712205888,1,147.78515625,10.0,0.0,0,44,0.0,0.0,4.0078125,11.45703125,28.86328125,0.0,56.70703125,10.0
66.02420020103455,2.975274403182106,11.282910787442802,1,147.78515625,0.0,0.0,0,44,0.0,0.0,4.0078125,11.45703125,28.86328125,0.0,56.70703125,0.0
66.12409472465515,2.973192193247654,11.282609031582966,1,147.78515625,10.0,0.0,0,44,0.0,0.0,4.0078125,11.45703125,28.86328125,10.0,56.70703125,0.0
66.22417330741882,3.002593213235065,11.289024170887439,1,147.78515625,10.0,0.0,0,44,0.0,0.0,4.0078125,11.45703125,28.86328125,10.0,56.70703125,0.0
66.32412481307983,3.1180837241751136,11.257275064695762,1,147.78515625,10.0,0.0,0,44,0.0,0.0,4.0078125,11.45703125,28.86328125,10.0,56.70703125,0.0
66.42426347732544,3.558695395498574,12.3718373120021,1,147.78515625,0.0,0.0,0,44,0.0,0.0,4.0078125,11.45703125,28.86328125,0.0,56.70703125,0.0
66.52425956726074,3.6253005750872753,12.367951423513807,1,147.78515625,0.0,0.0,0,44,0.0,0.0,4.0078125,11.45703125,28.86328125,0.0,56.70703125,0.0
66.62442922592163,3.6643804905294504,12.301738415345897,1,147.78515625,10.0,0.0,0,44,0.0,0.0,4.0078125,11.45703125,28.86328125,10.0,56.70703125,0.0
66.72518658638,3.7127884394419683,12.235717838912013,1,147.78515625,9.9,0.0,0,44,0.0,0.0,4.0078125,11.45703125,28.86328125,9.9,56.70703125,0.0
66.82410669326782,3.7886279470536266,12.124557800662068,1,147.78515625,10.1,0.0,0,44,0.0,0.0,4.0078125,11.45703125,28.86328125,10.1,56.70703125,0.0
66.92428350448608,3.8555922957689934,12.11338664275882,2,147.8203125,30.0,0.0,0,44,0.0,0.0,4.0078125,11.45703125,28.8671875,10.0,56.734375,20.0
67.02431988716125,3.938172389051161,12.074347320846583,2,147.8203125,20.0,0.0,0,44,0.0,0.0,4.0078125,11.45703125,28.8671875,10.0,56.734375,10.0
67.12422490119934,4.026012638357353,12.040158661154553,2,147.8203125,10.0,0.0,0,44,0.0,0.0,4.0078125,11.45703125,28.8671875,10.0,56.734375,0.0
67.2242329120636,4.0959967883124495,12.002770247160209,2,147.8203125,0.0,0.0,0,45,0.0,0.0,4.0078125,11.45703125,28.8671875,0.0,56.734375,0.0
67.32552433013916,4.170044819372764,12.001727659790008,2,147.8203125,9.9,0.0,0,45,0.0,0.0,4.0078125,11.45703125,28.8671875,9.9,56.734375,0.0
67.42416572570801,4.291979011011284,11.970289867230184,2,147.8203125,10.2,0.0,0,45,0.0,0.0,4.0078125,11.45703125,28.8671875,10.2,56.734375,0.0
67.5242235660553,4.371455083449446,11.9472626685731,2,147.8203125,0.0,0.0,0,45,0.0,0.0,4.0078125,11.45703125,28.8671875,0.0,56.734375,0.0
67.62416243553162,4.411827961874734,11.95297756713683,2,147.8203125,10.0,0.0,0,45,0.0,0.0,4.0078125,11.45703125,28.8671875,10.0,56.734375,0.0
67.72428321838379,4.480125794841461,11.950452978197818,2,147.8203125,0.0,0.0,0,45,0.0,0.0,4.0078125,11.45703125,28.8671875,0.0,56.734375,0.0
67.82410860061646,4.549725720477279,11.946456626117065,2,147.8203125,20.1,0.0,0,45,0.0,0.0,4.0078125,11.45703125,28.8671875,20.1,56.734375,0.0
67.92459511756897,4.634897175338957,11.926984274552904,2,147.8203125,0.0,0.0,0,45,0.0,0.0,4.0078125,11.45703125,28.8671875,0.0,56.734375,0.0
68.02445316314697,4.710364514457847,11.915906331695352,2,147.8203125,40.1,0.0,0,45,0.125,0.0,4.1328125,11.45703125,28.8671875,0.0,56.734375,40.1
68.12420582771301,4.817760564469349,11.892939644232966,2,147.8203125,40.1,0.0,0,45,0.0,0.0,4.1328125,11.45703125,28.8671875,20.1,56.734375,20.0
68.22428607940674,4.834604364350785,11.899279828720381,2,147.8203125,10.0,0.0,0,45,0.0,0.0,4.1328125,11.45703125,28.8671875,0.0,56.734375,10.0
68.32423448562622,4.903385962885953,11.889083687600657,2,147.8203125,20.1,0.0,0,45,0.0,0.0,4.1328125,11.45703125,28.8671875,0.0,56.734375,20.1
68.42428946495056,4.979224978217546,11.866913161847435,2,147.82421875,20.0,0.0,0,45,0.0,0.0,4.1328125,11.45703125,28.8671875,10.0,56.73828125,10.0
68.5245246887207,5.047822489468757,11.847531301486033,2,147.828125,29.9,0.0,0,45,0.0,0.0,4.1328125,11.45703125,28.8671875,10.0,56.7421875,19.9
68.62414383888245,5.125485352778698,11.849636229175104,2,147.828125,0.0,0.0,0,45,0.0,0.0,4.1328125,11.45703125,28.8671875,0.0,56.7421875,0.0
68.72420740127563,5.188650567532942,11.849018246291324,2,147.828125,19.9,0.0,0,45,0.0,0.0,4.1328125,11.45703125,28.8671875,10.0,56.7421875,9.9
68.82432150840759,5.290997249376506,11.804673305640787,2,147.828125,10.0,0.0,0,45,0.0,0.0,4.1328125,11.45703125,28.8671875,0.0,56.7421875,10.0
68.9241418838501,5.3195185990659155,11.811351743485274,2,147.828125,30.1,0.0,0,45,0.0,0.0,4.1328125,11.45703125,28.8671875,10.0,56.7421875,20.1
69.02427077293396,5.384418910555457,11.810338123461849,2,147.828125,19.9,0.0,0,45,0.0,0.0,4.1328125,11.45703125,28.8671875,10.0,56.7421875,9.9
69.12437105178833,5.448694866405816,11.81147223307114,2,147.8359375,10.0,0.0,0,45,0.0,0.09375,4.1328125,11.55078125,28.87109375,0.0,56.74609375,10.0
69.22446537017822,5.511501562749781,11.810215585669043,2,147.8515625,29.9,0.0,0,46,0.0,0.0,4.1328125,11.55078125,28.87890625,19.9,56.75390625,10.0
69.32459235191345,5.596313762101074,11.799182421827119,2,147.85546875,10.0,0.0,0,46,0.0,0.0,4.1328125,11.55078125,28.8828125,0.0,56.75390625,10.0
69.42433142662048,5.661145915788406,11.793225060063115,2,147.85546875,30.1,0.0,0,46,0.0,0.0,4.1328125,11.55078125,28.8828125,10.0,56.75390625,20.1
69.52423453330994,5.768119050946224,11.770454490313774,2,147.85546875,10.0,0.0,0,46,0.0,0.0,4.1328125,11.55078125,28.8828125,0.0,56.75390625,10.0
69.62415862083435,5.795903787454698,11.770066749177193,2,147.85546875,20.0,0.0,0,46,0.0,0.0,4.1328125,11.55078125,28.8828125,10.0,56.75390625,10.0
69.7242329120636,5.851125511461709,11.767733454289337,2,147.85546875,20.0,0.0,0,46,0.0,0.00390625,4.1328125,11.5546875,28.8828125,10.0,56.75390625,10.0
69.82416319847107,5.920780132772796,11.747875398203702,2,147.85546875,10.0,0.0,0,46,0.0,0.0,4.1328125,11.5546875,28.8828125,0.0,56.75390625,10.0
69.92445468902588,5.985749555735704,11.744392624768595,2,147.85546875,9.9,0.0,0,46,0.0,0.0,4.1328125,11.5546875,28.8828125,0.0,56.75390625,9.9
70.02462768554688,6.052947358220957,11.738671829798527,2,147.85546875,19.9,0.0,0,46,0.0,0.0,4.1328125,11.5546875,28.8828125,19.9,56.75390625,0.0
70.12447881698608,6.097907868342405,11.745720735564836,2,147.859375,20.0,0.0,0,46,0.0,0.0,4.1328125,11.5546875,28.8828125,0.0,56.7578125,20.0
70.22430801391602,6.103970304142481,11.750445051886741,2,147.859375,30.1,0.0,0,46,0.0,0.0,4.1328125,11.5546875,28.8828125,10.0,56.7578125,20.1
70.32437205314636,6.192593652772609,11.78314136756172,2,147.859375,19.9,0.0,0,46,0.0,0.0,4.1328125,11.5546875,28.8828125,10.0,56.7578125,9.9
70.42430973052979,6.22848156481067,11.815614984819208,2,147.859375,10.0,0.0,0,46,0.0,0.0,4.1328125,11.5546875,28.8828125,0.0,56.7578125,10.0
70.52435445785522,6.3118056405611425,11.852613094059613,2,147.859375,30.0,0.0,0,46,0.0,0.0,4.1328125,11.5546875,28.8828125,10.0,56.7578125,20.0
70.624276638031,6.347398874720093,11.878937952983064,2,147.859375,10.1,0.0,0,46,0.0,0.0,4.1328125,11.5546875,28.8828125,0.0,56.7578125,10.1
70.72440004348755,6.394784982632984,11.909125968745473,2,147.859375,10.0,0.0,0,46,0.0,0.0,4.1328125,11.5546875,28.8828125,10.0,56.7578125,0.0
70.82432150840759,6.380228250729834,11.917469814591897,2,147.859375,10.0,0.0,0,46,0.0,0.0,4.1328125,11.5546875,28.8828125,0.0,56.7578125,10.0
70.92452239990234,6.363726354748759,11.972881869833843,2,147.86328125,39.9,0.0,0,46,0.0,0.0,4.1328125,11.5546875,28.8828125,10.0,56.76171875,29.9
71.02440023422241,6.3104330431971825,11.91071419420975,2,147.86328125,20.0,0.0,0,46,0.0,0.0,4.1328125,11.5546875,28.8828125,10.0,56.76171875,10.0
71.12443590164185,6.3168547402483375,11.91442825408254,2,147.86328125,20.0,0.0,0,46,0.0,0.0,4.1328125,11.5546875,28.8828125,10.0,56.76171875,10.0
71.22452092170715,6.318949807440822,11.916307107729242,2,147.86328125,19.8,0.0,0,47,0.0,0.0,4.1328125,11.5546875,28.8828125,0.0,56.76171875,19.8
71.32449245452881,6.321887852410304,11.927970324981713,2,147.86328125,20.0,0.0,0,47,0.0,0.0,4.1328125,11.5546875,28.8828125,10.0,56.76171875,10.0
71.42421007156372,6.324281268730216,11.93125606181632,2,147.86328125,20.2,0.0,0,47,0.0,0.0,4.1328125,11.5546875,28.8828125,10.1,56.76171875,10.1
71.52425694465637,6.20066216709985,11.913614211554908,2,147.86328125,20.0,0.0,0,47,0.0,0.0,4.1328125,11.5546875,28.8828125,0.0,56.76171875,20.0
71.62438678741455,6.203548403233854,11.919281396566928,2,147.86328125,20.0,0.0,0,47,0.0,0.0,4.1328125,11.5546875,28.8828125,10.0,56.76171875,10.0
71.72444105148315,6.204879208994077,11.923681837773659,2,147.86328125,10.0,0.0,0,47,0.0,0.0,4.1328125,11.5546875,28.8828125,0.0,56.76171875,10.0
71.82438683509827,6.205271428000472,11.928565588124792,2,147.86328125,20.0,0.0,0,47,0.0,0.0,4.1328125,11.5546875,28.8828125,10.0,56.76171875,10.0
71.92412734031677,6.205410794219874,11.9331338832933,2,147.86328125,20.2,0.0,0,47,0.0,0.0,4.1328125,11.5546875,28.8828125,10.1,56.76171875,10.1
72.02424383163452,6.204615923447223,11.938213583820005,2,147.86328125,9.9,0.0,0,47,0.0,0.0,4.1328125,11.5546875,28.8828125,0.0,56.76171875,9.9
72.12414312362671,6.2033230536952235,11.942451587157576,2,147.86328125,20.1,0.0,0,47,0.0,0.0,4.1328125,11.5546875,28.8828125,10.0,56.76171875,10.1
72.22416043281555,6.151704947035226,11.976053323957665,2,147.86328125,20.0,0.0,0,47,0.0,0.0,4.1328125,11.5546875,28.8828125,10.0,56.76171875,10.0
72.32431721687317,6.091350053974754,11.93819749774164,2,147.86328125,20.0,0.0,0,47,0.0,0.0,4.1328125,11.5546875,28.8828125,0.0,56.76171875,20.0
72.42440819740295,6.041213442257732,11.916226153716028,2,147.86328125,20.0,0.0,0,47,0.0,0.0,4.1328125,11.5546875,28.8828125,10.0,56.76171875,10.0
72.52425074577332,5.997895536044858,11.949262959139311,2,147.86328125,10.0,0.0,0,47,0.0,0.0,4.1328125,11.5546875,28.8828125,0.0,56.76171875,10.0
72.62427353858948,5.9969970477346095,11.992743977647303,2,147.86328125,20.0,0.0,0,47,0.0,0.0,4.1328125,11.5546875,28.8828125,10.0,56.76171875,10.0
72.72415471076965,5.991666788304897,12.0352879925358,2,147.86328125,10.1,0.0,0,47,0.0,0.0,4.1328125,11.5546875,28.8828125,0.0,56.76171875,10.1
72.8241376876831,5.94890386416019,12.089147355945839,2,147.86328125,30.0,0.0,0,47,0.0,0.2578125,4.1328125,11.8125,28.8828125,20.0,56.76171875,10.0
72.9241828918457,5.89536263636138,12.121583020538141,2,147.86328125,10.0,0.0,0,47,0.0,0.0,4.1328125,11.8125,28.8828125,0.0,56.76171875,10.0
73.02414774894714,5.828037675608224,12.15363317848816,2,147.86328125,20.0,0.0,0,47,0.0,0.0,4.1328125,11.8125,28.8828125,10.0,56.76171875,10.0
73.12420177459717,5.797229078779701,12.165373873447123,2,147.86328125,30.0,0.0,0,47,0.0,0.0,4.1328125,11.8125,28.8828125,10.0,56.76171875,20.0
73.22423696517944,5.714700629470029,12.187580430583722,2,147.86328125,0.0,0.0,0,48,0.0,0.0,4.1328125,11.8125,28.8828125,0.0,56.76171875,0.0
73.32426047325134,5.658260211201393,12.181244871001898,2,147.86328125,9.9,0.0,0,48,0.0,0.0,4.1328125,11.8125,28.8828125,0.0,56.76171875,9.9
73.42410826683044,5.629683310540033,12.189218538975751,2,147.86328125,30.299999999999997,0.0,0,48,0.0,0.0,4.1328125,11.8125,28.8828125,10.1,56.76171875,20.2
73.52453422546387,5.575889844069588,12.206920447352477,2,147.86328125,9.9,0.0,0,48,0.0,0.0,4.1328125,11.8125,28.8828125,9.9,56.76171875,0.0
73.6242151260376,5.498445921702883,12.224967479676113,2,147.86328125,30.0,0.0,0,48,0.0,0.0,4.1328125,11.8125,28.8828125,10.0,56.76171875,20.0
73.72436475753784,5.477153220916682,12.233498029801002,2,147.86328125,9.9,0.0,0,48,0.0,0.0,4.1328125,11.8125,28.8828125,0.0,56.76171875,9.9
73.8243465423584,5.39542220148166,12.249520616988187,2,147.86328125,20.1,0.0,0,48,0.0,0.0,4.1328125,11.8125,28.8828125,0.0,56.76171875,20.1
73.92455196380615,5.2943334448706185,12.2796239967874,2,147.86328125,29.9,0.0,0,48,0.0,0.0,4.1328125,11.8125,28.8828125,19.9,56.76171875,10.0
74.02433037757874,5.232126517009549,12.293719280670906,2,147.86328125,10.0,0.0,0,48,0.1875,0.046875,4.3203125,11.859375,28.8828125,0.0,56.76171875,10.0
74.12432527542114,5.186713014068362,12.321556411801431,2,147.86328125,20.0,0.0,0,48,0.0,0.0,4.3203125,11.859375,28.8828125,10.0,56.76171875,10.0
74.22413444519043,5.14369253691158,12.33260621464503,2,147.86328125,10.1,0.0,0,48,0.0,0.0,4.3203125,11.859375,28.8828125,0.0,56.76171875,10.1
74.3241593837738,5.0761536842268455,12.368845167310418,2,147.86328125,30.0,0.0,0,48,0.0,0.0,4.3203125,11.859375,28.8828125,10.0,56.76171875,20.0
74.42420411109924,5.009952049419319,12.413570811651477,2,147.86328125,10.0,0.0,0,48,0.0,0.0,4.3203125,11.859375,28.8828125,10.0,56.76171875,0.0
74.52465391159058,4.952652568811988,12.48270944474263,2,147.86328125,30.0,0.0,0,48,0.171875,0.0,4.4921875,11.859375,28.8828125,0.0,56.76171875,30.0
74.62416911125183,4.907294436238157,12.481892078550963,2,147.86328125,20.0,0.0,0,48,0.0,0.09375,4.4921875,11.953125,28.8828125,10.0,56.76171875,10.0
74.72422575950623,4.803920008004921,12.469473250007582,2,147.8671875,20.0,0.0,0,48,0.0,0.0,4.4921875,11.953125,28.88671875,10.0,56.76171875,10.0
74.82431101799011,4.78998633435312,12.458437528269336,2,147.8671875,10.0,0.0,0,48,0.45703125,0.05078125,4.94921875,12.00390625,28.88671875,0.0,56.76171875,10.0
74.92432069778442,4.7858299039987635,12.45693583319009,2,147.87109375,20.0,0.0,0,48,0.0,0.0,4.94921875,12.00390625,28.88671875,10.0,56.765625,10.0
75.02425789833069,4.6595581001612505,12.439698377925719,2,147.87109375,20.0,0.0,0,48,0.125,0.0,5.07421875,12.00390625,28.88671875,10.0,56.765625,10.0
75.12422609329224,4.498453381995144,12.474474217095581,2,147.87109375,10.0,0.0,0,48,0.0,0.0,5.07421875,12.00390625,28.88671875,0.0,56.765625,10.0
75.22420954704285,4.482495856067235,12.509344153607579,2,147.87109375,20.0,0.0,0,49,0.0,0.0,5.07421875,12.00390625,28.88671875,10.0,56.765625,10.0
75.32414555549622,4.469172368694576,12.521083225048484,2,147.87109375,20.0,0.0,0,49,0.0,0.0,5.07421875,12.00390625,28.88671875,0.0,56.765625,20.0
75.42421507835388,4.440961479378574,12.51927029763274,2,147.87109375,20.0,0.0,0,49,0.0,0.0,5.07421875,12.00390625,28.88671875,10.0,56.765625,10.0
75.52433276176453,4.422386555483266,12.51098046011402,2,147.87109375,20.0,0.0,0,49,0.0,0.0,5.07421875,12.00390625,28.88671875,10.0,56.765625,10.0
75.62411069869995,4.366329684011555,12.520173325123306,2,147.87109375,0.0,0.0,0,49,0.0,0.0,5.07421875,12.00390625,28.88671875,0.0,56.765625,0.0
75.72422862052917,4.345370096473443,12.535462432804978,2,147.87109375,20.0,0.0,0,49,0.0,0.0,5.07421875,12.00390625,28.88671875,10.0,56.765625,10.0
75.82418894767761,4.321571179860282,12.546585170867484,2,147.87109375,20.1,0.0,0,49,0.0,0.0,5.07421875,12.00390625,28.88671875,0.0,56.765625,20.1
75.92429900169373,4.27668533540132,12.575994156487814,2,147.87109375,19.9,0.0,0,49,0.0,0.0,5.07421875,12.00390625,28.88671875,10.0,56.765625,9.9
76.0242292881012,4.2520445694687705,12.576168359475254,2,147.87109375,20.0,0.0,0,49,0.0,0.0,5.07421875,12.00390625,28.88671875,10.0,56.765625,10.0
76.12420129776001,4.115547231190629,12.618170957494025,2,147.87109375,10.0,0.0,0,49,0.0,0.0,5.07421875,12.00390625,28.88671875,0.0,56.765625,10.0
76.22436356544495,4.115383204239009,12.61792848273417,2,147.87109375,30.0,0.0,0,50,0.0,0.0,5.07421875,12.00390625,28.88671875,20.0,56.765625,10.0
76.32441830635071,4.115453479961623,12.618018189840699,2,147.87109375,20.0,0.0,0,50,0.0,0.0,5.07421875,12.00390625,28.88671875,0.0,56.765625,20.0
76.42426013946533,4.098870965084554,12.621714687373206,2,147.87109375,10.0,0.0,0,50,0.0,0.0,5.07421875,12.00390625,28.88671875,0.0,56.765625,10.0
76.52451419830322,4.00465819442598,12.61128466398884,2,147.87109375,20.0,0.0,0,50,0.0,0.0,5.07421875,12.00390625,28.88671875,10.0,56.765625,10.0
76.62434554100037,3.8945982805630788,12.6394546413785,2,147.875,20.1,0.0,0,50,0.0,0.0,5.07421875,12.00390625,28.890625,0.0,56.765625,20.1
76.72421765327454,3.8113211861447187,12.65968630883653,2,147.875,30.0,0.0,0,50,0.0,0.0,5.07421875,12.00390625,28.890625,20.0,56.765625,10.0
76.82437467575073,3.751353144920838,12.688587290846296,2,147.875,10.0,0.0,0,50,0.0,0.0,5.07421875,12.00390625,28.890625,0.0,56.765625,10.0
76.92414689064026,3.707707780736815,12.723476289753787,2,147.875,10.0,0.0,0,50,0.0,0.0,5.07421875,12.00390625,28.890625,0.0,56.765625,10.0
77.02419900894165,3.6511299464079077,12.765432704901528,2,147.875,50.1,0.0,0,50,0.0,0.0,5.07421875,12.00390625,28.890625,20.0,56.765625,30.1
77.1243314743042,3.541838004880688,12.74682255983154,2,147.8828125,10.0,0.0,0,50,0.0,0.0,5.07421875,12.00390625,28.89453125,0.0,56.76953125,10.0
77.22419261932373,3.5012139391669646,12.752724760253383,2,147.8984375,20.0,0.0,0,50,0.0,0.0,5.07421875,12.00390625,28.90234375,10.0,56.77734375,10.0
77.32422256469727,3.4756988281885572,12.755769923331183,2,147.90234375,20.0,0.0,0,50,0.0,0.0,5.07421875,12.00390625,28.90234375,0.0,56.78125,20.0
77.42430973052979,3.446492039918848,12.759237986351462,2,147.90234375,19.9,0.0,0,50,0.0,0.40625,5.07421875,12.41015625,28.90234375,10.0,56.78125,9.9
77.52440810203552,3.390567728548305,12.771979239724404,2,147.90234375,10.0,0.0,0,50,0.0,0.0,5.07421875,12.41015625,28.90234375,0.0,56.78125,10.0
77.62414836883545,3.31907237732071,12.79161482363917,2,147.90234375,30.200000000000003,0.0,0,50,0.0,0.0,5.07421875,12.41015625,28.90234375,20.1,56.78125,10.1
77.72448754310608,3.2933064954967097,12.819875123029611,2,147.90234375,10.0,0.0,0,50,0.0,0.0,5.07421875,12.41015625,28.90234375,0.0,56.78125,10.0
77.82438707351685,3.2750566839705098,12.818537207522432,2,147.90234375,20.0,0.0,0,50,0.0,0.0,5.07421875,12.41015625,28.90234375,0.0,56.78125,20.0
77.92421174049377,3.1050703282758736,12.972601875920702,2,147.90234375,20.0,0.0,0,50,0.0,1.8203125,5.07421875,14.23046875,28.90234375,10.0,56.78125,10.0
78.02417826652527,3.034168456128297,12.955241378527138,2,147.90234375,20.0,0.0,0,50,0.09375,0.0,5.16796875,14.23046875,28.90234375,10.0,56.78125,10.0
78.12463140487671,2.9424520282443147,12.93682345731079,2,147.90234375,0.0,0.0,0,50,0.0,0.0,5.16796875,14.23046875,28.90234375,0.0,56.78125,0.0
78.22426104545593,2.8626986583452236,12.930387687708489,2,147.90625,20.0,0.0,0,51,0.0,0.0,5.16796875,14.23046875,28.90625,10.0,56.78125,10.0
78.3243567943573,2.8345018016604175,12.909923156110978,2,147.90625,20.0,0.0,0,51,0.0,0.0,5.16796875,14.23046875,28.90625,10.0,56.78125,10.0
78.42430400848389,2.7116245484658794,12.890442949650055,2,147.90625,10.0,0.0,0,51,0.0,0.0,5.16796875,14.23046875,28.90625,0.0,56.78125,10.0
78.52430963516235,2.7337174088094205,12.82818382671341,2,147.90625,20.0,0.0,0,51,0.0,0.0,5.16796875,14.23046875,28.90625,0.0,56.78125,20.0
78.62421417236328,2.677986615496799,12.77262451503083,2,147.90625,30.200000000000003,0.0,0,51,0.0,0.0,5.16796875,14.23046875,28.90625,20.1,56.78125,10.1
78.72451686859131,2.6432503589152425,12.738011798633597,2,147.90625,9.9,0.0,0,51,0.0,0.0,5.16796875,14.23046875,28.90625,0.0,56.78125,9.9
78.82416558265686,2.5957045207269704,12.711722358188993,2,147.90625,10.1,0.0,0,51,0.0,0.0,5.16796875,14.23046875,28.90625,0.0,56.78125,10.1
78.92420101165771,2.545143958523793,12.669447770460588,2,147.90625,30.0,0.0,0,51,0.0,0.0,5.16796875,14.23046875,28.90625,20.0,56.78125,10.0
79.02438807487488,2.534132060913901,12.627786485198937,2,147.90625,19.9,0.0,0,51,0.01171875,0.0,5.1796875,14.23046875,28.90625,0.0,56.78125,19.9
79.12444925308228,2.4693379731021654,12.577302732395001,2,147.90625,10.0,0.0,0,51,0.0,0.0,5.1796875,14.23046875,28.90625,0.0,56.78125,10.0
79.22427892684937,2.4278934332060924,12.541032900035887,2,147.90625,20.0,0.0,0,51,0.0,0.0,5.1796875,14.23046875,28.90625,20.0,56.78125,0.0
79.32426190376282,2.4142292981911098,12.49466444721325,2,147.90625,0.0,0.0,0,51,0.0,0.0,5.1796875,14.23046875,28.90625,0.0,56.78125,0.0
79.42420053482056,2.3978541008724488,12.451739950599674,2,147.90625,10.0,0.0,0,51,0.0,0.0,5.1796875,14.23046875,28.90625,10.0,56.78125,0.0
79.5243067741394,2.3732350887957896,12.404289586246076,2,147.90625,0.0,0.0,0,51,0.0,0.0,5.1796875,14.23046875,28.90625,0.0,56.78125,0.0
79.62429714202881,2.349109639149887,12.352760629609815,2,147.90625,0.0,0.0,0,51,0.0,0.0,5.1796875,14.23046875,28.90625,0.0,56.78125,0.0
79.7246458530426,2.2967573502792256,12.295693072557253,2,147.90625,10.0,0.0,0,51,0.0,0.0,5.1796875,14.23046875,28.90625,10.0,56.78125,0.0
79.82425665855408,2.2601265005078304,12.260172441025002,2,147.90625,10.0,0.0,0,51,0.0,0.0,5.1796875,14.23046875,28.90625,10.0,56.78125,0.0
79.92420649528503,2.2004276777900778,12.19420021671393,2,147.90625,10.0,0.0,0,51,0.0,0.16796875,5.1796875,14.3984375,28.90625,10.0,56.78125,0.0
80.02455544471741,2.1527662483221093,12.156947926470323,2,147.90625,0.0,0.0,0,51,0.0,0.0,5.1796875,14.3984375,28.90625,0.0,56.78125,0.0
80.12428522109985,2.1449496690936947,12.128981951293051,1,147.90625,40.1,0.0,0,51,0.00390625,0.0,5.18359375,14.3984375,28.90625,20.1,56.78125,20.0
80.22424626350403,2.0978888348083373,12.087588774523269,1,148.04296875,90.2,0.0,0,52,0.0,0.0,5.18359375,14.3984375,28.90625,40.0,56.91796875,40.2
80.32452893257141,2.0610582706082887,12.04373393195593,1,148.04296875,10.0,0.0,0,52,0.0,0.0,5.18359375,14.3984375,28.90625,10.0,56.91796875,0.0
80.42455887794495,2.031970388893818,12.01823067171622,1,148.04296875,0.0,0.0,0,52,0.0,0.0,5.18359375,14.3984375,28.90625,0.0,56.91796875,0.0
80.5241630077362,1.97804901046743,11.942060835262483,1,148.04296875,20.1,0.0,0,52,0.0,0.0,5.18359375,14.3984375,28.90625,20.1,56.91796875,0.0
80.62425374984741,1.978550002006422,11.930254402218505,1,148.04296875,0.0,0.0,0,52,0.0,0.0,5.18359375,14.3984375,28.90625,0.0,56.91796875,0.0
80.72422909736633,1.898011112355654,11.825208090076762,1,148.04296875,10.0,0.0,0,52,0.0,0.0,5.18359375,14.3984375,28.90625,10.0,56.91796875,0.0
80.824378490448,1.908809481804468,11.833300278474233,1,148.04296875,0.0,0.0,0,52,0.0,0.0859375,5.18359375,14.484375,28.90625,0.0,56.91796875,0.0
80.92433023452759,1.908809481804468,11.833300278474233,1,148.04296875,9.9,0.0,0,52,0.0,0.0,5.18359375,14.484375,28.90625,9.9,56.91796875,0.0
81.02455925941467,1.9081981450299175,11.8327323207061,1,148.04296875,0.0,0.0,0,52,0.0546875,0.0,5.23828125,14.484375,28.90625,0.0,56.91796875,0.0
81.12458109855652,1.849925247896067,11.69884779462758,1,148.04296875,10.0,0.0,0,52,0.0,0.0,5.23828125,14.484375,28.90625,10.0,56.91796875,0.0
81.22435188293457,1.846159338340037,11.685562062943465,1,148.04296875,20.2,0.0,0,52,0.0,0.0,5.23828125,14.484375,28.90625,10.1,56.91796875,10.1
81.32426929473877,1.8060414608060782,11.60409416986263,1,148.04296875,0.0,0.0,0,52,0.0,0.0,5.23828125,14.484375,28.90625,0.0,56.91796875,0.0
81.42419147491455,1.784919164185549,11.580307700160851,1,148.04296875,10.0,0.0,0,52,0.0,0.0,5.23828125,14.484375,28.90625,10.0,56.91796875,0.0
81.52421641349792,1.7836662836694224,11.578775080124672,1,148.04296875,0.0,0.0,0,52,0.0,0.0,5.23828125,14.484375,28.90625,0.0,56.91796875,0.0
81.62416362762451,1.7716852944720465,11.477422518647474,1,148.04296875,10.0,0.0,0,52,0.0,0.0,5.23828125,14.484375,28.90625,10.0,56.91796875,0.0
81.72422766685486,1.7737726775992186,11.074376959489575,1,148.04296875,0.0,0.0,0,52,0.0,0.0,5.23828125,14.484375,28.90625,0.0,56.91796875,0.0
81.82426452636719,1.7771067271925247,10.980448944801374,1,148.04296875,10.0,0.0,0,52,0.0,0.0,5.23828125,14.484375,28.90625,10.0,56.91796875,0.0
81.92420554161072,1.758065680885192,10.892745571472222,1,148.04296875,10.0,0.0,0,52,0.0,0.0,5.23828125,14.484375,28.90625,10.0,56.91796875,0.0
82.02425456047058,1.745707967547716,10.82717670878143,1,148.04296875,0.0,0.0,0,52,0.1484375,0.0,5.38671875,14.484375,28.90625,0.0,56.91796875,0.0
82.124258518219,1.707491670235278,10.703748414958186,1,148.04296875,10.0,0.0,0,52,0.0,0.0,5.38671875,14.484375,28.90625,10.0,56.91796875,0.0
82.22419857978821,1.716519943272239,10.646450953879175,2,148.07421875,40.2,0.0,0,53,0.0,0.0,5.38671875,14.484375,28.90625,20.1,56.94921875,20.1
82.32438659667969,1.7385701173031833,10.625892149023477,2,148.07421875,0.0,0.0,0,53,0.0234375,0.0,5.41015625,14.484375,28.90625,0.0,56.94921875,0.0
82.42415142059326,1.743642243861924,10.579569059598608,2,148.07421875,10.0,0.0,0,53,0.06640625,0.0,5.4765625,14.484375,28.90625,10.0,56.94921875,0.0
82.52426552772522,1.744330747684728,10.505642259539814,2,148.07421875,10.0,0.0,0,53,0.12109375,0.01953125,5.59765625,14.50390625,28.90625,10.0,56.94921875,0.0
82.62426662445068,1.7393338940173493,10.434690066433026,2,148.07421875,10.0,0.0,0,53,0.0234375,0.0,5.62109375,14.50390625,28.90625,10.0,56.94921875,0.0
82.7242693901062,1.725625702936565,10.367589353353027,2,148.07421875,10.0,0.0,0,53,0.0,0.0,5.62109375,14.50390625,28.90625,0.0,56.94921875,10.0
82.82422947883606,1.717409028391657,10.334206956313414,2,148.078125,10.0,0.0,0,53,0.0,0.0,5.62109375,14.50390625,28.90625,10.0,56.953125,0.0
82.9241988658905,1.6893514701538983,10.25089365193976,2,148.078125,0.0,0.0,0,53,0.04296875,0.0,5.6640625,14.50390625,28.90625,0.0,56.953125,0.0
83.02428197860718,1.6833844341518507,10.233457083262591,2,148.078125,20.0,0.0,0,53,0.14453125,0.0,5.80859375,14.50390625,28.90625,10.0,56.953125,10.0
83.12445878982544,1.6662936897644762,10.23089890161812,2,148.078125,9.9,0.0,0,53,0.03125,0.0,5.83984375,14.50390625,28.90625,9.9,56.953125,0.0
83.22446179389954,1.6247843890514453,10.200415800720313,2,148.078125,20.0,0.0,0,53,0.0,0.0,5.83984375,14.50390625,28.90625,0.0,56.953125,20.0
83.32420802116394,1.6005472342516853,10.135211204998939,2,148.078125,20.2,0.0,0,53,0.0,0.0,5.83984375,14.50390625,28.90625,10.1,56.953125,10.1
83.42430186271667,1.5808360676660733,10.078517680420735,2,148.078125,0.0,0.0,0,53,0.0,0.0,5.83984375,14.50390625,28.90625,0.0,56.953125,0.0
83.52421021461487,1.5386051198437087,10.060062633898132,2,148.078125,20.0,0.0,0,53,0.0,0.0,5.83984375,14.50390625,28.90625,20.0,56.953125,0.0
83.6242983341217,1.514578354162154,10.001280959961356,2,148.078125,0.0,0.0,0,53,0.0,0.0,5.83984375,14.50390625,28.90625,0.0,56.953125,0.0
83.7242043018341,1.3944992065923572,9.77137689557045,2,148.078125,0.0,0.0,0,53,0.0,0.0,5.83984375,14.50390625,28.90625,0.0,56.953125,0.0
83.82454681396484,1.3948579802617687,9.773186977779625,2,148.078125,20.0,0.0,0,53,0.0,0.0,5.83984375,14.50390625,28.90625,10.0,56.953125,10.0
83.9242889881134,1.3956141274862404,9.774853015040616,2,148.078125,10.0,0.0,0,53,0.0,0.0,5.83984375,14.50390625,28.90625,10.0,56.953125,0.0
84.02420115470886,1.3958472119263696,9.775880859006929,2,148.078125,10.0,0.0,0,53,0.28125,0.046875,6.12109375,14.55078125,28.90625,10.0,56.953125,0.0
84.1241192817688,1.3958985922271978,9.776229525980085,2,148.078125,0.0,0.0,0,53,0.0,0.0,6.12109375,14.55078125,28.90625,0.0,56.953125,0.0
84.22424006462097,1.4005433486875098,9.739624786774584,2,148.078125,10.0,0.0,0,54,0.0,0.0,6.12109375,14.55078125,28.90625,10.0,56.953125,0.0
84.32432866096497,1.32583030118818,9.633512431527254,1,148.203125,90.30000000000001,0.0,0,54,0.0,0.0,6.12109375,14.55078125,28.90625,40.1,57.078125,50.2
84.42428159713745,1.3444727691048364,9.706578838788246,1,148.203125,20.0,0.0,0,54,0.0,0.0,6.12109375,14.55078125,28.90625,20.0,57.078125,0.0
84.5243718624115,1.383946014193775,9.623121169848975,1,148.20703125,0.0,0.0,0,54,0.0,0.0,6.12109375,14.55078125,28.91015625,0.0,57.078125,0.0
84.62443161010742,1.3417877273861123,9.518640210940593,1,148.20703125,0.0,0.0,0,54,0.0,0.0,6.12109375,14.55078125,28.91015625,0.0,57.078125,0.0
84.72430801391602,1.2719138264493353,9.457780535912459,1,148.20703125,20.0,0.0,0,54,0.0,0.0,6.12109375,14.55078125,28.91015625,20.0,57.078125,0.0
84.82424426078796,1.223023185658068,9.384138413108216,1,148.20703125,0.0,0.0,0,54,0.0,0.0,6.12109375,14.55078125,28.91015625,0.0,57.078125,0.0
84.92430710792542,1.210491804130431,9.349842037269756,1,148.20703125,0.0,0.0,0,54,0.0,0.0,6.12109375,14.55078125,28.91015625,0.0,57.078125,0.0
85.0241630077362,1.1368933767705514,9.183839325979843,1,148.20703125,20.1,0.0,0,54,0.03125,0.0,6.15234375,14.55078125,28.91015625,20.1,57.078125,0.0
85.12433576583862,1.2240730431876337,9.210154274130026,1,148.21484375,0.0,0.0,0,54,0.0,0.07421875,6.15234375,14.625,28.9140625,0.0,57.08203125,0.0
85.22430849075317,1.2221225805141458,9.140821840240534,1,148.23046875,30.0,0.0,0,55,0.0,0.0,6.15234375,14.625,28.921875,10.0,57.08984375,20.0
85.3241376876831,1.2234260074097243,9.094592654129713,1,148.23828125,30.200000000000003,0.0,0,55,0.0,0.0,6.15234375,14.625,28.92578125,10.1,57.09375,20.1
85.42449712753296,1.1812665856420388,9.029356162335958,1,148.23828125,19.9,0.0,0,55,0.0078125,0.0,6.16015625,14.625,28.92578125,0.0,57.09375,19.9
85.52423214912415,1.1263400003914334,8.973042108460774,1,148.23828125,10.0,0.0,0,55,0.0,0.0,6.16015625,14.625,28.92578125,0.0,57.09375,10.0
85.62418341636658,1.1053278746312145,8.9390679586005,1,148.23828125,40.0,0.0,0,55,0.0,0.0,6.16015625,14.625,28.92578125,20.0,57.09375,20.0
85.72420310974121,1.0728300972186595,8.890771312242077,1,148.23828125,10.0,0.0,0,55,0.0,0.0,6.16015625,14.625,28.92578125,0.0,57.09375,10.0
85.82444739341736,1.03882580498016,8.863629355480938,1,148.23828125,19.8,0.0,0,55,0.0,0.1484375,6.16015625,14.7734375,28.92578125,9.9,57.09375,9.9
85.92439341545105,1.051589870856251,8.81091069298709,1,148.23828125,10.0,0.0,0,55,0.0,0.0,6.16015625,14.7734375,28.92578125,0.0,57.09375,10.0
86.0241014957428,1.0359941260884789,8.747985629376418,1,148.23828125,10.0,0.0,0,55,0.0,0.0,6.16015625,14.7734375,28.92578125,0.0,57.09375,10.0
86.12410974502563,1.030605573751668,8.720279438319764,1,148.23828125,30.0,0.0,0,55,0.0,0.0,6.16015625,14.7734375,28.92578125,20.0,57.09375,10.0
86.22421860694885,0.9961702306239566,8.650767885659306,1,148.23828125,20.0,0.0,0,55,0.0,0.0,6.16015625,14.7734375,28.92578125,0.0,57.09375,20.0
86.32420992851257,0.9858227812145088,8.593912274693595,1,148.23828125,30.0,0.0,0,55,0.0078125,0.171875,6.16796875,14.9453125,28.92578125,10.0,57.09375,20.0
86.42420840263367,0.9574870673600238,8.539126681546136,1,148.23828125,10.0,0.0,0,55,0.0,0.0,6.16796875,14.9453125,28.92578125,0.0,57.09375,10.0
86.52431321144104,0.9214596329148641,8.504654476289222,1,148.23828125,20.0,0.0,0,55,0.00390625,0.0,6.171875,14.9453125,28.92578125,10.0,57.09375,10.0
86.62437200546265,0.9776253879653289,8.451645780234387,1,148.23828125,20.0,0.0,0,55,0.0,0.0,6.171875,14.9453125,28.92578125,10.0,57.09375,10.0
86.72424268722534,0.9761141378476665,8.41741919602074,1,148.23828125,30.0,0.0,0,55,0.0,0.0,6.171875,14.9453125,28.92578125,0.0,57.09375,30.0
86.82440090179443,0.9948173514462084,8.306167260495908,1,148.23828125,20.0,0.0,0,55,0.0,0.0,6.171875,14.9453125,28.92578125,10.0,57.09375,10.0
86.92431807518005,0.9990039979610508,8.286666250171223,1,148.23828125,20.0,0.0,0,55,0.0,0.0,6.171875,14.9453125,28.92578125,10.0,57.09375,10.0
87.02417731285095,1.1101110419913773,8.302549643539342,1,148.23828125,20.0,0.0,0,55,0.015625,0.0,6.1875,14.9453125,28.92578125,10.0,57.09375,10.0
87.12430334091187,1.1209368993778597,8.284339579285998,1,148.23828125,19.9,0.0,0,55,0.0,0.0,6.1875,14.9453125,28.92578125,0.0,57.09375,19.9
87.22438168525696,1.0814894358984013,8.294074631903282,1,148.23828125,20.0,0.0,0,56,0.0,0.0,6.1875,14.9453125,28.92578125,10.0,57.09375,10.0
87.32434344291687,1.0427764417144516,8.293899313881635,1,148.23828125,20.0,0.0,0,56,0.0,0.0,6.1875,14.9453125,28.92578125,0.0,57.09375,20.0
87.42424392700195,1.0459601136159442,8.287508203180174,1,148.23828125,20.0,0.0,0,56,0.1796875,0.0,6.3671875,14.9453125,28.92578125,10.0,57.09375,10.0
87.52420806884766,1.049534486221038,8.281837838328613,1,148.23828125,20.0,0.0,0,56,0.01953125,0.0,6.38671875,14.9453125,28.92578125,10.0,57.09375,10.0
87.6245608329773,1.0480549163571133,8.265577451482152,1,148.23828125,19.9,0.0,0,56,0.0,0.00390625,6.38671875,14.94921875,28.92578125,0.0,57.09375,19.9
87.72433638572693,1.0419574878775073,8.262170089124055,1,148.23828125,20.0,0.0,0,56,0.0234375,0.0078125,6.41015625,14.95703125,28.92578125,10.0,57.09375,10.0
87.82422089576721,1.0494030385954787,8.258019151086984,1,148.23828125,20.0,0.0,0,56,0.0,0.0,6.41015625,14.95703125,28.92578125,10.0,57.09375,10.0
87.92426109313965,1.0496882766536935,8.24614082412663,1,148.23828125,10.0,0.0,0,56,0.12890625,0.0,6.5390625,14.95703125,28.92578125,0.0,57.09375,10.0
88.02424049377441,1.0515758461498308,8.239756059734116,1,148.23828125,10.0,0.0,0,56,1.2265625,0.0,7.765625,14.95703125,28.92578125,0.0,57.09375,10.0
88.12423300743103,1.043156205801477,8.238624947258007,1,148.23828125,30.0,0.0,0,56,1.4921875,0.015625,9.2578125,14.97265625,28.92578125,20.0,57.09375,10.0
88.22428464889526,1.0490823508425962,8.241323900792315,1,148.23828125,10.0,0.0,0,56,0.30859375,0.0,9.56640625,14.97265625,28.92578125,0.0,57.09375,10.0
88.32458591461182,1.0480231834559568,8.242237404981843,1,148.23828125,10.0,0.0,0,56,1.48828125,0.0,11.0546875,14.97265625,28.92578125,0.0,57.09375,10.0
88.4251160621643,1.0458347560959034,8.241970895021064,1,148.23828125,19.8,0.0,0,56,0.3984375,0.0,11.453125,14.97265625,28.92578125,9.9,57.09375,9.9
88.52436351776123,1.04890439652074,8.240318243943157,1,148.23828125,20.2,0.0,0,56,1.43359375,0.140625,12.88671875,15.11328125,28.92578125,10.1,57.09375,10.1
88.62455129623413,1.0529169391407436,8.25195077410277,1,148.23828125,19.9,0.0,0,56,1.28515625,0.0,14.171875,15.11328125,28.92578125,10.0,57.09375,9.9
88.7242636680603,1.0557625127038044,8.257577656704871,1,148.23828125,20.1,0.0,0,56,0.67578125,0.0,14.84765625,15.11328125,28.92578125,0.0,57.09375,20.1
88.82429838180542,1.0552655102680752,8.259685015695638,1,148.23828125,20.0,0.0,0,56,0.8671875,0.0,15.71484375,15.11328125,28.92578125,10.0,57.09375,10.0
88.92437195777893,1.053925180742823,8.25962215785412,1,148.23828125,20.0,0.0,0,56,2.34765625,0.0,18.0625,15.11328125,28.92578125,10.0,57.09375,10.0
89.02424931526184,1.0542653880591395,8.259395689811686,1,148.23828125,20.1,0.0,0,56,0.19140625,0.0,18.25390625,15.11328125,28.92578125,0.0,57.09375,20.1
89.12498760223389,1.0579021666650945,8.263712692205543,1,148.23828125,19.6,0.0,0,56,1.7109375,0.0,19.96484375,15.11328125,28.92578125,9.8,57.09375,9.8
89.22491693496704,1.0602710361962835,8.266055703863945,1,148.23828125,10.2,0.0,0,57,1.07421875,0.0,21.0390625,15.11328125,28.92578125,0.0,57.09375,10.2
89.32456254959106,1.0604255977588863,8.26947013688416,1,148.23828125,20.0,0.0,0,57,1.35546875,0.0,22.39453125,15.11328125,28.92578125,10.0,57.09375,10.0
89.42491865158081,1.0635203590989306,8.263235354106149,1,148.23828125,29.9,0.0,0,57,0.66015625,0.00390625,23.0546875,15.1171875,28.92578125,10.0,57.09375,19.9
89.52441763877869,1.0573834364976307,8.262199327140845,1,148.23828125,20.0,0.0,0,57,1.19921875,0.0,24.25390625,15.1171875,28.92578125,10.0,57.09375,10.0
89.624351978302,1.0491918113412488,8.260644225516796,1,148.23828125,10.1,0.0,0,57,1.6171875,0.0,25.87109375,15.1171875,28.92578125,0.0,57.09375,10.1
89.72418761253357,1.0548411303202982,8.261725418561488,1,148.23828125,20.0,0.0,0,57,1.2109375,0.0,27.08203125,15.1171875,28.92578125,10.0,57.09375,10.0
89.82416534423828,1.058735481396102,8.265129397885907,1,148.23828125,30.0,0.0,0,57,1.890625,0.0,28.97265625,15.1171875,28.92578125,10.0,57.09375,20.0
89.92449355125427,1.0488260947581196,8.257032326456716,1,148.23828125,10.0,0.0,0,57,1.73828125,0.625,30.7109375,15.7421875,28.92578125,0.0,57.09375,10.0
90.02564740180969,1.0477747056937226,8.256099088981198,1,148.23828125,19.6,0.0,0,57,0.0,0.0,30.7109375,15.7421875,28.92578125,9.8,57.09375,9.8
90.12461471557617,1.055986232489655,8.267068147450592,1,148.23828125,20.4,0.0,0,57,0.109375,0.00390625,30.8203125,15.74609375,28.92578125,0.0,57.09375,20.4
90.2244725227356,1.0511672853686171,8.271877375277382,1,148.23828125,30.1,0.0,0,58,0.05078125,0.0,30.87109375,15.74609375,28.92578125,20.1,57.09375,10.0
90.32419109344482,1.0544774433725976,8.270461323237571,1,148.23828125,20.1,0.0,0,58,0.19140625,0.0,31.0625,15.74609375,28.92578125,0.0,57.09375,20.1
90.42422294616699,1.0577026442879962,8.271867004430778,1,148.23828125,19.9,0.0,0,58,1.046875,0.0,32.109375,15.74609375,28.92578125,0.0,57.09375,19.9
90.52415800094604,1.058599396821574,8.271879411527813,1,148.23828125,20.0,0.0,0,58,0.046875,0.0,32.15625,15.74609375,28.92578125,20.0,57.09375,0.0
90.62462139129639,1.057568321994168,8.271690436711445,1,148.23828125,19.6,0.0,0,58,0.1015625,0.0,32.2578125,15.74609375,28.92578125,0.0,57.09375,19.6
90.72515845298767,1.0638317428234316,8.27298997823972,1,148.2421875,10.0,0.0,0,58,0.109375,0.0,32.3671875,15.74609375,28.92578125,0.0,57.09765625,10.0
90.82468843460083,1.0655271474896004,8.278208829903265,1,147.37109375,30.1,0.0,0,58,0.1171875,0.0,32.484375,15.74609375,28.9296875,20.1,56.22265625,10.0
90.9242525100708,1.064151082011744,8.273225149867468,1,147.37109375,30.4,0.0,0,58,0.046875,0.0,32.53125,15.74609375,28.9296875,0.0,56.22265625,30.4
91.0243878364563,1.064151082011744,8.273225149867468,1,147.37109375,10.0,0.0,0,58,0.12109375,1.1796875,32.65234375,16.92578125,28.9296875,10.0,56.22265625,0.0
91.12486386299133,1.0832250552566194,8.267279316743481,1,147.37109375,10.0,0.0,0,58,0.0625,0.0,32.71484375,16.92578125,28.9296875,0.0,56.22265625,10.0
91.22455286979675,1.0816420342821083,8.273813944987646,1,147.37109375,30.1,0.0,0,58,0.05859375,0.0,32.7734375,16.92578125,28.9296875,10.0,56.22265625,20.1
91.32436037063599,1.081611339069351,8.27297723452793,1,147.37109375,20.0,0.0,0,58,0.0,0.0,32.7734375,16.92578125,28.9296875,10.0,56.22265625,10.0
91.4243471622467,1.0799457681786357,8.272263150243905,1,147.37109375,30.0,0.0,0,58,0.3125,0.0,33.0859375,16.92578125,28.9296875,10.0,56.22265625,20.0
91.52424144744873,1.080633299555867,8.2714324066383,1,147.53125,39.9,0.0,0,58,0.4765625,0.0,33.5625,16.92578125,29.0078125,20.0,56.3046875,19.9
91.62446856498718,1.080633299555867,8.2714324066383,1,147.66015625,58.7,0.0,0,58,1.7265625,0.17578125,35.2890625,17.1015625,29.0703125,29.8,56.37109375,28.9
91.72484064102173,1.080633299555867,8.2714324066383,1,147.8203125,60.6,0.0,0,58,0.77734375,0.2578125,36.06640625,17.359375,29.1484375,30.0,56.453125,30.6
91.82444095611572,1.080633299555867,8.2714324066383,1,147.91796875,70.7,0.0,0,58,0.22265625,0.0,36.2890625,17.359375,29.1953125,40.2,56.50390625,30.5
91.92415118217468,1.080633299555867,8.2714324066383,1,147.95703125,20.2,0.0,0,58,0.5625,0.0,36.8515625,17.359375,29.21484375,10.1,56.5234375,10.1
92.02439594268799,1.080633299555867,8.2714324066383,1,147.96484375,19.8,0.0,0,58,0.671875,0.0,37.5234375,17.359375,29.21875,9.9,56.52734375,9.9
92.12429213523865,1.080633299555867,8.2714324066383,1,147.96484375,0.0,0.0,0,58,0.92578125,0.0,38.44921875,17.359375,29.21875,0.0,56.52734375,0.0
92.22427344322205,1.080633299555867,8.2714324066383,1,147.98046875,10.0,0.0,0,58,0.43359375,0.0,38.8828125,17.359375,29.2265625,0.0,56.53515625,10.0
92.32431125640869,1.080633299555867,8.2714324066383,1,148.03515625,30.0,0.0,0,58,0.56640625,0.0,39.44921875,17.359375,29.25390625,20.0,56.5625,10.0
92.42444324493408,1.080633299555867,8.2714324066383,1,148.03515625,0.0,0.0,0,58,0.4921875,0.5703125,39.94140625,17.9296875,29.25390625,0.0,56.5625,0.0
92.52423024177551,1.080633299555867,8.2714324066383,1,148.0390625,20.0,0.0,0,58,0.45703125,0.0,40.3984375,17.9296875,29.25390625,10.0,56.56640625,10.0
92.62412595748901,1.080633299555867,8.2714324066383,1,148.0390625,0.0,0.0,0,58,0.6796875,0.0,41.078125,17.9296875,29.25390625,0.0,56.56640625,0.0
92.72405529022217,1.080633299555867,8.2714324066383,1,148.09765625,30.0,0.0,0,58,0.8984375,0.0,41.9765625,17.9296875,29.28515625,10.0,56.59375,20.0
92.82434582710266,1.080633299555867,8.2714324066383,1,148.09765625,10.0,0.0,0,58,2.13671875,0.0,44.11328125,17.9296875,29.28515625,10.0,56.59375,0.0
92.92406344413757,1.080633299555867,8.2714324066383,1,148.1015625,10.0,0.0,0,58,5.0546875,0.0,49.16796875,17.9296875,29.28515625,10.0,56.59765625,0.0
93.02419972419739,1.080633299555867,8.2714324066383,1,148.1015625,0.0,0.0,0,58,1.4140625,0.25,50.58203125,18.1796875,29.28515625,0.0,56.59765625,0.0
93.1240885257721,1.080633299555867,8.2714324066383,1,148.1015625,0.0,0.0,0,58,0.0,0.0,50.58203125,18.1796875,29.28515625,0.0,56.59765625,0.0
93.22408175468445,1.080633299555867,8.2714324066383,1,148.1015625,0.0,0.0,0,58,0.03515625,0.05859375,50.6171875,18.23828125,29.28515625,0.0,56.59765625,0.0
93.32417917251587,1.080633299555867,8.2714324066383,1,148.1015625,0.0,0.0,0,58,0.01171875,0.20703125,50.62890625,18.4453125,29.28515625,0.0,56.59765625,0.0
93.42420840263367,1.080633299555867,8.2714324066383,1,148.1015625,0.0,0.0,0,58,0.0,0.0,50.62890625,18.4453125,29.28515625,0.0,56.59765625,0.0
93.52417635917664,1.080633299555867,8.2714324066383,1,148.1015625,0.0,0.0,0,58,0.0,0.0,50.62890625,18.4453125,29.28515625,0.0,56.59765625,0.0
93.62423729896545,1.080633299555867,8.2714324066383,1,148.1015625,0.0,0.0,0,58,0.0,0.0,50.62890625,18.4453125,29.28515625,0.0,56.59765625,0.0
93.72414040565491,1.080633299555867,8.2714324066383,1,148.1015625,0.0,0.0,0,58,0.0,0.0,50.62890625,18.4453125,29.28515625,0.0,56.59765625,0.0
93.82415843009949,1.080633299555867,8.2714324066383,1,148.1015625,0.0,0.0,0,58,0.0,0.0,50.62890625,18.4453125,29.28515625,0.0,56.59765625,0.0
93.92414140701294,1.080633299555867,8.2714324066383,1,148.1015625,0.0,0.0,0,58,0.0,0.0,50.62890625,18.4453125,29.28515625,0.0,56.59765625,0.0
94.0241470336914,1.080633299555867,8.2714324066383,1,148.1015625,0.0,0.0,0,58,0.0,0.046875,50.62890625,18.4921875,29.28515625,0.0,56.59765625,0.0
94.12416219711304,1.080633299555867,8.2714324066383,1,148.1015625,0.0,0.0,0,58,0.0,0.0,50.62890625,18.4921875,29.28515625,0.0,56.59765625,0.0
94.224205493927,1.080633299555867,8.2714324066383,1,148.06640625,10.0,0.0,0,58,0.0,0.0,50.62890625,18.4921875,29.1953125,0.0,56.6015625,0.0
94.32417869567871,1.080633299555867,8.2714324066383,1,148.07421875,30.0,0.0,0,58,0.0,0.0,50.62890625,18.4921875,29.18359375,20.0,56.62109375,10.0
94.42412233352661,1.080633299555867,8.2714324066383,1,148.07421875,0.0,0.0,0,58,0.0,0.0,50.62890625,18.4921875,29.18359375,0.0,56.62109375,0.0
94.5241596698761,1.080633299555867,8.2714324066383,1,83.12890625,0.0,0.0,0,58,0.125,0.0,50.75390625,18.4921875,,,56.62109375,0.0
94.62410187721252,1.080633299555867,8.2714324066383,1,83.12890625,0.0,0.0,0,58,0.0,0.0,50.75390625,18.4921875,,,56.62109375,0.0
94.72402000427246,1.080633299555867,8.2714324066383,1,83.12890625,0.0,0.0,0,58,0.0234375,0.0,50.77734375,18.4921875,,,56.62109375,0.0
94.82425498962402,1.080633299555867,8.2714324066383,1,83.12890625,0.0,0.0,0,58,0.0,0.0,50.77734375,18.4921875,,,56.62109375,0.0
94.92418766021729,1.080633299555867,8.2714324066383,1,83.12890625,0.0,0.0,0,58,0.0,0.0,50.77734375,18.4921875,,,56.62109375,0.0
95.02454280853271,1.080633299555867,8.2714324066383,1,83.12890625,0.0,0.0,0,58,0.0078125,0.0,50.78515625,18.4921875,,,56.62109375,0.0
95.12418603897095,1.080633299555867,8.2714324066383,1,83.12890625,0.0,0.0,0,58,0.015625,0.0,50.80078125,18.4921875,,,56.62109375,0.0
95.22412586212158,1.080633299555867,8.2714324066383,1,83.12890625,0.0,0.0,0,58,0.0,3.7578125,50.80078125,22.25,,,56.62109375,0.0
95.32417178153992,1.080633299555867,8.2714324066383,1,83.12890625,0.0,0.0,0,58,0.0,0.0,50.80078125,22.25,,,56.62109375,0.0
95.42432761192322,1.080633299555867,8.2714324066383,1,83.12890625,0.0,0.0,0,58,0.0,0.0,50.80078125,22.25,,,56.62109375,0.0
95.52414464950562,1.080633299555867,8.2714324066383,1,83.12890625,0.0,0.0,0,58,0.0,0.0,50.80078125,22.25,,,56.62109375,0.0
95.6241660118103,1.080633299555867,8.2714324066383,1,83.12890625,0.0,0.0,0,58,0.0,0.0,50.80078125,22.25,,,56.62109375,0.0
95.72430109977722,1.080633299555867,8.2714324066383,1,83.12890625,0.0,0.0,0,58,0.03515625,0.0,50.8359375,22.25,,,56.62109375,0.0
95.82443189620972,1.080633299555867,8.2714324066383,1,83.12890625,0.0,0.0,0,58,0.0,0.0,50.8359375,22.25,,,56.62109375,0.0
95.92416834831238,1.080633299555867,8.2714324066383,1,83.12890625,0.0,0.0,0,58,0.0,0.0,50.8359375,22.25,,,56.62109375,0.0
96.02417039871216,1.080633299555867,8.2714324066383,1,83.1328125,0.0,0.0,0,58,0.0,0.0,50.8359375,22.25,,,56.625,0.0
96.12420916557312,1.080633299555867,8.2714324066383,1,83.1328125,0.0,0.0,0,58,0.0,0.0,50.8359375,22.25,,,56.625,0.0
96.22426724433899,1.080633299555867,8.2714324066383,1,83.1328125,0.0,0.0,0,58,0.0,0.0,50.8359375,22.25,,,56.625,0.0
